# Blender v2.90.1 OBJ File: ''
# www.blender.org
mtllib YaMZ-238.mtl
o YaMZ-238D
v -0.270784 0.270000 1.288500
v -0.270784 0.270000 -1.018625
v -0.140261 0.270000 -0.526250
v -0.140261 0.270000 0.611125
v 0.663910 -0.550000 -1.240000
v -0.663910 -0.550000 -1.240000
v -0.567646 -0.350000 -1.240000
v 0.567646 -0.350000 -1.240000
v -0.680000 -0.550000 -1.018625
v -0.680000 -0.550000 -0.623120
v -0.680000 -0.550000 0.141554
v -0.680000 -0.550000 0.222046
v -0.680000 -0.550000 0.986720
v -0.680000 -0.550000 1.290000
v -0.884000 -0.350000 1.290000
v -0.884000 -0.350000 -1.018625
v 0.680000 -0.550000 1.290000
v 0.620000 -1.140000 1.290000
v 0.620000 -1.140000 -1.226400
v 0.680000 -0.550000 -1.226400
v 0.584000 -0.350000 -1.226400
v -0.584000 -0.350000 -1.226400
v -0.584000 -0.350000 -1.018625
v 0.884000 -0.350000 -1.018625
v -0.606341 -1.140000 -1.240000
v 0.606340 -1.140000 -1.240000
v 0.506340 -1.140000 -1.240000
v -0.506341 -1.140000 -1.240000
v -0.620000 -1.140000 -1.226400
v -0.680000 -0.550000 -1.226400
v -0.606341 -1.140000 -1.140000
v -0.606340 -1.140000 1.190000
v -0.620000 -1.140000 1.290000
v -0.620000 -1.140000 0.986720
v -0.620000 -1.140000 0.222046
v -0.620000 -1.140000 0.141554
v -0.620000 -1.140000 -0.623120
v 0.140261 0.270000 0.611125
v 0.140261 0.270000 -0.526250
v 0.140261 0.729739 -0.526250
v 0.140261 0.729739 0.611125
v 0.166927 -0.350448 -1.340000
v 0.320000 -0.350000 -1.340000
v 0.315633 -0.395013 -1.340000
v 0.168175 -0.395417 -1.340000
v 0.473073 -0.380448 -1.340000
v 0.455515 -0.422837 -1.340000
v -0.023073 -0.360448 -1.340000
v -0.014937 -0.405082 -1.340000
v -0.963073 -1.104015 -1.340000
v -0.963073 -1.105369 -1.340000
v -1.003345 -1.132188 -1.340000
v -1.122801 -1.082275 -1.340000
v -1.163073 -1.021802 -1.340000
v -1.163073 -0.669094 -1.340000
v -1.121878 -0.611030 -1.340000
v -1.004269 -0.569867 -1.340000
v -0.963073 -0.599094 -1.340000
v -0.963073 -0.602354 -1.340000
v 0.602843 -0.467157 -1.340000
v 0.570399 -0.499600 -1.340000
v 0.689552 -0.596927 -1.340000
v 0.647163 -0.614485 -1.340000
v 0.455515 -0.422837 -1.290000
v 0.315633 -0.395013 -1.290000
v 0.168733 -0.395402 -1.290000
v 0.662558 -1.025628 -1.290000
v 0.674558 -0.900849 -1.290000
v 0.674558 -0.900849 -1.340000
v 0.662558 -1.025628 -1.340000
v 0.515703 -1.104015 -1.290000
v 0.617329 -1.089067 -1.290000
v 0.617329 -1.089067 -1.340000
v 0.515703 -1.104015 -1.340000
v 0.674987 -0.754367 -1.290000
v 0.674987 -0.754367 -1.340000
v 0.647163 -0.614485 -1.290000
v 0.570399 -0.499600 -1.290000
v 0.719552 -0.903073 -1.340000
v 0.706197 -1.041936 -1.340000
v 0.642843 -1.130798 -1.340000
v 0.518995 -1.149015 -1.340000
v 0.720000 -0.750000 -1.340000
v 0.166927 -0.350448 -1.240000
v -0.014937 -0.405082 -1.290000
v -0.792556 -0.652506 -1.290000
v -0.792556 -0.652506 -1.340000
v -0.793073 -0.605448 -1.340000
v 0.518995 -1.149015 -1.240000
v 0.642843 -1.130798 -1.240000
v 0.706197 -1.041936 -1.240000
v 0.719552 -0.903073 -1.240000
v 0.720000 -0.750000 -1.240000
v 0.689552 -0.596927 -1.240000
v 0.602843 -0.467157 -1.240000
v 0.473073 -0.380448 -1.240000
v 0.320000 -0.350000 -1.240000
v -0.023073 -0.360448 -1.240000
v -0.793073 -0.605448 -1.240000
v -0.921201 -0.567764 -1.340000
v -0.963073 -1.104015 -1.290000
v -0.963073 -0.602354 -1.290000
v -0.919427 -1.149015 -1.340000
v -0.130261 0.270000 0.621125
v 0.130261 0.270000 0.621125
v 0.130261 0.728422 0.621125
v 0.112504 0.794693 0.621125
v 0.064954 0.842243 0.621125
v 0.000000 0.859647 0.621125
v -0.064954 0.842243 0.621125
v -0.112504 0.794693 0.621125
v -0.130261 0.728422 0.621125
v 0.130261 0.270000 -0.536250
v -0.130261 0.270000 -0.536250
v -0.130261 0.728422 -0.536250
v -0.112504 0.794693 -0.536250
v -0.064954 0.842243 -0.536250
v 0.000000 0.859647 -0.536250
v 0.064954 0.842243 -0.536250
v 0.112504 0.794693 -0.536250
v 0.130261 0.728422 -0.536250
v -0.140261 0.729739 0.611125
v -0.140261 0.729739 -0.526250
v -0.121470 0.799869 0.611125
v -0.121470 0.799869 -0.526250
v 0.121470 0.799869 -0.526250
v 0.121470 0.799869 0.611125
v -0.070131 0.851208 0.611125
v -0.070131 0.851208 -0.526250
v 0.070131 0.851208 -0.526250
v 0.070131 0.851208 0.611125
v 0.000000 0.870000 -0.526250
v 0.000000 0.870000 0.611125
v 0.270784 0.270000 1.288500
v 0.270784 0.270000 -1.018625
v 0.280000 -0.865494 -1.382500
v 0.235802 -0.856703 -1.382500
v 0.235802 -0.856703 -1.280000
v 0.280000 -0.865494 -1.280000
v 0.235802 -0.643297 -1.730000
v 0.198333 -0.668333 -1.730000
v 0.198333 -0.668333 -1.745000
v 0.235802 -0.643297 -1.745000
v 0.146061 -0.426642 -1.382500
v 0.280000 -0.400000 -1.382500
v 0.280000 -0.634506 -1.382500
v 0.235802 -0.643297 -1.382500
v 0.413939 -0.426642 -1.382500
v 0.324198 -0.643297 -1.382500
v 0.527487 -0.502513 -1.382500
v 0.361667 -0.668333 -1.382500
v 0.603358 -0.616061 -1.382500
v 0.386703 -0.705802 -1.382500
v 0.630000 -0.750000 -1.382500
v 0.395494 -0.750000 -1.382500
v 0.603358 -0.883939 -1.382500
v 0.386703 -0.794198 -1.382500
v 0.527487 -0.997487 -1.382500
v 0.361667 -0.831667 -1.382500
v 0.413939 -1.073358 -1.382500
v 0.324198 -0.856703 -1.382500
v 0.280000 -1.100000 -1.382500
v 0.146061 -1.073358 -1.382500
v 0.032513 -0.997487 -1.382500
v 0.198333 -0.831667 -1.382500
v -0.043358 -0.883939 -1.382500
v 0.173297 -0.794198 -1.382500
v -0.070000 -0.750000 -1.382500
v 0.164506 -0.750000 -1.382500
v -0.043358 -0.616061 -1.382500
v 0.173297 -0.705802 -1.382500
v 0.032513 -0.502513 -1.382500
v 0.198333 -0.668333 -1.382500
v 0.146061 -0.426642 -1.730000
v 0.032513 -0.502513 -1.730000
v -0.043358 -0.616061 -1.730000
v 0.173297 -0.705802 -1.730000
v -0.070000 -0.750000 -1.730000
v 0.164506 -0.750000 -1.730000
v -0.043358 -0.883939 -1.730000
v 0.173297 -0.794198 -1.730000
v 0.032513 -0.997487 -1.730000
v 0.198333 -0.831667 -1.730000
v 0.146061 -1.073358 -1.730000
v 0.235802 -0.856703 -1.730000
v 0.280000 -1.100000 -1.730000
v 0.280000 -0.865494 -1.730000
v 0.413939 -1.073358 -1.730000
v 0.324198 -0.856703 -1.730000
v 0.527487 -0.997487 -1.730000
v 0.361667 -0.831667 -1.730000
v 0.603358 -0.883939 -1.730000
v 0.386703 -0.794198 -1.730000
v 0.630000 -0.750000 -1.730000
v 0.395494 -0.750000 -1.730000
v 0.603358 -0.616061 -1.730000
v 0.386703 -0.705802 -1.730000
v 0.527487 -0.502513 -1.730000
v 0.361667 -0.668333 -1.730000
v 0.413939 -0.426642 -1.730000
v 0.324198 -0.643297 -1.730000
v 0.280000 -0.400000 -1.730000
v 0.280000 -0.634506 -1.730000
v 0.361667 -0.668333 -1.280000
v 0.324198 -0.643297 -1.280000
v 0.198333 -0.831667 -1.280000
v 0.386703 -0.705802 -1.280000
v 0.173297 -0.794198 -1.280000
v 0.395494 -0.750000 -1.280000
v 0.164506 -0.750000 -1.280000
v 0.386703 -0.794198 -1.280000
v 0.173297 -0.705802 -1.280000
v 0.361667 -0.831667 -1.280000
v 0.280000 -0.634506 -1.280000
v 0.235802 -0.643297 -1.280000
v 0.198333 -0.668333 -1.280000
v 0.324198 -0.856703 -1.280000
v 0.173297 -0.705802 -1.745000
v 0.013244 -0.639506 -1.745000
v 0.075833 -0.545834 -1.745000
v 0.280000 -0.634506 -1.745000
v 0.324198 -0.643297 -1.745000
v 0.324198 -0.856703 -1.745000
v 0.280000 -0.865494 -1.745000
v 0.361667 -0.831667 -1.745000
v 0.386703 -0.794198 -1.745000
v 0.164506 -0.750000 -1.745000
v 0.395494 -0.750000 -1.745000
v 0.173297 -0.794198 -1.745000
v 0.386703 -0.705802 -1.745000
v 0.198333 -0.831667 -1.745000
v 0.361667 -0.668333 -1.745000
v 0.235802 -0.856703 -1.745000
v 0.568735 -0.750000 -1.745000
v 0.546756 -0.639506 -1.745000
v 0.546756 -0.639506 -1.805000
v 0.568735 -0.750000 -1.805000
v 0.546756 -0.860494 -1.745000
v 0.484166 -0.954167 -1.745000
v -0.008735 -0.750000 -1.745000
v 0.013244 -0.860494 -1.745000
v 0.075833 -0.954167 -1.745000
v 0.484166 -0.545833 -1.745000
v 0.169506 -1.016756 -1.745000
v 0.390494 -0.483243 -1.745000
v 0.280000 -1.038735 -1.745000
v 0.169506 -0.483244 -1.745000
v 0.280000 -0.461265 -1.745000
v 0.390494 -1.016756 -1.745000
v 0.280000 -0.593812 -1.805000
v 0.220229 -0.605701 -1.805000
v 0.220229 -0.605701 -1.770000
v 0.280000 -0.593812 -1.770000
v 0.075833 -0.954167 -1.805000
v 0.013244 -0.860494 -1.805000
v 0.484166 -0.545833 -1.805000
v 0.169506 -1.016756 -1.805000
v 0.390494 -0.483243 -1.805000
v 0.280000 -1.038735 -1.805000
v 0.075833 -0.545834 -1.805000
v 0.169506 -0.483244 -1.805000
v 0.280000 -0.461265 -1.805000
v 0.390494 -1.016756 -1.805000
v 0.484166 -0.954167 -1.805000
v 0.013244 -0.639506 -1.805000
v 0.546756 -0.860494 -1.805000
v -0.008735 -0.750000 -1.805000
v 0.169558 -0.639558 -1.805000
v 0.135701 -0.690229 -1.805000
v 0.123812 -0.750000 -1.805000
v 0.135701 -0.809771 -1.805000
v 0.169558 -0.860442 -1.805000
v 0.220229 -0.894299 -1.805000
v 0.280000 -0.906188 -1.805000
v 0.339770 -0.894299 -1.805000
v 0.390442 -0.860442 -1.805000
v 0.424299 -0.809771 -1.805000
v 0.436188 -0.750000 -1.805000
v 0.424299 -0.690229 -1.805000
v 0.390442 -0.639558 -1.805000
v 0.339771 -0.605701 -1.805000
v 0.377200 -0.709738 -1.770000
v 0.354394 -0.675606 -1.770000
v 0.354394 -0.675606 -1.830000
v 0.377200 -0.709738 -1.830000
v 0.390442 -0.860442 -1.770000
v 0.339770 -0.894299 -1.770000
v 0.135701 -0.690229 -1.770000
v 0.169558 -0.639558 -1.770000
v 0.424299 -0.809771 -1.770000
v 0.123812 -0.750000 -1.770000
v 0.436188 -0.750000 -1.770000
v 0.135701 -0.809771 -1.770000
v 0.424299 -0.690229 -1.770000
v 0.169558 -0.860442 -1.770000
v 0.390442 -0.639558 -1.770000
v 0.220229 -0.894299 -1.770000
v 0.339771 -0.605701 -1.770000
v 0.280000 -0.906188 -1.770000
v 0.205606 -0.675606 -1.770000
v 0.239738 -0.652800 -1.770000
v 0.182800 -0.709738 -1.770000
v 0.174791 -0.750000 -1.770000
v 0.182800 -0.790262 -1.770000
v 0.205606 -0.824394 -1.770000
v 0.239738 -0.847200 -1.770000
v 0.280000 -0.855209 -1.770000
v 0.320261 -0.847200 -1.770000
v 0.354394 -0.824394 -1.770000
v 0.377200 -0.790262 -1.770000
v 0.385209 -0.750000 -1.770000
v 0.320261 -0.652800 -1.770000
v 0.280000 -0.644791 -1.770000
v 0.239738 -0.652800 -1.830000
v 0.205606 -0.675606 -1.830000
v 0.182800 -0.709738 -1.830000
v 0.174791 -0.750000 -1.830000
v 0.182800 -0.790262 -1.830000
v 0.205606 -0.824394 -1.830000
v 0.239738 -0.847200 -1.830000
v 0.280000 -0.855209 -1.830000
v 0.320261 -0.847200 -1.830000
v 0.354394 -0.824394 -1.830000
v 0.377200 -0.790262 -1.830000
v 0.385209 -0.750000 -1.830000
v 0.320261 -0.652800 -1.830000
v 0.280000 -0.644791 -1.830000
v 0.280000 -0.675000 -1.865000
v 0.280000 -0.675000 -1.755000
v 0.344952 -0.712500 -1.755000
v 0.344952 -0.712500 -1.865000
v 0.344952 -0.787500 -1.755000
v 0.344952 -0.787500 -1.865000
v 0.280000 -0.825000 -1.755000
v 0.280000 -0.825000 -1.865000
v 0.215048 -0.787500 -1.755000
v 0.215048 -0.787500 -1.865000
v 0.215048 -0.712500 -1.755000
v 0.215048 -0.712500 -1.865000
v 0.280000 -0.492500 -1.835000
v 0.280000 -0.492500 -1.785000
v 0.312476 -0.511250 -1.785000
v 0.312476 -0.511250 -1.835000
v 0.312476 -0.548750 -1.785000
v 0.312476 -0.548750 -1.835000
v 0.280000 -0.567500 -1.785000
v 0.280000 -0.567500 -1.835000
v 0.247524 -0.548750 -1.785000
v 0.247524 -0.548750 -1.835000
v 0.247524 -0.511250 -1.785000
v 0.247524 -0.511250 -1.835000
v 0.440000 -0.552500 -1.835000
v 0.440000 -0.552500 -1.785000
v 0.472476 -0.571250 -1.785000
v 0.472476 -0.571250 -1.835000
v 0.472476 -0.608750 -1.785000
v 0.472476 -0.608750 -1.835000
v 0.440000 -0.627500 -1.785000
v 0.440000 -0.627500 -1.835000
v 0.407524 -0.608750 -1.785000
v 0.407524 -0.608750 -1.835000
v 0.407524 -0.571250 -1.785000
v 0.407524 -0.571250 -1.835000
v 0.120000 -0.552500 -1.835000
v 0.120000 -0.552500 -1.785000
v 0.152476 -0.571250 -1.785000
v 0.152476 -0.571250 -1.835000
v 0.152476 -0.608750 -1.785000
v 0.152476 -0.608750 -1.835000
v 0.120000 -0.627500 -1.785000
v 0.120000 -0.627500 -1.835000
v 0.087524 -0.608750 -1.785000
v 0.087524 -0.608750 -1.835000
v 0.087524 -0.571250 -1.785000
v 0.087524 -0.571250 -1.835000
v 0.120000 -0.872500 -1.835000
v 0.120000 -0.872500 -1.785000
v 0.152476 -0.891250 -1.785000
v 0.152476 -0.891250 -1.835000
v 0.152476 -0.928750 -1.785000
v 0.152476 -0.928750 -1.835000
v 0.120000 -0.947500 -1.785000
v 0.120000 -0.947500 -1.835000
v 0.087524 -0.928750 -1.785000
v 0.087524 -0.928750 -1.835000
v 0.087524 -0.891250 -1.785000
v 0.087524 -0.891250 -1.835000
v 0.440000 -0.872500 -1.835000
v 0.440000 -0.872500 -1.785000
v 0.472476 -0.891250 -1.785000
v 0.472476 -0.891250 -1.835000
v 0.472476 -0.928750 -1.785000
v 0.472476 -0.928750 -1.835000
v 0.440000 -0.947500 -1.785000
v 0.440000 -0.947500 -1.835000
v 0.407524 -0.928750 -1.785000
v 0.407524 -0.928750 -1.835000
v 0.407524 -0.891250 -1.785000
v 0.407524 -0.891250 -1.835000
v 0.500000 -0.712500 -1.835000
v 0.500000 -0.712500 -1.785000
v 0.532476 -0.731250 -1.785000
v 0.532476 -0.731250 -1.835000
v 0.532476 -0.768750 -1.785000
v 0.532476 -0.768750 -1.835000
v 0.500000 -0.787500 -1.785000
v 0.500000 -0.787500 -1.835000
v 0.467524 -0.768750 -1.785000
v 0.467524 -0.768750 -1.835000
v 0.467524 -0.731250 -1.785000
v 0.467524 -0.731250 -1.835000
v 0.060000 -0.712500 -1.835000
v 0.060000 -0.712500 -1.785000
v 0.092476 -0.731250 -1.785000
v 0.092476 -0.731250 -1.835000
v 0.092476 -0.768750 -1.785000
v 0.092476 -0.768750 -1.835000
v 0.060000 -0.787500 -1.785000
v 0.060000 -0.787500 -1.835000
v 0.027524 -0.768750 -1.785000
v 0.027524 -0.768750 -1.835000
v 0.027524 -0.731250 -1.785000
v 0.027524 -0.731250 -1.835000
v 0.280000 -0.932500 -1.835000
v 0.280000 -0.932500 -1.785000
v 0.312476 -0.951250 -1.785000
v 0.312476 -0.951250 -1.835000
v 0.312476 -0.988750 -1.785000
v 0.312476 -0.988750 -1.835000
v 0.280000 -1.007500 -1.785000
v 0.280000 -1.007500 -1.835000
v 0.247524 -0.988750 -1.785000
v 0.247524 -0.988750 -1.835000
v 0.247524 -0.951250 -1.785000
v 0.247524 -0.951250 -1.835000
v 0.454142 -0.575858 -1.665000
v 0.454142 -0.575858 -1.855000
v 0.440000 -0.570000 -1.855000
v 0.440000 -0.570000 -1.665000
v 0.134142 -0.604142 -1.855000
v 0.120000 -0.610000 -1.855000
v 0.105858 -0.604142 -1.855000
v 0.100000 -0.590000 -1.855000
v 0.105858 -0.575858 -1.855000
v 0.120000 -0.570000 -1.855000
v 0.134142 -0.575858 -1.855000
v 0.140000 -0.590000 -1.855000
v 0.280000 -0.550000 -1.735000
v 0.280000 -0.550000 -1.855000
v 0.294142 -0.544142 -1.855000
v 0.294142 -0.544142 -1.735000
v 0.105858 -0.575858 -1.735000
v 0.100000 -0.590000 -1.735000
v 0.300000 -0.530000 -1.855000
v 0.300000 -0.530000 -1.735000
v 0.425858 -0.575858 -1.665000
v 0.425858 -0.575858 -1.855000
v 0.420000 -0.590000 -1.855000
v 0.420000 -0.590000 -1.665000
v 0.120000 -0.570000 -1.735000
v 0.294142 -0.515858 -1.855000
v 0.294142 -0.515858 -1.735000
v 0.454142 -0.604142 -1.855000
v 0.440000 -0.610000 -1.855000
v 0.425858 -0.604142 -1.855000
v 0.460000 -0.590000 -1.855000
v 0.134142 -0.575858 -1.735000
v 0.280000 -0.510000 -1.855000
v 0.280000 -0.510000 -1.735000
v 0.140000 -0.590000 -1.735000
v 0.265858 -0.515858 -1.855000
v 0.265858 -0.515858 -1.735000
v 0.105858 -0.604142 -1.735000
v 0.120000 -0.610000 -1.735000
v 0.134142 -0.604142 -1.735000
v 0.260000 -0.530000 -1.855000
v 0.260000 -0.530000 -1.735000
v 0.265858 -0.544142 -1.855000
v 0.265858 -0.544142 -1.735000
v 0.460000 -0.590000 -1.665000
v 0.425858 -0.604142 -1.665000
v 0.440000 -0.610000 -1.665000
v 0.454142 -0.604142 -1.665000
v 0.514142 -0.735858 -1.735000
v 0.514142 -0.735858 -1.855000
v 0.500000 -0.730000 -1.855000
v 0.500000 -0.730000 -1.735000
v 0.485858 -0.735858 -1.735000
v 0.485858 -0.735858 -1.855000
v 0.480000 -0.750000 -1.855000
v 0.480000 -0.750000 -1.735000
v 0.514142 -0.764142 -1.855000
v 0.500000 -0.770000 -1.855000
v 0.485858 -0.764142 -1.855000
v 0.520000 -0.750000 -1.855000
v 0.520000 -0.750000 -1.735000
v 0.485858 -0.764142 -1.735000
v 0.500000 -0.770000 -1.735000
v 0.514142 -0.764142 -1.735000
v 0.454142 -0.895858 -1.735000
v 0.454142 -0.895858 -1.855000
v 0.440000 -0.890000 -1.855000
v 0.440000 -0.890000 -1.735000
v 0.425858 -0.895858 -1.735000
v 0.425858 -0.895858 -1.855000
v 0.420000 -0.910000 -1.855000
v 0.420000 -0.910000 -1.735000
v 0.454142 -0.924142 -1.855000
v 0.440000 -0.930000 -1.855000
v 0.425858 -0.924142 -1.855000
v 0.460000 -0.910000 -1.855000
v 0.460000 -0.910000 -1.735000
v 0.425858 -0.924142 -1.735000
v 0.440000 -0.930000 -1.735000
v 0.454142 -0.924142 -1.735000
v 0.294142 -0.955858 -1.735000
v 0.294142 -0.955858 -1.855000
v 0.280000 -0.950000 -1.855000
v 0.280000 -0.950000 -1.735000
v 0.265858 -0.955858 -1.735000
v 0.265858 -0.955858 -1.855000
v 0.260000 -0.970000 -1.855000
v 0.260000 -0.970000 -1.735000
v 0.294142 -0.984142 -1.855000
v 0.280000 -0.990000 -1.855000
v 0.265858 -0.984142 -1.855000
v 0.300000 -0.970000 -1.855000
v 0.300000 -0.970000 -1.735000
v 0.265858 -0.984142 -1.735000
v 0.280000 -0.990000 -1.735000
v 0.294142 -0.984142 -1.735000
v 0.134142 -0.895858 -1.735000
v 0.134142 -0.895858 -1.855000
v 0.120000 -0.890000 -1.855000
v 0.120000 -0.890000 -1.735000
v 0.105858 -0.895858 -1.735000
v 0.105858 -0.895858 -1.855000
v 0.100000 -0.910000 -1.855000
v 0.100000 -0.910000 -1.735000
v 0.134142 -0.924142 -1.855000
v 0.120000 -0.930000 -1.855000
v 0.105858 -0.924142 -1.855000
v 0.140000 -0.910000 -1.855000
v 0.140000 -0.910000 -1.735000
v 0.105858 -0.924142 -1.735000
v 0.120000 -0.930000 -1.735000
v 0.134142 -0.924142 -1.735000
v 0.074142 -0.735858 -1.735000
v 0.074142 -0.735858 -1.855000
v 0.060000 -0.730000 -1.855000
v 0.060000 -0.730000 -1.735000
v 0.045858 -0.735858 -1.735000
v 0.045858 -0.735858 -1.855000
v 0.040000 -0.750000 -1.855000
v 0.040000 -0.750000 -1.735000
v 0.074142 -0.764142 -1.855000
v 0.060000 -0.770000 -1.855000
v 0.045858 -0.764142 -1.855000
v 0.080000 -0.750000 -1.855000
v 0.080000 -0.750000 -1.735000
v 0.045858 -0.764142 -1.735000
v 0.060000 -0.770000 -1.735000
v 0.074142 -0.764142 -1.735000
v -0.919427 -1.149015 -1.240000
v -0.921201 -0.567764 -1.240000
v -1.004269 -0.569867 -1.240000
v -1.121878 -0.611030 -1.240000
v -1.163073 -0.669094 -1.240000
v -1.163073 -1.021802 -1.240000
v -1.122801 -1.082275 -1.240000
v -1.003345 -1.132188 -1.240000
v -0.928425 -0.860000 -1.230000
v -0.800226 -0.860000 -1.230000
v -0.812622 -0.797682 -1.230000
v -0.847923 -0.744850 -1.230000
v -0.938573 -0.835500 -1.230000
v -0.997721 -0.860000 -1.230000
v -1.125919 -0.860000 -1.230000
v -1.113523 -0.922319 -1.230000
v -1.078223 -0.975150 -1.230000
v -0.987573 -0.884500 -1.230000
v -0.938573 -0.884500 -1.230000
v -0.847923 -0.975150 -1.230000
v -0.812622 -0.922319 -1.230000
v -0.987573 -0.835500 -1.230000
v -1.078223 -0.744851 -1.230000
v -1.113523 -0.797682 -1.230000
v -0.963073 -0.825352 -1.230000
v -0.963073 -0.697154 -1.230000
v -1.025391 -0.709550 -1.230000
v -0.963073 -0.894648 -1.230000
v -0.963073 -1.022847 -1.230000
v -0.900754 -1.010451 -1.230000
v -0.900754 -0.709550 -1.230000
v -1.025391 -1.010451 -1.230000
v -0.812622 -0.797682 -1.080001
v -0.847923 -0.744850 -1.080001
v -1.113523 -0.922319 -1.080001
v -1.078223 -0.975150 -1.080001
v -0.800226 -0.860000 -1.080001
v -1.125919 -0.860000 -1.080001
v -0.812622 -0.922319 -1.080001
v -1.113523 -0.797682 -1.080001
v -0.847923 -0.975150 -1.080001
v -0.963073 -0.697154 -1.080001
v -1.025391 -0.709550 -1.080001
v -1.078223 -0.744851 -1.080001
v -0.900754 -1.010451 -1.080001
v -0.963073 -1.022847 -1.080001
v -0.900754 -0.709550 -1.080001
v -1.025391 -1.010451 -1.080001
v -0.963073 -0.707349 -1.080001
v -1.021490 -0.718969 -1.080001
v -0.904656 -0.718969 -1.080001
v -0.855133 -0.752060 -1.080001
v -0.822042 -0.801583 -1.080001
v -0.810422 -0.860000 -1.080001
v -0.822042 -0.918417 -1.080001
v -0.855133 -0.967940 -1.080001
v -0.904656 -1.001031 -1.080001
v -0.963073 -1.012651 -1.080001
v -1.021490 -1.001031 -1.080001
v -1.071013 -0.967940 -1.080001
v -1.104104 -0.918417 -1.080001
v -1.115723 -0.860000 -1.080001
v -1.104104 -0.801583 -1.080001
v -1.071013 -0.752060 -1.080001
v -0.990275 -0.794328 -0.800001
v -0.963073 -0.788917 -0.800001
v -0.935871 -0.794328 -0.800001
v -0.912809 -0.809737 -0.800001
v -0.897400 -0.832798 -0.800001
v -0.891989 -0.860000 -0.800001
v -0.897400 -0.887203 -0.800001
v -0.912809 -0.910264 -0.800001
v -0.935871 -0.925673 -0.800001
v -0.963073 -0.931084 -0.800001
v -0.990275 -0.925673 -0.800001
v -1.013336 -0.910264 -0.800001
v -1.028745 -0.887203 -0.800001
v -1.034156 -0.860000 -0.800001
v -1.028745 -0.832798 -0.800001
v -1.013336 -0.809737 -0.800001
v -1.021490 -0.718969 -0.880001
v -0.963073 -0.707349 -0.880001
v -0.963073 -0.718277 -0.840001
v -1.017308 -0.729065 -0.840001
v -0.963073 -0.748133 -0.810719
v -1.005882 -0.756648 -0.810719
v -1.071013 -0.752060 -0.880001
v -1.063286 -0.759787 -0.840001
v -1.042175 -0.780898 -0.810719
v -0.904656 -0.718969 -0.880001
v -0.908838 -0.729065 -0.840001
v -0.920263 -0.756648 -0.810719
v -0.855133 -0.752060 -0.880001
v -0.862860 -0.759787 -0.840001
v -0.883971 -0.780898 -0.810719
v -0.822042 -0.801583 -0.880001
v -0.832138 -0.805765 -0.840001
v -0.859721 -0.817191 -0.810719
v -0.810422 -0.860000 -0.880001
v -0.821350 -0.860000 -0.840001
v -0.851206 -0.860000 -0.810719
v -0.822042 -0.918417 -0.880001
v -0.832138 -0.914235 -0.840001
v -0.859721 -0.902810 -0.810719
v -0.855133 -0.967940 -0.880001
v -0.862860 -0.960213 -0.840001
v -0.883971 -0.939102 -0.810719
v -0.904656 -1.001031 -0.880001
v -0.908838 -0.990935 -0.840001
v -0.920263 -0.963352 -0.810719
v -0.963073 -1.012651 -0.880001
v -0.963073 -1.001723 -0.840001
v -0.963073 -0.971867 -0.810719
v -1.021490 -1.001031 -0.880001
v -1.017308 -0.990935 -0.840001
v -1.005882 -0.963352 -0.810719
v -1.071013 -0.967940 -0.880001
v -1.063286 -0.960213 -0.840001
v -1.042175 -0.939102 -0.810719
v -1.104104 -0.918417 -0.880001
v -1.094007 -0.914235 -0.840001
v -1.066424 -0.902810 -0.810719
v -1.115723 -0.860000 -0.880001
v -1.104795 -0.860000 -0.840001
v -1.074940 -0.860000 -0.810719
v -1.104104 -0.801583 -0.880001
v -1.094007 -0.805765 -0.840001
v -1.066424 -0.817191 -0.810719
v -0.983860 -0.809816 -1.542500
v -1.001482 -0.821591 -1.542500
v -1.013257 -0.839213 -1.542500
v -1.017392 -0.860000 -1.542500
v -1.013257 -0.880787 -1.542500
v -1.001482 -0.898409 -1.542500
v -0.983860 -0.910184 -1.542500
v -0.963073 -0.914319 -1.542500
v -0.942286 -0.910184 -1.542500
v -0.924664 -0.898409 -1.542500
v -0.912889 -0.880787 -1.542500
v -0.908754 -0.860000 -1.542500
v -0.912889 -0.839213 -1.542500
v -0.924664 -0.821591 -1.542500
v -0.942286 -0.809816 -1.542500
v -0.963073 -0.805681 -1.542500
v -1.097012 -0.536642 -1.527500
v -1.210560 -0.612513 -1.527500
v -1.037530 -0.785543 -1.527500
v -1.003369 -0.762717 -1.527500
v -1.286431 -0.726061 -1.527500
v -1.060356 -0.819704 -1.527500
v -1.313073 -0.860000 -1.527500
v -1.068371 -0.860000 -1.527500
v -1.286431 -0.993939 -1.527500
v -1.060356 -0.900296 -1.527500
v -1.210560 -1.107487 -1.527500
v -1.037530 -0.934457 -1.527500
v -1.097012 -1.183358 -1.527500
v -1.003369 -0.957283 -1.527500
v -0.963073 -1.210000 -1.527500
v -0.963073 -0.965298 -1.527500
v -0.829134 -1.183358 -1.527500
v -0.922777 -0.957283 -1.527500
v -0.715586 -1.107487 -1.527500
v -0.888616 -0.934457 -1.527500
v -0.639715 -0.993939 -1.527500
v -0.865790 -0.900296 -1.527500
v -0.613073 -0.860000 -1.527500
v -0.857775 -0.860000 -1.527500
v -0.639715 -0.726061 -1.527500
v -0.865790 -0.819704 -1.527500
v -0.715586 -0.612513 -1.527500
v -0.888616 -0.785543 -1.527500
v -0.829134 -0.536642 -1.527500
v -0.922777 -0.762717 -1.527500
v -0.963073 -0.510000 -1.527500
v -0.963073 -0.754702 -1.527500
v -1.013257 -0.839213 -1.557500
v -1.001482 -0.821591 -1.557500
v -1.037530 -0.934457 -1.557500
v -1.003369 -0.957283 -1.557500
v -0.888616 -0.785543 -1.557500
v -0.922777 -0.762717 -1.557500
v -0.963073 -0.965298 -1.557500
v -1.003369 -0.762717 -1.557500
v -1.037530 -0.785543 -1.557500
v -0.963073 -0.754702 -1.557500
v -0.922777 -0.957283 -1.557500
v -0.888616 -0.934457 -1.557500
v -1.060356 -0.819704 -1.557500
v -0.865790 -0.900296 -1.557500
v -1.068371 -0.860000 -1.557500
v -0.857775 -0.860000 -1.557500
v -1.060356 -0.900296 -1.557500
v -0.865790 -0.819704 -1.557500
v -0.983860 -0.809816 -1.557500
v -0.963073 -0.805681 -1.557500
v -0.942286 -0.809816 -1.557500
v -0.924664 -0.821591 -1.557500
v -0.912889 -0.839213 -1.557500
v -0.908754 -0.860000 -1.557500
v -0.912889 -0.880787 -1.557500
v -0.924664 -0.898409 -1.557500
v -0.942286 -0.910184 -1.557500
v -0.963073 -0.914319 -1.557500
v -0.983860 -0.910184 -1.557500
v -1.001482 -0.898409 -1.557500
v -1.013257 -0.880787 -1.557500
v -1.017392 -0.860000 -1.557500
v -0.951382 -0.786750 -1.556500
v -0.963073 -0.793500 -1.556500
v -0.963073 -0.780000 -1.566500
v -0.974764 -0.786750 -1.556500
v -0.963073 -0.766500 -1.556500
v -0.951382 -0.773250 -1.556500
v -0.974764 -0.773250 -1.556500
v -0.951382 -0.946750 -1.556500
v -0.963073 -0.953500 -1.556500
v -0.963073 -0.940000 -1.566500
v -0.974764 -0.946750 -1.556500
v -0.963073 -0.926500 -1.556500
v -0.951382 -0.933250 -1.556500
v -0.974764 -0.933250 -1.556500
v -0.884382 -0.906750 -1.556500
v -0.896073 -0.913500 -1.556500
v -0.896073 -0.900000 -1.566500
v -0.907764 -0.906750 -1.556500
v -0.896073 -0.886500 -1.556500
v -0.884382 -0.893250 -1.556500
v -0.907764 -0.893250 -1.556500
v -0.884382 -0.826750 -1.556500
v -0.896073 -0.833500 -1.556500
v -0.896073 -0.820000 -1.566500
v -0.907764 -0.826750 -1.556500
v -0.896073 -0.806500 -1.556500
v -0.884382 -0.813250 -1.556500
v -0.907764 -0.813250 -1.556500
v -1.018382 -0.906750 -1.556500
v -1.030073 -0.913500 -1.556500
v -1.030073 -0.900000 -1.566500
v -1.041764 -0.906750 -1.556500
v -1.030073 -0.886500 -1.556500
v -1.018382 -0.893250 -1.556500
v -1.041764 -0.893250 -1.556500
v -1.018382 -0.826750 -1.556500
v -1.030073 -0.833500 -1.556500
v -1.030073 -0.820000 -1.566500
v -1.041764 -0.826750 -1.556500
v -1.030073 -0.806500 -1.556500
v -1.018382 -0.813250 -1.556500
v -1.041764 -0.813250 -1.556500
v -1.010000 -1.060000 -0.960000
v -1.010000 -0.680000 -0.960000
v -1.010000 -0.680000 -1.160000
v -1.010000 -1.060000 -1.160000
v -0.570000 -0.680000 -1.160000
v -0.570000 -1.060000 -1.160000
v -0.570000 -1.060000 -0.960000
v -0.570000 -0.680000 -0.960000
v 0.774958 -0.848321 0.460000
v 0.841927 -0.835000 0.460000
v 0.908897 -0.848321 0.460000
v 0.965671 -0.886256 0.460000
v 1.003606 -0.943030 0.460000
v 1.016927 -1.010000 0.460000
v 1.003606 -1.076970 0.460000
v 0.965671 -1.133744 0.460000
v 0.908897 -1.171679 0.460000
v 0.841927 -1.185000 0.460000
v 0.774958 -1.171679 0.460000
v 0.718184 -1.133744 0.460000
v 0.680248 -1.076970 0.460000
v 0.666927 -1.010000 0.460000
v 0.680248 -0.943030 0.460000
v 0.718184 -0.886256 0.460000
v 1.003606 -1.076970 0.580000
v 1.016927 -1.010000 0.580000
v 1.034427 -1.010000 0.580000
v 1.019774 -1.083667 0.580000
v 0.718184 -1.133744 0.580000
v 0.680248 -1.076970 0.580000
v 0.965671 -0.886256 0.580000
v 1.003606 -0.943030 0.580000
v 0.774958 -1.171679 0.580000
v 0.908897 -0.848321 0.580000
v 0.841927 -1.185000 0.580000
v 0.774958 -0.848321 0.580000
v 0.841927 -0.835000 0.580000
v 0.908897 -1.171679 0.580000
v 0.718184 -0.886256 0.580000
v 0.965671 -1.133744 0.580000
v 0.680248 -0.943030 0.580000
v 0.666927 -1.010000 0.580000
v 0.915594 -1.187847 0.580000
v 0.978045 -1.146118 0.580000
v 0.978045 -1.146118 0.950000
v 0.915594 -1.187847 0.950000
v 0.664080 -1.083667 0.580000
v 0.649427 -1.010000 0.580000
v 1.019774 -0.936334 0.580000
v 0.705809 -1.146118 0.580000
v 0.978045 -0.873882 0.580000
v 0.768261 -1.187847 0.580000
v 0.915594 -0.832153 0.580000
v 0.841927 -1.202500 0.580000
v 0.768261 -0.832153 0.580000
v 0.841927 -0.817500 0.580000
v 0.705809 -0.873882 0.580000
v 0.664080 -0.936334 0.580000
v 0.978045 -0.873882 0.950000
v 0.915594 -0.832153 0.950000
v 0.908890 -0.848337 0.950000
v 0.965658 -0.886269 0.950000
v 0.664080 -0.936334 0.950000
v 0.705809 -0.873882 0.950000
v 1.019774 -1.083667 0.950000
v 0.649427 -1.010000 0.950000
v 1.034427 -1.010000 0.950000
v 0.664080 -1.083667 0.950000
v 1.019774 -0.936334 0.950000
v 0.705809 -1.146118 0.950000
v 0.768261 -1.187847 0.950000
v 0.841927 -1.202500 0.950000
v 0.768261 -0.832153 0.950000
v 0.841927 -0.817500 0.950000
v 0.965658 -1.133731 0.950000
v 1.003590 -1.076963 0.950000
v 1.003590 -1.076963 1.220000
v 0.965658 -1.133731 1.220000
v 0.841927 -1.184982 0.950000
v 0.774964 -1.171663 0.950000
v 0.774964 -0.848337 0.950000
v 0.841927 -0.835017 0.950000
v 0.908890 -1.171663 0.950000
v 0.718196 -0.886269 0.950000
v 0.680264 -0.943037 0.950000
v 0.666945 -1.010000 0.950000
v 1.016910 -1.010000 0.950000
v 0.680264 -1.076963 0.950000
v 1.003590 -0.943037 0.950000
v 0.718196 -1.133731 0.950000
v 0.908890 -0.848337 1.220000
v 0.841927 -0.835017 1.220000
v 0.841927 -0.843767 1.220000
v 0.905542 -0.856420 1.220000
v 0.666945 -1.010000 1.220000
v 0.680264 -0.943037 1.220000
v 1.016910 -1.010000 1.220000
v 0.680264 -1.076963 1.220000
v 1.003590 -0.943037 1.220000
v 0.718196 -1.133731 1.220000
v 0.965658 -0.886269 1.220000
v 0.774964 -1.171663 1.220000
v 0.841927 -1.184982 1.220000
v 0.774964 -0.848337 1.220000
v 0.908890 -1.171663 1.220000
v 0.718196 -0.886269 1.220000
v 0.995507 -1.073615 1.220000
v 0.995507 -1.073615 1.500000
v 0.959472 -1.127545 1.500000
v 0.959472 -1.127545 1.220000
v 0.905542 -1.163580 1.220000
v 0.841927 -1.176233 1.220000
v 0.724382 -0.892455 1.220000
v 0.778313 -0.856420 1.220000
v 0.688348 -0.946385 1.220000
v 0.675694 -1.010000 1.220000
v 1.008161 -1.010000 1.220000
v 0.688348 -1.073615 1.220000
v 0.995507 -0.946385 1.220000
v 0.724382 -1.127545 1.220000
v 0.959472 -0.892455 1.220000
v 0.778313 -1.163580 1.220000
v 0.688348 -0.946385 1.500000
v 0.724382 -0.892455 1.500000
v 1.008161 -1.010000 1.500000
v 0.688348 -1.073615 1.500000
v 0.675694 -1.010000 1.500000
v 0.995507 -0.946385 1.500000
v 0.724382 -1.127545 1.500000
v 0.959472 -0.892455 1.500000
v 0.778313 -1.163580 1.500000
v 0.905542 -0.856420 1.500000
v 0.841927 -1.176233 1.500000
v 0.841927 -0.843767 1.500000
v 0.905542 -1.163580 1.500000
v 0.778313 -0.856420 1.500000
v 0.956528 -0.774570 0.781719
v 0.970580 -0.746075 0.781719
v 0.978445 -0.748183 0.781719
v 0.962988 -0.779527 0.781719
v 0.811196 -0.735628 0.725883
v 0.821409 -0.765714 0.725883
v 0.821409 -0.765714 0.781719
v 0.811196 -0.735628 0.781719
v 0.972658 -0.714372 0.725883
v 0.962445 -0.684286 0.725883
v 0.962445 -0.684286 0.781719
v 0.972658 -0.714372 0.781719
v 0.842357 -0.789601 0.725883
v 0.842357 -0.789601 0.781719
v 0.941497 -0.660399 0.725883
v 0.941497 -0.660399 0.781719
v 0.870852 -0.803653 0.725883
v 0.870852 -0.803653 0.781719
v 0.913002 -0.646347 0.725883
v 0.881299 -0.644269 0.725883
v 0.881299 -0.644269 0.781719
v 0.913002 -0.646347 0.781719
v 0.902555 -0.805731 0.725883
v 0.902555 -0.805731 0.781719
v 0.851213 -0.654482 0.725883
v 0.851213 -0.654482 0.781719
v 0.932641 -0.795518 0.725883
v 0.932641 -0.795518 0.781719
v 0.827326 -0.675430 0.725883
v 0.827326 -0.675430 0.781719
v 0.956528 -0.774570 0.725883
v 0.813274 -0.703925 0.725883
v 0.813274 -0.703925 0.781719
v 0.970580 -0.746075 0.725883
v 0.903618 -0.813804 0.781719
v 0.936712 -0.802570 0.781719
v 0.936712 -0.802570 0.953880
v 0.903618 -0.813804 0.953880
v 0.803123 -0.736691 0.781719
v 0.805409 -0.701818 0.781719
v 0.980731 -0.713309 0.781719
v 0.814357 -0.769785 0.781719
v 0.969497 -0.680215 0.781719
v 0.837400 -0.796061 0.781719
v 0.946454 -0.653939 0.781719
v 0.868744 -0.811518 0.781719
v 0.880236 -0.636196 0.781719
v 0.915110 -0.638482 0.781719
v 0.847142 -0.647430 0.781719
v 0.820866 -0.670473 0.781719
v 0.969497 -0.680215 0.953880
v 0.946454 -0.653939 0.953880
v 0.941492 -0.660406 0.953880
v 0.962438 -0.684290 0.953880
v 0.820866 -0.670473 0.953880
v 0.847142 -0.647430 0.953880
v 0.962988 -0.779527 0.953880
v 0.805409 -0.701818 0.953880
v 0.978445 -0.748183 0.953880
v 0.803123 -0.736691 0.953880
v 0.980731 -0.713309 0.953880
v 0.814357 -0.769785 0.953880
v 0.837400 -0.796061 0.953880
v 0.868744 -0.811518 0.953880
v 0.880236 -0.636196 0.953880
v 0.915110 -0.638482 0.953880
v 0.932637 -0.795511 0.953880
v 0.956521 -0.774565 0.953880
v 0.956521 -0.774565 1.079511
v 0.932637 -0.795511 1.079511
v 0.870854 -0.803645 0.953880
v 0.842362 -0.789594 0.953880
v 0.881300 -0.644277 0.953880
v 0.913000 -0.646355 0.953880
v 0.902554 -0.805723 0.953880
v 0.851217 -0.654489 0.953880
v 0.827333 -0.675435 0.953880
v 0.813282 -0.703927 0.953880
v 0.970572 -0.746073 0.953880
v 0.811204 -0.735627 0.953880
v 0.972650 -0.714373 0.953880
v 0.821416 -0.765710 0.953880
v 0.813282 -0.703927 1.079511
v 0.827333 -0.675435 1.079511
v 0.970572 -0.746073 1.079511
v 0.811204 -0.735627 1.079511
v 0.972650 -0.714373 1.079511
v 0.821416 -0.765710 1.079511
v 0.962438 -0.684290 1.079511
v 0.842362 -0.789594 1.079511
v 0.941492 -0.660406 1.079511
v 0.870854 -0.803645 1.079511
v 0.881300 -0.644277 1.079511
v 0.913000 -0.646355 1.079511
v 0.902554 -0.805723 1.079511
v 0.851217 -0.654489 1.079511
v 0.882661 -0.654615 1.121388
v 0.856431 -0.663519 1.121388
v 0.856431 -0.663519 1.181388
v 0.882661 -0.654615 1.181388
v 0.835605 -0.681782 1.121388
v 0.835605 -0.681782 1.181388
v 0.823354 -0.706626 1.121388
v 0.823354 -0.706626 1.181388
v 0.960500 -0.743374 1.121388
v 0.962312 -0.715734 1.121388
v 0.962312 -0.715734 1.181388
v 0.960500 -0.743374 1.181388
v 0.953408 -0.689504 1.121388
v 0.953408 -0.689504 1.181388
v 0.935144 -0.668678 1.121388
v 0.935144 -0.668678 1.181388
v 0.910301 -0.656427 1.121388
v 0.910301 -0.656427 1.181388
v 0.948336 -0.692432 1.129511
v 0.956505 -0.716498 1.129511
v 0.835518 -0.757568 1.129511
v 0.827349 -0.733502 1.129511
v 0.954843 -0.741858 1.129511
v 0.829011 -0.708142 1.129511
v 0.943603 -0.764652 1.129511
v 0.840252 -0.685348 1.129511
v 0.924495 -0.781409 1.129511
v 0.859359 -0.668591 1.129511
v 0.900429 -0.789578 1.129511
v 0.883425 -0.660422 1.129511
v 0.875069 -0.787916 1.129511
v 0.908785 -0.662084 1.129511
v 0.931579 -0.673324 1.129511
v 0.852275 -0.776675 1.129511
v 0.921678 -0.888263 1.121388
v 0.921678 -0.888263 1.181388
v 0.784531 -0.851515 1.121388
v 0.784531 -0.851515 1.181388
v 0.888787 -0.348787 -0.940000
v 0.888787 -0.348787 1.080000
v 0.910000 -0.340000 1.080000
v 0.910000 -0.340000 -0.940000
v 0.940000 -0.370000 -0.940000
v 0.940000 -0.370000 1.080000
v 0.931213 -0.391213 1.080000
v 0.931213 -0.391213 -0.940000
v 0.910000 -0.400000 1.080000
v 0.910000 -0.400000 -0.940000
v 0.888787 -0.391213 1.080000
v 0.888787 -0.391213 -0.940000
v 0.880000 -0.370000 1.080000
v 0.880000 -0.370000 -0.940000
v 0.931213 -0.348787 -0.940000
v 0.931213 -0.348787 1.080000
v 0.923560 -0.356441 1.090000
v 0.910000 -0.350824 1.090000
v 0.896441 -0.356441 1.090000
v 0.890824 -0.370000 1.090000
v 0.896441 -0.383560 1.090000
v 0.910000 -0.389176 1.090000
v 0.923560 -0.383560 1.090000
v 0.929176 -0.370000 1.090000
v 0.923560 -0.356440 -0.950000
v 0.910000 -0.350824 -0.950000
v 0.929176 -0.370000 -0.950000
v 0.923560 -0.383559 -0.950000
v 0.910000 -0.389176 -0.950000
v 0.896441 -0.383559 -0.950000
v 0.890824 -0.370000 -0.950000
v 0.896441 -0.356440 -0.950000
v -0.985000 -0.416094 0.871971
v -0.985000 -0.315000 0.855000
v -0.785000 -0.315000 0.855000
v -0.785000 -0.416094 0.871971
v -0.785000 -0.416094 0.378029
v -0.785000 -0.315000 0.395000
v -0.985000 -0.315000 0.395000
v -0.985000 -0.416094 0.378029
v -0.985000 -0.416094 0.908029
v -0.985000 -0.315000 0.925000
v -0.785000 -0.315000 0.925000
v -0.985000 -0.416094 0.341971
v -0.985000 -0.315000 0.325000
v -0.785000 -0.315000 0.325000
v -0.785000 -0.416094 0.341971
v -0.785000 -0.416094 -0.151971
v -0.785000 -0.315000 -0.135000
v -0.985000 -0.315000 -0.135000
v -0.985000 -0.416094 -0.151971
v -0.985000 -0.416094 -0.188029
v -0.985000 -0.315000 -0.205000
v -0.785000 -0.315000 -0.205000
v -0.785000 -0.416094 -0.188029
v -0.785000 -0.416094 -0.681971
v -0.785000 -0.315000 -0.665000
v -0.985000 -0.315000 -0.665000
v -0.985000 -0.416094 -0.681971
v -0.985000 -0.416094 -0.718029
v -0.985000 -0.315000 -0.735000
v -0.785000 -0.315000 -0.735000
v -0.785000 -0.416094 -0.718029
v 0.985000 -0.416094 0.908029
v 0.985000 -0.315000 0.925000
v 0.785000 -0.315000 0.925000
v 0.785000 -0.416094 0.908029
v 0.985000 -0.416094 0.871971
v 0.985000 -0.315000 0.855000
v 0.985000 -0.416094 0.378029
v 0.985000 -0.315000 0.395000
v 0.785000 -0.315000 0.395000
v 0.785000 -0.416094 0.378029
v 0.785000 -0.416094 0.871971
v 0.785000 -0.315000 0.855000
v 0.985000 -0.416094 0.341971
v 0.985000 -0.315000 0.325000
v 0.985000 -0.416094 -0.151971
v 0.985000 -0.315000 -0.135000
v 0.785000 -0.315000 -0.135000
v 0.785000 -0.416094 -0.151971
v 0.785000 -0.416094 0.341971
v 0.785000 -0.315000 0.325000
v 0.985000 -0.416094 -0.188029
v 0.985000 -0.315000 -0.205000
v 0.985000 -0.416094 -0.681971
v 0.985000 -0.315000 -0.665000
v 0.785000 -0.315000 -0.665000
v 0.785000 -0.416094 -0.681971
v 0.785000 -0.416094 -0.188029
v 0.785000 -0.315000 -0.205000
v 0.785000 -0.416094 -0.718029
v 0.785000 -0.315000 -0.735000
v 0.985000 -0.315000 -0.735000
v 0.985000 -0.416094 -0.718029
v -0.931213 -0.348787 -0.940000
v -0.931213 -0.348787 1.080000
v -0.910000 -0.340000 1.080000
v -0.910000 -0.340000 -0.940000
v -0.880000 -0.370000 -0.940000
v -0.880000 -0.370000 1.080000
v -0.888787 -0.391213 1.080000
v -0.888787 -0.391213 -0.940000
v -0.910000 -0.400000 1.080000
v -0.910000 -0.400000 -0.940000
v -0.931213 -0.391213 1.080000
v -0.931213 -0.391213 -0.940000
v -0.940000 -0.370000 1.080000
v -0.940000 -0.370000 -0.940000
v -0.888787 -0.348787 -0.940000
v -0.888787 -0.348787 1.080000
v -0.896441 -0.356441 1.090000
v -0.910000 -0.350824 1.090000
v -0.923560 -0.356441 1.090000
v -0.929176 -0.370000 1.090000
v -0.923560 -0.383560 1.090000
v -0.910000 -0.389176 1.090000
v -0.896441 -0.383560 1.090000
v -0.890824 -0.370000 1.090000
v -0.896441 -0.356440 -0.950000
v -0.910000 -0.350824 -0.950000
v -0.890824 -0.370000 -0.950000
v -0.896441 -0.383559 -0.950000
v -0.910000 -0.389176 -0.950000
v -0.923560 -0.383559 -0.950000
v -0.929176 -0.370000 -0.950000
v -0.923560 -0.356440 -0.950000
v -0.785000 -0.416094 0.908029
v -0.987573 -0.835500 -1.382500
v -0.963073 -0.825352 -1.382500
v -0.938573 -0.835500 -1.382500
v -0.928425 -0.860000 -1.382500
v -0.938573 -0.884500 -1.382500
v -0.963073 -0.894648 -1.382500
v -0.987573 -0.884500 -1.382500
v -0.997721 -0.860000 -1.382500
v -1.210560 -0.612513 -1.382500
v -1.313073 -0.860000 -1.382500
v -1.286431 -0.726061 -1.382500
v -1.097012 -0.536642 -1.382500
v -0.963073 -0.510000 -1.382500
v -0.715586 -0.612513 -1.382500
v -0.829134 -0.536642 -1.382500
v -0.613073 -0.860000 -1.382500
v -0.639715 -0.726061 -1.382500
v -0.715586 -1.107487 -1.382500
v -0.639715 -0.993939 -1.382500
v -0.963073 -1.210000 -1.382500
v -0.829134 -1.183358 -1.382500
v -1.210560 -1.107487 -1.382500
v -1.097012 -1.183358 -1.382500
v -1.286431 -0.993939 -1.382500
v -1.097012 -1.183358 -1.392500
v -1.210560 -1.107487 -1.392500
v -0.043358 -0.616061 -1.392500
v 0.032513 -0.502513 -1.392500
v -0.963073 -1.210000 -1.392500
v -0.070000 -0.750000 -1.392500
v -0.829134 -1.183358 -1.392500
v -0.043358 -0.883939 -1.392500
v -0.715586 -1.107487 -1.392500
v 0.032513 -0.997487 -1.392500
v -0.639715 -0.993939 -1.392500
v 0.146061 -1.073358 -1.392500
v -0.613073 -0.860000 -1.392500
v 0.280000 -1.100000 -1.392500
v -0.639715 -0.726061 -1.392500
v 0.413939 -1.073358 -1.392500
v -0.715586 -0.612513 -1.392500
v 0.527487 -0.997487 -1.392500
v -1.097012 -0.536642 -1.392500
v -0.963073 -0.510000 -1.392500
v -0.829134 -0.536642 -1.392500
v 0.603358 -0.883939 -1.392500
v -1.210560 -0.612513 -1.392500
v 0.630000 -0.750000 -1.392500
v -1.286431 -0.726061 -1.392500
v 0.603358 -0.616061 -1.392500
v -1.313073 -0.860000 -1.392500
v 0.527487 -0.502513 -1.392500
v -1.286431 -0.993939 -1.392500
v 0.146061 -0.426642 -1.392500
v 0.280000 -0.400000 -1.392500
v 0.413939 -0.426642 -1.392500
v 0.280000 -0.461176 -1.460000
v 0.169472 -0.483161 -1.460000
v 0.169472 -0.483161 -1.517500
v 0.280000 -0.461176 -1.517500
v 0.390528 -0.483161 -1.460000
v 0.390528 -0.483161 -1.517500
v 0.484230 -0.545770 -1.460000
v 0.484230 -0.545770 -1.517500
v 0.546839 -0.639472 -1.460000
v 0.546839 -0.639472 -1.517500
v 0.568825 -0.750000 -1.460000
v 0.568825 -0.750000 -1.517500
v 0.546839 -0.860528 -1.460000
v 0.546839 -0.860528 -1.517500
v 0.484230 -0.954230 -1.460000
v 0.484230 -0.954230 -1.517500
v 0.390528 -1.016839 -1.460000
v 0.390528 -1.016839 -1.517500
v 0.280000 -1.038825 -1.460000
v 0.280000 -1.038825 -1.517500
v 0.169472 -1.016839 -1.460000
v 0.169472 -1.016839 -1.517500
v 0.075770 -0.954230 -1.460000
v 0.075770 -0.954230 -1.517500
v 0.013161 -0.860528 -1.460000
v 0.013161 -0.860528 -1.517500
v -0.008825 -0.750000 -1.460000
v -0.008825 -0.750000 -1.517500
v 0.013161 -0.639472 -1.460000
v 0.013161 -0.639472 -1.517500
v 0.075770 -0.545770 -1.460000
v 0.075770 -0.545770 -1.517500
v 0.413939 -0.426642 -1.517500
v 0.280000 -0.400000 -1.517500
v 0.280000 -0.400000 -1.527500
v 0.413939 -0.426642 -1.527500
v 0.280000 -1.100000 -1.517500
v 0.413939 -1.073358 -1.517500
v 0.413939 -1.073358 -1.527500
v 0.280000 -1.100000 -1.527500
v 0.146061 -0.426642 -1.517500
v 0.032513 -0.502513 -1.517500
v 0.032513 -0.502513 -1.527500
v 0.146061 -0.426642 -1.527500
v 0.527487 -0.997487 -1.517500
v 0.527487 -0.997487 -1.527500
v -0.043358 -0.616061 -1.517500
v -0.043358 -0.616061 -1.527500
v 0.603358 -0.883939 -1.517500
v 0.603358 -0.883939 -1.527500
v -0.070000 -0.750000 -1.517500
v -0.070000 -0.750000 -1.527500
v 0.630000 -0.750000 -1.517500
v 0.630000 -0.750000 -1.527500
v -0.043358 -0.883939 -1.517500
v -0.043358 -0.883939 -1.527500
v 0.603358 -0.616061 -1.517500
v 0.603358 -0.616061 -1.527500
v 0.032513 -0.997487 -1.517500
v 0.032513 -0.997487 -1.527500
v 0.527487 -0.502513 -1.517500
v 0.527487 -0.502513 -1.527500
v 0.146061 -1.073358 -1.517500
v 0.146061 -1.073358 -1.527500
v 0.568825 -0.750000 -1.527500
v 0.546839 -0.639472 -1.527500
v 0.546839 -0.639472 -1.585000
v 0.568825 -0.750000 -1.585000
v 0.013161 -0.860528 -1.527500
v 0.075770 -0.954230 -1.527500
v 0.075770 -0.954230 -1.585000
v 0.013161 -0.860528 -1.585000
v 0.484230 -0.545770 -1.527500
v 0.484230 -0.545770 -1.585000
v 0.169472 -1.016839 -1.527500
v 0.169472 -1.016839 -1.585000
v 0.390528 -0.483161 -1.527500
v 0.390528 -0.483161 -1.585000
v 0.280000 -1.038825 -1.527500
v 0.280000 -1.038825 -1.585000
v 0.280000 -0.461176 -1.527500
v 0.169472 -0.483161 -1.527500
v 0.169472 -0.483161 -1.585000
v 0.280000 -0.461176 -1.585000
v 0.390528 -1.016839 -1.527500
v 0.390528 -1.016839 -1.585000
v 0.075770 -0.545770 -1.527500
v 0.075770 -0.545770 -1.585000
v 0.484230 -0.954230 -1.527500
v 0.484230 -0.954230 -1.585000
v 0.013161 -0.639472 -1.527500
v 0.013161 -0.639472 -1.585000
v 0.546839 -0.860528 -1.527500
v 0.546839 -0.860528 -1.585000
v -0.008825 -0.750000 -1.527500
v -0.008825 -0.750000 -1.585000
v 0.032513 -0.502513 -1.585000
v -0.043358 -0.616061 -1.585000
v -0.043358 -0.616061 -1.595000
v 0.032513 -0.502513 -1.595000
v 0.527487 -0.997487 -1.585000
v 0.603358 -0.883939 -1.585000
v 0.603358 -0.883939 -1.595000
v 0.527487 -0.997487 -1.595000
v -0.070000 -0.750000 -1.585000
v -0.070000 -0.750000 -1.595000
v 0.630000 -0.750000 -1.585000
v 0.630000 -0.750000 -1.595000
v -0.043358 -0.883939 -1.585000
v -0.043358 -0.883939 -1.595000
v 0.603358 -0.616061 -1.585000
v 0.603358 -0.616061 -1.595000
v 0.032513 -0.997487 -1.585000
v 0.032513 -0.997487 -1.595000
v 0.527487 -0.502513 -1.585000
v 0.527487 -0.502513 -1.595000
v 0.146061 -1.073358 -1.585000
v 0.146061 -1.073358 -1.595000
v 0.413939 -0.426642 -1.585000
v 0.413939 -0.426642 -1.595000
v 0.280000 -1.100000 -1.585000
v 0.280000 -1.100000 -1.595000
v 0.280000 -0.400000 -1.585000
v 0.146061 -0.426642 -1.585000
v 0.146061 -0.426642 -1.595000
v 0.280000 -0.400000 -1.595000
v 0.413939 -1.073358 -1.585000
v 0.413939 -1.073358 -1.595000
v 0.484230 -0.954230 -1.595000
v 0.546839 -0.860528 -1.595000
v 0.546839 -0.860528 -1.652500
v 0.484230 -0.954230 -1.652500
v 0.013161 -0.639472 -1.595000
v -0.008825 -0.750000 -1.595000
v -0.008825 -0.750000 -1.652500
v 0.013161 -0.639472 -1.652500
v 0.568825 -0.750000 -1.595000
v 0.568825 -0.750000 -1.652500
v 0.013161 -0.860528 -1.595000
v 0.013161 -0.860528 -1.652500
v 0.546839 -0.639472 -1.595000
v 0.546839 -0.639472 -1.652500
v 0.075770 -0.954230 -1.595000
v 0.075770 -0.954230 -1.652500
v 0.484230 -0.545770 -1.595000
v 0.484230 -0.545770 -1.652500
v 0.169472 -1.016839 -1.595000
v 0.169472 -1.016839 -1.652500
v 0.390528 -0.483161 -1.595000
v 0.390528 -0.483161 -1.652500
v 0.280000 -1.038825 -1.595000
v 0.280000 -1.038825 -1.652500
v 0.280000 -0.461176 -1.595000
v 0.169472 -0.483161 -1.595000
v 0.169472 -0.483161 -1.652500
v 0.280000 -0.461176 -1.652500
v 0.390528 -1.016839 -1.595000
v 0.390528 -1.016839 -1.652500
v 0.075770 -0.545770 -1.595000
v 0.075770 -0.545770 -1.652500
v 0.413939 -0.426642 -1.652500
v 0.280000 -0.400000 -1.652500
v 0.280000 -0.400000 -1.662500
v 0.413939 -0.426642 -1.662500
v 0.280000 -1.100000 -1.652500
v 0.413939 -1.073358 -1.652500
v 0.413939 -1.073358 -1.662500
v 0.280000 -1.100000 -1.662500
v 0.146061 -0.426642 -1.652500
v 0.032513 -0.502513 -1.652500
v 0.032513 -0.502513 -1.662500
v 0.146061 -0.426642 -1.662500
v 0.527487 -0.997487 -1.652500
v 0.527487 -0.997487 -1.662500
v -0.043358 -0.616061 -1.652500
v -0.043358 -0.616061 -1.662500
v 0.603358 -0.883939 -1.652500
v 0.603358 -0.883939 -1.662500
v -0.070000 -0.750000 -1.652500
v -0.070000 -0.750000 -1.662500
v 0.630000 -0.750000 -1.652500
v 0.630000 -0.750000 -1.662500
v -0.043358 -0.883939 -1.652500
v -0.043358 -0.883939 -1.662500
v 0.603358 -0.616061 -1.652500
v 0.603358 -0.616061 -1.662500
v 0.032513 -0.997487 -1.652500
v 0.032513 -0.997487 -1.662500
v 0.527487 -0.502513 -1.652500
v 0.527487 -0.502513 -1.662500
v 0.146061 -1.073358 -1.652500
v 0.146061 -1.073358 -1.662500
v 0.568825 -0.750000 -1.662500
v 0.546839 -0.639472 -1.662500
v 0.546839 -0.639472 -1.720000
v 0.568825 -0.750000 -1.720000
v 0.013161 -0.860528 -1.662500
v 0.075770 -0.954230 -1.662500
v 0.075770 -0.954230 -1.720000
v 0.013161 -0.860528 -1.720000
v 0.484230 -0.545770 -1.662500
v 0.484230 -0.545770 -1.720000
v 0.169472 -1.016839 -1.662500
v 0.169472 -1.016839 -1.720000
v 0.390528 -0.483161 -1.662500
v 0.390528 -0.483161 -1.720000
v 0.280000 -1.038825 -1.662500
v 0.280000 -1.038825 -1.720000
v 0.280000 -0.461176 -1.662500
v 0.169472 -0.483161 -1.662500
v 0.169472 -0.483161 -1.720000
v 0.280000 -0.461176 -1.720000
v 0.390528 -1.016839 -1.662500
v 0.390528 -1.016839 -1.720000
v 0.075770 -0.545770 -1.662500
v 0.075770 -0.545770 -1.720000
v 0.484230 -0.954230 -1.662500
v 0.484230 -0.954230 -1.720000
v 0.013161 -0.639472 -1.662500
v 0.013161 -0.639472 -1.720000
v 0.546839 -0.860528 -1.662500
v 0.546839 -0.860528 -1.720000
v -0.008825 -0.750000 -1.662500
v -0.008825 -0.750000 -1.720000
v 0.146061 -0.426642 -1.720000
v 0.032513 -0.502513 -1.720000
v -0.043358 -0.616061 -1.720000
v -0.070000 -0.750000 -1.720000
v -0.043358 -0.883939 -1.720000
v 0.032513 -0.997487 -1.720000
v 0.146061 -1.073358 -1.720000
v 0.280000 -1.100000 -1.720000
v 0.413939 -1.073358 -1.720000
v 0.527487 -0.997487 -1.720000
v 0.603358 -0.883939 -1.720000
v 0.630000 -0.750000 -1.720000
v 0.603358 -0.616061 -1.720000
v 0.527487 -0.502513 -1.720000
v 0.413939 -0.426642 -1.720000
v 0.280000 -0.400000 -1.720000
v -0.696234 -0.749472 -1.392500
v -0.758843 -0.655770 -1.392500
v -0.758843 -0.655770 -1.450000
v -0.696234 -0.749472 -1.450000
v -1.167303 -1.064230 -1.392500
v -1.073601 -1.126839 -1.392500
v -1.073601 -1.126839 -1.450000
v -1.167303 -1.064230 -1.450000
v -0.852545 -0.593161 -1.392500
v -0.852545 -0.593161 -1.450000
v -0.963073 -1.148825 -1.392500
v -0.963073 -1.148825 -1.450000
v -0.963073 -0.571176 -1.392500
v -1.073601 -0.593161 -1.392500
v -1.073601 -0.593161 -1.450000
v -0.963073 -0.571176 -1.450000
v -0.852545 -1.126839 -1.392500
v -0.852545 -1.126839 -1.450000
v -1.167303 -0.655770 -1.392500
v -1.167303 -0.655770 -1.450000
v -0.758843 -1.064230 -1.392500
v -0.758843 -1.064230 -1.450000
v -1.229912 -0.749472 -1.392500
v -1.229912 -0.749472 -1.450000
v -0.696234 -0.970528 -1.392500
v -0.696234 -0.970528 -1.450000
v -1.251897 -0.860000 -1.392500
v -1.251897 -0.860000 -1.450000
v -0.674248 -0.860000 -1.392500
v -0.674248 -0.860000 -1.450000
v -1.229912 -0.970528 -1.392500
v -1.229912 -0.970528 -1.450000
v -1.210560 -1.107487 -1.450000
v -1.097012 -1.183358 -1.450000
v -1.097012 -1.183358 -1.460000
v -1.210560 -1.107487 -1.460000
v -0.715586 -0.612513 -1.450000
v -0.829134 -0.536642 -1.450000
v -0.829134 -0.536642 -1.460000
v -0.715586 -0.612513 -1.460000
v -0.963073 -1.210000 -1.450000
v -0.963073 -1.210000 -1.460000
v -0.963073 -0.510000 -1.450000
v -1.097012 -0.536642 -1.450000
v -1.097012 -0.536642 -1.460000
v -0.963073 -0.510000 -1.460000
v -0.829134 -1.183358 -1.450000
v -0.829134 -1.183358 -1.460000
v -1.210560 -0.612513 -1.450000
v -1.210560 -0.612513 -1.460000
v -0.715586 -1.107487 -1.450000
v -0.715586 -1.107487 -1.460000
v -1.286431 -0.726061 -1.450000
v -1.286431 -0.726061 -1.460000
v -0.639715 -0.993939 -1.450000
v -0.639715 -0.993939 -1.460000
v -1.313073 -0.860000 -1.450000
v -1.313073 -0.860000 -1.460000
v -0.613073 -0.860000 -1.450000
v -0.613073 -0.860000 -1.460000
v -1.286431 -0.993939 -1.450000
v -1.286431 -0.993939 -1.460000
v -0.639715 -0.726061 -1.450000
v -0.639715 -0.726061 -1.460000
v -1.251897 -0.860000 -1.460000
v -1.229912 -0.970528 -1.460000
v -1.229912 -0.970528 -1.517500
v -1.251897 -0.860000 -1.517500
v -0.852545 -1.126839 -1.460000
v -0.758843 -1.064230 -1.460000
v -0.758843 -1.064230 -1.517500
v -0.852545 -1.126839 -1.517500
v -1.167303 -1.064230 -1.460000
v -1.167303 -1.064230 -1.517500
v -0.696234 -0.970528 -1.460000
v -0.696234 -0.970528 -1.517500
v -1.073601 -1.126839 -1.460000
v -1.073601 -1.126839 -1.517500
v -0.674248 -0.860000 -1.460000
v -0.674248 -0.860000 -1.517500
v -0.963073 -1.148825 -1.460000
v -0.963073 -1.148825 -1.517500
v -0.963073 -0.571176 -1.460000
v -1.073601 -0.593161 -1.460000
v -1.073601 -0.593161 -1.517500
v -0.963073 -0.571176 -1.517500
v -0.696234 -0.749472 -1.460000
v -0.696234 -0.749472 -1.517500
v -0.758843 -0.655770 -1.460000
v -0.758843 -0.655770 -1.517500
v -1.167303 -0.655770 -1.460000
v -1.167303 -0.655770 -1.517500
v -0.852545 -0.593161 -1.460000
v -0.852545 -0.593161 -1.517500
v -1.229912 -0.749472 -1.460000
v -1.229912 -0.749472 -1.517500
v -1.210560 -1.107487 -1.517500
v -1.097012 -1.183358 -1.517500
v -0.715586 -0.612513 -1.517500
v -0.829134 -0.536642 -1.517500
v -0.963073 -1.210000 -1.517500
v -0.963073 -0.510000 -1.517500
v -1.097012 -0.536642 -1.517500
v -0.829134 -1.183358 -1.517500
v -1.210560 -0.612513 -1.517500
v -0.715586 -1.107487 -1.517500
v -1.286431 -0.726061 -1.517500
v -0.639715 -0.993939 -1.517500
v -1.313073 -0.860000 -1.517500
v -0.613073 -0.860000 -1.517500
v -1.286431 -0.993939 -1.517500
v -0.639715 -0.726061 -1.517500
v 0.169472 -0.483161 -1.392500
v 0.280000 -0.461176 -1.392500
v 0.075770 -0.545770 -1.392500
v 0.013161 -0.639472 -1.392500
v -0.008825 -0.750000 -1.392500
v 0.013161 -0.860528 -1.392500
v 0.075770 -0.954230 -1.392500
v 0.169472 -1.016839 -1.392500
v 0.280000 -1.038825 -1.392500
v 0.390528 -1.016839 -1.392500
v 0.484230 -0.954230 -1.392500
v 0.546839 -0.860528 -1.392500
v 0.568825 -0.750000 -1.392500
v 0.546839 -0.639472 -1.392500
v 0.484230 -0.545770 -1.392500
v 0.390528 -0.483161 -1.392500
v 0.545068 -0.320408 -1.360000
v 0.499660 -0.047959 -1.360000
v 0.499660 -0.047959 -1.253333
v 0.499660 -0.047959 -1.126667
v 0.499660 -0.047959 -0.980000
v 0.545068 -0.320408 -0.980000
v -0.167816 -0.062689 -1.360000
v -0.259210 0.004644 -1.360000
v -0.259210 0.004644 -1.253333
v -0.167816 -0.062689 -1.253333
v -0.420000 -0.350000 -1.360000
v 0.520000 -0.350000 -1.360000
v 0.520000 -0.350000 -0.980000
v -0.420000 -0.350000 -0.980000
v -0.305398 0.029872 -1.360000
v -0.305398 0.029872 -1.253333
v -0.348309 0.028735 -1.360000
v -0.348309 0.028735 -1.253333
v -0.381409 0.001404 -1.360000
v -0.381409 0.001404 -1.253333
v -0.399660 -0.047959 -1.360000
v -0.399660 -0.047959 -1.253333
v 0.359210 0.004644 -1.126667
v 0.359210 0.004644 -0.980000
v 0.405398 0.029872 -0.980000
v 0.405398 0.029872 -1.126667
v 0.448309 0.028735 -0.980000
v 0.448309 0.028735 -1.126667
v 0.481409 0.001404 -0.980000
v 0.481409 0.001404 -1.126667
v -0.259210 0.004644 -0.980000
v -0.259210 0.004644 -1.025000
v -0.259210 0.004644 -1.126667
v -0.305398 0.029872 -1.126667
v -0.305398 0.029872 -0.980000
v -0.348309 0.028735 -1.126667
v -0.348309 0.028735 -0.980000
v -0.381409 0.001404 -1.126667
v -0.381409 0.001404 -0.980000
v -0.399660 -0.047959 -1.126667
v -0.399660 -0.047959 -0.980000
v -0.259210 0.004644 -1.248333
v 0.359210 0.004644 -1.360000
v 0.359210 0.004644 -1.253333
v 0.405398 0.029872 -1.253333
v 0.405398 0.029872 -1.360000
v 0.448309 0.028735 -1.253333
v 0.448309 0.028735 -1.360000
v 0.481409 0.001404 -1.253333
v 0.481409 0.001404 -1.360000
v 0.359210 0.004644 -1.248333
v -0.062898 -0.105990 -1.253333
v -0.062898 -0.105990 -1.360000
v 0.050000 -0.119869 -1.253333
v 0.050000 -0.119869 -1.360000
v 0.162898 -0.105990 -1.253333
v 0.162898 -0.105990 -1.360000
v 0.267816 -0.062689 -1.253333
v 0.267816 -0.062689 -1.360000
v -0.254210 0.004644 -1.253333
v 0.354210 0.004644 -1.253333
v 0.534671 0.604644 -1.023167
v 0.534671 0.604644 -1.232000
v 0.534671 0.604644 -1.350833
v 0.534671 0.604644 -1.379667
v 0.534671 0.639644 -1.379667
v 0.534671 0.639644 -1.023167
v 0.045000 0.639644 -1.269667
v -0.434671 0.639644 -1.269667
v -0.454671 0.639644 -1.249667
v -0.454671 0.639644 -1.023167
v -0.434671 0.639644 -1.003167
v 0.514671 0.639644 -1.003167
v 0.369671 0.604644 -1.003167
v 0.514671 0.604644 -1.003167
v 0.045000 0.604644 -1.269667
v 0.045000 0.639644 -1.379667
v 0.045000 0.604644 -1.379667
v 0.484671 0.639644 -1.349667
v 0.484671 0.639644 -1.053167
v 0.514671 0.604644 -1.399667
v 0.065000 0.604644 -1.399667
v 0.065000 0.639644 -1.399667
v 0.514671 0.639644 -1.399667
v 0.095000 0.639644 -1.349667
v 0.095000 0.639644 -1.053167
v 0.095000 0.629644 -1.053167
v 0.095000 0.629644 -1.349667
v 0.484671 0.629644 -1.349667
v 0.484671 0.629644 -1.053167
v -0.454671 0.604644 -1.023167
v -0.434671 0.604644 -1.003167
v -0.454671 0.604644 -1.249667
v -0.434671 0.604644 -1.269667
v 0.359210 0.534644 -1.248333
v 0.359210 0.534644 -1.126667
v -0.254210 0.534644 -1.253333
v -0.051404 0.264644 -1.253333
v -0.051404 0.074644 -1.253333
v -0.259210 0.534644 -1.126667
v -0.259210 0.534644 -1.248333
v -0.384671 0.559644 -1.264667
v -0.384671 0.559644 -1.008167
v -0.384671 0.604644 -1.008167
v -0.384671 0.604644 -1.264667
v 0.359210 0.534644 -1.025000
v 0.374671 0.559644 -1.264667
v 0.374671 0.559644 -1.008167
v 0.374671 0.604644 -1.264667
v 0.374671 0.604644 -1.008167
v -0.379671 0.559644 -1.003167
v 0.369671 0.559644 -1.003167
v -0.379671 0.604644 -1.003167
v 0.369671 0.559644 -1.269667
v -0.379671 0.559644 -1.269667
v -0.379671 0.604644 -1.269667
v 0.369671 0.604644 -1.269667
v 0.354210 0.534644 -1.253333
v -0.259210 0.534644 -1.025000
v -0.254210 0.534644 -1.020000
v 0.354210 0.534644 -1.020000
v 0.106959 -0.227959 -1.345000
v 0.106959 -0.227959 -1.460000
v 0.106959 -0.207959 -1.460000
v 0.106959 -0.207959 -1.345000
v 0.290876 -0.257959 -1.460000
v 0.290876 -0.257959 -1.345000
v 0.290876 -0.277959 -1.345000
v 0.290876 -0.277959 -1.460000
v -0.439769 -0.341333 -0.980000
v -0.439769 -0.341333 -1.360000
v -0.445068 -0.320408 -0.980000
v -0.445068 -0.320408 -1.360000
v 0.539769 -0.341333 -1.360000
v 0.539769 -0.341333 -0.980000
v 0.372750 -0.040000 -1.373900
v 0.372750 -0.040000 -1.336100
v 0.396375 0.000920 -1.336100
v 0.396375 0.000920 -1.373900
v 0.443625 0.000920 -1.336100
v 0.443625 0.000920 -1.373900
v 0.467250 -0.040000 -1.336100
v 0.467250 -0.040000 -1.373900
v 0.443625 -0.080920 -1.336100
v 0.443625 -0.080920 -1.373900
v 0.396375 -0.080920 -1.336100
v 0.396375 -0.080920 -1.373900
v -0.367250 -0.040000 -1.373900
v -0.367250 -0.040000 -1.336100
v -0.343625 0.000920 -1.336100
v -0.343625 0.000920 -1.373900
v -0.296375 0.000920 -1.336100
v -0.296375 0.000920 -1.373900
v -0.272750 -0.040000 -1.336100
v -0.272750 -0.040000 -1.373900
v -0.296375 -0.080920 -1.336100
v -0.296375 -0.080920 -1.373900
v -0.343625 -0.080920 -1.336100
v -0.343625 -0.080920 -1.373900
v -0.412576 -0.317335 -1.372010
v -0.412576 -0.317335 -1.337990
v -0.419960 -0.275456 -1.337990
v -0.419960 -0.275456 -1.372010
v -0.387384 -0.248121 -1.337990
v -0.387384 -0.248121 -1.372010
v -0.347424 -0.262666 -1.337990
v -0.347424 -0.262666 -1.372010
v -0.340040 -0.304544 -1.337990
v -0.340040 -0.304544 -1.372010
v -0.372616 -0.331879 -1.337990
v -0.372616 -0.331879 -1.372010
v 0.447424 -0.262666 -1.372010
v 0.447424 -0.262666 -1.337990
v 0.487384 -0.248121 -1.337990
v 0.487384 -0.248121 -1.372010
v 0.519960 -0.275456 -1.337990
v 0.519960 -0.275456 -1.372010
v 0.512576 -0.317335 -1.337990
v 0.512576 -0.317335 -1.372010
v 0.472616 -0.331879 -1.337990
v 0.472616 -0.331879 -1.372010
v 0.440040 -0.304545 -1.337990
v 0.440040 -0.304545 -1.372010
v -0.694523 0.142289 -0.970000
v -0.705481 0.142289 -0.970000
v -0.705481 0.142289 -1.140000
v -0.700002 0.142289 -1.140000
v -0.694523 0.142289 -1.140000
v -0.578202 0.395178 -1.140000
v -0.821802 0.395178 -1.140000
v -0.821802 0.395178 -0.970000
v -0.578202 0.395178 -0.970000
v -0.714971 0.151994 -0.970000
v -0.837283 0.368661 -0.970000
v -0.837283 0.368661 -1.140000
v -0.714971 0.151994 -1.140000
v -0.564982 0.391625 -0.970000
v -0.559316 0.381919 -0.970000
v -0.559316 0.381919 -1.140000
v -0.564982 0.391625 -1.140000
v -0.840688 0.381919 -0.970000
v -0.840688 0.381919 -1.140000
v -0.685032 0.151994 -0.970000
v -0.685032 0.151994 -1.140000
v -0.562721 0.368661 -0.970000
v -0.562721 0.368661 -1.140000
v -0.835021 0.391625 -0.970000
v -0.835021 0.391625 -1.140000
v -0.837854 0.386772 -1.140000
v -0.600002 0.341111 -1.154857
v -0.600002 0.341111 -1.136857
v -0.619487 0.352361 -1.136857
v -0.619487 0.352361 -1.154857
v -0.619487 0.374861 -1.136857
v -0.619487 0.374861 -1.154857
v -0.600002 0.386111 -1.136857
v -0.600002 0.386111 -1.154857
v -0.580516 0.374861 -1.136857
v -0.580516 0.374861 -1.154857
v -0.580516 0.352361 -1.136857
v -0.580516 0.352361 -1.154857
v -0.600002 0.375611 -1.126667
v -0.600002 0.375611 -1.158667
v -0.608487 0.372096 -1.158667
v -0.608487 0.372096 -1.126667
v -0.612002 0.363611 -1.158667
v -0.612002 0.363611 -1.126667
v -0.608487 0.355126 -1.158667
v -0.608487 0.355126 -1.126667
v -0.600002 0.351611 -1.158667
v -0.600002 0.351611 -1.126667
v -0.591516 0.355126 -1.158667
v -0.591516 0.355126 -1.126667
v -0.588001 0.363611 -1.158667
v -0.588001 0.363611 -1.126667
v -0.591516 0.372096 -1.158667
v -0.591516 0.372096 -1.126667
v -0.800002 0.341111 -1.154857
v -0.800002 0.341111 -1.136857
v -0.819487 0.352361 -1.136857
v -0.819487 0.352361 -1.154857
v -0.819487 0.374861 -1.136857
v -0.819487 0.374861 -1.154857
v -0.800002 0.386111 -1.136857
v -0.800002 0.386111 -1.154857
v -0.780516 0.374861 -1.136857
v -0.780516 0.374861 -1.154857
v -0.780516 0.352361 -1.136857
v -0.780516 0.352361 -1.154857
v -0.800002 0.375611 -1.126667
v -0.800002 0.375611 -1.158667
v -0.808487 0.372096 -1.158667
v -0.808487 0.372096 -1.126667
v -0.812002 0.363611 -1.158667
v -0.812002 0.363611 -1.126667
v -0.808487 0.355126 -1.158667
v -0.808487 0.355126 -1.126667
v -0.800002 0.351611 -1.158667
v -0.800002 0.351611 -1.126667
v -0.791516 0.355126 -1.158667
v -0.791516 0.355126 -1.126667
v -0.788002 0.363611 -1.158667
v -0.788002 0.363611 -1.126667
v -0.791516 0.372096 -1.158667
v -0.791516 0.372096 -1.126667
v -0.700001 0.161111 -1.154857
v -0.700001 0.161111 -1.136857
v -0.719487 0.172361 -1.136857
v -0.719487 0.172361 -1.154857
v -0.719487 0.194861 -1.136857
v -0.719487 0.194861 -1.154857
v -0.700001 0.206111 -1.136857
v -0.700001 0.206111 -1.154857
v -0.680516 0.194861 -1.136857
v -0.680516 0.194861 -1.154857
v -0.680516 0.172361 -1.136857
v -0.680516 0.172361 -1.154857
v -0.700001 0.195611 -1.126667
v -0.700001 0.195611 -1.158667
v -0.708487 0.192096 -1.158667
v -0.708487 0.192096 -1.126667
v -0.712002 0.183611 -1.158667
v -0.712002 0.183611 -1.126667
v -0.708487 0.175126 -1.158667
v -0.708487 0.175126 -1.126667
v -0.700001 0.171611 -1.158667
v -0.700001 0.171611 -1.126667
v -0.691516 0.175126 -1.158667
v -0.691516 0.175126 -1.126667
v -0.688002 0.183611 -1.158667
v -0.688002 0.183611 -1.126667
v -0.691516 0.192096 -1.158667
v -0.691516 0.192096 -1.126667
v -1.322326 0.434019 -1.407772
v -1.324747 0.431599 -1.395000
v -1.345960 0.452812 -1.395000
v -1.343540 0.455232 -1.407772
v -0.853415 -0.077070 -1.424998
v -0.803483 -0.127001 -1.422627
v -0.813744 -0.128109 -1.393333
v -0.859099 -0.082754 -1.395000
v -0.837886 -0.061541 -1.446957
v -0.784604 -0.114822 -1.444071
v -0.816673 -0.040327 -1.454995
v -0.762165 -0.094836 -1.451921
v -0.795459 -0.019114 -1.446957
v -0.742178 -0.072396 -1.444071
v -0.779930 -0.003585 -1.424998
v -0.729999 -0.053517 -1.422627
v -0.774246 0.002099 -1.395000
v -0.728891 -0.043256 -1.393334
v -0.779930 -0.003585 -1.365003
v -0.739151 -0.044364 -1.364040
v -0.795459 -0.019114 -1.343043
v -0.758031 -0.056543 -1.342596
v -0.816673 -0.040327 -1.335005
v -0.780470 -0.076530 -1.334746
v -0.837886 -0.061541 -1.343043
v -0.800457 -0.098969 -1.342595
v -0.853415 -0.077070 -1.365003
v -0.812636 -0.117849 -1.364040
v -0.760129 -0.170356 -1.395827
v -0.778388 -0.163464 -1.371667
v -0.735394 -0.164033 -1.413514
v -0.710811 -0.146189 -1.419987
v -0.692967 -0.121606 -1.413514
v -0.686644 -0.096871 -1.395827
v -0.693536 -0.078612 -1.371667
v -0.711795 -0.071720 -1.347507
v -0.736530 -0.078043 -1.329820
v -0.761113 -0.095887 -1.323346
v -0.778957 -0.120470 -1.329820
v -0.785280 -0.145205 -1.347507
v -0.728511 -0.201973 -1.343795
v -0.753033 -0.188820 -1.330000
v -0.699192 -0.200234 -1.353893
v -0.672931 -0.184069 -1.357589
v -0.656766 -0.157808 -1.353893
v -0.655027 -0.128489 -1.343795
v -0.668180 -0.103967 -1.330000
v -0.692702 -0.090813 -1.316206
v -0.722021 -0.092553 -1.306107
v -0.748282 -0.108718 -1.302411
v -0.764447 -0.134979 -1.306107
v -0.766187 -0.164298 -1.316205
v -0.715688 -0.214797 -1.273666
v -0.742427 -0.199426 -1.270000
v -0.684746 -0.214680 -1.276349
v -0.657892 -0.199109 -1.277331
v -0.642320 -0.172254 -1.276349
v -0.642203 -0.141312 -1.273666
v -0.657574 -0.114574 -1.270000
v -0.684312 -0.099203 -1.266335
v -0.715254 -0.099320 -1.263651
v -0.742109 -0.114891 -1.262669
v -0.757680 -0.141746 -1.263651
v -0.757797 -0.172688 -1.266335
v -0.715529 -0.214956 -1.140000
v -0.742427 -0.199426 -1.140000
v -0.684471 -0.214956 -1.140000
v -0.657574 -0.199426 -1.140000
v -0.642044 -0.172529 -1.140000
v -0.642044 -0.141471 -1.140000
v -0.657574 -0.114574 -1.140000
v -0.684471 -0.099044 -1.140000
v -0.715529 -0.099044 -1.140000
v -0.742426 -0.114574 -1.140000
v -0.757956 -0.141471 -1.140000
v -0.757956 -0.172529 -1.140000
v -0.710120 0.066225 -1.308008
v -0.755154 0.021191 -1.244324
v -0.923225 -0.146880 -1.308007
v -0.939709 -0.163364 -1.395000
v -0.878191 -0.101846 -1.545676
v -0.816673 -0.040327 -1.568985
v -0.816673 -0.040327 -1.221015
v -0.878191 -0.101846 -1.244324
v -0.755154 0.021191 -1.545676
v -0.710120 0.066225 -1.481993
v -0.693636 0.082709 -1.395000
v -0.923226 -0.146880 -1.481993
v -0.703636 0.092709 -1.395000
v -0.720120 0.076225 -1.308008
v -0.826673 -0.030327 -1.568985
v -0.765154 0.031191 -1.545676
v -0.888191 -0.091846 -1.244324
v -0.933225 -0.136880 -1.308007
v -0.949709 -0.153364 -1.395000
v -0.933226 -0.136880 -1.481993
v -0.765154 0.031191 -1.244324
v -0.720120 0.076225 -1.481993
v -0.888191 -0.091846 -1.545676
v -0.826673 -0.030327 -1.221015
v -0.826673 -0.030327 -1.229714
v -0.885115 -0.088770 -1.251858
v -0.709788 0.086557 -1.395000
v -0.725447 0.070898 -1.312357
v -0.826673 -0.030327 -1.560286
v -0.768230 0.028115 -1.538142
v -0.927898 -0.131552 -1.312357
v -0.943557 -0.147212 -1.395000
v -0.927898 -0.131553 -1.477643
v -0.768230 0.028115 -1.251858
v -0.725448 0.070898 -1.477643
v -0.885115 -0.088770 -1.538142
v -0.745448 0.090898 -1.477643
v -0.729788 0.106557 -1.395000
v -0.905115 -0.068770 -1.538142
v -0.846673 -0.010327 -1.560286
v -0.846673 -0.010327 -1.229714
v -0.905115 -0.068770 -1.251858
v -0.745447 0.090898 -1.312357
v -0.788230 0.048115 -1.538142
v -0.947898 -0.111552 -1.312357
v -0.963557 -0.127212 -1.395000
v -0.947898 -0.111553 -1.477643
v -0.788230 0.048115 -1.251858
v -0.755509 0.090837 -1.473511
v -0.740632 0.105713 -1.395000
v -0.907193 -0.060848 -1.530985
v -0.851673 -0.005327 -1.552022
v -0.851673 -0.005327 -1.237978
v -0.907193 -0.060848 -1.259015
v -0.755509 0.090837 -1.316489
v -0.796152 0.050193 -1.530985
v -0.947837 -0.101491 -1.316489
v -0.962713 -0.116368 -1.395000
v -0.947837 -0.101491 -1.473511
v -0.796152 0.050193 -1.259015
v -0.876673 0.019673 -1.237978
v -0.932193 -0.035848 -1.259015
v -0.765632 0.130713 -1.395000
v -0.780509 0.115837 -1.316489
v -0.876673 0.019673 -1.552022
v -0.821152 0.075193 -1.530985
v -0.972836 -0.076491 -1.316489
v -0.987713 -0.091368 -1.395000
v -0.972837 -0.076491 -1.473511
v -0.821152 0.075193 -1.259015
v -0.780509 0.115837 -1.473511
v -0.932193 -0.035848 -1.530985
v -0.929417 -0.033072 -1.524186
v -0.876673 0.019673 -1.544171
v -0.876673 0.019673 -1.245829
v -0.929417 -0.033072 -1.265814
v -0.771184 0.125161 -1.395000
v -0.785317 0.111028 -1.320415
v -0.823928 0.072417 -1.524186
v -0.968028 -0.071683 -1.320415
v -0.982161 -0.085816 -1.395000
v -0.968028 -0.071683 -1.469586
v -0.823928 0.072417 -1.265815
v -0.785317 0.111028 -1.469586
v -0.939417 -0.023072 -1.524186
v -0.886673 0.029673 -1.544171
v -0.886673 0.029673 -1.245829
v -0.939417 -0.023072 -1.265814
v -0.781184 0.135161 -1.395000
v -0.795317 0.121028 -1.320415
v -0.833928 0.082417 -1.524186
v -0.978028 -0.061683 -1.320415
v -0.992161 -0.075816 -1.395000
v -0.978028 -0.061683 -1.469586
v -0.833928 0.082417 -1.265815
v -0.795317 0.121028 -1.469586
v -0.814453 0.121893 -1.462127
v -0.801733 0.134612 -1.395000
v -0.944143 -0.007797 -1.511267
v -0.896673 0.039673 -1.529254
v -0.896673 0.039673 -1.260746
v -0.944142 -0.007797 -1.278733
v -0.814452 0.121893 -1.327873
v -0.849203 0.087142 -1.511267
v -0.978893 -0.042547 -1.327873
v -0.991612 -0.055267 -1.395000
v -0.978893 -0.042548 -1.462127
v -0.849203 0.087143 -1.278733
v -1.288599 0.467747 -1.395000
v -1.291019 0.465327 -1.382228
v -1.227622 0.528723 -1.330462
v -1.215393 0.540952 -1.395000
v -1.306673 0.449673 -1.420550
v -1.297633 0.458712 -1.417125
v -1.261033 0.495312 -1.506784
v -1.306673 0.449673 -1.524077
v -1.315712 0.440633 -1.372875
v -1.322326 0.434019 -1.382228
v -1.385723 0.370622 -1.330462
v -1.352312 0.404033 -1.283216
v -1.297633 0.458712 -1.372875
v -1.261033 0.495313 -1.283216
v -1.291019 0.465327 -1.407772
v -1.227622 0.528723 -1.459539
v -1.315712 0.440633 -1.417125
v -1.352313 0.404033 -1.506784
v -1.385723 0.370622 -1.459539
v -1.306673 0.449673 -1.369450
v -1.306673 0.449673 -1.265923
v -1.398077 0.351197 -1.395000
v -1.385357 0.363917 -1.462127
v -1.350607 0.398667 -1.511267
v -1.397952 0.358393 -1.395000
v -1.303137 0.446137 -1.529254
v -1.255667 0.493607 -1.511267
v -1.220917 0.528357 -1.462127
v -1.208197 0.541077 -1.395000
v -1.220917 0.528357 -1.327873
v -1.255667 0.493607 -1.278733
v -1.303137 0.446137 -1.260746
v -1.350607 0.398667 -1.278733
v -1.385357 0.363917 -1.327873
v -1.343540 0.455232 -1.382228
v -1.336925 0.461846 -1.372875
v -1.327886 0.470886 -1.369450
v -1.318846 0.479925 -1.372875
v -1.312232 0.486540 -1.382228
v -1.309812 0.488960 -1.395000
v -1.312232 0.486540 -1.407772
v -1.318846 0.479925 -1.417125
v -1.327886 0.470886 -1.420550
v -1.336925 0.461846 -1.417125
v -0.803923 0.485000 -1.230000
v -0.760000 0.485000 -1.186077
v -0.808000 0.535000 -1.102938
v -0.887061 0.535000 -1.182000
v -0.760000 0.485000 -1.393923
v -0.803923 0.485000 -1.350000
v -0.887062 0.535000 -1.398000
v -0.808000 0.535000 -1.477062
v -0.700000 0.485000 -1.170000
v -0.640000 0.485000 -1.186077
v -0.592000 0.535000 -1.102939
v -0.700000 0.535000 -1.074000
v -0.640000 0.485000 -1.393923
v -0.700000 0.485000 -1.410000
v -0.700000 0.535000 -1.506000
v -0.592000 0.535000 -1.477062
v -0.580000 0.485000 -1.290000
v -0.596077 0.485000 -1.350000
v -0.512939 0.535000 -1.398000
v -0.484000 0.535000 -1.290000
v -0.820000 0.485000 -1.290000
v -0.916000 0.535000 -1.290000
v -0.596077 0.485000 -1.230000
v -0.512938 0.535000 -1.182000
v -0.580000 0.435000 -1.290000
v -0.596077 0.435000 -1.350000
v -0.803923 0.435000 -1.230000
v -0.760000 0.435000 -1.186077
v -0.640000 0.435000 -1.393923
v -0.700000 0.435000 -1.410000
v -0.803923 0.435000 -1.350000
v -0.820000 0.435000 -1.290000
v -0.700000 0.435000 -1.170000
v -0.640000 0.435000 -1.186077
v -0.760000 0.435000 -1.393923
v -0.596077 0.435000 -1.230000
v -0.751962 0.395000 -1.319854
v -0.760000 0.395000 -1.290000
v -0.730000 0.395000 -1.341709
v -0.700000 0.395000 -1.349708
v -0.670000 0.395000 -1.341709
v -0.648039 0.395000 -1.319854
v -0.640000 0.395000 -1.290000
v -0.648039 0.395000 -1.260146
v -0.670000 0.395000 -1.238292
v -0.700000 0.395000 -1.230292
v -0.730000 0.395000 -1.238292
v -0.751962 0.395000 -1.260146
v -0.751962 0.329840 -1.300888
v -0.760000 0.345000 -1.275000
v -0.730000 0.318742 -1.319839
v -0.700000 0.314679 -1.326775
v -0.670000 0.318742 -1.319839
v -0.648039 0.329840 -1.300888
v -0.640000 0.345000 -1.275000
v -0.648039 0.360160 -1.249113
v -0.670000 0.371259 -1.230162
v -0.700000 0.375321 -1.223225
v -0.730000 0.371259 -1.230162
v -0.751962 0.360160 -1.249113
v -0.751962 0.288346 -1.253768
v -0.760000 0.315000 -1.240000
v -0.730000 0.268834 -1.263847
v -0.700000 0.261692 -1.267537
v -0.670000 0.268834 -1.263847
v -0.648039 0.288346 -1.253768
v -0.640000 0.315000 -1.240000
v -0.648039 0.341654 -1.226232
v -0.670000 0.361166 -1.216153
v -0.700000 0.368308 -1.212464
v -0.730000 0.361166 -1.216153
v -0.751962 0.341654 -1.226232
v -0.751962 0.275225 -1.203666
v -0.760000 0.305000 -1.200000
v -0.730000 0.253428 -1.206349
v -0.700000 0.245450 -1.207331
v -0.670000 0.253428 -1.206349
v -0.648039 0.275225 -1.203666
v -0.640000 0.305000 -1.200000
v -0.648039 0.334775 -1.196335
v -0.670000 0.356572 -1.193651
v -0.700000 0.364550 -1.192669
v -0.730000 0.356572 -1.193651
v -0.751962 0.334775 -1.196335
v -0.751962 0.275000 -1.085000
v -0.760000 0.305000 -1.085000
v -0.730000 0.253039 -1.085000
v -0.700000 0.245000 -1.085000
v -0.670000 0.253038 -1.085000
v -0.648039 0.275000 -1.085000
v -0.640000 0.305000 -1.085000
v -0.648039 0.335000 -1.085000
v -0.670000 0.356961 -1.085000
v -0.700000 0.365000 -1.085000
v -0.730000 0.356962 -1.085000
v -0.751962 0.335000 -1.085000
v -0.484000 0.615000 -1.290000
v -0.512938 0.615000 -1.182000
v -0.700000 0.615000 -1.506000
v -0.592000 0.615000 -1.477062
v -0.808000 0.615000 -1.102938
v -0.887061 0.615000 -1.182000
v -0.916000 0.615000 -1.290000
v -0.887062 0.615000 -1.398000
v -0.592000 0.615000 -1.102939
v -0.512939 0.615000 -1.398000
v -0.808000 0.615000 -1.477062
v -0.700000 0.615000 -1.074000
v -0.813465 0.615000 -1.486527
v -0.700000 0.615000 -1.516930
v -0.700000 0.615000 -1.063070
v -0.813465 0.615000 -1.093473
v -0.473070 0.615000 -1.290000
v -0.503473 0.615000 -1.176535
v -0.586535 0.615000 -1.486527
v -0.896527 0.615000 -1.176535
v -0.926930 0.615000 -1.290000
v -0.896527 0.615000 -1.403465
v -0.586535 0.615000 -1.093473
v -0.503473 0.615000 -1.403465
v -0.813465 0.655000 -1.486527
v -0.700000 0.655000 -1.516930
v -0.700000 0.655000 -1.063070
v -0.813465 0.655000 -1.093473
v -0.473070 0.655000 -1.290000
v -0.503473 0.655000 -1.176535
v -0.586535 0.655000 -1.486527
v -0.896527 0.655000 -1.176535
v -0.926930 0.655000 -1.290000
v -0.896527 0.655000 -1.403465
v -0.586535 0.655000 -1.093473
v -0.503473 0.655000 -1.403465
v -0.513013 0.655000 -1.397957
v -0.484086 0.655000 -1.290000
v -0.807957 0.655000 -1.476987
v -0.700000 0.655000 -1.505914
v -0.700000 0.655000 -1.074086
v -0.807957 0.655000 -1.103013
v -0.513013 0.655000 -1.182043
v -0.592043 0.655000 -1.476987
v -0.886987 0.655000 -1.182043
v -0.915914 0.655000 -1.290000
v -0.886987 0.655000 -1.397957
v -0.592043 0.655000 -1.103014
v -0.700000 0.695000 -1.095678
v -0.797161 0.695000 -1.121712
v -0.505678 0.695000 -1.290000
v -0.531712 0.695000 -1.192839
v -0.700000 0.695000 -1.484322
v -0.602839 0.695000 -1.458288
v -0.868288 0.695000 -1.192839
v -0.894322 0.695000 -1.290000
v -0.868288 0.695000 -1.387161
v -0.602839 0.695000 -1.121712
v -0.531712 0.695000 -1.387161
v -0.797161 0.695000 -1.458288
v -0.797161 0.975000 -1.458288
v -0.700000 0.975000 -1.484322
v -0.700000 0.975000 -1.095678
v -0.797161 0.975000 -1.121712
v -0.505678 0.975000 -1.290000
v -0.531712 0.975000 -1.192839
v -0.602839 0.975000 -1.458288
v -0.868288 0.975000 -1.192839
v -0.894322 0.975000 -1.290000
v -0.868288 0.975000 -1.387161
v -0.602839 0.975000 -1.121712
v -0.531712 0.975000 -1.387161
v -0.880925 1.040056 -1.290000
v -0.856686 1.040056 -1.380463
v -0.842774 1.095208 -1.290000
v -0.823646 1.095208 -1.361387
v -0.785676 1.132060 -1.290000
v -0.774198 1.132060 -1.332838
v -0.718325 1.145000 -1.290000
v -0.715870 1.145000 -1.299163
v -0.709163 1.145000 -1.305870
v -0.742838 1.132060 -1.364198
v -0.771387 1.095208 -1.413646
v -0.790463 1.040056 -1.446686
v -0.700000 1.145000 -1.308325
v -0.700000 1.132060 -1.375677
v -0.700000 1.095208 -1.432774
v -0.700000 1.040056 -1.470925
v -0.690838 1.145000 -1.305870
v -0.657162 1.132060 -1.364198
v -0.628613 1.095208 -1.413646
v -0.609537 1.040056 -1.446686
v -0.684130 1.145000 -1.299163
v -0.625802 1.132060 -1.332838
v -0.576354 1.095208 -1.361387
v -0.543314 1.040056 -1.380463
v -0.681675 1.145000 -1.290000
v -0.614324 1.132060 -1.290000
v -0.557226 1.095208 -1.290000
v -0.519075 1.040056 -1.290000
v -0.684130 1.145000 -1.280838
v -0.625802 1.132060 -1.247162
v -0.576354 1.095208 -1.218613
v -0.543314 1.040056 -1.199538
v -0.690837 1.145000 -1.274130
v -0.657162 1.132060 -1.215802
v -0.628613 1.095208 -1.166354
v -0.609537 1.040056 -1.133314
v -0.700000 1.145000 -1.271675
v -0.700000 1.132060 -1.204324
v -0.700000 1.095208 -1.147226
v -0.700000 1.040056 -1.109075
v -0.709163 1.145000 -1.274130
v -0.742838 1.132060 -1.215802
v -0.771387 1.095208 -1.166354
v -0.790463 1.040056 -1.133314
v -0.715870 1.145000 -1.280838
v -0.774198 1.132060 -1.247162
v -0.823646 1.095208 -1.218613
v -0.856686 1.040056 -1.199537
v -0.715870 1.160000 -1.299163
v -0.715870 1.160000 -1.280838
v -0.700000 1.160000 -1.271675
v -0.684130 1.160000 -1.280838
v -0.684130 1.160000 -1.299163
v -0.700000 1.160000 -1.308325
v -0.691515 1.180000 -1.298485
v -0.700000 1.180000 -1.302000
v -0.708485 1.180000 -1.298485
v -0.712000 1.180000 -1.290000
v -0.708485 1.180000 -1.281515
v -0.700000 1.180000 -1.278000
v -0.691515 1.180000 -1.281515
v -0.688000 1.180000 -1.290000
v -0.712000 1.160000 -1.290000
v -0.708485 1.160000 -1.281515
v -0.691515 1.160000 -1.298485
v -0.700000 1.160000 -1.302000
v -0.688000 1.160000 -1.290000
v -0.708485 1.160000 -1.298485
v -0.691515 1.160000 -1.281515
v -0.700000 1.160000 -1.278000
v 0.151403 0.074644 -1.253333
v 0.151403 0.264644 -1.253333
v 0.151403 0.264644 -1.293333
v -0.051404 0.264644 -1.293333
v 0.355716 0.314086 -1.313333
v 0.210142 -0.021263 -1.313333
v 0.210110 -0.021327 -1.383333
v 0.355841 0.314335 -1.383333
v -0.051404 0.074644 -1.293333
v 0.151403 0.074644 -1.293333
v 0.210197 0.013940 -1.293333
v 0.321150 0.280780 -1.293333
v 0.322957 0.308234 -1.293333
v 0.297612 0.314935 -1.293333
v 0.206818 0.292400 -1.293333
v 0.204510 0.318400 -1.293333
v 0.193616 0.322950 -1.293333
v 0.182548 0.316450 -1.293333
v 0.184857 0.290450 -1.293333
v -0.085709 0.290450 -1.293333
v -0.083400 0.316450 -1.293333
v -0.094467 0.322950 -1.293333
v -0.105362 0.318400 -1.293333
v -0.107670 0.292400 -1.293333
v -0.198463 0.314935 -1.293333
v -0.223808 0.308234 -1.293333
v -0.222002 0.280780 -1.293333
v -0.111049 0.013940 -1.293333
v -0.233395 0.347600 -1.383333
v -0.233176 0.347561 -1.313333
v -0.105362 0.318400 -1.313333
v -0.105362 0.318400 -1.383333
v -0.256568 0.314086 -1.313333
v -0.110994 -0.021263 -1.313333
v 0.332325 0.347561 -1.313333
v 0.332543 0.347600 -1.383333
v 0.204510 0.318400 -1.383333
v 0.204510 0.318400 -1.313333
v 0.190499 -0.034550 -1.313333
v -0.091350 -0.034550 -1.313333
v -0.091350 -0.034550 -1.383333
v 0.190499 -0.034550 -1.383333
v 0.182548 0.316450 -1.313333
v -0.083400 0.316450 -1.313333
v 0.182548 0.316450 -1.383333
v -0.083400 0.316450 -1.383333
v 0.193616 0.322950 -1.383333
v -0.094467 0.322950 -1.383333
v 0.357432 0.341024 -1.313333
v -0.258284 0.341024 -1.313333
v 0.357533 0.341109 -1.383333
v -0.258384 0.341109 -1.383333
v -0.256693 0.314335 -1.383333
v -0.110962 -0.021327 -1.383333
v 0.201628 -0.030677 -1.383333
v 0.201637 -0.030658 -1.313333
v -0.102479 -0.030677 -1.383333
v -0.102489 -0.030658 -1.313333
v 0.350707 0.336166 -1.383333
v 0.349437 0.316062 -1.383333
v 0.349437 0.316062 -1.378333
v 0.350707 0.336166 -1.378333
v -0.085168 0.309950 -1.383333
v -0.094959 0.315701 -1.383333
v 0.203771 0.311665 -1.383333
v 0.194107 0.315701 -1.383333
v 0.184316 0.309950 -1.383333
v -0.104623 0.311665 -1.383333
v 0.332287 0.340951 -1.383333
v -0.233139 0.340951 -1.383333
v -0.251559 0.336166 -1.383333
v -0.250289 0.316062 -1.383333
v 0.189400 -0.028050 -1.383333
v 0.197927 -0.025082 -1.383333
v 0.204696 -0.017621 -1.383333
v -0.105548 -0.017621 -1.383333
v -0.098778 -0.025082 -1.383333
v -0.090252 -0.028050 -1.383333
v -0.098778 -0.025082 -1.378333
v -0.105548 -0.017621 -1.378333
v -0.250289 0.316062 -1.378333
v -0.251559 0.336166 -1.378333
v -0.233139 0.340951 -1.378333
v -0.104623 0.311665 -1.378333
v 0.204696 -0.017621 -1.378333
v -0.090252 -0.028050 -1.378333
v 0.189400 -0.028050 -1.378333
v 0.332287 0.340951 -1.378333
v 0.203771 0.311665 -1.378333
v 0.184316 0.309950 -1.378333
v -0.085168 0.309950 -1.378333
v 0.197927 -0.025082 -1.378333
v -0.220000 0.335250 -1.386771
v -0.220000 0.335250 -1.375971
v -0.202463 0.325125 -1.375971
v -0.202463 0.325125 -1.386771
v -0.202463 0.304875 -1.375971
v -0.202463 0.304875 -1.386771
v -0.220000 0.294750 -1.375971
v -0.220000 0.294750 -1.386771
v -0.237537 0.304875 -1.375971
v -0.237537 0.304875 -1.386771
v -0.237537 0.325125 -1.375971
v -0.237537 0.325125 -1.386771
v -0.220000 0.304200 -1.368778
v -0.220000 0.304200 -1.387978
v -0.212363 0.307363 -1.387978
v -0.212363 0.307363 -1.368778
v -0.209200 0.315000 -1.387978
v -0.209200 0.315000 -1.368778
v -0.212363 0.322637 -1.387978
v -0.212363 0.322637 -1.368778
v -0.220000 0.325800 -1.387978
v -0.220000 0.325800 -1.368778
v -0.227637 0.322637 -1.387978
v -0.227637 0.322637 -1.368778
v -0.230800 0.315000 -1.387978
v -0.230800 0.315000 -1.368778
v -0.227637 0.307363 -1.387978
v -0.227637 0.307363 -1.368778
v 0.320000 0.335250 -1.386771
v 0.320000 0.335250 -1.375971
v 0.337537 0.325125 -1.375971
v 0.337537 0.325125 -1.386771
v 0.337537 0.304875 -1.375971
v 0.337537 0.304875 -1.386771
v 0.320000 0.294750 -1.375971
v 0.320000 0.294750 -1.386771
v 0.302463 0.304875 -1.375971
v 0.302463 0.304875 -1.386771
v 0.302463 0.325125 -1.375971
v 0.302463 0.325125 -1.386771
v 0.320000 0.304200 -1.368778
v 0.320000 0.304200 -1.387978
v 0.327637 0.307363 -1.387978
v 0.327637 0.307363 -1.368778
v 0.330800 0.315000 -1.387978
v 0.330800 0.315000 -1.368778
v 0.327637 0.322637 -1.387978
v 0.327637 0.322637 -1.368778
v 0.320000 0.325800 -1.387978
v 0.320000 0.325800 -1.368778
v 0.312363 0.322637 -1.387978
v 0.312363 0.322637 -1.368778
v 0.309200 0.315000 -1.387978
v 0.309200 0.315000 -1.368778
v 0.312363 0.307363 -1.387978
v 0.312363 0.307363 -1.368778
v -0.123241 0.343241 -1.588000
v -0.176351 0.263757 -1.588000
v -0.176351 0.263757 -1.598000
v -0.123241 0.343241 -1.598000
v 0.223241 -0.003241 -1.588000
v 0.276350 0.076243 -1.588000
v 0.276350 0.076243 -1.598000
v 0.223241 -0.003241 -1.598000
v -0.195000 0.170000 -1.588000
v -0.195000 0.170000 -1.598000
v 0.295000 0.170000 -1.588000
v 0.295000 0.170000 -1.598000
v -0.176351 0.076243 -1.588000
v -0.176351 0.076243 -1.598000
v 0.276350 0.263758 -1.588000
v 0.276350 0.263758 -1.598000
v -0.123241 -0.003241 -1.588000
v -0.123241 -0.003241 -1.598000
v 0.223241 0.343241 -1.588000
v 0.223241 0.343241 -1.598000
v -0.043757 -0.056350 -1.588000
v -0.043757 -0.056350 -1.598000
v 0.143757 0.396351 -1.588000
v 0.143757 0.396351 -1.598000
v 0.050000 -0.075000 -1.588000
v 0.050000 -0.075000 -1.598000
v 0.050000 0.415000 -1.588000
v -0.043757 0.396350 -1.588000
v -0.043757 0.396350 -1.598000
v 0.050000 0.415000 -1.598000
v 0.143757 -0.056350 -1.588000
v 0.143757 -0.056350 -1.598000
v 0.192961 0.027039 -1.598000
v 0.236787 0.092630 -1.598000
v 0.236787 0.092630 -1.655500
v 0.192961 0.027039 -1.655500
v -0.136787 0.247370 -1.598000
v -0.152177 0.170000 -1.598000
v -0.152177 0.170000 -1.655500
v -0.136787 0.247370 -1.655500
v 0.252177 0.170000 -1.598000
v 0.252177 0.170000 -1.655500
v -0.136787 0.092630 -1.598000
v -0.136787 0.092630 -1.655500
v 0.236787 0.247370 -1.598000
v 0.236787 0.247370 -1.655500
v -0.092961 0.027039 -1.598000
v -0.092961 0.027039 -1.655500
v 0.192961 0.312961 -1.598000
v 0.192961 0.312961 -1.655500
v -0.027370 -0.016787 -1.598000
v -0.027370 -0.016787 -1.655500
v 0.127370 0.356787 -1.598000
v 0.127370 0.356787 -1.655500
v 0.050000 -0.032177 -1.598000
v 0.050000 -0.032177 -1.655500
v 0.050000 0.372177 -1.598000
v -0.027370 0.356787 -1.598000
v -0.027370 0.356787 -1.655500
v 0.050000 0.372177 -1.655500
v 0.127370 -0.016787 -1.598000
v 0.127370 -0.016787 -1.655500
v -0.092961 0.312961 -1.598000
v -0.092961 0.312961 -1.655500
v 0.143757 0.396351 -1.655500
v 0.050000 0.415000 -1.655500
v 0.050000 0.415000 -1.665500
v 0.143757 0.396351 -1.665500
v 0.050000 -0.075000 -1.655500
v 0.143757 -0.056350 -1.655500
v 0.143757 -0.056350 -1.665500
v 0.050000 -0.075000 -1.665500
v -0.043757 0.396350 -1.655500
v -0.123241 0.343241 -1.655500
v -0.123241 0.343241 -1.665500
v -0.043757 0.396350 -1.665500
v 0.223241 -0.003241 -1.655500
v 0.223241 -0.003241 -1.665500
v -0.176351 0.263757 -1.655500
v -0.176351 0.263757 -1.665500
v 0.276350 0.076243 -1.655500
v 0.276350 0.076243 -1.665500
v -0.195000 0.170000 -1.655500
v -0.195000 0.170000 -1.665500
v 0.295000 0.170000 -1.655500
v 0.295000 0.170000 -1.665500
v -0.176351 0.076243 -1.655500
v -0.176351 0.076243 -1.665500
v 0.276350 0.263758 -1.655500
v 0.276350 0.263758 -1.665500
v -0.123241 -0.003241 -1.655500
v -0.123241 -0.003241 -1.665500
v 0.223241 0.343241 -1.655500
v 0.223241 0.343241 -1.665500
v -0.043757 -0.056350 -1.655500
v -0.043757 -0.056350 -1.665500
v 0.127370 -0.016787 -1.715500
v 0.050000 -0.032177 -1.715500
v 0.050000 -0.032177 -1.665500
v 0.127370 -0.016787 -1.665500
v 0.050000 0.372177 -1.715500
v 0.127370 0.356787 -1.715500
v 0.127370 0.356787 -1.665500
v 0.050000 0.372177 -1.665500
v -0.027370 0.356787 -1.715500
v -0.027370 0.356787 -1.665500
v -0.027370 -0.016787 -1.715500
v -0.027370 -0.016787 -1.665500
v 0.192961 0.312961 -1.715500
v 0.192961 0.312961 -1.665500
v 0.143757 0.396351 -1.715500
v 0.050000 0.415000 -1.715500
v 0.050000 0.415000 -1.725500
v 0.143757 0.396351 -1.725500
v 0.050000 -0.075000 -1.715500
v 0.143757 -0.056350 -1.715500
v 0.143757 -0.056350 -1.725500
v 0.050000 -0.075000 -1.725500
v -0.043757 0.396350 -1.715500
v -0.123241 0.343241 -1.715500
v -0.123241 0.343241 -1.725500
v -0.043757 0.396350 -1.725500
v 0.223241 -0.003241 -1.715500
v 0.223241 -0.003241 -1.725500
v -0.176351 0.263757 -1.715500
v -0.176351 0.263757 -1.725500
v 0.276350 0.076243 -1.715500
v 0.276350 0.076243 -1.725500
v -0.195000 0.170000 -1.715500
v -0.195000 0.170000 -1.725500
v 0.295000 0.170000 -1.715500
v 0.295000 0.170000 -1.725500
v -0.176351 0.076243 -1.715500
v -0.176351 0.076243 -1.725500
v 0.276350 0.263758 -1.715500
v 0.276350 0.263758 -1.725500
v -0.123241 -0.003241 -1.715500
v -0.123241 -0.003241 -1.725500
v 0.223241 0.343241 -1.715500
v 0.223241 0.343241 -1.725500
v -0.043757 -0.056350 -1.715500
v -0.043757 -0.056350 -1.725500
v -0.092961 0.312961 -1.715500
v -0.136787 0.247370 -1.715500
v -0.152177 0.170000 -1.715500
v -0.136787 0.092630 -1.715500
v -0.092961 0.027039 -1.715500
v 0.192961 0.027039 -1.715500
v 0.236787 0.092630 -1.715500
v 0.252177 0.170000 -1.715500
v 0.236787 0.247370 -1.715500
v 0.082654 0.202654 -1.832500
v 0.229597 0.349597 -1.832500
v 0.284655 0.267197 -1.832500
v 0.303988 0.170000 -1.832500
v 0.096180 0.170000 -1.832500
v -0.092961 0.312961 -1.665500
v 0.192961 0.027039 -1.665500
v -0.136787 0.247370 -1.665500
v 0.236787 0.092630 -1.665500
v -0.152177 0.170000 -1.665500
v 0.252177 0.170000 -1.665500
v -0.136787 0.092630 -1.665500
v 0.236787 0.247370 -1.665500
v -0.092961 0.027039 -1.665500
v 0.252177 0.170000 -1.588000
v 0.236787 0.247370 -1.588000
v 0.236787 0.247370 -1.528000
v 0.252177 0.170000 -1.528000
v -0.136787 0.092630 -1.588000
v -0.092961 0.027039 -1.588000
v -0.092961 0.027039 -1.528000
v -0.136787 0.092630 -1.528000
v 0.192961 0.312961 -1.588000
v 0.192961 0.312961 -1.528000
v -0.027370 -0.016787 -1.588000
v -0.027370 -0.016787 -1.528000
v 0.127370 0.356787 -1.588000
v 0.127370 0.356787 -1.528000
v 0.050000 -0.032177 -1.588000
v 0.050000 -0.032177 -1.528000
v 0.050000 0.372177 -1.588000
v -0.027370 0.356787 -1.588000
v -0.027370 0.356787 -1.528000
v 0.050000 0.372177 -1.528000
v 0.127370 -0.016787 -1.588000
v 0.127370 -0.016787 -1.528000
v -0.092961 0.312961 -1.588000
v -0.092961 0.312961 -1.528000
v 0.192961 0.027039 -1.588000
v 0.192961 0.027039 -1.528000
v -0.136787 0.247370 -1.588000
v -0.136787 0.247370 -1.528000
v 0.236787 0.092630 -1.588000
v 0.236787 0.092630 -1.528000
v -0.152177 0.170000 -1.588000
v -0.152177 0.170000 -1.528000
v -0.043757 -0.056350 -1.528000
v 0.050000 -0.075000 -1.528000
v 0.050000 -0.075000 -1.518000
v -0.043757 -0.056350 -1.518000
v 0.050000 0.415000 -1.528000
v -0.043757 0.396350 -1.528000
v -0.043757 0.396350 -1.518000
v 0.050000 0.415000 -1.518000
v 0.143757 0.396351 -1.528000
v 0.143757 0.396351 -1.518000
v 0.143757 -0.056350 -1.528000
v 0.143757 -0.056350 -1.518000
v -0.123241 0.343241 -1.528000
v -0.123241 0.343241 -1.518000
v 0.223241 -0.003241 -1.528000
v 0.223241 -0.003241 -1.518000
v -0.176351 0.263757 -1.528000
v -0.176351 0.263757 -1.518000
v 0.276350 0.076243 -1.528000
v 0.276350 0.076243 -1.518000
v -0.195000 0.170000 -1.528000
v -0.195000 0.170000 -1.518000
v 0.295000 0.170000 -1.528000
v 0.295000 0.170000 -1.518000
v -0.176351 0.076243 -1.528000
v -0.176351 0.076243 -1.518000
v 0.276350 0.263758 -1.528000
v 0.276350 0.263758 -1.518000
v -0.123241 -0.003241 -1.528000
v -0.123241 -0.003241 -1.518000
v 0.223241 0.343241 -1.528000
v 0.223241 0.343241 -1.518000
v -0.000678 0.119322 -1.518000
v 0.022573 0.103786 -1.518000
v 0.050000 0.098331 -1.518000
v 0.050000 0.098331 -1.508000
v 0.022573 0.103786 -1.508000
v -0.000678 0.119322 -1.508000
v 0.022573 0.236214 -1.518000
v 0.050000 0.241670 -1.518000
v -0.000678 0.220678 -1.518000
v -0.016214 0.197427 -1.518000
v -0.021670 0.170000 -1.518000
v -0.016214 0.142573 -1.518000
v 0.077427 0.103786 -1.518000
v 0.100678 0.119322 -1.518000
v 0.116214 0.142573 -1.518000
v 0.121669 0.170000 -1.518000
v 0.116214 0.197427 -1.518000
v 0.100678 0.220678 -1.518000
v 0.077427 0.236214 -1.518000
v 0.050000 0.216180 -1.725500
v 0.017346 0.202654 -1.725500
v 0.003820 0.170000 -1.725500
v 0.017346 0.137346 -1.725500
v 0.050000 0.123820 -1.725500
v 0.082654 0.137346 -1.725500
v 0.096180 0.170000 -1.725500
v 0.082654 0.202654 -1.725500
v 0.082654 0.137346 -1.832500
v 0.284655 0.072803 -1.832500
v 0.229597 -0.009597 -1.832500
v 0.050000 0.123820 -1.832500
v 0.050000 -0.083989 -1.832500
v -0.047197 -0.064655 -1.832500
v -0.129597 -0.009597 -1.832500
v 0.017346 0.137346 -1.832500
v 0.050000 0.216180 -1.832500
v 0.050001 0.423989 -1.832500
v 0.147197 0.404655 -1.832500
v 0.017346 0.202654 -1.832500
v -0.129597 0.349597 -1.832500
v -0.047197 0.404655 -1.832500
v 0.147197 -0.064655 -1.832500
v 0.003820 0.170000 -1.832500
v -0.203989 0.170000 -1.832500
v -0.184655 0.267197 -1.832500
v 0.050000 0.241670 -1.508000
v 0.077427 0.236214 -1.508000
v 0.050000 -0.102344 -1.508000
v -0.054221 -0.081613 -1.508000
v -0.000678 0.220678 -1.508000
v 0.022573 0.236214 -1.508000
v 0.100678 0.119322 -1.508000
v 0.077427 0.103786 -1.508000
v -0.021670 0.170000 -1.508000
v -0.016214 0.197427 -1.508000
v 0.121669 0.170000 -1.508000
v 0.116214 0.142573 -1.508000
v -0.016214 0.142573 -1.508000
v 0.100678 0.220678 -1.508000
v 0.116214 0.197427 -1.508000
v -0.054222 0.421613 -1.508000
v 0.050000 0.442344 -1.508000
v 0.154221 0.421613 -1.508000
v 0.154221 -0.081613 -1.508000
v -0.142576 0.362576 -1.508000
v 0.242576 -0.022576 -1.508000
v -0.201613 0.274222 -1.508000
v 0.301613 0.065779 -1.508000
v -0.222344 0.170000 -1.508000
v 0.322344 0.170000 -1.508000
v -0.201613 0.065779 -1.508000
v 0.301613 0.274222 -1.508000
v -0.142576 -0.022576 -1.508000
v 0.242576 0.362577 -1.508000
v 0.301588 0.065789 -1.402000
v 0.242557 -0.022557 -1.402000
v -0.054211 0.421588 -1.402000
v 0.050000 0.442317 -1.402000
v -0.222317 0.170000 -1.402000
v -0.201588 0.274211 -1.402000
v 0.322317 0.170000 -1.402000
v -0.201588 0.065789 -1.402000
v 0.301588 0.274211 -1.402000
v -0.142557 -0.022557 -1.402000
v 0.242557 0.362557 -1.402000
v -0.054211 -0.081588 -1.402000
v 0.154211 0.421588 -1.402000
v 0.050000 -0.102317 -1.402000
v 0.154211 -0.081588 -1.402000
v -0.142557 0.362557 -1.402000
v 0.012120 0.261452 -1.402000
v 0.050000 0.268987 -1.402000
v -0.019994 0.239994 -1.402000
v -0.041452 0.207880 -1.402000
v -0.048987 0.170000 -1.402000
v -0.041452 0.132120 -1.402000
v -0.019994 0.100006 -1.402000
v 0.012120 0.078548 -1.402000
v 0.050000 0.071014 -1.402000
v 0.087880 0.078549 -1.402000
v 0.119994 0.100006 -1.402000
v 0.141451 0.132120 -1.402000
v 0.148986 0.170000 -1.402000
v 0.141451 0.207881 -1.402000
v 0.119994 0.239994 -1.402000
v 0.087880 0.261452 -1.402000
v 0.606341 -1.140000 1.190000
v 0.606340 -1.140000 -1.140000
v 0.506341 -1.140000 1.290000
v -0.506340 -1.140000 1.290000
v -0.506340 -1.420000 1.290000
v 0.506341 -1.420000 1.290000
v -0.606341 -1.690000 -1.140000
v -0.606341 -1.690000 -0.225373
v -0.606341 -1.420000 -0.025373
v -0.606340 -1.420000 1.190000
v 0.506341 -1.520000 0.025000
v -0.506341 -1.520000 0.025000
v -0.506341 -1.709644 -0.115477
v 0.506341 -1.709644 -0.115477
v -0.506341 -1.790000 -1.140000
v 0.506340 -1.790000 -1.140000
v 0.506341 -1.790000 -0.275000
v -0.506341 -1.790000 -0.275000
v 0.506341 -1.520000 1.190000
v -0.506340 -1.520000 1.190000
v 0.606341 -1.420000 -0.025373
v 0.606341 -1.690000 -0.225373
v 0.606340 -1.690000 -1.140000
v 0.606341 -1.420000 1.190000
v 0.577051 -1.490711 1.190000
v 0.564076 -1.477735 1.247735
v 0.506341 -1.490711 1.260711
v 0.577051 -1.420000 1.260711
v -0.577051 -1.420000 1.260711
v -0.564075 -1.477735 1.247735
v -0.506340 -1.490711 1.260711
v -0.577051 -1.490711 1.190000
v 0.506341 -1.770532 -0.184806
v 0.564076 -1.751886 -0.194199
v 0.577051 -1.699822 -0.149714
v 0.577051 -1.756642 -0.262514
v -0.577051 -1.699822 -0.149714
v -0.564076 -1.751886 -0.194199
v -0.506341 -1.770533 -0.184806
v -0.577051 -1.756642 -0.262514
v -0.577051 -1.690000 -1.210711
v -0.564076 -1.747735 -1.197735
v -0.577051 -1.760711 -1.140000
v -0.506341 -1.690000 -1.240000
v -0.506341 -1.760711 -1.210711
v 0.577051 -1.760711 -1.140000
v 0.564075 -1.747735 -1.197735
v 0.577051 -1.690000 -1.210711
v 0.506340 -1.760711 -1.210711
v 0.506340 -1.690000 -1.240000
v 0.577051 -1.490711 0.010246
v 0.577051 -1.140000 1.260711
v -0.577051 -1.140000 1.260711
v -0.577051 -1.490711 0.010246
v 0.577051 -1.140000 -1.210711
v -0.577051 -1.140000 -1.210711
v 0.884000 -0.350000 1.290000
v -0.640000 -1.013333 -0.623120
v -0.660000 -0.676667 -0.623120
v 0.359210 0.004644 -1.025000
v -0.254210 0.004644 -1.020000
v 0.354210 0.004644 -1.020000
v -0.792044 -0.176304 -1.140000
v -0.792044 -0.137696 -1.140000
v -0.763031 -0.104260 -1.140000
v -0.719327 -0.084956 -1.140000
v -0.680673 -0.084956 -1.140000
v -0.636969 -0.104260 -1.140000
v -0.607956 -0.137696 -1.140000
v -0.607956 -0.176304 -1.140000
v -0.636969 -0.209740 -1.140000
v -0.680673 -0.229044 -1.140000
v -0.719327 -0.229044 -1.140000
v -0.763032 -0.209740 -1.140000
v -0.607956 -0.137696 -0.990000
v -0.607956 -0.176304 -0.990000
v -0.680673 -0.084956 -0.990000
v -0.636969 -0.104260 -0.990000
v -0.680673 -0.229044 -0.990000
v -0.719327 -0.229044 -0.990000
v -0.792044 -0.176304 -0.990000
v -0.792044 -0.137696 -0.990000
v -0.719327 -0.084956 -0.990000
v -0.636969 -0.209740 -0.990000
v -0.763032 -0.209740 -0.990000
v -0.763031 -0.104260 -0.990000
v 0.275876 -0.292959 -1.460000
v 0.275876 -0.292959 -1.345000
v -0.175876 -0.292959 -1.345000
v -0.175876 -0.292959 -1.460000
v -0.021959 -0.242959 -1.460000
v -0.006959 -0.227959 -1.460000
v -0.006959 -0.207959 -1.460000
v 0.008041 -0.192959 -1.460000
v 0.091959 -0.192959 -1.460000
v 0.121959 -0.242959 -1.460000
v 0.275876 -0.242959 -1.460000
v -0.190876 -0.277959 -1.460000
v -0.190876 -0.257959 -1.460000
v -0.175876 -0.242959 -1.460000
v -0.006959 -0.227959 -1.345000
v -0.006959 -0.207959 -1.345000
v -0.175876 -0.242959 -1.345000
v -0.021959 -0.242959 -1.345000
v 0.121959 -0.242959 -1.345000
v 0.275876 -0.242959 -1.345000
v 0.008041 -0.192959 -1.345000
v 0.091959 -0.192959 -1.345000
v -0.190876 -0.257959 -1.345000
v -0.190876 -0.277959 -1.345000
v 0.910830 -0.899163 0.781719
v 0.910830 -0.899163 0.953880
v 0.788475 -0.866378 0.953880
v 0.788475 -0.866378 0.781719
v 0.768261 -0.857153 0.900000
v 0.768261 -0.857153 0.630000
v 0.618261 -0.857153 0.630000
v 0.618261 -0.857153 0.900000
v 0.768261 -1.087847 0.900000
v 0.768261 -1.087847 0.630000
v 0.618261 -1.087847 0.630000
v 0.618261 -1.087847 0.900000
v -0.660000 -0.676667 0.986720
v -0.640000 -1.013333 0.986720
v -0.640000 -1.013333 0.141554
v -0.640000 -1.013333 0.222046
v -0.660000 -0.676667 0.141554
v -0.660000 -0.676667 0.222046
v -0.750000 -0.694184 0.061341
v -0.750000 -0.676667 -0.008446
v -0.750000 -0.666753 -0.007135
v -0.750000 -0.685599 0.066515
v -0.750000 -0.809096 -0.621256
v -0.750000 -0.880904 -0.621256
v -0.750000 -0.882939 -0.631032
v -0.750000 -0.807074 -0.631043
v -0.990000 -0.676667 -0.473120
v -0.990000 -0.676667 -0.008446
v -0.750000 -0.676667 -0.473120
v -0.750000 -0.676667 0.372046
v -0.750000 -0.694184 0.302258
v -0.750000 -0.685599 0.297085
v -0.750000 -0.666753 0.370734
v -0.990000 -0.809096 0.984856
v -0.990000 -0.880904 0.984856
v -0.750000 -0.880904 0.984856
v -0.750000 -0.809096 0.984856
v -0.750000 -0.948512 -0.596868
v -0.750000 -0.954311 -0.605031
v -0.750000 -0.995816 0.302258
v -0.750000 -1.013333 0.372046
v -0.750000 -1.023249 0.370747
v -0.750000 -1.004413 0.297098
v -0.750000 -1.013333 0.836720
v -0.750000 -1.023249 0.838019
v -0.750000 -0.741488 0.248298
v -0.750000 -0.735701 0.240125
v -0.750000 -0.676667 0.836720
v -0.750000 -0.666753 0.838032
v -0.750000 -0.948512 0.248298
v -0.750000 -0.954311 0.240135
v -0.750000 -0.807074 0.994642
v -0.750000 -0.882939 0.994631
v -0.750000 -1.013333 -0.008446
v -0.750000 -0.995816 0.061341
v -0.750000 -1.004413 0.066502
v -0.750000 -1.023249 -0.007147
v -0.750000 -0.809096 0.223910
v -0.750000 -0.807074 0.214123
v -0.750000 -0.880904 0.223910
v -0.750000 -0.882939 0.214134
v -0.750000 -0.741488 -0.596868
v -0.750000 -0.735701 -0.605041
v -0.750000 -0.948512 0.115301
v -0.750000 -0.954311 0.123465
v -0.750000 -0.694184 -0.542908
v -0.750000 -0.685599 -0.548081
v -0.750000 -0.995816 0.906507
v -0.750000 -1.004413 0.911668
v -0.750000 -0.995816 -0.542908
v -0.750000 -1.004413 -0.548068
v -0.750000 -0.666753 -0.474432
v -0.750000 -1.013333 -0.473120
v -0.750000 -1.023249 -0.474419
v -0.750000 -0.741488 0.115301
v -0.750000 -0.735701 0.123475
v -0.750000 -0.741488 0.960467
v -0.750000 -0.735701 0.968641
v -0.750000 -0.880904 0.139690
v -0.750000 -0.809096 0.139690
v -0.750000 -0.807074 0.149476
v -0.750000 -0.882939 0.149465
v -0.750000 -0.948512 0.960467
v -0.750000 -0.954311 0.968631
v -0.750000 -0.694184 0.906507
v -0.750000 -0.685599 0.911681
v -0.630000 -0.685599 0.066515
v -0.630000 -0.735701 0.123475
v -0.630000 -0.685599 -0.548081
v -0.630000 -0.666753 -0.474432
v -0.630000 -1.023249 -0.474419
v -0.630000 -1.004413 -0.548068
v -0.630000 -0.807074 0.149476
v -0.630000 -0.882939 0.149465
v -0.630000 -0.735701 -0.605041
v -0.630000 -0.735701 0.968641
v -0.630000 -0.807074 0.994642
v -0.630000 -0.954311 -0.605031
v -0.630000 -0.954311 0.123465
v -0.630000 -1.004413 0.066502
v -0.630000 -1.023249 -0.007147
v -0.630000 -0.882939 -0.631032
v -0.630000 -0.666753 -0.007135
v -0.630000 -1.004413 0.297098
v -0.630000 -0.954311 0.240135
v -0.630000 -0.666753 0.370734
v -0.630000 -0.666753 0.838032
v -0.630000 -0.685599 0.297085
v -0.630000 -0.882939 0.214134
v -0.630000 -0.807074 0.214123
v -0.630000 -0.807074 -0.631043
v -0.630000 -1.004413 0.911668
v -0.630000 -1.023249 0.838019
v -0.630000 -0.954311 0.968631
v -0.630000 -0.882939 0.994631
v -0.630000 -0.735701 0.240125
v -0.630000 -0.685599 0.911681
v -0.990000 -0.948512 0.248298
v -0.990000 -0.880904 0.223910
v -0.990000 -0.809096 0.223910
v -0.990000 -0.741488 0.248298
v -0.990000 -0.694184 0.906507
v -0.990000 -0.741488 0.960467
v -0.990000 -0.676667 0.372046
v -0.990000 -0.676667 0.836720
v -0.990000 -0.995816 0.906507
v -0.990000 -1.013333 0.836720
v -1.000000 -0.810844 0.974856
v -1.000000 -0.747308 0.951936
v -1.000000 -0.703295 0.901731
v -1.000000 -0.686667 0.835484
v -1.000000 -0.686667 0.373282
v -1.000000 -0.703295 0.307035
v -1.000000 -0.747308 0.256830
v -1.000000 -0.810844 0.233910
v -1.000000 -0.879156 0.233910
v -1.000000 -0.942692 0.256830
v -1.000000 -0.986705 0.307035
v -1.000000 -1.003333 0.373282
v -1.000000 -1.003333 0.835484
v -1.000000 -0.986705 0.901731
v -1.000000 -0.942692 0.951936
v -1.000000 -0.879156 0.974856
v -0.990000 -0.694184 -0.542908
v -0.990000 -1.013333 0.372046
v -0.990000 -0.948512 0.960467
v -0.990000 -0.995816 0.302258
v -0.990000 -0.694184 0.302258
v -0.990000 -0.741488 0.115301
v -0.990000 -0.809096 0.139690
v -0.990000 -0.995816 -0.542908
v -0.990000 -0.948512 -0.596868
v -0.990000 -1.013333 -0.008446
v -0.990000 -1.013333 -0.473120
v -0.990000 -0.995816 0.061341
v -0.990000 -0.880904 0.139690
v -0.990000 -0.948512 0.115301
v -0.990000 -0.880904 -0.621256
v -0.990000 -0.809096 -0.621256
v -1.000000 -0.810844 0.129690
v -1.000000 -0.747308 0.106770
v -1.000000 -0.703295 0.056565
v -1.000000 -0.686667 -0.009682
v -1.000000 -0.686667 -0.471885
v -1.000000 -0.703295 -0.538131
v -1.000000 -0.747308 -0.588336
v -1.000000 -0.810844 -0.611256
v -1.000000 -0.879156 -0.611256
v -1.000000 -0.942692 -0.588336
v -1.000000 -0.986705 -0.538131
v -1.000000 -1.003333 -0.471885
v -1.000000 -1.003333 -0.009682
v -1.000000 -0.986705 0.056565
v -1.000000 -0.942692 0.106770
v -1.000000 -0.879156 0.129690
v -0.990000 -0.741488 -0.596868
v -0.990000 -0.694184 0.061341
v 0.000000 -1.815000 -0.887500
v 0.000000 -1.785000 -0.887500
v 0.032476 -1.785000 -0.868750
v 0.032476 -1.815000 -0.868750
v 0.032476 -1.785000 -0.831250
v 0.032476 -1.815000 -0.831250
v 0.000000 -1.785000 -0.812500
v 0.000000 -1.815000 -0.812500
v -0.032476 -1.785000 -0.831250
v -0.032476 -1.815000 -0.831250
v -0.032476 -1.785000 -0.868750
v -0.032476 -1.815000 -0.868750
v 0.750000 0.388000 -1.396877
v 0.696561 0.388000 -1.382558
v 0.696561 0.742000 -1.382558
v 0.750000 0.742000 -1.396877
v 0.696561 0.388000 -1.197442
v 0.750000 0.388000 -1.183123
v 0.750000 0.742000 -1.183123
v 0.696561 0.742000 -1.197442
v 0.842558 0.388000 -1.236562
v 0.856877 0.388000 -1.290000
v 0.856877 0.742000 -1.290000
v 0.842558 0.742000 -1.236562
v 0.803439 0.388000 -1.382559
v 0.803439 0.742000 -1.382559
v 0.657442 0.388000 -1.236561
v 0.657442 0.742000 -1.236561
v 0.657441 0.388000 -1.343439
v 0.643123 0.388000 -1.290000
v 0.643123 0.742000 -1.290000
v 0.657441 0.742000 -1.343439
v 0.803439 0.388000 -1.197442
v 0.803439 0.742000 -1.197442
v 0.842558 0.388000 -1.343439
v 0.842558 0.742000 -1.343439
v 0.787909 0.358000 -1.224339
v 0.750000 0.358000 -1.214181
v 0.750000 0.348000 -1.290000
v 0.684339 0.358000 -1.327910
v 0.674181 0.358000 -1.290000
v 0.652219 0.366787 -1.290000
v 0.665320 0.366787 -1.338890
v 0.701110 0.366787 -1.374680
v 0.712090 0.358000 -1.355661
v 0.750000 0.366787 -1.387780
v 0.750000 0.358000 -1.365819
v 0.798890 0.366787 -1.374681
v 0.787910 0.358000 -1.355661
v 0.834680 0.366787 -1.338890
v 0.815661 0.358000 -1.327910
v 0.847780 0.366787 -1.290000
v 0.825819 0.358000 -1.290000
v 0.834680 0.366787 -1.241110
v 0.815661 0.358000 -1.252091
v 0.798890 0.366787 -1.205320
v 0.750000 0.366787 -1.192220
v 0.701110 0.366787 -1.205320
v 0.712091 0.358000 -1.224339
v 0.665320 0.366787 -1.241110
v 0.684339 0.358000 -1.252091
v 0.814126 0.742000 -1.401070
v 0.861070 0.742000 -1.354126
v 0.878253 0.742000 -1.290000
v 0.861070 0.742000 -1.225874
v 0.814126 0.742000 -1.178930
v 0.750000 0.742000 -1.161747
v 0.685874 0.742000 -1.178930
v 0.638930 0.742000 -1.225874
v 0.621747 0.742000 -1.290000
v 0.638930 0.742000 -1.354126
v 0.685874 0.742000 -1.401070
v 0.750000 0.742000 -1.418253
v 0.878253 0.772000 -1.290000
v 0.861070 0.772000 -1.225874
v 0.638930 0.772000 -1.354126
v 0.685874 0.772000 -1.401070
v 0.861070 0.772000 -1.354126
v 0.750000 0.772000 -1.418253
v 0.814126 0.772000 -1.401070
v 0.814126 0.772000 -1.178930
v 0.750000 0.772000 -1.161747
v 0.685874 0.772000 -1.178930
v 0.621747 0.772000 -1.290000
v 0.638930 0.772000 -1.225874
v 0.683759 0.792000 -1.251756
v 0.711756 0.792000 -1.223759
v 0.750000 0.797000 -1.290000
v 0.847940 0.782355 -1.346546
v 0.863092 0.782355 -1.290000
v 0.816241 0.792000 -1.328244
v 0.826489 0.792000 -1.290000
v 0.750000 0.782355 -1.176908
v 0.693454 0.782355 -1.192060
v 0.750000 0.792000 -1.213511
v 0.652060 0.782355 -1.233454
v 0.847940 0.782355 -1.233454
v 0.816241 0.792000 -1.251756
v 0.750000 0.782355 -1.403091
v 0.806546 0.782355 -1.387940
v 0.750000 0.792000 -1.366489
v 0.788244 0.792000 -1.356241
v 0.806546 0.782355 -1.192060
v 0.788244 0.792000 -1.223759
v 0.693454 0.782355 -1.387940
v 0.711755 0.792000 -1.356241
v 0.636908 0.782355 -1.290000
v 0.652060 0.782355 -1.346546
v 0.673511 0.792000 -1.290000
v 0.683759 0.792000 -1.328244
v -0.092499 0.977501 -1.467500
v -0.128103 0.948462 -1.467500
v -0.199999 1.022030 -1.467500
v -0.204642 0.976319 -1.467500
v -0.307501 0.977501 -1.467500
v -0.278462 0.941897 -1.467500
v -0.352030 0.870000 -1.467500
v -0.306319 0.865358 -1.467500
v -0.307501 0.762499 -1.467500
v -0.271897 0.791538 -1.467500
v -0.200000 0.717971 -1.467500
v -0.195358 0.763681 -1.467500
v -0.092499 0.762499 -1.467500
v -0.121539 0.798103 -1.467500
v -0.047971 0.870000 -1.467500
v -0.093681 0.874642 -1.467500
v 0.704130 0.820000 -1.249163
v 0.704130 0.820000 -1.230838
v 0.720000 0.820000 -1.221675
v 0.735870 0.820000 -1.230838
v 0.735870 0.820000 -1.249163
v 0.720000 0.820000 -1.258325
v 0.735870 0.790000 -1.230838
v 0.735870 0.790000 -1.249163
v 0.720000 0.790000 -1.258325
v 0.704130 0.790000 -1.249163
v 0.704130 0.790000 -1.230838
v 0.720000 0.790000 -1.221675
v 0.764130 0.820000 -1.249163
v 0.764130 0.820000 -1.230838
v 0.780000 0.820000 -1.221675
v 0.795870 0.820000 -1.230838
v 0.795870 0.820000 -1.249163
v 0.780000 0.820000 -1.258325
v 0.795870 0.790000 -1.230838
v 0.795870 0.790000 -1.249163
v 0.780000 0.790000 -1.258325
v 0.764130 0.790000 -1.249163
v 0.764130 0.790000 -1.230838
v 0.780000 0.790000 -1.221675
v 0.734130 0.820000 -1.339163
v 0.734130 0.820000 -1.320837
v 0.750000 0.820000 -1.311675
v 0.765870 0.820000 -1.320837
v 0.765870 0.820000 -1.339163
v 0.750000 0.820000 -1.348325
v 0.765870 0.790000 -1.320837
v 0.765870 0.790000 -1.339163
v 0.750000 0.775000 -1.348325
v 0.734130 0.790000 -1.339163
v 0.750000 0.795000 -1.348325
v 0.734130 0.790000 -1.320837
v 0.750000 0.775000 -1.311675
v 0.750000 0.795000 -1.311675
v 0.850000 0.810870 -1.339163
v 0.850000 0.810870 -1.320837
v 0.850000 0.795000 -1.311675
v 0.850000 0.795000 -1.348325
v 0.850000 0.775000 -1.348325
v 0.750000 0.810870 -1.339163
v 0.750000 0.810870 -1.320837
v 0.850000 0.775000 -1.311675
v 0.584671 0.604644 -1.350833
v 0.584671 0.604644 -1.232000
v 0.514671 0.604644 -1.192000
v 0.514671 0.604644 -1.390833
v 0.584671 0.764644 -1.350833
v 0.584671 0.764644 -1.232000
v 0.604671 0.584644 -1.350833
v 0.604671 0.744644 -1.350833
v 0.604671 0.764644 -1.350833
v 0.604671 0.764644 -1.232000
v 0.604671 0.744644 -1.232000
v 0.604671 0.584644 -1.232000
v 0.644671 0.744644 -1.232000
v 0.644671 0.744644 -1.350833
v 0.644671 0.764644 -1.232000
v 0.644671 0.764644 -1.350833
v 0.514671 0.584644 -1.192000
v 0.514671 0.584644 -1.390833
v 0.584671 0.584644 -1.350833
v 0.584671 0.584644 -1.232000
v 0.303988 0.170000 -1.932500
v 0.284655 0.072803 -1.932500
v -0.184655 0.072803 -1.832500
v 0.157501 0.277501 -1.932500
v 0.108179 0.310457 -1.932500
v 0.108179 0.310457 -1.902500
v 0.157501 0.277501 -1.902500
v -0.184655 0.072803 -1.932500
v -0.203989 0.170000 -1.932500
v 0.284655 0.267197 -1.932500
v -0.129597 -0.009597 -1.932500
v 0.229597 0.349597 -1.932500
v -0.047197 -0.064655 -1.932500
v 0.147197 0.404655 -1.932500
v 0.050000 -0.083989 -1.932500
v -0.047197 0.404655 -1.932500
v 0.050001 0.423989 -1.932500
v 0.147197 -0.064655 -1.932500
v -0.129597 0.349597 -1.932500
v 0.229597 -0.009597 -1.932500
v -0.184655 0.267197 -1.932500
v -0.008179 0.310457 -1.932500
v 0.050001 0.322029 -1.932500
v -0.057501 0.277501 -1.932500
v -0.090457 0.228179 -1.932500
v -0.102029 0.170000 -1.932500
v -0.090457 0.111821 -1.932500
v -0.057501 0.062499 -1.932500
v -0.008179 0.029543 -1.932500
v 0.050000 0.017971 -1.932500
v 0.108179 0.029543 -1.932500
v 0.157501 0.062499 -1.932500
v 0.190457 0.111821 -1.932500
v 0.202029 0.170000 -1.932500
v 0.190457 0.228179 -1.932500
v 0.128662 0.248663 -1.902500
v 0.092572 0.272778 -1.902500
v 0.092572 0.272778 -1.952500
v 0.128662 0.248663 -1.952500
v 0.050000 0.017971 -1.902500
v -0.008179 0.029543 -1.902500
v -0.008179 0.310457 -1.902500
v 0.050001 0.322029 -1.902500
v 0.108179 0.029543 -1.902500
v -0.057501 0.277501 -1.902500
v 0.157501 0.062499 -1.902500
v -0.090457 0.228179 -1.902500
v 0.190457 0.111821 -1.902500
v -0.102029 0.170000 -1.902500
v 0.202029 0.170000 -1.902500
v -0.090457 0.111821 -1.902500
v 0.190457 0.228179 -1.902500
v -0.057501 0.062499 -1.902500
v 0.007428 0.272777 -1.902500
v 0.050001 0.281246 -1.902500
v -0.028663 0.248662 -1.902500
v -0.052778 0.212572 -1.902500
v -0.061246 0.170000 -1.902500
v -0.052778 0.127428 -1.902500
v -0.028663 0.091338 -1.902500
v 0.007428 0.067222 -1.902500
v 0.050000 0.058754 -1.902500
v 0.092572 0.067222 -1.902500
v 0.128663 0.091337 -1.902500
v 0.152778 0.127428 -1.902500
v 0.161246 0.170000 -1.902500
v 0.152778 0.212572 -1.902500
v 0.050001 0.281246 -1.952500
v 0.007428 0.272777 -1.952500
v -0.028663 0.248662 -1.952500
v -0.052778 0.212572 -1.952500
v -0.061246 0.170000 -1.952500
v -0.052778 0.127428 -1.952500
v -0.028663 0.091338 -1.952500
v 0.007428 0.067222 -1.952500
v 0.050000 0.058754 -1.952500
v 0.092572 0.067222 -1.952500
v 0.128663 0.091337 -1.952500
v 0.152778 0.127428 -1.952500
v 0.161246 0.170000 -1.952500
v 0.152778 0.212572 -1.952500
v 0.050000 0.245000 -1.975000
v 0.050000 0.245000 -1.935000
v 0.114952 0.207500 -1.935000
v 0.114952 0.207500 -1.975000
v 0.114952 0.132500 -1.935000
v 0.114952 0.132500 -1.975000
v 0.050000 0.095000 -1.935000
v 0.050000 0.095000 -1.975000
v -0.014952 0.132500 -1.935000
v -0.014952 0.132500 -1.975000
v -0.014952 0.207500 -1.935000
v -0.014952 0.207500 -1.975000
v -0.199999 1.022030 -1.201000
v -0.258179 1.010457 -1.201000
v -0.258179 1.010457 -1.077500
v -0.199999 1.022030 -1.077500
v -0.258179 0.729543 -1.201000
v -0.200000 0.717971 -1.201000
v -0.200000 0.717971 -1.077500
v -0.258179 0.729543 -1.077500
v -0.059543 0.928179 -1.201000
v -0.092499 0.977501 -1.201000
v -0.092499 0.977501 -1.077500
v -0.059543 0.928179 -1.077500
v -0.307501 0.762499 -1.201000
v -0.307501 0.762499 -1.077500
v -0.047971 0.870000 -1.201000
v -0.047971 0.870000 -1.077500
v -0.340457 0.811821 -1.201000
v -0.340457 0.811821 -1.077500
v -0.059543 0.811821 -1.201000
v -0.059543 0.811821 -1.077500
v -0.352030 0.870000 -1.201000
v -0.352030 0.870000 -1.077500
v -0.092499 0.762499 -1.201000
v -0.092499 0.762499 -1.077500
v -0.340457 0.928179 -1.201000
v -0.340457 0.928179 -1.077500
v -0.141821 0.729543 -1.201000
v -0.141821 0.729543 -1.077500
v -0.307501 0.977501 -1.201000
v -0.307501 0.977501 -1.077500
v -0.141821 1.010457 -1.201000
v -0.141821 1.010457 -1.077500
v -0.352030 0.870000 -1.067500
v -0.340457 0.928179 -1.067500
v -0.199999 1.022030 -1.518000
v -0.204642 0.976319 -1.518000
v -0.128103 0.948462 -1.518000
v -0.092499 0.977501 -1.518000
v -0.093681 0.874642 -1.518000
v -0.047971 0.870000 -1.518000
v -0.121539 0.798103 -1.518000
v -0.092499 0.762499 -1.518000
v -0.195358 0.763681 -1.518000
v -0.200000 0.717971 -1.518000
v -0.271897 0.791538 -1.518000
v -0.307501 0.762499 -1.518000
v -0.306319 0.865358 -1.518000
v -0.352030 0.870000 -1.518000
v -0.278462 0.941897 -1.518000
v -0.307501 0.977501 -1.518000
v -0.186224 0.883777 -1.457500
v -0.186224 0.883777 -1.528000
v -0.199999 0.889483 -1.528000
v -0.199999 0.889483 -1.457500
v -0.180518 0.870000 -1.457500
v -0.180518 0.870000 -1.528000
v -0.186224 0.856224 -1.457500
v -0.186224 0.856224 -1.528000
v -0.200000 0.850518 -1.457500
v -0.200000 0.850518 -1.528000
v -0.213776 0.856224 -1.457500
v -0.213776 0.856224 -1.528000
v -0.219483 0.870000 -1.457500
v -0.219483 0.870000 -1.528000
v -0.213776 0.883776 -1.457500
v -0.213776 0.883776 -1.528000
v -0.199999 1.022030 -1.457500
v -0.307501 0.977501 -1.457500
v -0.258179 1.010457 -1.457500
v -0.092499 0.977501 -1.457500
v -0.141821 1.010457 -1.457500
v -0.047971 0.870000 -1.457500
v -0.059543 0.928179 -1.457500
v -0.092499 0.762499 -1.457500
v -0.059543 0.811821 -1.457500
v -0.200000 0.717971 -1.457500
v -0.141821 0.729543 -1.457500
v -0.307501 0.762499 -1.457500
v -0.258179 0.729543 -1.457500
v -0.352030 0.870000 -1.457500
v -0.340457 0.811821 -1.457500
v -0.340457 0.928179 -1.457500
v -0.199999 0.940462 -1.528000
v -0.173035 0.935099 -1.528000
v -0.150176 0.919825 -1.528000
v -0.134902 0.896965 -1.528000
v -0.129538 0.870000 -1.528000
v -0.134902 0.843035 -1.528000
v -0.150176 0.820176 -1.528000
v -0.173036 0.804901 -1.528000
v -0.200000 0.799538 -1.528000
v -0.226964 0.804901 -1.528000
v -0.249824 0.820176 -1.528000
v -0.265099 0.843036 -1.528000
v -0.270462 0.870000 -1.528000
v -0.265099 0.896965 -1.528000
v -0.249824 0.919824 -1.528000
v -0.226965 0.935098 -1.528000
v -0.199999 0.940462 -1.588000
v -0.226965 0.935098 -1.588000
v -0.249824 0.919824 -1.588000
v -0.265099 0.896965 -1.588000
v -0.270462 0.870000 -1.588000
v -0.265099 0.843036 -1.588000
v -0.249824 0.820176 -1.588000
v -0.226964 0.804901 -1.588000
v -0.200000 0.799538 -1.588000
v -0.173036 0.804901 -1.588000
v -0.150176 0.820176 -1.588000
v -0.134902 0.843035 -1.588000
v -0.129538 0.870000 -1.588000
v -0.134902 0.896965 -1.588000
v -0.150176 0.919825 -1.588000
v -0.173035 0.935099 -1.588000
v -0.092499 0.977501 -1.227932
v -0.141821 1.010457 -1.227932
v -0.258179 1.010457 -1.227932
v -0.307501 0.977501 -1.227932
v -0.199999 1.022030 -1.227932
v -0.200000 0.717971 -1.227932
v -0.141821 0.729543 -1.227932
v -0.340457 0.928179 -1.227932
v -0.092499 0.762499 -1.227932
v -0.352030 0.870000 -1.227932
v -0.059543 0.811821 -1.227932
v -0.340457 0.811821 -1.227932
v -0.047971 0.870000 -1.227932
v -0.307501 0.762499 -1.227932
v -0.059543 0.928179 -1.227932
v -0.258179 0.729543 -1.227932
v -0.307501 0.562499 -1.077500
v -0.307501 0.562499 -1.201000
v -0.092499 0.562499 -1.201000
v -0.092499 0.562499 -1.077500
v -0.199999 1.022030 -1.067500
v -0.258179 1.010457 -1.067500
v -0.307501 0.977501 -1.067500
v -0.340457 0.811821 -1.067500
v -0.307501 0.762499 -1.067500
v -0.258179 0.729543 -1.067500
v -0.200000 0.717971 -1.067500
v -0.141821 0.729543 -1.067500
v -0.092499 0.762499 -1.067500
v -0.059543 0.811821 -1.067500
v -0.047971 0.870000 -1.067500
v -0.059543 0.928179 -1.067500
v -0.092499 0.977501 -1.067500
v -0.141821 1.010457 -1.067500
v -0.258179 1.010457 -1.380550
v -0.199999 1.022030 -1.380550
v -0.200000 0.717971 -1.380550
v -0.258179 0.729543 -1.380550
v -0.092499 0.977501 -1.380550
v -0.059543 0.928179 -1.380550
v -0.307501 0.762499 -1.380550
v -0.047971 0.870000 -1.380550
v -0.340457 0.811821 -1.380550
v -0.059543 0.811821 -1.380550
v -0.352030 0.870000 -1.380550
v -0.092499 0.762499 -1.380550
v -0.340457 0.928179 -1.380550
v -0.141821 0.729543 -1.380550
v -0.307501 0.977501 -1.380550
v -0.141821 1.010457 -1.380550
v -0.136003 1.024503 -1.227932
v -0.081749 0.988252 -1.227932
v -0.354503 0.806003 -1.380550
v -0.367232 0.870000 -1.380550
v -0.045498 0.933997 -1.227932
v -0.045498 0.806003 -1.380550
v -0.081749 0.751749 -1.380550
v -0.263997 0.715497 -1.227932
v -0.318251 0.751749 -1.227932
v -0.354503 0.933997 -1.380550
v -0.032768 0.870000 -1.227932
v -0.136003 0.715497 -1.380550
v -0.354503 0.806003 -1.227932
v -0.318251 0.988251 -1.380550
v -0.045498 0.806003 -1.227932
v -0.200000 0.702768 -1.380550
v -0.367232 0.870000 -1.227932
v -0.199999 1.037232 -1.380550
v -0.136003 1.024503 -1.380550
v -0.081749 0.751749 -1.227932
v -0.263997 1.024502 -1.380550
v -0.354503 0.933997 -1.227932
v -0.263997 0.715497 -1.380550
v -0.081749 0.988252 -1.380550
v -0.136003 0.715497 -1.227932
v -0.045498 0.933997 -1.380550
v -0.318251 0.988251 -1.227932
v -0.318251 0.751749 -1.380550
v -0.200000 0.702768 -1.227932
v -0.032768 0.870000 -1.380550
v -0.199999 1.037232 -1.227932
v -0.263997 1.024502 -1.227932
v 0.166637 0.451586 -1.882500
v 0.643934 0.928883 -1.882500
v 0.764818 0.984776 -1.902200
v 0.864776 0.884818 -1.962800
v 0.808883 0.763934 -1.982500
v 0.331586 0.286637 -1.982500
v 0.276603 0.341620 -1.949167
v 0.221620 0.396603 -1.915833
v -0.231586 0.286636 -1.882500
v -0.708883 0.763934 -1.882500
v -0.764775 0.884818 -1.902200
v -0.664817 0.984776 -1.962800
v -0.543933 0.928883 -1.982500
v -0.066637 0.451586 -1.982500
v -0.121620 0.396602 -1.949167
v -0.176603 0.341619 -1.915833
v 0.331586 0.053363 -1.882500
v 0.808883 -0.423934 -1.882500
v 0.864776 -0.544817 -1.902200
v 0.764817 -0.644776 -1.962800
v 0.643934 -0.588883 -1.982500
v 0.166636 -0.111586 -1.982500
v 0.221619 -0.056603 -1.949167
v 0.276602 -0.001620 -1.915833
v 0.331586 0.286637 -1.882500
v 1.006586 0.286637 -1.882500
v 1.131586 0.240681 -1.902200
v 1.131586 0.099319 -1.962800
v 1.006586 0.053363 -1.982500
v 0.331586 0.053363 -1.982500
v 0.331586 0.131121 -1.949167
v 0.331586 0.208879 -1.915833
v 0.166636 -0.111586 -1.882500
v 0.166636 -0.786586 -1.882500
v 0.120681 -0.911586 -1.902200
v -0.020681 -0.911586 -1.962800
v -0.066636 -0.786586 -1.982500
v -0.066636 -0.111586 -1.982500
v 0.011121 -0.111586 -1.949167
v 0.088879 -0.111586 -1.915833
v -0.066636 -0.111586 -1.882500
v -0.543933 -0.588883 -1.882500
v -0.664817 -0.644776 -1.902200
v -0.764776 -0.544817 -1.962800
v -0.708883 -0.423934 -1.982500
v -0.231586 0.053364 -1.982500
v -0.176603 -0.001620 -1.949167
v -0.121619 -0.056603 -1.915833
v -0.066637 0.451586 -1.882500
v -0.066638 1.126586 -1.882500
v -0.020683 1.251586 -1.902200
v 0.120679 1.251586 -1.962800
v 0.166635 1.126586 -1.982500
v 0.166637 0.451586 -1.982500
v 0.088879 0.451586 -1.949167
v 0.011121 0.451586 -1.915833
v 0.001402 0.414322 -1.932500
v 0.098599 0.414322 -1.932500
v 0.050001 0.423989 -1.932500
v -0.157126 0.308397 -1.932500
v -0.088397 0.377126 -1.932500
v -0.129597 0.349597 -1.932500
v -0.194322 0.121402 -1.932500
v -0.231586 0.131121 -1.915833
v -0.231586 0.208879 -1.949167
v -0.194322 0.218599 -1.932500
v -0.203989 0.170000 -1.932500
v -0.088397 -0.037126 -1.932500
v -0.157126 0.031603 -1.932500
v -0.129597 -0.009597 -1.932500
v 0.257126 0.031603 -1.932500
v 0.188397 -0.037126 -1.932500
v 0.229597 -0.009597 -1.932500
v 0.294322 0.218599 -1.932500
v 0.294322 0.121401 -1.932500
v 0.303988 0.170000 -1.932500
v 0.188397 0.377126 -1.932500
v 0.257126 0.308397 -1.932500
v 0.229597 0.349597 -1.932500
v -0.231586 0.053364 -1.882500
v -0.906586 0.053363 -1.882500
v -1.031586 0.099319 -1.902200
v -1.031586 0.240681 -1.962800
v -0.906586 0.286636 -1.982500
v -0.231586 0.286636 -1.982500
v -0.041452 0.207880 -1.352000
v -0.019994 0.239994 -1.352000
v 0.141451 0.132120 -1.352000
v 0.119994 0.100006 -1.352000
v -0.048987 0.170000 -1.352000
v 0.148986 0.170000 -1.352000
v -0.041452 0.132120 -1.352000
v 0.141451 0.207881 -1.352000
v -0.019994 0.100006 -1.352000
v 0.119994 0.239994 -1.352000
v 0.012120 0.078548 -1.352000
v 0.087880 0.261452 -1.352000
v 0.050000 0.071014 -1.352000
v 0.012120 0.261452 -1.352000
v 0.050000 0.268987 -1.352000
v 0.087880 0.078549 -1.352000
v 0.546839 -0.639472 -1.720000
v 0.546839 -0.639472 -1.662500
v 0.236787 0.247370 -1.665500
v 0.236787 0.247370 -1.715500
v 0.546839 -0.639472 -1.652500
v 0.546839 -0.639472 -1.595000
v 0.236787 0.247370 -1.598000
v 0.236787 0.247370 -1.655500
v -0.008825 -0.750000 -1.720000
v -0.008825 -0.750000 -1.662500
v -0.152177 0.170000 -1.665500
v -0.152177 0.170000 -1.715500
v -0.008825 -0.750000 -1.652500
v -0.008825 -0.750000 -1.595000
v -0.152177 0.170000 -1.598000
v -0.152177 0.170000 -1.655500
v 0.236787 0.247370 -1.528000
v 0.236787 0.247370 -1.588000
v -0.134902 0.896965 -1.588000
v -0.134902 0.896965 -1.528000
v -0.152177 0.170000 -1.528000
v -0.152177 0.170000 -1.588000
v -0.265099 0.843036 -1.588000
v -0.265099 0.843036 -1.528000
v -0.630000 -1.023249 0.370747
v -0.847368 -0.921652 0.907904
v -0.847368 -1.045844 1.091456
v -0.840000 -1.072164 1.083487
v -0.840000 -0.944814 0.892462
v -0.867500 -0.904680 0.919222
v -0.867500 -1.026577 1.097290
v -0.895000 -0.898465 0.923367
v -0.895000 -1.019524 1.099426
v -0.922500 -0.904680 0.919222
v -0.922500 -1.026577 1.097290
v -0.942631 -0.921652 0.907904
v -0.942631 -1.045844 1.091456
v -0.950000 -0.944813 0.892462
v -0.950000 -1.072164 1.083487
v -0.942631 -0.967953 0.877037
v -0.942631 -1.098484 1.075518
v -0.922500 -0.984879 0.865755
v -0.922500 -1.117752 1.069685
v -0.895000 -0.991072 0.861627
v -0.895000 -1.124804 1.067549
v -0.867500 -0.984879 0.865755
v -0.867500 -1.117752 1.069685
v -0.847368 -0.967953 0.877037
v -0.847368 -1.098484 1.075518
v -0.847368 -1.045193 1.128122
v -0.840000 -1.072164 1.133487
v -0.867500 -1.025448 1.124195
v -0.895000 -1.018221 1.122757
v -0.922500 -1.025448 1.124195
v -0.942631 -1.045192 1.128122
v -0.950000 -1.072164 1.133487
v -0.942631 -1.099136 1.138852
v -0.922500 -1.118880 1.142780
v -0.895000 -1.126107 1.144217
v -0.867500 -1.118880 1.142780
v -0.847368 -1.099136 1.138852
v -0.847368 -1.023429 1.184753
v -0.840000 -1.042875 1.204198
v -0.867500 -1.009194 1.170518
v -0.895000 -1.003984 1.165307
v -0.922500 -1.009194 1.170518
v -0.942631 -1.023429 1.184753
v -0.950000 -1.042875 1.204198
v -0.942631 -1.062320 1.223643
v -0.922500 -1.076555 1.237878
v -0.895000 -1.081766 1.243089
v -0.867500 -1.076555 1.237878
v -0.847368 -1.062320 1.223643
v -0.847368 -0.966799 1.206516
v -0.840000 -0.972164 1.233487
v -0.867500 -0.962872 1.186771
v -0.895000 -0.961434 1.179544
v -0.922500 -0.962872 1.186771
v -0.942631 -0.966799 1.206516
v -0.950000 -0.972164 1.233487
v -0.942631 -0.977529 1.260459
v -0.922500 -0.981457 1.280204
v -0.895000 -0.982894 1.287431
v -0.867500 -0.981457 1.280204
v -0.847368 -0.977529 1.260459
v -0.848816 -0.581351 1.205069
v -0.841067 -0.582892 1.232421
v -0.868940 -0.577348 1.185332
v -0.896046 -0.571956 1.178498
v -0.922873 -0.566620 1.186399
v -0.942230 -0.562769 1.206917
v -0.948933 -0.561436 1.234554
v -0.941184 -0.562978 1.261906
v -0.921060 -0.566980 1.281643
v -0.893953 -0.572372 1.288477
v -0.867127 -0.577708 1.280576
v -0.847769 -0.581559 1.260058
v -0.832414 -0.534750 1.205069
v -0.826827 -0.540337 1.232421
v -0.846922 -0.520242 1.185332
v -0.866465 -0.500699 1.178498
v -0.885806 -0.481358 1.186399
v -0.899762 -0.467402 1.206917
v -0.904594 -0.462570 1.234554
v -0.899007 -0.468157 1.261906
v -0.884499 -0.482665 1.281643
v -0.864956 -0.502208 1.288477
v -0.845615 -0.521549 1.280576
v -0.831659 -0.535505 1.260058
v -0.785813 -0.518348 1.205069
v -0.784272 -0.526097 1.232421
v -0.789816 -0.498224 1.185332
v -0.795208 -0.471118 1.178498
v -0.800544 -0.444291 1.186399
v -0.804395 -0.424934 1.206917
v -0.805728 -0.418231 1.234554
v -0.804186 -0.425980 1.261906
v -0.800184 -0.446104 1.281643
v -0.794792 -0.473211 1.288477
v -0.789456 -0.500037 1.280576
v -0.785605 -0.519395 1.260058
v -0.695000 -0.519253 1.205069
v -0.695000 -0.527154 1.232421
v -0.695000 -0.498735 1.185332
v -0.695000 -0.471097 1.178498
v -0.695000 -0.443745 1.186399
v -0.695000 -0.424008 1.206917
v -0.695000 -0.417174 1.234554
v -0.695000 -0.425075 1.261906
v -0.695000 -0.445593 1.281643
v -0.695000 -0.473231 1.288477
v -0.695000 -0.500583 1.280576
v -0.695000 -0.520320 1.260058
v -0.924857 -0.746085 -0.508730
v -0.971644 -0.494114 -0.649722
v -0.985615 -0.510827 -0.668053
v -0.939342 -0.760033 -0.528940
v -0.900271 -0.735881 -0.498605
v -0.947315 -0.482523 -0.640539
v -0.872173 -0.732152 -0.501279
v -0.919148 -0.479161 -0.642965
v -0.848090 -0.735900 -0.516035
v -0.894691 -0.484928 -0.656348
v -0.834476 -0.746120 -0.538919
v -0.880496 -0.498280 -0.677103
v -0.834979 -0.760075 -0.563802
v -0.880367 -0.515638 -0.699669
v -0.849464 -0.774024 -0.584016
v -0.894338 -0.532351 -0.718000
v -0.874050 -0.784230 -0.594143
v -0.918667 -0.543942 -0.727183
v -0.902149 -0.787958 -0.591469
v -0.946834 -0.547304 -0.724757
v -0.926232 -0.784209 -0.576710
v -0.971291 -0.541536 -0.711374
v -0.939846 -0.773987 -0.553822
v -0.985486 -0.528185 -0.690619
v -0.982141 -0.437577 -0.709474
v -0.995036 -0.460092 -0.721195
v -0.958352 -0.423080 -0.703603
v -0.930043 -0.420486 -0.705154
v -0.904799 -0.430489 -0.713711
v -0.889384 -0.450409 -0.726982
v -0.887929 -0.474909 -0.741411
v -0.900824 -0.497423 -0.753131
v -0.924613 -0.511920 -0.759003
v -0.952922 -0.514515 -0.757452
v -0.978166 -0.504512 -0.748895
v -0.993581 -0.484592 -0.735624
v -0.986666 -0.413209 -0.788611
v -0.999020 -0.438637 -0.791981
v -0.963148 -0.397252 -0.786922
v -0.934767 -0.395043 -0.787368
v -0.909128 -0.407173 -0.789829
v -0.893101 -0.430392 -0.793645
v -0.890980 -0.458478 -0.797795
v -0.903334 -0.483906 -0.801165
v -0.926852 -0.499862 -0.802853
v -0.955233 -0.502071 -0.802407
v -0.980871 -0.489942 -0.799947
v -0.996899 -0.466723 -0.796130
v -0.985449 -0.412163 -1.052908
v -0.997880 -0.437657 -1.055372
v -0.962180 -0.396421 -1.048294
v -0.934308 -0.394648 -1.042768
v -0.909300 -0.407321 -1.037810
v -0.893859 -0.431043 -1.034748
v -0.892120 -0.459458 -1.034403
v -0.904551 -0.484952 -1.036868
v -0.927820 -0.500694 -1.041481
v -0.955692 -0.502466 -1.047008
v -0.980700 -0.489794 -1.051966
v -0.996141 -0.466072 -1.055028
v -0.952314 -0.412163 -1.127141
v -0.961313 -0.437657 -1.136064
v -0.935470 -0.396421 -1.110438
v -0.915294 -0.394648 -1.090430
v -0.897191 -0.407321 -1.072478
v -0.886013 -0.431043 -1.061394
v -0.884755 -0.459458 -1.060146
v -0.893753 -0.484952 -1.069069
v -0.910597 -0.500694 -1.085773
v -0.930774 -0.502466 -1.105780
v -0.948876 -0.489794 -1.123732
v -0.960054 -0.466072 -1.134816
v -0.878361 -0.412163 -1.160897
v -0.880930 -0.437657 -1.173307
v -0.873553 -0.396421 -1.137668
v -0.867793 -0.394648 -1.109843
v -0.862625 -0.407321 -1.084878
v -0.859434 -0.431043 -1.069462
v -0.859075 -0.459458 -1.067727
v -0.861644 -0.484952 -1.080136
v -0.866452 -0.500694 -1.103366
v -0.872212 -0.502466 -1.131191
v -0.877380 -0.489794 -1.156156
v -0.880571 -0.466072 -1.171571
v -0.582346 -0.412163 -1.163748
v -0.582452 -0.437657 -1.176420
v -0.582147 -0.396421 -1.140027
v -0.581909 -0.394648 -1.111613
v -0.581695 -0.407321 -1.086119
v -0.581563 -0.431043 -1.070378
v -0.581548 -0.459458 -1.068606
v -0.581654 -0.484952 -1.081278
v -0.581853 -0.500694 -1.104999
v -0.582091 -0.502466 -1.133413
v -0.582305 -0.489794 -1.158906
v -0.582437 -0.466072 -1.174648
v -0.847369 -0.747792 0.087496
v -0.847369 -0.747792 0.267496
v -0.840000 -0.775292 0.267496
v -0.840000 -0.775292 0.087496
v -0.867500 -0.727661 0.087496
v -0.867500 -0.727661 0.267496
v -0.895000 -0.720292 0.087496
v -0.895000 -0.720292 0.267496
v -0.922500 -0.727661 0.087496
v -0.922500 -0.727661 0.267496
v -0.942631 -0.747792 0.087496
v -0.942631 -0.747792 0.267496
v -0.950000 -0.775292 0.087496
v -0.950000 -0.775292 0.267496
v -0.942631 -0.802792 0.087496
v -0.942631 -0.802792 0.267496
v -0.922500 -0.822923 0.087496
v -0.922500 -0.822923 0.267496
v -0.895000 -0.830292 0.087496
v -0.895000 -0.830292 0.267496
v -0.867500 -0.822924 0.087496
v -0.867500 -0.822924 0.267496
v -0.847369 -0.802792 0.087496
v -0.847369 -0.802792 0.267496
v -0.847369 -0.887208 0.087496
v -0.847369 -0.887208 0.267496
v -0.840000 -0.914708 0.267496
v -0.840000 -0.914708 0.087496
v -0.867500 -0.867077 0.087496
v -0.867500 -0.867077 0.267496
v -0.895000 -0.859708 0.087496
v -0.895000 -0.859708 0.267496
v -0.922500 -0.867077 0.087496
v -0.922500 -0.867077 0.267496
v -0.942631 -0.887208 0.087496
v -0.942631 -0.887208 0.267496
v -0.950000 -0.914708 0.087496
v -0.950000 -0.914708 0.267496
v -0.942631 -0.942208 0.087496
v -0.942631 -0.942208 0.267496
v -0.922500 -0.962340 0.087496
v -0.922500 -0.962340 0.267496
v -0.895000 -0.969708 0.087496
v -0.895000 -0.969708 0.267496
v -0.867500 -0.962340 0.087496
v -0.867500 -0.962340 0.267496
v -0.847369 -0.942208 0.087496
v -0.847369 -0.942208 0.267496
v 0.413939 -0.426642 -1.460000
v 0.280000 -0.400000 -1.460000
v 0.527487 -0.502513 -1.460000
v 0.603358 -0.616061 -1.460000
v 0.630000 -0.750000 -1.460000
v 0.603358 -0.883939 -1.460000
v 0.527487 -0.997487 -1.460000
v 0.413939 -1.073358 -1.460000
v 0.280000 -1.100000 -1.460000
v 0.146061 -1.073358 -1.460000
v 0.032513 -0.997487 -1.460000
v -0.043358 -0.883939 -1.460000
v -0.070000 -0.750000 -1.460000
v -0.043358 -0.616061 -1.460000
v 0.032513 -0.502513 -1.460000
v 0.146061 -0.426642 -1.460000
v 0.413939 -0.426642 -1.450000
v 0.280000 -0.400000 -1.450000
v 0.527487 -0.502513 -1.450000
v 0.603358 -0.616061 -1.450000
v 0.630000 -0.750000 -1.450000
v 0.603358 -0.883939 -1.450000
v 0.527487 -0.997487 -1.450000
v 0.413939 -1.073358 -1.450000
v 0.280000 -1.100000 -1.450000
v 0.146061 -1.073358 -1.450000
v 0.032513 -0.997487 -1.450000
v -0.043358 -0.883939 -1.450000
v -0.070000 -0.750000 -1.450000
v -0.043358 -0.616061 -1.450000
v 0.032513 -0.502513 -1.450000
v 0.146061 -0.426642 -1.450000
v 0.169472 -0.483161 -1.450000
v 0.075770 -0.545770 -1.450000
v 0.013161 -0.639472 -1.450000
v -0.008825 -0.750000 -1.450000
v 0.013161 -0.860528 -1.450000
v 0.075770 -0.954230 -1.450000
v 0.169472 -1.016839 -1.450000
v 0.280000 -1.038825 -1.450000
v 0.390528 -1.016839 -1.450000
v 0.484230 -0.954230 -1.450000
v 0.546839 -0.860528 -1.450000
v 0.568825 -0.750000 -1.450000
v 0.546839 -0.639472 -1.450000
v 0.484230 -0.545770 -1.450000
v 0.390528 -0.483161 -1.450000
v 0.280000 -0.461176 -1.450000
v -0.963073 -0.571176 -1.517500
v 0.280000 -0.461176 -1.517500
v 0.280000 -0.461176 -1.460000
v -0.963073 -0.571176 -1.460000
v -0.963073 -0.571176 -1.392500
v 0.280000 -0.461176 -1.392500
v 0.280000 -0.461176 -1.450000
v -0.963073 -0.571176 -1.450000
v -0.963073 -1.148825 -1.517500
v 0.280000 -1.038825 -1.517500
v 0.280000 -1.038825 -1.460000
v -0.963073 -1.148825 -1.460000
v 0.280000 -1.038825 -1.392500
v -0.963073 -1.148825 -1.392500
v -0.963073 -1.148825 -1.450000
v 0.280000 -1.038825 -1.450000
v 0.743359 -0.207803 1.289656
v 0.813680 -0.278902 1.263033
v 1.382468 0.283663 1.263033
v 1.312148 0.354762 1.289656
v 0.865158 -0.330949 1.189954
v 1.433946 0.231616 1.189954
v 0.865158 -0.330949 -0.918625
v 0.813679 -0.278902 -0.991830
v 1.382468 0.283663 -0.991830
v 1.433946 0.231616 -0.918625
v -0.743359 -0.207803 -1.018625
v -0.813679 -0.278902 -0.991830
v -1.382468 0.283663 -0.991830
v -1.312148 0.354762 -1.018625
v -0.865158 -0.330949 -0.918625
v -1.433946 0.231616 -0.918625
v -1.339031 0.100052 1.090000
v -1.433946 0.231616 1.189954
v -1.452789 0.212565 1.090000
v -0.865158 -0.330949 1.189954
v -0.813679 -0.278902 1.263033
v -1.382468 0.283663 1.263033
v -1.250826 0.416762 -1.018625
v -0.980214 0.690368 -1.018625
v -1.085484 0.583933 -1.091938
v -1.206877 0.461197 -1.091938
v -0.980495 0.690083 1.289184
v -1.250826 0.416762 1.289569
v -1.312148 0.354762 1.289656
v -1.206967 0.461107 1.362649
v -1.085573 0.583843 1.362476
v 0.743218 -0.207661 -1.018795
v 1.312148 0.354762 -1.018625
v 1.206967 0.461107 1.362649
v 0.638178 -0.101458 1.362649
v 1.085573 0.583843 1.362476
v 0.516785 0.021278 1.362476
v 0.980495 0.690083 1.289184
v 0.411707 0.127518 1.289184
v 0.638089 -0.101368 -1.091938
v 1.206877 0.461197 -1.091938
v 0.516695 0.021368 -1.091938
v 1.085484 0.583933 -1.091938
v -0.743359 -0.207803 1.289656
v -0.638089 -0.101368 -1.091938
v -0.516695 0.021368 -1.091938
v -0.411425 0.127803 -1.018625
v -0.638178 -0.101458 1.362649
v -0.516785 0.021278 1.362476
v 0.980214 0.690368 -1.018625
v 1.250826 0.416762 -1.018625
v -1.339031 0.100052 -0.545964
v -1.339031 0.100052 -0.273304
v -1.452789 0.212565 -0.818625
v -1.339031 0.100052 -0.000643
v -1.339031 0.100052 0.272018
v -1.339031 0.100052 0.544678
v -1.339031 0.100052 0.817339
v 1.339031 0.100052 0.817339
v 1.339031 0.100052 0.544679
v 1.452789 0.212565 1.090000
v 1.339031 0.100052 0.272018
v 1.339031 0.100052 -0.000643
v 1.452789 0.212565 -0.818625
v 1.339031 0.100052 -0.273304
v 1.339031 0.100052 -0.545964
v -0.256720 0.284220 0.836053
v -0.270784 0.270000 0.816054
v -0.249454 0.248904 0.816054
v -0.235390 0.263123 0.836053
v 1.420201 0.240201 0.914500
v 1.439799 0.259799 0.914500
v 1.453658 0.245940 0.919752
v 1.434060 0.226342 0.919752
v 1.463804 0.235794 0.934100
v 1.444206 0.216196 0.934100
v 1.467518 0.232080 0.953700
v 1.447920 0.212483 0.953700
v 1.463804 0.235794 0.973300
v 1.444206 0.216196 0.973300
v 1.453658 0.245940 0.987648
v 1.434060 0.226342 0.987648
v 1.439799 0.259799 0.992900
v 1.420201 0.240201 0.992900
v 1.425940 0.273658 0.987648
v 1.406342 0.254060 0.987648
v 1.415794 0.283804 0.973300
v 1.396196 0.264206 0.973300
v 1.412080 0.287518 0.953700
v 1.392482 0.267920 0.953700
v 1.415794 0.283804 0.934100
v 1.396196 0.264206 0.934100
v 1.444025 0.241431 0.926028
v 1.432728 0.252728 0.921747
v 1.421431 0.264025 0.926028
v 1.413161 0.272295 0.937724
v 1.410134 0.275322 0.953700
v 1.413161 0.272295 0.969677
v 1.421431 0.264025 0.981372
v 1.432728 0.252728 0.985653
v 1.444025 0.241431 0.981372
v 1.452295 0.233161 0.969677
v 1.455322 0.230134 0.953700
v 1.452295 0.233161 0.937724
v 1.425940 0.273658 0.919752
v 1.406342 0.254060 0.919752
v 1.420201 0.240201 0.369200
v 1.439799 0.259799 0.369200
v 1.453658 0.245940 0.374452
v 1.434060 0.226342 0.374452
v 1.463804 0.235794 0.388800
v 1.444206 0.216196 0.388800
v 1.467518 0.232080 0.408400
v 1.447920 0.212483 0.408400
v 1.463804 0.235794 0.428000
v 1.444206 0.216196 0.428000
v 1.453658 0.245940 0.442348
v 1.434060 0.226342 0.442348
v 1.439799 0.259799 0.447600
v 1.420201 0.240201 0.447600
v 1.425940 0.273658 0.442348
v 1.406342 0.254060 0.442348
v 1.415794 0.283804 0.428000
v 1.396196 0.264206 0.428000
v 1.412080 0.287518 0.408400
v 1.392482 0.267920 0.408400
v 1.415794 0.283804 0.388800
v 1.396196 0.264206 0.388800
v 1.444025 0.241431 0.380728
v 1.432728 0.252728 0.376447
v 1.421431 0.264025 0.380728
v 1.413161 0.272295 0.392424
v 1.410134 0.275322 0.408400
v 1.413161 0.272295 0.424377
v 1.421431 0.264025 0.436072
v 1.432728 0.252728 0.440353
v 1.444025 0.241431 0.436072
v 1.452295 0.233161 0.424377
v 1.455322 0.230134 0.408400
v 1.452295 0.233161 0.392424
v 1.425940 0.273658 0.374452
v 1.406342 0.254060 0.374452
v 1.420201 0.240201 -0.176100
v 1.439799 0.259799 -0.176100
v 1.453658 0.245940 -0.170848
v 1.434060 0.226342 -0.170848
v 1.463804 0.235794 -0.156500
v 1.444206 0.216196 -0.156500
v 1.467518 0.232080 -0.136900
v 1.447920 0.212483 -0.136900
v 1.463804 0.235794 -0.117300
v 1.444206 0.216196 -0.117300
v 1.453658 0.245940 -0.102952
v 1.434060 0.226342 -0.102952
v 1.439799 0.259799 -0.097700
v 1.420201 0.240201 -0.097700
v 1.425940 0.273658 -0.102952
v 1.406342 0.254060 -0.102952
v 1.415794 0.283804 -0.117300
v 1.396196 0.264206 -0.117300
v 1.412080 0.287518 -0.136900
v 1.392482 0.267920 -0.136900
v 1.415794 0.283804 -0.156500
v 1.396196 0.264206 -0.156500
v 1.444025 0.241431 -0.164572
v 1.432728 0.252728 -0.168853
v 1.421431 0.264025 -0.164572
v 1.413161 0.272295 -0.152876
v 1.410134 0.275322 -0.136900
v 1.413161 0.272295 -0.120923
v 1.421431 0.264025 -0.109228
v 1.432728 0.252728 -0.104947
v 1.444025 0.241431 -0.109228
v 1.452295 0.233161 -0.120923
v 1.455322 0.230134 -0.136900
v 1.452295 0.233161 -0.152876
v 1.425940 0.273658 -0.170848
v 1.406342 0.254060 -0.170848
v 1.420201 0.240201 -0.721400
v 1.439799 0.259799 -0.721400
v 1.453658 0.245940 -0.716148
v 1.434060 0.226342 -0.716148
v 1.463804 0.235794 -0.701800
v 1.444206 0.216196 -0.701800
v 1.467518 0.232080 -0.682200
v 1.447920 0.212483 -0.682200
v 1.463804 0.235794 -0.662600
v 1.444206 0.216196 -0.662600
v 1.453658 0.245940 -0.648252
v 1.434060 0.226342 -0.648252
v 1.439799 0.259799 -0.643000
v 1.420201 0.240201 -0.643000
v 1.425940 0.273658 -0.648252
v 1.406342 0.254060 -0.648252
v 1.415794 0.283804 -0.662600
v 1.396196 0.264206 -0.662600
v 1.412080 0.287518 -0.682200
v 1.392482 0.267920 -0.682200
v 1.415794 0.283804 -0.701800
v 1.396196 0.264206 -0.701800
v 1.444025 0.241431 -0.709872
v 1.432728 0.252728 -0.714153
v 1.421431 0.264025 -0.709872
v 1.413161 0.272295 -0.698176
v 1.410134 0.275322 -0.682200
v 1.413161 0.272295 -0.666223
v 1.421431 0.264025 -0.654528
v 1.432728 0.252728 -0.650247
v 1.444025 0.241431 -0.654528
v 1.452295 0.233161 -0.666223
v 1.455322 0.230134 -0.682200
v 1.452295 0.233161 -0.698176
v 1.425940 0.273658 -0.716148
v 1.406342 0.254060 -0.716148
v -1.420201 0.240201 0.914500
v -1.439799 0.259799 0.914500
v -1.453658 0.245940 0.919752
v -1.434060 0.226342 0.919752
v -1.463804 0.235794 0.934100
v -1.444206 0.216196 0.934100
v -1.467518 0.232080 0.953700
v -1.447920 0.212483 0.953700
v -1.463804 0.235794 0.973300
v -1.444206 0.216196 0.973300
v -1.453658 0.245940 0.987648
v -1.434060 0.226342 0.987648
v -1.439799 0.259799 0.992900
v -1.420201 0.240201 0.992900
v -1.425940 0.273658 0.987648
v -1.406342 0.254060 0.987648
v -1.415794 0.283804 0.973300
v -1.396196 0.264206 0.973300
v -1.412080 0.287518 0.953700
v -1.392482 0.267920 0.953700
v -1.415794 0.283804 0.934100
v -1.396196 0.264206 0.934100
v -1.444025 0.241431 0.926028
v -1.432728 0.252728 0.921747
v -1.421431 0.264025 0.926028
v -1.413161 0.272295 0.937724
v -1.410134 0.275322 0.953700
v -1.413161 0.272295 0.969677
v -1.421431 0.264025 0.981372
v -1.432728 0.252728 0.985653
v -1.444025 0.241431 0.981372
v -1.452295 0.233161 0.969677
v -1.455322 0.230134 0.953700
v -1.452295 0.233161 0.937724
v -1.425940 0.273658 0.919752
v -1.406342 0.254060 0.919752
v -1.420201 0.240201 0.369200
v -1.439799 0.259799 0.369200
v -1.453658 0.245940 0.374452
v -1.434060 0.226342 0.374452
v -1.463804 0.235794 0.388800
v -1.444206 0.216196 0.388800
v -1.467518 0.232080 0.408400
v -1.447920 0.212483 0.408400
v -1.463804 0.235794 0.428000
v -1.444206 0.216196 0.428000
v -1.453658 0.245940 0.442348
v -1.434060 0.226342 0.442348
v -1.439799 0.259799 0.447600
v -1.420201 0.240201 0.447600
v -1.425940 0.273658 0.442348
v -1.406342 0.254060 0.442348
v -1.415794 0.283804 0.428000
v -1.396196 0.264206 0.428000
v -1.412080 0.287518 0.408400
v -1.392482 0.267920 0.408400
v -1.415794 0.283804 0.388800
v -1.396196 0.264206 0.388800
v -1.444025 0.241431 0.380728
v -1.432728 0.252728 0.376447
v -1.421431 0.264025 0.380728
v -1.413161 0.272295 0.392424
v -1.410134 0.275322 0.408400
v -1.413161 0.272295 0.424377
v -1.421431 0.264025 0.436072
v -1.432728 0.252728 0.440353
v -1.444025 0.241431 0.436072
v -1.452295 0.233161 0.424377
v -1.455322 0.230134 0.408400
v -1.452295 0.233161 0.392424
v -1.425940 0.273658 0.374452
v -1.406342 0.254060 0.374452
v -1.420201 0.240201 -0.176100
v -1.439799 0.259799 -0.176100
v -1.453658 0.245940 -0.170848
v -1.434060 0.226342 -0.170848
v -1.463804 0.235794 -0.156500
v -1.444206 0.216196 -0.156500
v -1.467518 0.232080 -0.136900
v -1.447920 0.212483 -0.136900
v -1.463804 0.235794 -0.117300
v -1.444206 0.216196 -0.117300
v -1.453658 0.245940 -0.102952
v -1.434060 0.226342 -0.102952
v -1.439799 0.259799 -0.097700
v -1.420201 0.240201 -0.097700
v -1.425940 0.273658 -0.102952
v -1.406342 0.254060 -0.102952
v -1.415794 0.283804 -0.117300
v -1.396196 0.264206 -0.117300
v -1.412080 0.287518 -0.136900
v -1.392482 0.267920 -0.136900
v -1.415794 0.283804 -0.156500
v -1.396196 0.264206 -0.156500
v -1.444025 0.241431 -0.164572
v -1.432728 0.252728 -0.168853
v -1.421431 0.264025 -0.164572
v -1.413161 0.272295 -0.152876
v -1.410134 0.275322 -0.136900
v -1.413161 0.272295 -0.120923
v -1.421431 0.264025 -0.109228
v -1.432728 0.252728 -0.104947
v -1.444025 0.241431 -0.109228
v -1.452295 0.233161 -0.120923
v -1.455322 0.230134 -0.136900
v -1.452295 0.233161 -0.152876
v -1.425940 0.273658 -0.170848
v -1.406342 0.254060 -0.170848
v -1.420201 0.240201 -0.721400
v -1.439799 0.259799 -0.721400
v -1.453658 0.245940 -0.716148
v -1.434060 0.226342 -0.716148
v -1.463804 0.235794 -0.701800
v -1.444206 0.216196 -0.701800
v -1.467518 0.232080 -0.682200
v -1.447920 0.212483 -0.682200
v -1.463804 0.235794 -0.662600
v -1.444206 0.216196 -0.662600
v -1.453658 0.245940 -0.648252
v -1.434060 0.226342 -0.648252
v -1.439799 0.259799 -0.643000
v -1.420201 0.240201 -0.643000
v -1.425940 0.273658 -0.648252
v -1.406342 0.254060 -0.648252
v -1.415794 0.283804 -0.662600
v -1.396196 0.264206 -0.662600
v -1.412080 0.287518 -0.682200
v -1.392482 0.267920 -0.682200
v -1.415794 0.283804 -0.701800
v -1.396196 0.264206 -0.701800
v -1.444025 0.241431 -0.709872
v -1.432728 0.252728 -0.714153
v -1.421431 0.264025 -0.709872
v -1.413161 0.272295 -0.698176
v -1.410134 0.275322 -0.682200
v -1.413161 0.272295 -0.666223
v -1.421431 0.264025 -0.654528
v -1.432728 0.252728 -0.650247
v -1.444025 0.241431 -0.654528
v -1.452295 0.233161 -0.666223
v -1.455322 0.230134 -0.682200
v -1.452295 0.233161 -0.698176
v -1.425940 0.273658 -0.716148
v -1.406342 0.254060 -0.716148
v 1.439799 0.259799 0.921747
v 1.451096 0.248502 0.926028
v 1.459366 0.240232 0.937724
v 1.462393 0.237205 0.953700
v 1.459366 0.240232 0.969677
v 1.451096 0.248502 0.981372
v 1.439799 0.259799 0.985653
v 1.428502 0.271096 0.981372
v 1.420232 0.279366 0.969677
v 1.417205 0.282393 0.953700
v 1.420232 0.279366 0.937724
v 1.428502 0.271096 0.926028
v 1.439799 0.259799 0.376447
v 1.451096 0.248502 0.380728
v 1.459366 0.240232 0.392424
v 1.462393 0.237205 0.408400
v 1.459366 0.240232 0.424377
v 1.451096 0.248502 0.436072
v 1.439799 0.259799 0.440353
v 1.428502 0.271096 0.436072
v 1.420232 0.279366 0.424377
v 1.417205 0.282393 0.408400
v 1.420232 0.279366 0.392424
v 1.428502 0.271096 0.380728
v 1.439799 0.259799 -0.168853
v 1.451096 0.248502 -0.164572
v 1.459366 0.240232 -0.152876
v 1.462393 0.237205 -0.136900
v 1.459366 0.240232 -0.120923
v 1.451096 0.248502 -0.109228
v 1.439799 0.259799 -0.104947
v 1.428502 0.271096 -0.109228
v 1.420232 0.279366 -0.120923
v 1.417205 0.282393 -0.136900
v 1.420232 0.279366 -0.152876
v 1.428502 0.271096 -0.164572
v 1.439799 0.259799 -0.714153
v 1.451096 0.248502 -0.709872
v 1.459366 0.240232 -0.698176
v 1.462393 0.237205 -0.682200
v 1.459366 0.240232 -0.666223
v 1.451096 0.248502 -0.654528
v 1.439799 0.259799 -0.650247
v 1.428502 0.271096 -0.654528
v 1.420232 0.279366 -0.666223
v 1.417205 0.282393 -0.682200
v 1.420232 0.279366 -0.698176
v 1.428502 0.271096 -0.709872
v -1.439799 0.259799 0.921747
v -1.451096 0.248502 0.926028
v -1.459366 0.240232 0.937724
v -1.462393 0.237205 0.953700
v -1.459366 0.240232 0.969677
v -1.451096 0.248502 0.981372
v -1.439799 0.259799 0.985653
v -1.428502 0.271096 0.981372
v -1.420232 0.279366 0.969677
v -1.417205 0.282393 0.953700
v -1.420232 0.279366 0.937724
v -1.428502 0.271096 0.926028
v -1.439799 0.259799 0.376447
v -1.451096 0.248502 0.380728
v -1.459366 0.240232 0.392424
v -1.462393 0.237205 0.408400
v -1.459366 0.240232 0.424377
v -1.451096 0.248502 0.436072
v -1.439799 0.259799 0.440353
v -1.428502 0.271096 0.436072
v -1.420232 0.279366 0.424377
v -1.417205 0.282393 0.408400
v -1.420232 0.279366 0.392424
v -1.428502 0.271096 0.380728
v -1.439799 0.259799 -0.168853
v -1.451096 0.248502 -0.164572
v -1.459366 0.240232 -0.152876
v -1.462393 0.237205 -0.136900
v -1.459366 0.240232 -0.120923
v -1.451096 0.248502 -0.109228
v -1.439799 0.259799 -0.104947
v -1.428502 0.271096 -0.109228
v -1.420232 0.279366 -0.120923
v -1.417205 0.282393 -0.136900
v -1.420232 0.279366 -0.152876
v -1.428502 0.271096 -0.164572
v -1.439799 0.259799 -0.714153
v -1.451096 0.248502 -0.709872
v -1.459366 0.240232 -0.698176
v -1.462393 0.237205 -0.682200
v -1.459366 0.240232 -0.666223
v -1.451096 0.248502 -0.654528
v -1.439799 0.259799 -0.650247
v -1.428502 0.271096 -0.654528
v -1.420232 0.279366 -0.666223
v -1.417205 0.282393 -0.682200
v -1.420232 0.279366 -0.698176
v -1.428502 0.271096 -0.709872
v -0.411706 0.127518 1.289184
v 0.411425 0.127803 -1.018625
v -0.725815 0.720052 -0.001286
v -0.725815 0.720052 -0.092101
v -0.711751 0.734272 -0.072101
v -0.706828 0.739249 -0.046694
v -0.711751 0.734272 -0.021286
v 1.250826 0.416762 1.289569
v -1.321925 0.487083 -1.018625
v -1.051313 0.760688 -1.018625
v 1.321147 0.345663 1.262883
v 1.372625 0.293616 1.189804
v 1.443723 0.363936 1.189804
v 1.392245 0.415984 1.262883
v 0.909893 0.761466 1.261877
v 1.051594 0.760404 1.289184
v 0.980992 0.831787 1.261877
v -1.321147 0.345663 1.262883
v -1.321925 0.487083 1.289569
v -1.392245 0.415984 1.262883
v 1.321925 0.487082 1.289569
v -1.051594 0.760404 1.289184
v 1.051313 0.760688 -1.018625
v 1.321924 0.487083 -1.018625
v 1.321146 0.345663 -0.991830
v 1.392245 0.415984 -0.991830
v 0.909893 0.761466 -0.991830
v 0.980992 0.831787 -0.991830
v -1.372625 0.293616 1.189804
v -1.443724 0.363936 1.189804
v 1.372625 0.293616 -0.918625
v 1.443723 0.363936 -0.918625
v -1.321147 0.345663 -0.991830
v -1.392245 0.415984 -0.991830
v 1.445336 0.390747 1.179441
v 1.462721 0.373169 1.087216
v 1.516045 0.425910 1.087216
v 1.498660 0.443488 1.179441
v -1.067699 0.772562 1.269186
v -1.002518 0.838464 1.243976
v -1.055842 0.891205 1.243976
v -1.121023 0.825302 1.269186
v 1.462721 0.373169 -0.815992
v 1.516045 0.425910 -0.815992
v 1.399185 0.437409 -0.973899
v 1.334293 0.503019 -0.998625
v 1.387617 0.555759 -0.998625
v 1.452509 0.490149 -0.973899
v -0.956345 0.885148 1.178203
v -1.009669 0.937888 1.178203
v -0.956343 0.885150 -0.908272
v -1.002492 0.838491 -0.973899
v -1.055815 0.891231 -0.973899
v -1.009667 0.937890 -0.908272
v 1.067384 0.772880 -0.998625
v 1.002492 0.838490 -0.973899
v 1.055816 0.891231 -0.973899
v 1.120708 0.825621 -0.998625
v 1.002518 0.838464 1.243976
v 1.067699 0.772562 1.269186
v 1.121023 0.825302 1.269186
v 1.055842 0.891204 1.243976
v 1.334307 0.503004 1.269566
v 1.399197 0.437397 1.244941
v 1.452520 0.490137 1.244941
v 1.387631 0.555745 1.269566
v 0.956343 0.885150 -0.908272
v 1.009667 0.937890 -0.908272
v -1.067384 0.772880 -0.998625
v -1.334293 0.503019 -0.998625
v -1.387617 0.555759 -0.998625
v -1.120708 0.825621 -0.998625
v -1.462721 0.373169 -0.815992
v -1.462722 0.373169 1.087216
v -1.516046 0.425909 1.087216
v -1.516045 0.425910 -0.815992
v -1.391467 0.274564 1.089850
v -1.462566 0.344885 1.089850
v 0.858415 0.813514 -0.918625
v 0.839573 0.832565 -0.818625
v 0.910671 0.902886 -0.818625
v 0.929514 0.883835 -0.918625
v 1.391467 0.274565 -0.818625
v 1.462566 0.344886 -0.818625
v -1.372625 0.293616 -0.918625
v -1.391467 0.274565 -0.818625
v -1.462566 0.344885 -0.818625
v -1.443723 0.363936 -0.918625
v 1.391467 0.274565 1.089850
v 1.462566 0.344885 1.089850
v 0.839573 0.832565 1.088500
v 0.858415 0.813514 1.188546
v 0.929514 0.883835 1.188546
v 0.910671 0.902886 1.088500
v -0.909893 0.761467 -0.991830
v -0.980992 0.831787 -0.991830
v -0.839573 0.832565 -0.818625
v -0.858415 0.813514 -0.918625
v -0.929513 0.883835 -0.918625
v -0.910671 0.902886 -0.818625
v -0.909893 0.761467 1.261877
v -0.980992 0.831787 1.261877
v -0.858415 0.813514 1.188546
v -0.839573 0.832565 1.088500
v -0.910671 0.902886 1.088500
v -0.929513 0.883835 1.188546
v 1.445333 0.390750 -0.908272
v 0.956345 0.885147 1.178203
v 0.938955 0.902730 1.085868
v -1.445334 0.390749 -0.908272
v -1.399185 0.437409 -0.973899
v -1.399197 0.437397 1.244941
v -1.445336 0.390747 1.179441
v -1.334307 0.503004 1.269566
v -0.938955 0.902730 -0.815992
v -0.938955 0.902730 1.085868
v 0.938955 0.902730 -0.815992
v 1.009669 0.937888 1.178203
v -1.177350 0.946110 -0.843568
v -1.190189 0.933127 -0.861827
v -1.221154 0.901822 -0.873625
v -1.464917 0.655360 -0.873625
v -1.495881 0.624054 -0.861827
v -1.508721 0.611073 -0.843567
v -1.517018 0.602684 -0.799535
v -1.517019 0.602684 1.070752
v -1.508737 0.611055 1.114675
v -1.495966 0.623969 1.132806
v -1.465020 0.655256 1.144550
v -1.221680 0.901289 1.144203
v -1.190380 0.932935 1.132097
v -1.177366 0.946093 1.113559
v -1.169053 0.954498 1.069419
v -1.169053 0.954498 -0.799536
v 1.498657 0.443490 -0.908272
v 0.992279 0.955470 1.085868
v 0.992279 0.955471 -0.815992
v -0.992279 0.955471 1.085868
v -1.498657 0.443490 -0.908272
v -1.452509 0.490149 -0.973899
v -1.387631 0.555745 1.269566
v -1.452520 0.490137 1.244941
v -1.498660 0.443488 1.179441
v -0.992279 0.955471 -0.815992
v -1.430503 0.601277 -0.981878
v -1.166695 0.868004 -0.981878
v -1.458797 0.637734 -0.936125
v -1.203461 0.895895 -0.936125
v -1.113196 0.987158 1.077643
v -1.113196 0.987158 -0.807764
v -1.048492 0.987514 1.083664
v -1.048492 0.987514 -0.813787
v 1.495881 0.624054 -0.861827
v 1.508721 0.611073 -0.843567
v 1.536219 0.559455 -0.875920
v 1.506725 0.589276 -0.917863
v 1.532536 0.498116 -0.899603
v 1.490849 0.540263 -0.958884
v 1.464917 0.655360 -0.873625
v 1.458797 0.637734 -0.936125
v 1.430503 0.601277 -0.981878
v 1.495966 0.623969 1.132806
v 1.465020 0.655256 1.144550
v 1.458856 0.637674 1.207058
v 1.506773 0.589227 1.188874
v 1.430529 0.601251 1.252817
v 1.490871 0.540241 1.229918
v 1.508737 0.611055 1.114675
v 1.536228 0.559445 1.147058
v 1.532540 0.498111 1.170764
v 1.517017 0.602684 -0.799535
v 1.549061 0.546471 -0.807764
v 1.548705 0.481767 -0.813787
v 1.517018 0.602684 1.070752
v 1.549062 0.546471 1.078984
v 1.548706 0.481767 1.085010
v 1.064666 0.971161 1.169543
v 1.048492 0.987514 1.083664
v 1.126048 0.974164 1.145881
v 1.113196 0.987158 1.077643
v 1.177366 0.946092 1.113560
v 1.169053 0.954498 1.069419
v 1.167038 0.867657 1.252442
v 1.203881 0.895470 1.206695
v 1.221680 0.901289 1.144203
v -1.506725 0.589276 -0.917863
v -1.536219 0.559455 -0.875920
v -1.490849 0.540263 -0.958884
v -1.532536 0.498116 -0.899603
v -1.536229 0.559445 1.147058
v -1.506773 0.589227 1.188874
v -1.532540 0.498111 1.170764
v -1.490871 0.540241 1.229918
v -1.167038 0.867657 1.252442
v -1.430529 0.601251 1.252817
v -1.203881 0.895470 1.206695
v -1.458856 0.637674 1.207058
v -1.549062 0.546471 1.078984
v -1.548706 0.481767 1.085010
v -1.549061 0.546471 -0.807764
v -1.548705 0.481767 -0.813787
v -1.106348 0.929018 -0.958884
v -1.064662 0.971166 -0.899604
v -1.155532 0.944353 -0.917863
v -1.126038 0.974174 -0.875920
v 1.166695 0.868004 -0.981878
v 1.203461 0.895895 -0.936125
v 1.221154 0.901821 -0.873625
v -1.064666 0.971161 1.169543
v -1.106396 0.928970 1.228988
v -1.126047 0.974164 1.145881
v -1.155640 0.944244 1.188037
v 1.064662 0.971165 -0.899603
v 1.106348 0.929018 -0.958884
v 1.126038 0.974174 -0.875920
v 1.155533 0.944353 -0.917863
v 1.177350 0.946110 -0.843567
v 1.190190 0.933127 -0.861827
v 1.106396 0.928969 1.228988
v 1.155641 0.944244 1.188037
v 1.190380 0.932935 1.132097
v 1.048492 0.987514 -0.813787
v 1.113196 0.987158 -0.807764
v 1.169053 0.954498 -0.799535
v 0.256720 0.284220 -0.253732
v 0.251797 0.289197 -0.228324
v 0.230468 0.268101 -0.228324
v 0.235390 0.263124 -0.253732
v -0.256720 0.284220 -0.021286
v -0.251797 0.289196 -0.046694
v -0.230468 0.268100 -0.046694
v -0.235390 0.263123 -0.021286
v -0.256720 0.284220 0.886869
v -0.251797 0.289196 0.861461
v -0.230468 0.268100 0.861461
v -0.235390 0.263123 0.886869
v 0.256720 0.284220 -0.202917
v 0.270784 0.270000 -0.182917
v 0.249454 0.248904 -0.182917
v 0.235390 0.263124 -0.202917
v 0.251797 0.289196 -0.591586
v 0.256720 0.284220 -0.566179
v 0.235390 0.263123 -0.566179
v 0.230468 0.268100 -0.591586
v 0.270784 0.270000 -0.818625
v 0.256720 0.284220 -0.798625
v 0.235390 0.263124 -0.798625
v 0.249454 0.248904 -0.818625
v 0.256720 0.284220 0.523607
v 0.270784 0.270000 0.543607
v 0.249454 0.248904 0.543607
v 0.235390 0.263124 0.523607
v -0.251797 0.289196 -0.773217
v -0.256720 0.284220 -0.798625
v -0.235390 0.263123 -0.798625
v -0.230468 0.268100 -0.773217
v -0.256720 0.284220 -0.253732
v -0.270784 0.270000 -0.273732
v -0.249454 0.248904 -0.273732
v -0.235390 0.263123 -0.253732
v -0.256720 0.284220 0.341976
v -0.251797 0.289196 0.316568
v -0.230468 0.268100 0.316568
v -0.235390 0.263123 0.341976
v 0.251797 0.289197 -0.046693
v 0.256720 0.284220 -0.021286
v 0.235390 0.263124 -0.021286
v 0.230468 0.268100 -0.046693
v 0.256720 0.284220 0.291161
v 0.251797 0.289197 0.316568
v 0.230468 0.268100 0.316568
v 0.235390 0.263124 0.291161
v -0.270784 0.270000 -0.546179
v -0.256720 0.284220 -0.566179
v -0.235390 0.263123 -0.566179
v -0.249454 0.248904 -0.546179
v -1.439799 0.259799 -0.741965
v -1.420707 0.240707 -0.741965
v -1.400039 0.261375 -0.758840
v -1.419131 0.280466 -0.758840
v -1.400039 0.261375 -0.792590
v -1.419131 0.280466 -0.792590
v -1.420707 0.240707 -0.809465
v -1.439799 0.259799 -0.809465
v -1.441375 0.220039 -0.792590
v -1.460467 0.239131 -0.792590
v -1.441375 0.220039 -0.758840
v -1.460467 0.239131 -0.758840
v -1.365712 0.203711 -0.762987
v -1.442079 0.280079 -0.762987
v -1.451079 0.271079 -0.757715
v -1.374712 0.194711 -0.757715
v -1.383712 0.185711 -0.762987
v -1.460079 0.262079 -0.762987
v -1.463807 0.258351 -0.775715
v -1.387439 0.181983 -0.775715
v -1.442079 0.280079 -0.788442
v -1.451079 0.271079 -0.793715
v -1.460079 0.262079 -0.788442
v -1.438351 0.283807 -0.775715
v -1.361984 0.207439 -0.775715
v -1.383712 0.185711 -0.788442
v -1.374712 0.194711 -0.793715
v -1.365712 0.203711 -0.788442
v -1.439799 0.259799 -0.554965
v -1.420707 0.240707 -0.554965
v -1.400039 0.261375 -0.571840
v -1.419131 0.280466 -0.571840
v -1.400039 0.261375 -0.605590
v -1.419131 0.280466 -0.605590
v -1.420707 0.240707 -0.622465
v -1.439799 0.259799 -0.622465
v -1.441375 0.220039 -0.605590
v -1.460467 0.239131 -0.605590
v -1.441375 0.220039 -0.571840
v -1.460467 0.239131 -0.571840
v -1.365712 0.203711 -0.575987
v -1.442079 0.280079 -0.575987
v -1.451079 0.271079 -0.570714
v -1.374712 0.194711 -0.570714
v -1.383712 0.185711 -0.575987
v -1.460079 0.262079 -0.575987
v -1.463807 0.258351 -0.588714
v -1.387439 0.181983 -0.588714
v -1.442079 0.280079 -0.601442
v -1.451079 0.271079 -0.606714
v -1.460079 0.262079 -0.601442
v -1.438351 0.283807 -0.588714
v -1.361984 0.207439 -0.588714
v -1.383712 0.185711 -0.601442
v -1.374712 0.194711 -0.606714
v -1.365712 0.203711 -0.601442
v -1.439799 0.259799 -0.196965
v -1.420707 0.240707 -0.196965
v -1.400039 0.261375 -0.213840
v -1.419131 0.280466 -0.213840
v -1.400039 0.261375 -0.247590
v -1.419131 0.280466 -0.247590
v -1.420707 0.240707 -0.264465
v -1.439799 0.259799 -0.264465
v -1.441375 0.220039 -0.247590
v -1.460467 0.239131 -0.247590
v -1.441375 0.220039 -0.213840
v -1.460467 0.239131 -0.213840
v -1.365712 0.203711 -0.217987
v -1.442079 0.280079 -0.217987
v -1.451079 0.271079 -0.212714
v -1.374712 0.194711 -0.212714
v -1.383712 0.185711 -0.217987
v -1.460079 0.262079 -0.217987
v -1.463807 0.258351 -0.230714
v -1.387439 0.181983 -0.230714
v -1.442079 0.280079 -0.243442
v -1.451079 0.271079 -0.248715
v -1.460079 0.262079 -0.243442
v -1.438351 0.283807 -0.230714
v -1.361984 0.207439 -0.230714
v -1.383712 0.185711 -0.243442
v -1.374712 0.194711 -0.248715
v -1.365712 0.203711 -0.243442
v -1.439799 0.259799 -0.009964
v -1.420707 0.240707 -0.009964
v -1.400039 0.261375 -0.026840
v -1.419131 0.280466 -0.026840
v -1.400039 0.261375 -0.060590
v -1.419131 0.280466 -0.060590
v -1.420707 0.240707 -0.077465
v -1.439799 0.259799 -0.077465
v -1.441375 0.220039 -0.060590
v -1.460467 0.239131 -0.060590
v -1.441375 0.220039 -0.026840
v -1.460467 0.239131 -0.026840
v -1.365712 0.203711 -0.030987
v -1.442079 0.280079 -0.030987
v -1.451079 0.271079 -0.025714
v -1.374712 0.194711 -0.025714
v -1.383712 0.185711 -0.030987
v -1.460079 0.262079 -0.030987
v -1.463807 0.258351 -0.043714
v -1.387439 0.181983 -0.043714
v -1.442079 0.280079 -0.056442
v -1.451079 0.271079 -0.061715
v -1.460079 0.262079 -0.056442
v -1.438351 0.283807 -0.043714
v -1.361984 0.207439 -0.043714
v -1.383712 0.185711 -0.056442
v -1.374712 0.194711 -0.061715
v -1.365712 0.203711 -0.056442
v -1.439799 0.259799 0.348036
v -1.420707 0.240707 0.348036
v -1.400039 0.261375 0.331160
v -1.419131 0.280466 0.331160
v -1.400039 0.261375 0.297410
v -1.419131 0.280466 0.297410
v -1.420707 0.240707 0.280535
v -1.439799 0.259799 0.280535
v -1.441375 0.220039 0.297410
v -1.460467 0.239131 0.297410
v -1.441375 0.220039 0.331160
v -1.460467 0.239131 0.331160
v -1.365712 0.203711 0.327013
v -1.442079 0.280079 0.327013
v -1.451079 0.271079 0.332286
v -1.374712 0.194711 0.332286
v -1.383712 0.185711 0.327013
v -1.460079 0.262079 0.327013
v -1.463807 0.258351 0.314286
v -1.387439 0.181983 0.314286
v -1.442079 0.280079 0.301558
v -1.451079 0.271079 0.296286
v -1.460079 0.262079 0.301558
v -1.438351 0.283807 0.314286
v -1.361984 0.207439 0.314286
v -1.383712 0.185711 0.301558
v -1.374712 0.194711 0.296286
v -1.365712 0.203711 0.301558
v -1.439799 0.259799 0.535035
v -1.420707 0.240707 0.535035
v -1.400039 0.261375 0.518160
v -1.419131 0.280466 0.518160
v -1.400039 0.261375 0.484410
v -1.419131 0.280466 0.484410
v -1.420707 0.240707 0.467535
v -1.439799 0.259799 0.467535
v -1.441375 0.220039 0.484410
v -1.460467 0.239131 0.484410
v -1.441375 0.220039 0.518160
v -1.460467 0.239131 0.518160
v -1.365712 0.203711 0.514013
v -1.442079 0.280079 0.514013
v -1.451079 0.271079 0.519286
v -1.374712 0.194711 0.519286
v -1.383712 0.185711 0.514013
v -1.460079 0.262079 0.514013
v -1.463807 0.258351 0.501286
v -1.387439 0.181983 0.501286
v -1.442079 0.280079 0.488558
v -1.451079 0.271079 0.483286
v -1.460079 0.262079 0.488558
v -1.438351 0.283807 0.501286
v -1.361984 0.207439 0.501286
v -1.383712 0.185711 0.488558
v -1.374712 0.194711 0.483286
v -1.365712 0.203711 0.488558
v -1.439799 0.259799 0.893036
v -1.420707 0.240707 0.893036
v -1.400039 0.261375 0.876161
v -1.419131 0.280466 0.876161
v -1.400039 0.261375 0.842410
v -1.419131 0.280466 0.842410
v -1.420707 0.240707 0.825536
v -1.439799 0.259799 0.825536
v -1.441375 0.220039 0.842410
v -1.460467 0.239131 0.842410
v -1.441375 0.220039 0.876161
v -1.460467 0.239131 0.876161
v -1.365712 0.203711 0.872013
v -1.442079 0.280079 0.872013
v -1.451079 0.271079 0.877286
v -1.374712 0.194711 0.877286
v -1.383712 0.185711 0.872013
v -1.460079 0.262079 0.872013
v -1.463807 0.258351 0.859286
v -1.387439 0.181983 0.859286
v -1.442079 0.280079 0.846558
v -1.451079 0.271079 0.841286
v -1.460079 0.262079 0.846558
v -1.438351 0.283807 0.859286
v -1.361984 0.207439 0.859286
v -1.383712 0.185711 0.846558
v -1.374712 0.194711 0.841286
v -1.365712 0.203711 0.846558
v -1.439799 0.259799 1.080036
v -1.420707 0.240707 1.080036
v -1.400039 0.261375 1.063161
v -1.419131 0.280466 1.063161
v -1.400039 0.261375 1.029410
v -1.419131 0.280466 1.029410
v -1.420707 0.240707 1.012536
v -1.439799 0.259799 1.012536
v -1.441375 0.220039 1.029410
v -1.460467 0.239131 1.029410
v -1.441375 0.220039 1.063161
v -1.460467 0.239131 1.063161
v -1.365712 0.203711 1.059013
v -1.442079 0.280079 1.059013
v -1.451079 0.271079 1.064286
v -1.374712 0.194711 1.064286
v -1.383712 0.185711 1.059013
v -1.460079 0.262079 1.059013
v -1.463807 0.258351 1.046286
v -1.387439 0.181983 1.046286
v -1.442079 0.280079 1.033558
v -1.451079 0.271079 1.028286
v -1.460079 0.262079 1.033558
v -1.438351 0.283807 1.046286
v -1.361984 0.207439 1.046286
v -1.383712 0.185711 1.033558
v -1.374712 0.194711 1.028286
v -1.365712 0.203711 1.033558
v 1.439799 0.259799 -0.741965
v 1.420707 0.240707 -0.741965
v 1.400039 0.261375 -0.758840
v 1.419131 0.280466 -0.758840
v 1.400039 0.261375 -0.792590
v 1.419131 0.280466 -0.792590
v 1.420707 0.240707 -0.809465
v 1.439799 0.259799 -0.809465
v 1.441375 0.220039 -0.792590
v 1.460467 0.239131 -0.792590
v 1.441375 0.220039 -0.758840
v 1.460467 0.239131 -0.758840
v 1.365712 0.203711 -0.762987
v 1.442079 0.280079 -0.762987
v 1.451079 0.271079 -0.757715
v 1.374712 0.194711 -0.757715
v 1.383712 0.185711 -0.762987
v 1.460079 0.262079 -0.762987
v 1.463807 0.258351 -0.775715
v 1.387439 0.181983 -0.775715
v 1.442079 0.280079 -0.788442
v 1.451079 0.271079 -0.793715
v 1.460079 0.262079 -0.788442
v 1.438351 0.283807 -0.775715
v 1.361984 0.207439 -0.775715
v 1.383712 0.185711 -0.788442
v 1.374712 0.194711 -0.793715
v 1.365712 0.203711 -0.788442
v 1.439799 0.259799 -0.554965
v 1.420707 0.240707 -0.554965
v 1.400039 0.261375 -0.571840
v 1.419131 0.280466 -0.571840
v 1.400039 0.261375 -0.605590
v 1.419131 0.280466 -0.605590
v 1.420707 0.240707 -0.622465
v 1.439799 0.259799 -0.622465
v 1.441375 0.220039 -0.605590
v 1.460467 0.239131 -0.605590
v 1.441375 0.220039 -0.571840
v 1.460467 0.239131 -0.571840
v 1.365712 0.203711 -0.575987
v 1.442079 0.280079 -0.575987
v 1.451079 0.271079 -0.570714
v 1.374712 0.194711 -0.570714
v 1.383712 0.185711 -0.575987
v 1.460079 0.262079 -0.575987
v 1.463807 0.258351 -0.588714
v 1.387439 0.181983 -0.588714
v 1.442079 0.280079 -0.601442
v 1.451079 0.271079 -0.606714
v 1.460079 0.262079 -0.601442
v 1.438351 0.283807 -0.588714
v 1.361984 0.207439 -0.588714
v 1.383712 0.185711 -0.601442
v 1.374712 0.194711 -0.606714
v 1.365712 0.203711 -0.601442
v 1.439799 0.259799 -0.196965
v 1.420707 0.240707 -0.196965
v 1.400039 0.261375 -0.213840
v 1.419131 0.280466 -0.213840
v 1.400039 0.261375 -0.247590
v 1.419131 0.280466 -0.247590
v 1.420707 0.240707 -0.264465
v 1.439799 0.259799 -0.264465
v 1.441375 0.220039 -0.247590
v 1.460467 0.239131 -0.247590
v 1.441375 0.220039 -0.213840
v 1.460467 0.239131 -0.213840
v 1.365712 0.203711 -0.217987
v 1.442079 0.280079 -0.217987
v 1.451079 0.271079 -0.212714
v 1.374712 0.194711 -0.212714
v 1.383712 0.185711 -0.217987
v 1.460079 0.262079 -0.217987
v 1.463807 0.258351 -0.230714
v 1.387439 0.181983 -0.230714
v 1.442079 0.280079 -0.243442
v 1.451079 0.271079 -0.248715
v 1.460079 0.262079 -0.243442
v 1.438351 0.283807 -0.230714
v 1.361984 0.207439 -0.230714
v 1.383712 0.185711 -0.243442
v 1.374712 0.194711 -0.248715
v 1.365712 0.203711 -0.243442
v 1.439799 0.259799 -0.009964
v 1.420707 0.240707 -0.009964
v 1.400039 0.261375 -0.026840
v 1.419131 0.280466 -0.026840
v 1.400039 0.261375 -0.060590
v 1.419131 0.280466 -0.060590
v 1.420707 0.240707 -0.077465
v 1.439799 0.259799 -0.077465
v 1.441375 0.220039 -0.060590
v 1.460467 0.239131 -0.060590
v 1.441375 0.220039 -0.026840
v 1.460467 0.239131 -0.026840
v 1.365712 0.203711 -0.030987
v 1.442079 0.280079 -0.030987
v 1.451079 0.271079 -0.025714
v 1.374712 0.194711 -0.025714
v 1.383712 0.185711 -0.030987
v 1.460079 0.262079 -0.030987
v 1.463807 0.258351 -0.043714
v 1.387439 0.181983 -0.043714
v 1.442079 0.280079 -0.056442
v 1.451079 0.271079 -0.061715
v 1.460079 0.262079 -0.056442
v 1.438351 0.283807 -0.043714
v 1.361984 0.207439 -0.043714
v 1.383712 0.185711 -0.056442
v 1.374712 0.194711 -0.061715
v 1.365712 0.203711 -0.056442
v 1.439799 0.259799 0.348036
v 1.420707 0.240707 0.348036
v 1.400039 0.261375 0.331160
v 1.419131 0.280466 0.331160
v 1.400039 0.261375 0.297410
v 1.419131 0.280466 0.297410
v 1.420707 0.240707 0.280535
v 1.439799 0.259799 0.280535
v 1.441375 0.220039 0.297410
v 1.460467 0.239131 0.297410
v 1.441375 0.220039 0.331160
v 1.460467 0.239131 0.331160
v 1.365712 0.203711 0.327013
v 1.442079 0.280079 0.327013
v 1.451079 0.271079 0.332286
v 1.374712 0.194711 0.332286
v 1.383712 0.185711 0.327013
v 1.460079 0.262079 0.327013
v 1.463807 0.258351 0.314286
v 1.387439 0.181983 0.314286
v 1.442079 0.280079 0.301558
v 1.451079 0.271079 0.296286
v 1.460079 0.262079 0.301558
v 1.438351 0.283807 0.314286
v 1.361984 0.207439 0.314286
v 1.383712 0.185711 0.301558
v 1.374712 0.194711 0.296286
v 1.365712 0.203711 0.301558
v 1.439799 0.259799 0.535035
v 1.420707 0.240707 0.535035
v 1.400039 0.261375 0.518160
v 1.419131 0.280466 0.518160
v 1.400039 0.261375 0.484410
v 1.419131 0.280466 0.484410
v 1.420707 0.240707 0.467535
v 1.439799 0.259799 0.467535
v 1.441375 0.220039 0.484410
v 1.460467 0.239131 0.484410
v 1.441375 0.220039 0.518160
v 1.460467 0.239131 0.518160
v 1.365712 0.203711 0.514013
v 1.442079 0.280079 0.514013
v 1.451079 0.271079 0.519286
v 1.374712 0.194711 0.519286
v 1.383712 0.185711 0.514013
v 1.460079 0.262079 0.514013
v 1.463807 0.258351 0.501286
v 1.387439 0.181983 0.501286
v 1.442079 0.280079 0.488558
v 1.451079 0.271079 0.483286
v 1.460079 0.262079 0.488558
v 1.438351 0.283807 0.501286
v 1.361984 0.207439 0.501286
v 1.383712 0.185711 0.488558
v 1.374712 0.194711 0.483286
v 1.365712 0.203711 0.488558
v 1.439799 0.259799 0.893036
v 1.420707 0.240707 0.893036
v 1.400039 0.261375 0.876161
v 1.419131 0.280466 0.876161
v 1.400039 0.261375 0.842410
v 1.419131 0.280466 0.842410
v 1.420707 0.240707 0.825536
v 1.439799 0.259799 0.825536
v 1.441375 0.220039 0.842410
v 1.460467 0.239131 0.842410
v 1.441375 0.220039 0.876161
v 1.460467 0.239131 0.876161
v 1.365712 0.203711 0.872013
v 1.442079 0.280079 0.872013
v 1.451079 0.271079 0.877286
v 1.374712 0.194711 0.877286
v 1.383712 0.185711 0.872013
v 1.460079 0.262079 0.872013
v 1.463807 0.258351 0.859286
v 1.387439 0.181983 0.859286
v 1.442079 0.280079 0.846558
v 1.451079 0.271079 0.841286
v 1.460079 0.262079 0.846558
v 1.438351 0.283807 0.859286
v 1.361984 0.207439 0.859286
v 1.383712 0.185711 0.846558
v 1.374712 0.194711 0.841286
v 1.365712 0.203711 0.846558
v 1.439799 0.259799 1.080036
v 1.420707 0.240707 1.080036
v 1.400039 0.261375 1.063161
v 1.419131 0.280466 1.063161
v 1.400039 0.261375 1.029410
v 1.419131 0.280466 1.029410
v 1.420707 0.240707 1.012536
v 1.439799 0.259799 1.012536
v 1.441375 0.220039 1.029410
v 1.460467 0.239131 1.029410
v 1.441375 0.220039 1.063161
v 1.460467 0.239131 1.063161
v 1.365712 0.203711 1.059013
v 1.442079 0.280079 1.059013
v 1.451079 0.271079 1.064286
v 1.374712 0.194711 1.064286
v 1.383712 0.185711 1.059013
v 1.460079 0.262079 1.059013
v 1.463807 0.258351 1.046286
v 1.387439 0.181983 1.046286
v 1.442079 0.280079 1.033558
v 1.451079 0.271079 1.028286
v 1.460079 0.262079 1.033558
v 1.438351 0.283807 1.046286
v 1.361984 0.207439 1.046286
v 1.383712 0.185711 1.033558
v 1.374712 0.194711 1.028286
v 1.365712 0.203711 1.033558
v 1.111516 -0.124974 0.999113
v 1.339031 0.100052 0.999113
v 1.353095 0.085832 1.019113
v 1.125580 -0.139194 1.019113
v 1.125580 -0.139194 0.888226
v 1.353095 0.085832 0.888226
v 1.339031 0.100052 0.908226
v 1.111516 -0.124974 0.908226
v -1.111516 -0.124974 0.908226
v -1.339031 0.100052 0.908226
v -1.353095 0.085832 0.888226
v -1.125580 -0.139194 0.888226
v -1.125580 -0.139194 1.019113
v -1.353095 0.085832 1.019113
v -1.339031 0.100052 0.999113
v -1.111516 -0.124974 0.999113
v 1.125580 -0.139194 1.070000
v 1.353095 0.085832 1.070000
v 1.339031 0.100052 1.090000
v 1.111516 -0.124974 1.090000
v 1.111516 -0.124974 -0.818625
v 1.339031 0.100052 -0.818625
v 1.353095 0.085832 -0.798625
v 1.125580 -0.139194 -0.798625
v -1.111516 -0.124974 1.090000
v -1.353095 0.085832 1.070000
v -1.125580 -0.139194 1.070000
v -1.125580 -0.139194 -0.798625
v -1.353095 0.085832 -0.798625
v -1.339031 0.100052 -0.818625
v -1.111516 -0.124974 -0.818625
v -1.111516 -0.124974 -0.545964
v -1.353095 0.085832 -0.565964
v -1.125580 -0.139194 -0.565964
v -1.125580 -0.139194 -0.253304
v -1.353095 0.085832 -0.253304
v -1.111516 -0.124974 -0.273304
v -1.111516 -0.124974 -0.000643
v -1.353095 0.085832 -0.020643
v -1.125580 -0.139194 -0.020643
v -1.125580 -0.139194 0.292018
v -1.353095 0.085832 0.292018
v -1.111516 -0.124974 0.272018
v -1.111516 -0.124974 0.544678
v -1.353095 0.085832 0.524679
v -1.125580 -0.139194 0.524679
v -1.125580 -0.139194 0.837339
v -1.353095 0.085832 0.837339
v -1.111516 -0.124974 0.817339
v 1.111516 -0.124974 0.817339
v 1.353095 0.085832 0.837339
v 1.125580 -0.139194 0.837339
v 1.125580 -0.139194 0.524679
v 1.353095 0.085832 0.524679
v 1.111516 -0.124974 0.544679
v 1.111516 -0.124974 0.272018
v 1.353095 0.085832 0.292018
v 1.125580 -0.139194 0.292018
v 1.125580 -0.139194 -0.020643
v 1.353095 0.085832 -0.020643
v 1.111516 -0.124974 -0.000643
v 1.111516 -0.124974 -0.273304
v 1.353095 0.085832 -0.253304
v 1.125580 -0.139194 -0.253304
v 1.125580 -0.139194 -0.565964
v 1.353095 0.085832 -0.565964
v 1.111516 -0.124974 -0.545964
v 1.111516 -0.124974 -0.091530
v 1.339031 0.100052 -0.091530
v 1.353095 0.085832 -0.071530
v 1.125580 -0.139194 -0.071530
v 1.125580 -0.139194 -0.202417
v 1.353095 0.085832 -0.202417
v 1.339031 0.100052 -0.182417
v 1.111516 -0.124974 -0.182417
v 1.111516 -0.124974 0.453792
v 1.339031 0.100052 0.453792
v 1.353095 0.085832 0.473791
v 1.125580 -0.139194 0.473791
v 1.125580 -0.139194 0.342905
v 1.353095 0.085832 0.342905
v 1.339031 0.100052 0.362905
v 1.111516 -0.124974 0.362905
v -1.111516 -0.124974 0.362905
v -1.339031 0.100052 0.362905
v -1.353095 0.085832 0.342905
v -1.125580 -0.139194 0.342905
v -1.125580 -0.139194 0.473791
v -1.353095 0.085832 0.473791
v -1.339031 0.100052 0.453792
v -1.111516 -0.124974 0.453792
v -1.111516 -0.124974 -0.182417
v -1.339031 0.100052 -0.182417
v -1.353095 0.085832 -0.202417
v -1.125580 -0.139194 -0.202417
v -1.125580 -0.139194 -0.071530
v -1.353095 0.085832 -0.071530
v -1.339031 0.100052 -0.091530
v -1.111516 -0.124974 -0.091530
v -1.111516 -0.124974 -0.727738
v -1.339031 0.100052 -0.727738
v -1.353095 0.085832 -0.747738
v -1.125580 -0.139194 -0.747738
v -1.125580 -0.139194 -0.616851
v -1.353095 0.085832 -0.616851
v -1.339031 0.100052 -0.636851
v -1.111516 -0.124974 -0.636851
v 1.111516 -0.124974 -0.636851
v 1.339031 0.100052 -0.636851
v 1.353095 0.085832 -0.616851
v 1.125580 -0.139194 -0.616851
v 1.125580 -0.139194 -0.747738
v 1.353095 0.085832 -0.747738
v 1.339031 0.100052 -0.727738
v 1.111516 -0.124974 -0.727738
v -1.130502 -0.144171 -0.773182
v -1.358018 0.080855 -0.773182
v -1.130502 -0.144171 -0.227860
v -1.358018 0.080855 -0.227860
v -1.130502 -0.144171 0.317461
v -1.358018 0.080855 0.317461
v -1.130502 -0.144171 0.862783
v -1.358018 0.080855 0.862783
v -1.130502 -0.144171 0.499235
v -1.358018 0.080855 0.499235
v -1.130502 -0.144171 -0.046086
v -1.358018 0.080855 -0.046086
v -1.130502 -0.144171 -0.591408
v -1.358018 0.080855 -0.591408
v -1.130502 -0.144171 1.044556
v -1.358018 0.080855 1.044556
v 1.130502 -0.144171 1.044556
v 1.358018 0.080855 1.044556
v 1.130502 -0.144171 0.499235
v 1.358018 0.080855 0.499235
v 1.130502 -0.144171 -0.046086
v 1.358018 0.080855 -0.046086
v 1.130502 -0.144171 -0.591408
v 1.358018 0.080855 -0.591408
v 1.130502 -0.144171 -0.227860
v 1.358018 0.080855 -0.227860
v 1.130502 -0.144171 0.317461
v 1.358018 0.080855 0.317461
v 1.130502 -0.144171 0.862783
v 1.358018 0.080855 0.862783
v 1.130502 -0.144171 -0.773182
v 1.358018 0.080855 -0.773182
v -0.341105 0.198901 1.261877
v -0.289626 0.250949 1.188546
v -0.711751 0.734272 -0.798625
v -0.725815 0.720052 -0.818625
v -0.270784 0.270000 -0.818625
v 0.711751 0.734272 -0.798625
v 0.725815 0.720052 -0.818625
v 0.256720 0.284220 1.068500
v 0.711751 0.734272 1.068500
v 0.725815 0.720052 1.088500
v 0.270784 0.270000 1.088500
v 0.256720 0.284220 -0.747810
v 0.711751 0.734272 -0.747810
v 0.725815 0.720052 -0.727810
v 0.270784 0.270000 -0.727810
v 0.270784 0.270000 -0.636994
v 0.725815 0.720052 -0.636994
v 0.711751 0.734272 -0.616994
v 0.256720 0.284220 -0.616994
v 0.711751 0.734272 -0.566179
v 0.725815 0.720052 -0.546179
v 0.270784 0.270000 -0.546179
v 0.270784 0.270000 -0.273732
v 0.725815 0.720052 -0.273732
v 0.711751 0.734272 -0.253732
v 0.711751 0.734272 -0.202917
v 0.725815 0.720052 -0.182917
v 0.270784 0.270000 -0.092101
v 0.725815 0.720052 -0.092101
v 0.711751 0.734272 -0.072101
v 0.256720 0.284220 -0.072101
v 0.711751 0.734272 -0.021286
v 0.725815 0.720052 -0.001286
v 0.270784 0.270000 -0.001286
v 0.270784 0.270000 0.271161
v 0.725815 0.720052 0.271161
v 0.711751 0.734272 0.291161
v 0.256720 0.284220 0.341976
v 0.711751 0.734272 0.341976
v 0.725815 0.720052 0.361976
v 0.270784 0.270000 0.361976
v 0.270784 0.270000 0.452792
v 0.725815 0.720052 0.452792
v 0.711751 0.734272 0.472791
v 0.256720 0.284220 0.472792
v 0.711751 0.734272 0.523607
v 0.725815 0.720052 0.543607
v 0.270784 0.270000 0.816054
v 0.725815 0.720052 0.816053
v 0.711751 0.734272 0.836053
v 0.256720 0.284220 0.836053
v 0.256720 0.284220 0.886869
v 0.711751 0.734272 0.886869
v 0.725815 0.720052 0.906869
v 0.270784 0.270000 0.906869
v -0.711751 0.734272 1.068500
v -0.256720 0.284220 1.068500
v -0.270784 0.270000 1.088500
v -0.725815 0.720052 1.088500
v -0.256720 0.284220 1.017684
v -0.711751 0.734272 1.017684
v -0.725815 0.720052 0.997684
v -0.270784 0.270000 0.997684
v -0.711751 0.734272 0.836053
v -0.725815 0.720052 0.816054
v -0.270784 0.270000 0.906869
v -0.725815 0.720052 0.906869
v -0.711751 0.734272 0.886869
v -0.256720 0.284220 0.472792
v -0.711751 0.734272 0.472792
v -0.725815 0.720052 0.452792
v -0.270784 0.270000 0.452792
v -0.270784 0.270000 0.543607
v -0.725815 0.720052 0.543607
v -0.711751 0.734272 0.523607
v -0.256720 0.284220 0.523607
v -0.256720 0.284220 0.291161
v -0.711751 0.734272 0.291161
v -0.725815 0.720052 0.271161
v -0.270784 0.270000 0.271161
v -0.270784 0.270000 0.361976
v -0.725815 0.720052 0.361976
v -0.711751 0.734272 0.341976
v -0.256720 0.284220 -0.072101
v -0.270784 0.270000 -0.092101
v -0.270784 0.270000 -0.001286
v -0.711751 0.734272 -0.253732
v -0.725815 0.720052 -0.273732
v -0.270784 0.270000 -0.182917
v -0.725815 0.720052 -0.182917
v -0.711751 0.734272 -0.202917
v -0.256720 0.284220 -0.202917
v -0.256720 0.284220 -0.616994
v -0.711751 0.734272 -0.616994
v -0.725815 0.720052 -0.636994
v -0.270784 0.270000 -0.636994
v -0.725815 0.720052 -0.546179
v -0.711751 0.734272 -0.566179
v 0.270784 0.270000 0.997684
v 0.725815 0.720052 0.997684
v 0.711751 0.734272 1.017684
v 0.256720 0.284220 1.017684
v 0.706828 0.739249 -0.773217
v 0.251797 0.289197 -0.773217
v 0.251797 0.289197 1.043092
v 0.706828 0.739249 1.043092
v 0.706828 0.739249 -0.591586
v 0.706828 0.739249 -0.228324
v 0.706828 0.739249 -0.046693
v 0.706828 0.739249 0.316568
v 0.706828 0.739249 0.498199
v 0.251797 0.289197 0.498199
v 0.706828 0.739249 0.861461
v 0.251797 0.289197 0.861461
v -0.270784 0.270000 -0.727810
v -0.725815 0.720052 -0.727810
v -0.711751 0.734272 -0.747810
v -0.256720 0.284220 -0.747810
v -0.706828 0.739249 -0.773217
v -0.706828 0.739249 1.043092
v -0.251797 0.289196 1.043092
v -0.706828 0.739249 0.861461
v -0.251797 0.289196 0.498199
v -0.706828 0.739249 0.498199
v -0.706828 0.739249 0.316568
v -0.251797 0.289196 -0.228325
v -0.706828 0.739249 -0.228325
v -0.251797 0.289196 -0.591586
v -0.706828 0.739249 -0.591586
v 0.884000 -0.350000 -0.818625
v -0.289626 0.250949 -0.918625
v -0.884000 -0.350000 -0.818625
v 0.289626 0.250949 -0.918625
v 0.884000 -0.350000 1.090000
v 0.230468 0.268101 -0.773217
v 0.249454 0.248904 -0.273732
v 0.249454 0.248904 -0.727810
v 0.235390 0.263124 -0.747810
v 0.249454 0.248904 -0.546179
v 0.249455 0.248904 0.361976
v 0.235390 0.263123 0.341976
v 0.235390 0.263124 1.017684
v 0.249454 0.248904 0.997684
v 0.249454 0.248904 -0.001286
v 0.235390 0.263123 0.836053
v 0.249454 0.248904 0.816054
v 0.235390 0.263124 0.472792
v 0.249454 0.248904 0.452792
v 0.249454 0.248904 0.906869
v 0.235390 0.263123 0.886869
v 0.249454 0.248904 1.088500
v 0.235390 0.263123 1.068500
v 0.235390 0.263123 -0.616994
v 0.230468 0.268100 1.043092
v 0.249454 0.248904 -0.636994
v 0.235390 0.263124 -0.072101
v 0.249454 0.248904 -0.092101
v 0.230468 0.268101 0.498199
v 0.230468 0.268100 0.861461
v 0.249454 0.248904 0.271161
v -0.249454 0.248904 0.906869
v -0.230468 0.268100 1.043092
v -0.235390 0.263123 1.068500
v -0.235390 0.263123 -0.747810
v -0.249454 0.248904 -0.727810
v -0.235390 0.263123 0.472792
v -0.230468 0.268100 0.498199
v -0.235390 0.263123 0.291161
v -0.249454 0.248904 0.997684
v -0.235390 0.263123 1.017684
v -0.249454 0.248904 0.271161
v -0.230468 0.268100 -0.228325
v -0.249454 0.248904 -0.818625
v -0.235390 0.263123 -0.072101
v -0.249454 0.248904 -0.092101
v -0.230468 0.268100 -0.591586
v -0.249454 0.248904 -0.636994
v -0.235390 0.263123 -0.616994
v -0.235390 0.263123 0.523607
v -0.249454 0.248904 1.088500
v -0.249454 0.248904 -0.001286
v -0.249454 0.248904 0.452792
v -0.249454 0.248904 0.543607
v -0.249454 0.248904 0.361976
v -0.235390 0.263123 -0.202917
v -0.249454 0.248904 -0.182917
v -0.875006 -0.309990 -0.843625
v -0.875006 -0.309990 1.115000
v -1.075006 -0.309990 1.115000
v -1.075006 -0.309990 -0.843625
v 1.075006 -0.309990 1.115000
v 1.075006 -0.309990 -0.843625
v 1.156912 -0.228980 -0.843625
v 1.156912 -0.228980 1.115000
v 1.128064 -0.059202 1.140000
v 0.900233 -0.284990 1.140000
v 1.064731 -0.284990 1.140000
v 1.131675 -0.218779 1.140000
v -1.156912 -0.228981 1.115000
v -1.156912 -0.228980 -0.843625
v -1.152522 -0.034964 1.115000
v -1.152522 -0.034964 -0.843625
v 1.152522 -0.034964 -0.843625
v 1.152522 -0.034964 1.115000
v -1.128064 -0.059202 -0.868625
v -0.900233 -0.284990 -0.868625
v -1.064731 -0.284990 -0.868625
v -1.131675 -0.218779 -0.868625
v 0.900232 -0.284990 -0.868625
v 1.128064 -0.059202 -0.868625
v 1.131675 -0.218779 -0.868625
v 1.064731 -0.284990 -0.868625
v 0.875006 -0.309990 1.115000
v 0.875006 -0.309990 -0.843625
v -1.064731 -0.284990 1.140000
v -1.131675 -0.218779 1.140000
v -1.128064 -0.059203 1.140000
v -0.900233 -0.284990 1.140000
v -0.884000 -0.350000 1.090000
v -1.369799 0.789799 -0.648665
v -1.350707 0.770707 -0.648665
v -1.330039 0.791375 -0.665540
v -1.349131 0.810466 -0.665540
v -1.330039 0.791375 -0.699290
v -1.349131 0.810466 -0.699290
v -1.350707 0.770707 -0.716165
v -1.369799 0.789799 -0.716165
v -1.371375 0.750039 -0.699290
v -1.390466 0.769131 -0.699290
v -1.371375 0.750039 -0.665540
v -1.390466 0.769131 -0.665540
v -1.295712 0.733711 -0.669687
v -1.372079 0.810079 -0.669687
v -1.381079 0.801079 -0.664415
v -1.304711 0.724711 -0.664415
v -1.313712 0.715711 -0.669687
v -1.390079 0.792079 -0.669687
v -1.393807 0.788351 -0.682415
v -1.317439 0.711983 -0.682415
v -1.372079 0.810079 -0.695143
v -1.381079 0.801079 -0.700415
v -1.390079 0.792079 -0.695143
v -1.368351 0.813807 -0.682415
v -1.291983 0.737439 -0.682415
v -1.313712 0.715711 -0.695143
v -1.304711 0.724711 -0.700415
v -1.295712 0.733711 -0.695143
v -1.369799 0.789799 -0.103765
v -1.350707 0.770707 -0.103765
v -1.330039 0.791375 -0.120640
v -1.349131 0.810466 -0.120640
v -1.330039 0.791375 -0.154390
v -1.349131 0.810466 -0.154390
v -1.350707 0.770707 -0.171265
v -1.369799 0.789799 -0.171265
v -1.371375 0.750039 -0.154390
v -1.390466 0.769131 -0.154390
v -1.371375 0.750039 -0.120640
v -1.390466 0.769131 -0.120640
v -1.295712 0.733711 -0.124787
v -1.372079 0.810079 -0.124787
v -1.381079 0.801079 -0.119515
v -1.304711 0.724711 -0.119515
v -1.313712 0.715711 -0.124787
v -1.390079 0.792079 -0.124787
v -1.393807 0.788351 -0.137515
v -1.317439 0.711983 -0.137515
v -1.372079 0.810079 -0.150243
v -1.381079 0.801079 -0.155515
v -1.390079 0.792079 -0.150243
v -1.368351 0.813807 -0.137515
v -1.291983 0.737439 -0.137515
v -1.313712 0.715711 -0.150243
v -1.304711 0.724711 -0.155515
v -1.295712 0.733711 -0.150243
v -1.369799 0.789799 0.441135
v -1.350707 0.770707 0.441135
v -1.330039 0.791375 0.424260
v -1.349131 0.810466 0.424260
v -1.330039 0.791375 0.390510
v -1.349131 0.810466 0.390510
v -1.350707 0.770707 0.373635
v -1.369799 0.789799 0.373635
v -1.371375 0.750039 0.390510
v -1.390466 0.769131 0.390510
v -1.371375 0.750039 0.424260
v -1.390466 0.769131 0.424260
v -1.295712 0.733711 0.420113
v -1.372079 0.810079 0.420113
v -1.381079 0.801079 0.425385
v -1.304711 0.724711 0.425385
v -1.313712 0.715711 0.420113
v -1.390079 0.792079 0.420113
v -1.393807 0.788351 0.407385
v -1.317439 0.711983 0.407385
v -1.372079 0.810079 0.394657
v -1.381079 0.801079 0.389385
v -1.390079 0.792079 0.394657
v -1.368351 0.813807 0.407385
v -1.291983 0.737439 0.407385
v -1.313712 0.715711 0.394657
v -1.304711 0.724711 0.389385
v -1.295712 0.733711 0.394657
v -1.369799 0.789799 0.986035
v -1.350707 0.770707 0.986035
v -1.330039 0.791375 0.969160
v -1.349131 0.810466 0.969160
v -1.330039 0.791375 0.935410
v -1.349131 0.810466 0.935410
v -1.350707 0.770707 0.918535
v -1.369799 0.789799 0.918535
v -1.371375 0.750039 0.935410
v -1.390466 0.769131 0.935410
v -1.371375 0.750039 0.969160
v -1.390466 0.769131 0.969160
v -1.295712 0.733711 0.965013
v -1.372079 0.810079 0.965013
v -1.381079 0.801079 0.970285
v -1.304711 0.724711 0.970285
v -1.313712 0.715711 0.965013
v -1.390079 0.792079 0.965013
v -1.393807 0.788351 0.952285
v -1.317439 0.711983 0.952285
v -1.372079 0.810079 0.939557
v -1.381079 0.801079 0.934285
v -1.390079 0.792079 0.939557
v -1.368351 0.813807 0.952285
v -1.291983 0.737439 0.952285
v -1.313712 0.715711 0.939557
v -1.304711 0.724711 0.934285
v -1.295712 0.733711 0.939557
v 1.369799 0.789799 -0.648665
v 1.350707 0.770707 -0.648665
v 1.330039 0.791375 -0.665540
v 1.349131 0.810466 -0.665540
v 1.330039 0.791375 -0.699290
v 1.349131 0.810466 -0.699290
v 1.350707 0.770707 -0.716165
v 1.369799 0.789799 -0.716165
v 1.371375 0.750039 -0.699290
v 1.390466 0.769131 -0.699290
v 1.371375 0.750039 -0.665540
v 1.390466 0.769131 -0.665540
v 1.295712 0.733711 -0.669687
v 1.372079 0.810079 -0.669687
v 1.381079 0.801079 -0.664415
v 1.304711 0.724711 -0.664415
v 1.313712 0.715711 -0.669687
v 1.390079 0.792079 -0.669687
v 1.393807 0.788351 -0.682415
v 1.317439 0.711983 -0.682415
v 1.372079 0.810079 -0.695143
v 1.381079 0.801079 -0.700415
v 1.390079 0.792079 -0.695143
v 1.368351 0.813807 -0.682415
v 1.291983 0.737439 -0.682415
v 1.313712 0.715711 -0.695143
v 1.304711 0.724711 -0.700415
v 1.295712 0.733711 -0.695143
v 1.369799 0.789799 -0.103765
v 1.350707 0.770707 -0.103765
v 1.330039 0.791375 -0.120640
v 1.349131 0.810466 -0.120640
v 1.330039 0.791375 -0.154390
v 1.349131 0.810466 -0.154390
v 1.350707 0.770707 -0.171265
v 1.369799 0.789799 -0.171265
v 1.371375 0.750039 -0.154390
v 1.390466 0.769131 -0.154390
v 1.371375 0.750039 -0.120640
v 1.390466 0.769131 -0.120640
v 1.295712 0.733711 -0.124787
v 1.372079 0.810079 -0.124787
v 1.381079 0.801079 -0.119515
v 1.304711 0.724711 -0.119515
v 1.313712 0.715711 -0.124787
v 1.390079 0.792079 -0.124787
v 1.393807 0.788351 -0.137515
v 1.317439 0.711983 -0.137515
v 1.372079 0.810079 -0.150243
v 1.381079 0.801079 -0.155515
v 1.390079 0.792079 -0.150243
v 1.368351 0.813807 -0.137515
v 1.291983 0.737439 -0.137515
v 1.313712 0.715711 -0.150243
v 1.304711 0.724711 -0.155515
v 1.295712 0.733711 -0.150243
v 1.369799 0.789799 0.441135
v 1.350707 0.770707 0.441135
v 1.330039 0.791375 0.424260
v 1.349131 0.810466 0.424260
v 1.330039 0.791375 0.390510
v 1.349131 0.810466 0.390510
v 1.350707 0.770707 0.373635
v 1.369799 0.789799 0.373635
v 1.371375 0.750039 0.390510
v 1.390466 0.769131 0.390510
v 1.371375 0.750039 0.424260
v 1.390466 0.769131 0.424260
v 1.295712 0.733711 0.420113
v 1.372079 0.810079 0.420113
v 1.381079 0.801079 0.425385
v 1.304711 0.724711 0.425385
v 1.313712 0.715711 0.420113
v 1.390079 0.792079 0.420113
v 1.393807 0.788351 0.407385
v 1.317439 0.711983 0.407385
v 1.372079 0.810079 0.394657
v 1.381079 0.801079 0.389385
v 1.390079 0.792079 0.394657
v 1.368351 0.813807 0.407385
v 1.291983 0.737439 0.407385
v 1.313712 0.715711 0.394657
v 1.304711 0.724711 0.389385
v 1.295712 0.733711 0.394657
v 1.369799 0.789799 0.986035
v 1.350707 0.770707 0.986035
v 1.330039 0.791375 0.969160
v 1.349131 0.810466 0.969160
v 1.330039 0.791375 0.935410
v 1.349131 0.810466 0.935410
v 1.350707 0.770707 0.918535
v 1.369799 0.789799 0.918535
v 1.371375 0.750039 0.935410
v 1.390466 0.769131 0.935410
v 1.371375 0.750039 0.969160
v 1.390466 0.769131 0.969160
v 1.295712 0.733711 0.965013
v 1.372079 0.810079 0.965013
v 1.381079 0.801079 0.970285
v 1.304711 0.724711 0.970285
v 1.313712 0.715711 0.965013
v 1.390079 0.792079 0.965013
v 1.393807 0.788351 0.952285
v 1.317439 0.711983 0.952285
v 1.372079 0.810079 0.939557
v 1.381079 0.801079 0.934285
v 1.390079 0.792079 0.939557
v 1.368351 0.813807 0.952285
v 1.291983 0.737439 0.952285
v 1.313712 0.715711 0.939557
v 1.304711 0.724711 0.934285
v 1.295712 0.733711 0.939557
v 0.341105 0.198901 -0.991830
v -0.341105 0.198901 -0.991830
v 0.341105 0.198901 1.261877
v 0.289626 0.250949 1.188546
v -0.220335 1.330499 1.342776
v -0.119837 1.397311 1.342776
v -0.123989 1.407337 1.302276
v -0.227839 1.338338 1.302276
v -0.199833 1.309083 1.372424
v -0.108491 1.369920 1.372424
v -0.171827 1.279827 1.383276
v -0.092992 1.332503 1.383276
v -0.143821 1.250571 1.372424
v -0.077493 1.295086 1.372425
v -0.123319 1.229155 1.342777
v -0.066148 1.267694 1.342777
v -0.115814 1.221316 1.302276
v -0.061995 1.257668 1.302276
v -0.123319 1.229155 1.261776
v -0.066148 1.267694 1.261777
v -0.143821 1.250571 1.232128
v -0.077493 1.295086 1.232128
v -0.171827 1.279827 1.221276
v -0.092992 1.332503 1.221276
v -0.199833 1.309083 1.232128
v -0.108491 1.369920 1.232128
v -0.220335 1.330499 1.261776
v -0.119837 1.397311 1.261776
v 0.000000 1.421148 1.342776
v 0.000000 1.432000 1.302276
v 0.000000 1.391500 1.372424
v 0.000000 1.351000 1.383276
v 0.000000 1.310500 1.372425
v 0.000000 1.280852 1.342777
v 0.000000 1.270000 1.302276
v 0.000000 1.280852 1.261776
v 0.000000 1.310500 1.232128
v 0.000000 1.351000 1.221276
v 0.000000 1.391500 1.232128
v 0.000000 1.421148 1.261776
v 0.119836 1.397311 1.342776
v 0.123989 1.407337 1.302276
v 0.108491 1.369920 1.372424
v 0.092992 1.332503 1.383276
v 0.077493 1.295086 1.372425
v 0.066148 1.267694 1.342777
v 0.061995 1.257669 1.302276
v 0.066147 1.267694 1.261776
v 0.077493 1.295086 1.232128
v 0.092992 1.332503 1.221276
v 0.108491 1.369920 1.232128
v 0.119836 1.397311 1.261776
v 0.221429 1.329429 1.342776
v 0.229103 1.337103 1.302276
v 0.200465 1.308465 1.372424
v 0.171827 1.279827 1.383276
v 0.143189 1.251189 1.372424
v 0.122225 1.230225 1.342777
v 0.114551 1.222551 1.302276
v 0.122225 1.230225 1.261776
v 0.143189 1.251189 1.232128
v 0.171827 1.279827 1.221276
v 0.200465 1.308465 1.232128
v 0.221429 1.329429 1.261776
v 0.289311 1.227837 1.342776
v 0.299337 1.231990 1.302276
v 0.261920 1.216491 1.372424
v 0.224503 1.200992 1.383276
v 0.187086 1.185493 1.372424
v 0.159694 1.174148 1.342777
v 0.149668 1.169995 1.302276
v 0.159694 1.174148 1.261776
v 0.187086 1.185493 1.232128
v 0.224503 1.200992 1.221276
v 0.261920 1.216491 1.232128
v 0.289311 1.227837 1.261776
v 0.313148 1.108000 1.342776
v 0.324000 1.108000 1.302276
v 0.283500 1.108000 1.372424
v 0.243000 1.108000 1.383276
v 0.202500 1.108000 1.372424
v 0.172852 1.108000 1.342777
v 0.162000 1.108000 1.302276
v 0.172852 1.108000 1.261776
v 0.202500 1.108000 1.232128
v 0.243000 1.108000 1.221276
v 0.283500 1.108000 1.232128
v 0.313148 1.108000 1.261776
v 0.288907 0.986069 1.341971
v 0.299367 0.984096 1.301416
v 0.261190 0.995796 1.371889
v 0.223642 1.010671 1.383156
v 0.186325 1.026708 1.372750
v 0.159238 1.039610 1.343462
v 0.149638 1.045920 1.303137
v 0.160098 1.043947 1.262582
v 0.187816 1.034220 1.232663
v 0.225363 1.019345 1.221397
v 0.262680 1.003308 1.231802
v 0.289768 0.990406 1.261091
v 0.219771 0.882562 1.329535
v 0.229312 0.879210 1.288844
v 0.197384 0.900279 1.360243
v 0.168149 0.927614 1.372739
v 0.139900 0.957242 1.363675
v 0.120205 0.981225 1.335480
v 0.114342 0.993136 1.295708
v 0.123883 0.989784 1.255017
v 0.146269 0.972067 1.224310
v 0.175504 0.944732 1.211814
v 0.203754 0.915104 1.220878
v 0.223449 0.891122 1.249073
v 0.117661 0.814334 1.316466
v 0.124558 0.809216 1.275427
v 0.104154 0.837985 1.348345
v 0.087656 0.873830 1.362520
v 0.072588 0.912266 1.355195
v 0.062988 0.942993 1.328331
v 0.061426 0.957778 1.289126
v 0.068323 0.952660 1.248087
v 0.081830 0.929010 1.216208
v 0.098328 0.893164 1.202033
v 0.113396 0.854729 1.209358
v 0.122997 0.824001 1.236222
v -0.003340 0.790266 1.303335
v 0.001103 0.784659 1.262021
v -0.006888 0.815897 1.336327
v -0.008590 0.854686 1.352157
v -0.007991 0.896238 1.346582
v -0.005250 0.929420 1.321098
v -0.001103 0.945341 1.282532
v 0.003340 0.939734 1.241218
v 0.006888 0.914103 1.208226
v 0.008590 0.875314 1.192396
v 0.007991 0.833762 1.197971
v 0.005250 0.800580 1.223455
v -0.124843 0.814434 1.290148
v -0.122186 0.809183 1.248634
v -0.118966 0.838191 1.324193
v -0.106128 0.874087 1.341648
v -0.089771 0.912505 1.337836
v -0.074277 0.943150 1.313777
v -0.063798 0.957811 1.275919
v -0.061141 0.952560 1.234405
v -0.067019 0.928804 1.200359
v -0.079856 0.892907 1.182905
v -0.096213 0.854490 1.186717
v -0.111707 0.823844 1.210776
v -0.228231 0.883516 1.276910
v -0.226518 0.878896 1.235272
v -0.214830 0.902245 1.311948
v -0.189906 0.930066 1.330997
v -0.160138 0.959523 1.328952
v -0.133502 0.982723 1.306363
v -0.117136 0.993451 1.269281
v -0.115423 0.988830 1.227643
v -0.128824 0.970101 1.192605
v -0.153748 0.942281 1.173556
v -0.183516 0.912824 1.175601
v -0.210152 0.889623 1.198190
v -0.296919 0.986351 1.264542
v -0.296722 0.984003 1.222679
v -0.277711 0.996377 1.300438
v -0.244247 1.011396 1.320750
v -0.205492 1.027382 1.320035
v -0.171831 1.040053 1.298485
v -0.152283 1.046013 1.261874
v -0.152087 1.043665 1.220011
v -0.171294 1.033638 1.184115
v -0.204759 1.018620 1.163803
v -0.243514 1.002634 1.164517
v -0.277175 0.989963 1.186068
v -0.321104 1.108000 1.263744
v -0.321373 1.108000 1.221816
v -0.299906 1.108000 1.299919
v -0.263461 1.108000 1.320650
v -0.221533 1.108000 1.320380
v -0.185357 1.108000 1.299183
v -0.164627 1.108000 1.262737
v -0.164896 1.108000 1.220809
v -0.186094 1.108000 1.184634
v -0.222539 1.108000 1.163903
v -0.264467 1.108000 1.164173
v -0.300643 1.108000 1.185370
v -0.296661 1.230881 1.263744
v -0.296910 1.230984 1.221816
v -0.277077 1.222769 1.299919
v -0.243406 1.208822 1.320650
v -0.204670 1.192777 1.320380
v -0.171248 1.178933 1.299183
v -0.152095 1.171000 1.262737
v -0.152344 1.171103 1.220809
v -0.171928 1.179215 1.184634
v -0.205599 1.193162 1.163903
v -0.244336 1.209207 1.164173
v -0.277758 1.223051 1.185370
v -0.227055 1.335055 1.263744
v -0.227245 1.335245 1.221816
v -0.212066 1.320066 1.299919
v -0.186295 1.294295 1.320650
v -0.156647 1.264647 1.320380
v -0.131067 1.239067 1.299183
v -0.116409 1.224409 1.262737
v -0.116599 1.224599 1.220809
v -0.131588 1.239588 1.184634
v -0.157359 1.265359 1.163903
v -0.187006 1.295007 1.164173
v -0.212587 1.320587 1.185370
v -0.122881 1.404661 1.263744
v -0.122984 1.404910 1.221816
v -0.114769 1.385077 1.299919
v -0.100822 1.351406 1.320650
v -0.084777 1.312670 1.320380
v -0.070933 1.279248 1.299183
v -0.063000 1.260095 1.262737
v -0.063103 1.260345 1.220809
v -0.071215 1.279928 1.184634
v -0.085162 1.313599 1.163903
v -0.101207 1.352336 1.164173
v -0.115051 1.385758 1.185370
v 0.000000 1.429104 1.263744
v 0.000000 1.429373 1.221816
v 0.000000 1.407906 1.299919
v 0.000000 1.371461 1.320650
v 0.000000 1.329533 1.320380
v 0.000000 1.293357 1.299183
v 0.000000 1.272627 1.262737
v 0.000000 1.272897 1.220809
v 0.000000 1.294094 1.184634
v 0.000000 1.330539 1.163903
v 0.000000 1.372467 1.164173
v 0.000000 1.408643 1.185370
v 0.122881 1.404661 1.263744
v 0.122984 1.404910 1.221816
v 0.114769 1.385077 1.299919
v 0.100822 1.351406 1.320650
v 0.084777 1.312670 1.320380
v 0.070933 1.279248 1.299183
v 0.063000 1.260095 1.262737
v 0.063103 1.260345 1.220809
v 0.071215 1.279928 1.184634
v 0.085162 1.313599 1.163903
v 0.101207 1.352336 1.164173
v 0.115051 1.385758 1.185370
v 0.225837 1.336246 1.263744
v 0.226023 1.336441 1.221816
v 0.211178 1.320934 1.299919
v 0.185976 1.294607 1.320650
v 0.156982 1.264320 1.320380
v 0.131966 1.238188 1.299183
v 0.117631 1.223213 1.262737
v 0.117817 1.223408 1.220809
v 0.132476 1.238720 1.184634
v 0.157678 1.265047 1.163903
v 0.186672 1.295334 1.164173
v 0.211688 1.321466 1.185370
v 0.119836 1.397311 1.634170
v 0.216917 1.333564 1.634170
v 0.223893 1.341877 1.593670
v 0.123989 1.407337 1.593670
v 0.108491 1.369920 1.663818
v 0.197860 1.310852 1.663818
v 0.092992 1.332503 1.674670
v 0.171827 1.279827 1.674671
v 0.077493 1.295086 1.663818
v 0.145794 1.248802 1.663818
v 0.066148 1.267694 1.634170
v 0.126737 1.226091 1.634170
v 0.061995 1.257669 1.593670
v 0.119761 1.217777 1.593670
v 0.066147 1.267694 1.553170
v 0.126737 1.226091 1.553170
v 0.077493 1.295086 1.523522
v 0.145794 1.248802 1.523522
v 0.092992 1.332503 1.512671
v 0.171827 1.279827 1.512670
v 0.108491 1.369920 1.523522
v 0.197860 1.310852 1.523522
v 0.119836 1.397311 1.553170
v 0.216917 1.333564 1.553170
v 0.289311 1.227837 1.634170
v 0.299337 1.231990 1.593670
v 0.261920 1.216491 1.663818
v 0.224503 1.200992 1.674670
v 0.187086 1.185493 1.663818
v 0.159694 1.174148 1.634170
v 0.149668 1.169995 1.593670
v 0.159694 1.174148 1.553170
v 0.187086 1.185493 1.523522
v 0.224503 1.200992 1.512671
v 0.261920 1.216491 1.523522
v 0.289311 1.227837 1.553170
v 0.313148 1.108000 1.634170
v 0.324000 1.108000 1.593670
v 0.283500 1.108000 1.663818
v 0.243000 1.108000 1.674670
v 0.202500 1.108000 1.663818
v 0.172852 1.108000 1.634170
v 0.162000 1.108000 1.593670
v 0.172852 1.108000 1.553170
v 0.202500 1.108000 1.523522
v 0.243000 1.108000 1.512671
v 0.283500 1.108000 1.523522
v 0.313148 1.108000 1.553170
v 0.289311 0.988163 1.634170
v 0.299337 0.984011 1.593670
v 0.261920 0.999509 1.663818
v 0.224503 1.015008 1.674670
v 0.187086 1.030507 1.663818
v 0.159694 1.041852 1.634170
v 0.149668 1.046005 1.593670
v 0.159694 1.041852 1.553170
v 0.187086 1.030507 1.523522
v 0.224503 1.015008 1.512671
v 0.261920 0.999509 1.523522
v 0.289311 0.988163 1.553170
v 0.221429 0.886571 1.634170
v 0.229103 0.878897 1.593670
v 0.200465 0.907535 1.663818
v 0.171827 0.936173 1.674670
v 0.143189 0.964811 1.663818
v 0.122225 0.985775 1.634170
v 0.114551 0.993449 1.593670
v 0.122225 0.985775 1.553170
v 0.143189 0.964811 1.523522
v 0.171827 0.936173 1.512671
v 0.200465 0.907535 1.523522
v 0.221429 0.886571 1.553170
v 0.125383 0.821275 1.634170
v 0.130394 0.811649 1.593670
v 0.111693 0.847573 1.663818
v 0.092992 0.883497 1.674671
v 0.074291 0.919421 1.663818
v 0.060601 0.945719 1.634170
v 0.055590 0.955345 1.593670
v 0.060601 0.945719 1.553170
v 0.074291 0.919421 1.523522
v 0.092992 0.883497 1.512670
v 0.111693 0.847573 1.523522
v 0.125383 0.821275 1.553170
v 0.000000 0.794852 1.634170
v 0.000000 0.784000 1.593670
v 0.000000 0.824500 1.663818
v 0.000000 0.865000 1.674670
v 0.000000 0.905500 1.663818
v 0.000000 0.935148 1.634170
v 0.000000 0.946000 1.593670
v 0.000000 0.935148 1.553170
v 0.000000 0.905500 1.523522
v 0.000000 0.865000 1.512671
v 0.000000 0.824500 1.523522
v 0.000000 0.794852 1.553170
v -0.119837 0.818689 1.634170
v -0.123989 0.808663 1.593670
v -0.108491 0.846080 1.663818
v -0.092992 0.883497 1.674670
v -0.077493 0.920914 1.663818
v -0.066148 0.948306 1.634170
v -0.061995 0.958332 1.593670
v -0.066148 0.948306 1.553170
v -0.077493 0.920915 1.523522
v -0.092992 0.883497 1.512671
v -0.108491 0.846080 1.523522
v -0.119837 0.818689 1.553170
v -0.221429 0.886571 1.634170
v -0.229103 0.878897 1.593670
v -0.200465 0.907535 1.663818
v -0.171827 0.936173 1.674670
v -0.143189 0.964811 1.663818
v -0.122225 0.985775 1.634170
v -0.114551 0.993449 1.593670
v -0.122225 0.985775 1.553170
v -0.143189 0.964811 1.523522
v -0.171827 0.936173 1.512670
v -0.200465 0.907535 1.523522
v -0.221429 0.886571 1.553170
v -0.289311 0.988163 1.634170
v -0.299337 0.984011 1.593670
v -0.261920 0.999509 1.663818
v -0.224503 1.015008 1.674670
v -0.187086 1.030507 1.663818
v -0.159694 1.041852 1.634170
v -0.149668 1.046005 1.593670
v -0.159694 1.041852 1.553170
v -0.187086 1.030507 1.523522
v -0.224503 1.015008 1.512670
v -0.261920 0.999509 1.523522
v -0.289311 0.988163 1.553170
v -0.313148 1.108000 1.634170
v -0.324000 1.108000 1.593670
v -0.283500 1.108000 1.663818
v -0.243000 1.108000 1.674670
v -0.202500 1.108000 1.663818
v -0.172852 1.108000 1.634170
v -0.162000 1.108000 1.593670
v -0.172852 1.108000 1.553170
v -0.202500 1.108000 1.523522
v -0.243000 1.108000 1.512671
v -0.283500 1.108000 1.523522
v -0.313148 1.108000 1.553170
v -0.289311 1.227837 1.634170
v -0.299337 1.231990 1.593670
v -0.261920 1.216491 1.663818
v -0.224503 1.200992 1.674670
v -0.187086 1.185493 1.663818
v -0.159694 1.174148 1.634170
v -0.149668 1.169995 1.593670
v -0.159694 1.174148 1.553170
v -0.187086 1.185493 1.523522
v -0.224503 1.200992 1.512671
v -0.261920 1.216491 1.523522
v -0.289311 1.227837 1.553170
v -0.221429 1.329429 1.634170
v -0.229103 1.337103 1.593670
v -0.200465 1.308465 1.663818
v -0.171827 1.279827 1.674671
v -0.143189 1.251189 1.663818
v -0.122225 1.230225 1.634170
v -0.114551 1.222551 1.593670
v -0.122225 1.230225 1.553170
v -0.143189 1.251189 1.523522
v -0.171827 1.279827 1.512671
v -0.200465 1.308465 1.523522
v -0.221429 1.329429 1.553170
v -0.119837 1.397311 1.634170
v -0.123989 1.407337 1.593670
v -0.108491 1.369920 1.663818
v -0.092992 1.332503 1.674670
v -0.077493 1.295086 1.663818
v -0.066148 1.267694 1.634170
v -0.061995 1.257668 1.593670
v -0.066148 1.267694 1.553170
v -0.077493 1.295086 1.523522
v -0.092992 1.332503 1.512671
v -0.108491 1.369920 1.523522
v -0.119837 1.397311 1.553170
v 0.000000 1.421148 1.634170
v 0.000000 1.432000 1.593670
v 0.000000 1.391500 1.663818
v 0.000000 1.351000 1.674671
v 0.000000 1.310500 1.663818
v 0.000000 1.280852 1.634170
v 0.000000 1.270000 1.593670
v 0.000000 1.280852 1.553170
v 0.000000 1.310500 1.523522
v 0.000000 1.351000 1.512671
v 0.000000 1.391500 1.523522
v 0.000000 1.421148 1.553170
v -0.149669 1.169995 1.693671
v -0.162000 1.108000 1.693671
v -0.120707 1.108000 1.693671
v -0.111518 1.154192 1.693671
v -0.111518 1.154192 1.713670
v -0.120707 1.108000 1.713670
v -0.061995 0.958332 1.693671
v 0.000000 0.946000 1.693671
v 0.149668 1.046005 1.693671
v 0.162000 1.108000 1.693671
v -0.114551 1.222551 1.693671
v -0.114551 0.993449 1.693671
v 0.061995 1.257669 1.693671
v 0.000000 1.270000 1.693671
v 0.114551 0.993449 1.693671
v -0.061995 1.257668 1.693671
v -0.149668 1.046005 1.693671
v 0.114551 1.222551 1.693671
v 0.061995 0.958332 1.693671
v 0.149668 1.169995 1.693671
v 0.085352 1.193353 1.693671
v 0.046192 1.219518 1.693671
v 0.111518 1.154192 1.693671
v 0.120707 1.108000 1.693671
v 0.111518 1.061808 1.693671
v 0.085352 1.022648 1.693671
v 0.046192 0.996482 1.693671
v 0.000000 0.987293 1.693671
v -0.046192 0.996482 1.693671
v -0.085352 1.022648 1.693671
v -0.111518 1.061808 1.693671
v -0.085352 1.193352 1.693671
v -0.046192 1.219518 1.693671
v 0.000000 1.228707 1.693671
v 0.000000 1.228707 1.713670
v 0.046192 1.219518 1.713670
v 0.085352 1.193353 1.713670
v 0.111518 1.154192 1.713670
v 0.120707 1.108000 1.713670
v 0.111518 1.061808 1.713670
v 0.085352 1.022648 1.713670
v 0.046192 0.996482 1.713670
v 0.000000 0.987293 1.713670
v -0.046192 0.996482 1.713670
v -0.085352 1.022648 1.713670
v -0.111518 1.061808 1.713670
v -0.085352 1.193352 1.713670
v -0.046192 1.219518 1.713670
v -0.149668 1.169995 1.163670
v -0.114551 1.222551 1.163670
v -0.061995 0.958332 1.163670
v -0.114551 0.993449 1.163670
v 0.000000 1.270000 1.163670
v 0.061995 1.257669 1.163670
v 0.149668 1.046005 1.163670
v 0.114551 0.993449 1.163670
v -0.061995 1.257668 1.163670
v -0.149668 1.046005 1.163670
v 0.114551 1.222551 1.163670
v 0.061995 0.958332 1.163670
v 0.149668 1.169995 1.163670
v -0.162000 1.108000 1.163670
v 0.000000 0.946000 1.163670
v 0.162000 1.108000 1.163670
v 0.000000 1.108000 1.163670
v -1.365184 0.051387 1.633392
v -1.447262 0.009098 1.592652
v -1.416834 0.012568 1.564014
v -1.353190 0.045359 1.593670
v -1.383905 0.075094 1.662470
v -1.479477 0.025852 1.613617
v -1.404337 0.110126 1.673114
v -1.504848 0.058339 1.621290
v -1.421005 0.147098 1.662470
v -1.516577 0.097856 1.613617
v -1.429442 0.176103 1.633392
v -1.511520 0.133813 1.592652
v -1.427389 0.189368 1.593670
v -1.491033 0.156577 1.564014
v -1.415395 0.183340 1.553948
v -1.460605 0.160047 1.535377
v -1.396674 0.159634 1.524870
v -1.428390 0.143293 1.514412
v -1.376242 0.124602 1.514226
v -1.403019 0.110806 1.506739
v -1.359575 0.087630 1.524870
v -1.391290 0.071289 1.514412
v -1.351137 0.058625 1.553948
v -1.396347 0.035331 1.535377
v -1.483477 -0.009561 1.500321
v -1.443196 -0.001015 1.492420
v -1.522905 0.003476 1.506105
v -1.550916 0.034603 1.508222
v -1.560004 0.075480 1.506105
v -1.547735 0.115154 1.500321
v -1.517395 0.142994 1.492420
v -1.477114 0.151541 1.484519
v -1.437686 0.138504 1.478735
v -1.409674 0.107376 1.476618
v -1.400586 0.066499 1.478735
v -1.412856 0.026825 1.484519
v 1.536077 0.129721 1.492419
v 1.536075 0.129720 -0.606792
v 1.499766 0.149171 -0.598962
v 1.499802 0.149208 1.484518
v -1.483841 -0.009065 -0.619113
v -1.443288 -0.000889 -0.612284
v -1.523443 0.004210 -0.622775
v -1.551485 0.035378 -0.622290
v -1.560451 0.076088 -0.617786
v -1.547939 0.115433 -0.610472
v -1.517302 0.142869 -0.602306
v -1.476749 0.151044 -0.595478
v -1.437146 0.137770 -0.591815
v -1.409105 0.106601 -0.592301
v -1.400139 0.065891 -0.596804
v -1.412651 0.026547 -0.604119
v -1.456735 0.018340 -0.703161
v -1.422919 0.019705 -0.678411
v -1.492726 0.035267 -0.716435
v -1.521246 0.065951 -0.714674
v -1.534654 0.102170 -0.698352
v -1.529358 0.134219 -0.671841
v -1.506776 0.153511 -0.642245
v -1.472960 0.154876 -0.617495
v -1.436970 0.137949 -0.604221
v -1.408449 0.107265 -0.605982
v -1.395041 0.071046 -0.622304
v -1.400337 0.038997 -0.648815
v -1.397632 0.078097 -0.741706
v -1.376418 0.066720 -0.707376
v -1.426864 0.101858 -0.760117
v -1.456281 0.131636 -0.757676
v -1.478000 0.159452 -0.735036
v -1.486203 0.177852 -0.698264
v -1.478691 0.181907 -0.657214
v -1.457477 0.170530 -0.622884
v -1.428246 0.146769 -0.604473
v -1.398829 0.116991 -0.606915
v -1.377109 0.089176 -0.629554
v -1.368906 0.070775 -0.666326
v -1.336582 0.139823 -0.742871
v -1.320170 0.123591 -0.707868
v -1.363238 0.166188 -0.761642
v -1.392996 0.195620 -0.759153
v -1.417882 0.220234 -0.736069
v -1.431229 0.233435 -0.698577
v -1.429459 0.231684 -0.656723
v -1.413047 0.215452 -0.621720
v -1.386390 0.189087 -0.602949
v -1.356632 0.159655 -0.605438
v -1.331746 0.135041 -0.628521
v -1.318400 0.121841 -0.666013
v 0.824905 0.732409 1.663140
v 0.844001 0.755162 1.633778
v 0.798847 0.701358 1.673887
v 0.772811 0.670329 1.663138
v 0.753773 0.647637 1.633776
v 0.746833 0.639363 1.593670
v 0.753852 0.647724 1.553568
v 0.772949 0.670478 1.524213
v 0.799007 0.701530 1.513468
v 0.825042 0.732558 1.524211
v 0.844081 0.755249 1.553566
v 0.851020 0.763522 1.593670
v 1.460918 0.186139 1.633391
v 1.527866 0.122553 1.592652
v 1.514574 0.150144 1.564014
v 1.462662 0.199448 1.593669
v 1.444694 0.160658 1.662470
v 1.522649 0.086619 1.613616
v 1.418339 0.129834 1.673113
v 1.500322 0.051968 1.621290
v 1.388913 0.101926 1.662470
v 1.466867 0.027887 1.613616
v 1.364301 0.084412 1.633391
v 1.431249 0.020827 1.592652
v 1.351099 0.081985 1.593670
v 1.403011 0.032681 1.564014
v 1.352843 0.095295 1.553948
v 1.389719 0.060271 1.535376
v 1.369067 0.120775 1.524869
v 1.394936 0.096206 1.514412
v 1.395423 0.151599 1.514226
v 1.417263 0.130856 1.506738
v 1.424849 0.179507 1.524869
v 1.450718 0.154937 1.514412
v 1.449460 0.197021 1.553948
v 1.486336 0.161997 1.535376
v 1.557405 0.094498 1.500321
v 1.558072 0.052975 1.506105
v 1.537898 0.016280 1.508222
v 1.502290 -0.005756 1.506105
v 1.460788 -0.007229 1.500321
v 1.424513 0.012258 1.492419
v 1.403185 0.047482 1.484518
v 1.402519 0.089004 1.478734
v 1.422692 0.125699 1.476617
v 1.458300 0.147736 1.478734
v 1.557438 0.094532 -0.614756
v 1.558131 0.053035 -0.620722
v 1.537967 0.016350 -0.623090
v 1.502350 -0.005695 -0.621225
v 1.460823 -0.007192 -0.615629
v 1.424514 0.012259 -0.607799
v 1.403152 0.047447 -0.599834
v 1.402459 0.088944 -0.593869
v 1.422623 0.125629 -0.591501
v 1.458240 0.147674 -0.593365
v 1.534631 0.117592 -0.687371
v 1.521125 0.144836 -0.658503
v 1.529438 0.082045 -0.708993
v 1.506939 0.047721 -0.717575
v 1.473161 0.023817 -0.710818
v 1.437156 0.016737 -0.690532
v 1.408570 0.028380 -0.662153
v 1.395064 0.055624 -0.633286
v 1.400257 0.091170 -0.611664
v 1.422757 0.125494 -0.603082
v 1.456534 0.149399 -0.609839
v 1.492540 0.156478 -0.630124
v 1.483568 0.169220 -0.719805
v 1.484761 0.181602 -0.679764
v 1.467366 0.144805 -0.749795
v 1.440496 0.114899 -0.761698
v 1.410159 0.087516 -0.752326
v 1.384483 0.069993 -0.724189
v 1.370348 0.067025 -0.684827
v 1.371541 0.079407 -0.644786
v 1.387743 0.103823 -0.614796
v 1.414613 0.133728 -0.602892
v 1.444950 0.161111 -0.612264
v 1.470626 0.178634 -0.640401
v 1.425581 0.227849 -0.720539
v 1.432375 0.234568 -0.679714
v 1.405184 0.207675 -0.751117
v 1.376649 0.179453 -0.763254
v 1.347623 0.150744 -0.753698
v 1.325883 0.129242 -0.725010
v 1.317254 0.120707 -0.684876
v 1.324048 0.127427 -0.644051
v 1.344445 0.147600 -0.613473
v 1.372979 0.175823 -0.601336
v 1.402005 0.204531 -0.610892
v 1.423746 0.226034 -0.639581
v 0.753916 0.705650 -0.641902
v 0.706731 0.753357 -0.642681
v 0.693460 0.751343 -0.682402
v 0.746200 0.698019 -0.682402
v 0.774995 0.726499 -0.612254
v 0.731878 0.770093 -0.613602
v 0.803790 0.754979 -0.601403
v 0.762162 0.797067 -0.602959
v 0.832585 0.783459 -0.612254
v 0.789468 0.827053 -0.613602
v 0.853664 0.804307 -0.641902
v 0.806480 0.852014 -0.642681
v 0.861380 0.811939 -0.682402
v 0.808639 0.865263 -0.682402
v 0.853664 0.804307 -0.722902
v 0.795368 0.863249 -0.722124
v 0.832585 0.783459 -0.752550
v 0.770221 0.846513 -0.751203
v 0.803790 0.754979 -0.763402
v 0.739937 0.819538 -0.761846
v 0.774995 0.726499 -0.752551
v 0.712631 0.789553 -0.751203
v 0.753916 0.705650 -0.722903
v 0.695619 0.764592 -0.722124
v 0.684020 0.776319 -0.631798
v 0.656167 0.789049 -0.660435
v 0.719842 0.782262 -0.610833
v 0.754033 0.805286 -0.603160
v 0.777432 0.839222 -0.610833
v 0.783769 0.874976 -0.631798
v 0.771346 0.902968 -0.660435
v 0.743493 0.915698 -0.689073
v 0.707671 0.909755 -0.710037
v 0.673480 0.886731 -0.717711
v 0.650081 0.852795 -0.710038
v 0.643744 0.817041 -0.689073
v 0.676367 0.784057 -0.599501
v 0.640719 0.804667 -0.607402
v 0.717895 0.784231 -0.593717
v 0.754174 0.805143 -0.591600
v 0.775485 0.841191 -0.593717
v 0.776116 0.882714 -0.599501
v 0.755899 0.918586 -0.607402
v 0.720251 0.939197 -0.615303
v 0.678723 0.939023 -0.621088
v 0.642444 0.918110 -0.623205
v 0.621134 0.882063 -0.621088
v 0.620502 0.840540 -0.615304
v 0.676619 0.783831 1.123476
v 0.641000 0.804416 1.115378
v 0.718050 0.784092 1.129913
v 0.754191 0.805128 1.132964
v 0.775359 0.841303 1.131812
v 0.775881 0.882923 1.126765
v 0.755618 0.918838 1.119175
v 0.719999 0.939422 1.111077
v 0.678568 0.939161 1.104640
v 0.642427 0.918125 1.101589
v 0.621260 0.881950 1.102741
v 0.620737 0.840330 1.107788
v 0.641052 0.811900 1.228135
v 0.614351 0.825446 1.198783
v 0.675394 0.817755 1.251467
v 0.708175 0.841442 1.262526
v 0.730612 0.876616 1.258349
v 0.736692 0.913850 1.240055
v 0.724787 0.943168 1.212547
v 0.698086 0.956715 1.183195
v 0.663744 0.950860 1.159863
v 0.630963 0.927172 1.148804
v 0.608526 0.891999 1.152981
v 0.602446 0.854765 1.171274
v 0.558894 0.876735 1.273443
v 0.548878 0.877115 1.232731
v 0.579974 0.893056 1.305805
v 0.606469 0.921704 1.321144
v 0.631280 0.955004 1.315351
v 0.647759 0.984033 1.289977
v 0.651490 1.001011 1.251822
v 0.641473 1.001391 1.211110
v 0.620394 0.985070 1.178748
v 0.593898 0.956422 1.163408
v 0.569088 0.923122 1.169202
v 0.552609 0.894094 1.194575
v -0.853664 0.804307 -0.641902
v -0.806480 0.852014 -0.642681
v -0.808639 0.865263 -0.682402
v -0.861380 0.811939 -0.682402
v -0.832585 0.783459 -0.612254
v -0.789468 0.827053 -0.613602
v -0.803790 0.754979 -0.601403
v -0.762162 0.797068 -0.602959
v -0.774995 0.726499 -0.612254
v -0.731878 0.770093 -0.613602
v -0.753916 0.705650 -0.641902
v -0.706731 0.753357 -0.642681
v -0.746200 0.698019 -0.682402
v -0.693460 0.751343 -0.682402
v -0.753916 0.705650 -0.722902
v -0.695619 0.764592 -0.722124
v -0.774995 0.726499 -0.752550
v -0.712631 0.789553 -0.751203
v -0.803790 0.754979 -0.763402
v -0.739937 0.819538 -0.761846
v -0.832585 0.783459 -0.752551
v -0.770221 0.846513 -0.751203
v -0.853664 0.804307 -0.722903
v -0.795368 0.863249 -0.722124
v -0.783769 0.874976 -0.631798
v -0.771346 0.902968 -0.660436
v -0.777432 0.839222 -0.610833
v -0.754033 0.805286 -0.603160
v -0.719842 0.782262 -0.610833
v -0.684020 0.776319 -0.631798
v -0.656167 0.789049 -0.660436
v -0.643744 0.817041 -0.689073
v -0.650081 0.852795 -0.710038
v -0.673480 0.886731 -0.717711
v -0.707671 0.909755 -0.710038
v -0.743492 0.915698 -0.689073
v -0.776116 0.882714 -0.599501
v -0.755899 0.918587 -0.607403
v -0.775485 0.841191 -0.593717
v -0.754174 0.805143 -0.591600
v -0.717895 0.784231 -0.593717
v -0.676368 0.784057 -0.599501
v -0.640719 0.804667 -0.607403
v -0.620502 0.840540 -0.615304
v -0.621134 0.882063 -0.621088
v -0.642444 0.918110 -0.623205
v -0.678724 0.939023 -0.621088
v -0.720251 0.939197 -0.615304
v -0.775879 0.882925 1.186776
v -0.755616 0.918840 1.179189
v -0.775358 0.841304 1.191818
v -0.754192 0.805128 1.192963
v -0.718051 0.784091 1.189905
v -0.676621 0.783830 1.183463
v -0.641002 0.804414 1.175364
v -0.620739 0.840329 1.167777
v -0.621260 0.881950 1.162736
v -0.642427 0.918126 1.161590
v -0.678567 0.939163 1.164648
v -0.719997 0.939424 1.171090
v -0.736651 0.913826 1.300095
v -0.724748 0.943155 1.272596
v -0.730574 0.876582 1.318368
v -0.708145 0.841400 1.322520
v -0.675375 0.817709 1.311437
v -0.641043 0.811856 1.288090
v -0.614349 0.825409 1.258734
v -0.602447 0.854738 1.231235
v -0.608524 0.891983 1.212962
v -0.630952 0.927164 1.208810
v -0.663723 0.950855 1.219893
v -0.698055 0.956708 1.243240
v -0.647633 0.983948 1.350033
v -0.651372 1.000955 1.311891
v -0.631162 0.954891 1.375378
v -0.606372 0.921570 1.381136
v -0.579905 0.892913 1.365764
v -0.558854 0.876598 1.333380
v -0.548859 0.876998 1.292662
v -0.552598 0.894005 1.254520
v -0.569069 0.923062 1.229175
v -0.593859 0.956384 1.223417
v -0.620326 0.985041 1.238789
v -0.641377 1.001355 1.271173
v 1.435408 0.026594 -0.100524
v 1.329927 0.133242 -0.100524
v 1.322983 0.126374 -0.136974
v 1.428464 0.019726 -0.136974
v 1.454380 0.045358 -0.073840
v 1.348899 0.152005 -0.073840
v 1.480295 0.070989 -0.064074
v 1.374814 0.177637 -0.064074
v 1.506211 0.096621 -0.073840
v 1.400730 0.203269 -0.073840
v 1.525182 0.115385 -0.100524
v 1.419701 0.222033 -0.100524
v 1.532126 0.122253 -0.136974
v 1.426645 0.228901 -0.136974
v 1.525182 0.115385 -0.173424
v 1.419701 0.222033 -0.173424
v 1.506211 0.096621 -0.200107
v 1.400730 0.203269 -0.200107
v 1.480295 0.070990 -0.209874
v 1.374814 0.177637 -0.209874
v 1.454380 0.045358 -0.200107
v 1.348899 0.152006 -0.200107
v 1.435408 0.026594 -0.173424
v 1.329927 0.133242 -0.173424
v 1.435408 0.026594 0.444798
v 1.329927 0.133242 0.444798
v 1.322983 0.126374 0.408348
v 1.428464 0.019726 0.408348
v 1.454380 0.045358 0.471481
v 1.348899 0.152006 0.471481
v 1.480295 0.070989 0.481248
v 1.374814 0.177638 0.481248
v 1.506211 0.096621 0.471481
v 1.400730 0.203269 0.471481
v 1.525182 0.115385 0.444798
v 1.419701 0.222033 0.444798
v 1.532126 0.122253 0.408348
v 1.426645 0.228901 0.408348
v 1.525182 0.115385 0.371898
v 1.419701 0.222033 0.371898
v 1.506211 0.096621 0.345215
v 1.400730 0.203269 0.345215
v 1.480295 0.070989 0.335448
v 1.374814 0.177638 0.335448
v 1.454380 0.045358 0.345215
v 1.348899 0.152006 0.345214
v 1.435408 0.026594 0.371898
v 1.329927 0.133242 0.371898
v 1.435408 0.026594 0.990119
v 1.329927 0.133242 0.990119
v 1.322983 0.126374 0.953669
v 1.428464 0.019726 0.953669
v 1.454380 0.045358 1.016803
v 1.348899 0.152006 1.016803
v 1.480295 0.070989 1.026569
v 1.374814 0.177638 1.026569
v 1.506211 0.096621 1.016803
v 1.400730 0.203269 1.016803
v 1.525182 0.115385 0.990120
v 1.419701 0.222033 0.990120
v 1.532126 0.122253 0.953670
v 1.426645 0.228901 0.953670
v 1.525182 0.115385 0.917220
v 1.419701 0.222033 0.917220
v 1.506211 0.096621 0.890536
v 1.400730 0.203269 0.890536
v 1.480295 0.070990 0.880769
v 1.374814 0.177638 0.880769
v 1.454380 0.045358 0.890536
v 1.348899 0.152006 0.890536
v 1.435408 0.026594 0.917219
v 1.329927 0.133242 0.917219
v -1.525182 0.115385 0.990120
v -1.419701 0.222033 0.990119
v -1.426645 0.228901 0.953669
v -1.532126 0.122253 0.953670
v -1.506211 0.096621 1.016803
v -1.400730 0.203270 1.016802
v -1.480295 0.070990 1.026570
v -1.374814 0.177638 1.026569
v -1.454380 0.045358 1.016803
v -1.348899 0.152006 1.016803
v -1.435408 0.026594 0.990120
v -1.329928 0.133242 0.990119
v -1.428464 0.019726 0.953670
v -1.322984 0.126374 0.953669
v -1.435408 0.026594 0.917220
v -1.329928 0.133242 0.917219
v -1.454380 0.045357 0.890536
v -1.348899 0.152006 0.890536
v -1.480295 0.070989 0.880770
v -1.374815 0.177637 0.880769
v -1.506211 0.096621 0.890536
v -1.400730 0.203269 0.890536
v -1.525182 0.115385 0.917220
v -1.419701 0.222033 0.917219
v -1.525182 0.115385 0.444798
v -1.419701 0.222033 0.444798
v -1.426645 0.228901 0.408348
v -1.532126 0.122253 0.408348
v -1.506211 0.096621 0.471481
v -1.400730 0.203269 0.471481
v -1.480295 0.070989 0.481248
v -1.374814 0.177637 0.481248
v -1.454380 0.045358 0.471481
v -1.348899 0.152006 0.471481
v -1.435408 0.026594 0.444798
v -1.329927 0.133242 0.444798
v -1.428464 0.019726 0.408348
v -1.322983 0.126374 0.408348
v -1.435408 0.026594 0.371898
v -1.329927 0.133242 0.371898
v -1.454380 0.045358 0.345214
v -1.348899 0.152005 0.345214
v -1.480295 0.070989 0.335448
v -1.374814 0.177637 0.335448
v -1.506211 0.096621 0.345214
v -1.400730 0.203269 0.345214
v -1.525182 0.115385 0.371898
v -1.419701 0.222033 0.371898
v -1.525182 0.115385 -0.100524
v -1.419701 0.222033 -0.100524
v -1.426645 0.228901 -0.136974
v -1.532126 0.122253 -0.136974
v -1.506211 0.096621 -0.073840
v -1.400730 0.203270 -0.073840
v -1.480295 0.070990 -0.064074
v -1.374815 0.177638 -0.064074
v -1.454380 0.045358 -0.073840
v -1.348899 0.152006 -0.073840
v -1.435408 0.026594 -0.100523
v -1.329928 0.133242 -0.100524
v -1.428464 0.019726 -0.136974
v -1.322984 0.126374 -0.136974
v -1.435408 0.026594 -0.173424
v -1.329928 0.133242 -0.173424
v -1.454380 0.045358 -0.200107
v -1.348899 0.152006 -0.200107
v -1.480295 0.070989 -0.209874
v -1.374815 0.177637 -0.209874
v -1.506211 0.096621 -0.200107
v -1.400730 0.203269 -0.200107
v -1.525182 0.115385 -0.173424
v -1.419701 0.222033 -0.173424
v 0.743196 0.906022 0.988727
v 0.848677 0.799374 0.988727
v 0.855621 0.806243 0.952277
v 0.750140 0.912890 0.952277
v 0.724225 0.887259 1.015410
v 0.829706 0.780611 1.015410
v 0.698309 0.861627 1.025177
v 0.803790 0.754979 1.025177
v 0.672394 0.835995 1.015410
v 0.777875 0.729347 1.015410
v 0.653423 0.817231 0.988727
v 0.758904 0.710583 0.988727
v 0.646479 0.810363 0.952277
v 0.751960 0.703715 0.952277
v 0.653423 0.817231 0.915827
v 0.758904 0.710583 0.915827
v 0.672394 0.835995 0.889143
v 0.777875 0.729347 0.889143
v 0.698309 0.861627 0.879377
v 0.803790 0.754979 0.879377
v 0.724225 0.887258 0.889143
v 0.829706 0.780611 0.889143
v 0.743196 0.906022 0.915827
v 0.848677 0.799374 0.915827
v -0.653422 0.817231 -0.101059
v -0.758903 0.710583 -0.101059
v -0.751959 0.703715 -0.137510
v -0.646478 0.810363 -0.137510
v -0.672394 0.835995 -0.074376
v -0.777875 0.729347 -0.074376
v -0.698309 0.861627 -0.064609
v -0.803790 0.754979 -0.064609
v -0.724225 0.887259 -0.074376
v -0.829706 0.780611 -0.074376
v -0.743196 0.906022 -0.101059
v -0.848677 0.799374 -0.101059
v -0.750140 0.912891 -0.137509
v -0.855621 0.806243 -0.137509
v -0.743196 0.906023 -0.173959
v -0.848677 0.799375 -0.173959
v -0.724225 0.887259 -0.200643
v -0.829706 0.780611 -0.200643
v -0.698309 0.861627 -0.210410
v -0.803790 0.754979 -0.210410
v -0.672394 0.835995 -0.200643
v -0.777875 0.729347 -0.200643
v -0.653422 0.817231 -0.173959
v -0.758903 0.710583 -0.173959
v -0.653422 0.817231 0.988727
v -0.758903 0.710583 0.988727
v -0.751959 0.703715 0.952276
v -0.646478 0.810363 0.952277
v -0.672394 0.835995 1.015410
v -0.777875 0.729347 1.015410
v -0.698309 0.861627 1.025177
v -0.803790 0.754979 1.025177
v -0.724225 0.887259 1.015410
v -0.829706 0.780611 1.015410
v -0.743196 0.906022 0.988727
v -0.848677 0.799374 0.988727
v -0.750140 0.912891 0.952277
v -0.855621 0.806243 0.952277
v -0.743196 0.906023 0.915827
v -0.848677 0.799374 0.915827
v -0.724225 0.887259 0.889143
v -0.829706 0.780611 0.889143
v -0.698309 0.861627 0.879377
v -0.803790 0.754979 0.879377
v -0.672394 0.835995 0.889143
v -0.777875 0.729347 0.889143
v -0.653422 0.817231 0.915827
v -0.758903 0.710583 0.915827
v 0.743196 0.906022 0.443833
v 0.848677 0.799374 0.443833
v 0.855621 0.806242 0.407383
v 0.750140 0.912890 0.407383
v 0.724225 0.887258 0.470517
v 0.829706 0.780611 0.470517
v 0.698309 0.861627 0.480284
v 0.803790 0.754979 0.480284
v 0.672394 0.835995 0.470517
v 0.777875 0.729347 0.470517
v 0.653422 0.817231 0.443834
v 0.758903 0.710583 0.443834
v 0.646478 0.810363 0.407384
v 0.751959 0.703715 0.407384
v 0.653422 0.817231 0.370934
v 0.758903 0.710583 0.370934
v 0.672394 0.835995 0.344250
v 0.777875 0.729347 0.344250
v 0.698309 0.861627 0.334484
v 0.803790 0.754979 0.334484
v 0.724225 0.887258 0.344250
v 0.829706 0.780610 0.344250
v 0.743196 0.906022 0.370933
v 0.848677 0.799374 0.370933
v -0.653422 0.817231 0.443834
v -0.758903 0.710583 0.443834
v -0.751959 0.703715 0.407383
v -0.646478 0.810363 0.407383
v -0.672394 0.835995 0.470517
v -0.777875 0.729347 0.470517
v -0.698309 0.861627 0.480284
v -0.803790 0.754979 0.480284
v -0.724225 0.887259 0.470517
v -0.829706 0.780611 0.470517
v -0.743196 0.906022 0.443834
v -0.848677 0.799374 0.443834
v -0.750140 0.912890 0.407384
v -0.855621 0.806243 0.407384
v -0.743196 0.906022 0.370934
v -0.848677 0.799374 0.370934
v -0.724225 0.887259 0.344250
v -0.829706 0.780611 0.344250
v -0.698309 0.861627 0.334484
v -0.803790 0.754979 0.334484
v -0.672394 0.835995 0.344250
v -0.777875 0.729347 0.344250
v -0.653422 0.817231 0.370933
v -0.758903 0.710583 0.370933
v 0.743196 0.906022 -0.101059
v 0.848677 0.799374 -0.101059
v 0.855621 0.806242 -0.137510
v 0.750140 0.912890 -0.137510
v 0.724225 0.887259 -0.074376
v 0.829706 0.780610 -0.074376
v 0.698309 0.861627 -0.064609
v 0.803790 0.754979 -0.064609
v 0.672394 0.835995 -0.074376
v 0.777875 0.729347 -0.074376
v 0.653423 0.817231 -0.101059
v 0.758903 0.710583 -0.101059
v 0.646478 0.810363 -0.137509
v 0.751959 0.703715 -0.137509
v 0.653422 0.817231 -0.173959
v 0.758903 0.710583 -0.173959
v 0.672394 0.835995 -0.200643
v 0.777875 0.729347 -0.200643
v 0.698309 0.861627 -0.210410
v 0.803790 0.754979 -0.210410
v 0.724225 0.887259 -0.200643
v 0.829706 0.780610 -0.200643
v 0.743196 0.906022 -0.173959
v 0.848677 0.799374 -0.173959
v 1.217126 0.315999 1.513999
v 1.243164 0.347029 1.524670
v 1.191052 0.284929 1.524673
v 1.171929 0.262146 1.553833
v 1.164881 0.253753 1.593670
v 1.171797 0.262002 1.633512
v 1.190823 0.284680 1.662685
v 1.216861 0.315711 1.673365
v 1.242935 0.346780 1.662688
v 1.262057 0.369561 1.633516
v 1.269105 0.377953 1.593670
v -1.103292 0.174435 1.593670
v -1.108306 0.184067 1.633526
v 1.262190 0.369705 1.553830
v -0.567171 0.463567 1.633809
v -0.562158 0.453937 1.593670
v -1.108300 0.184055 1.553820
v -1.121987 0.210349 1.524652
v -1.140687 0.246272 1.513977
v -1.159389 0.282197 1.524652
v -1.173082 0.308500 1.553820
v -1.178096 0.318131 1.593670
v -1.173088 0.308512 1.633526
v -1.159400 0.282218 1.662706
v -1.140699 0.246295 1.673388
v -1.121998 0.210369 1.662706
v -0.567168 0.463560 1.553535
v -0.580856 0.489856 1.524157
v -0.599556 0.525779 1.513404
v -0.618258 0.561704 1.524157
v -0.631949 0.588005 1.553535
v -0.636962 0.597634 1.593670
v -0.631952 0.588011 1.633808
v -0.618264 0.561715 1.663194
v -0.599563 0.525792 1.673950
v -0.580862 0.489867 1.663194
v 1.213288 0.385101 1.676536
v 1.236232 0.412436 1.641510
v 1.192381 0.433828 1.633560
v 1.173263 0.411051 1.662763
v 1.143617 0.449374 1.676626
v 1.166556 0.476704 1.641563
v 1.122705 0.498095 1.633603
v 1.103591 0.475323 1.662839
v 1.073947 0.513647 1.676717
v 1.096881 0.540971 1.641615
v 1.053029 0.562362 1.633647
v 1.033920 0.539594 1.662914
v 1.004276 0.577920 1.676807
v 1.027205 0.605238 1.641667
v 0.983353 0.626629 1.633690
v 0.964248 0.603866 1.662989
v 0.934606 0.642192 1.676898
v 0.957529 0.669505 1.641720
v 0.913677 0.690895 1.633734
v 0.894576 0.668137 1.663065
v 0.864935 0.706465 1.676988
v 0.887854 0.733772 1.641772
v 1.182001 0.347821 1.689355
v 1.147192 0.379986 1.673452
v 1.112334 0.412097 1.689460
v 1.077523 0.444260 1.673539
v 1.042667 0.476373 1.689564
v 1.007854 0.508534 1.673626
v 0.973000 0.540650 1.689669
v 0.938185 0.572809 1.673713
v 0.903332 0.604926 1.689773
v 0.868516 0.637083 1.673800
v 0.833665 0.669202 1.689878
v 1.150755 0.310584 1.676532
v 1.121154 0.348955 1.662760
v 1.081089 0.374861 1.676623
v 1.051486 0.413230 1.662836
v 1.011422 0.439137 1.676713
v 0.981817 0.477505 1.662911
v 0.941755 0.503414 1.676804
v 0.912148 0.541779 1.662987
v 0.872088 0.567691 1.676895
v 0.842480 0.606054 1.663063
v 0.802422 0.631968 1.676986
v 1.127923 0.283368 1.641506
v 1.102126 0.326274 1.633556
v 1.058253 0.347643 1.641559
v 1.032455 0.390547 1.633600
v 0.988584 0.411917 1.641612
v 0.962784 0.454820 1.633644
v 0.918915 0.476191 1.641664
v 0.893114 0.519092 1.633688
v 0.849246 0.540465 1.641717
v 0.823443 0.583365 1.633732
v 0.779576 0.604739 1.641770
v 1.119622 0.273468 1.593669
v 1.095206 0.318022 1.593670
v 1.049948 0.337737 1.593669
v 1.025532 0.382290 1.593670
v 0.980274 0.402006 1.593669
v 0.955857 0.446558 1.593670
v 0.910599 0.466275 1.593669
v 0.886182 0.510826 1.593670
v 0.840925 0.530544 1.593669
v 0.816508 0.575095 1.593670
v 0.771251 0.594813 1.593669
v 1.128077 0.283535 1.545838
v 1.102250 0.326409 1.553789
v 1.058397 0.347798 1.545785
v 1.032570 0.390672 1.553745
v 0.988717 0.412060 1.545732
v 0.962891 0.454935 1.553701
v 0.919037 0.476323 1.545679
v 0.893211 0.519198 1.553656
v 0.849357 0.540586 1.545626
v 0.823532 0.583461 1.553612
v 0.779677 0.604848 1.545573
v 1.151022 0.310873 1.510827
v 1.121369 0.349187 1.524597
v 1.081337 0.375130 1.510735
v 1.051685 0.413446 1.524520
v 1.011651 0.439386 1.510643
v 0.982001 0.477704 1.524443
v 0.941966 0.503643 1.510551
v 0.912317 0.541962 1.524366
v 0.872281 0.567900 1.510459
v 0.842633 0.606220 1.524290
v 0.802596 0.632157 1.510367
v 1.182309 0.348155 1.498011
v 1.147440 0.380254 1.513911
v 1.112620 0.412408 1.497905
v 1.077753 0.444509 1.513822
v 1.042932 0.476661 1.497798
v 1.008067 0.508765 1.513733
v 0.973244 0.540914 1.497692
v 0.938380 0.573020 1.513645
v 0.903555 0.605168 1.497586
v 0.868693 0.637275 1.513556
v 0.833867 0.669421 1.497480
v 1.213554 0.385390 1.510823
v 1.173477 0.411284 1.524593
v 1.143865 0.449643 1.510731
v 1.103790 0.475539 1.524517
v 1.074176 0.513896 1.510639
v 1.034103 0.539793 1.524440
v 1.004488 0.578149 1.510548
v 0.964416 0.604048 1.524364
v 0.934799 0.642402 1.510456
v 0.894729 0.668303 1.524287
v 0.865110 0.706655 1.510364
v 1.236386 0.412603 1.545834
v 1.192505 0.433962 1.553786
v 1.166700 0.476859 1.545781
v 1.122820 0.498220 1.553742
v 1.097013 0.541115 1.545729
v 1.053135 0.562477 1.553698
v 1.027327 0.605370 1.545676
v 0.983450 0.626734 1.553654
v 0.957641 0.669626 1.545623
v 0.913765 0.690991 1.553610
v 0.887955 0.733882 1.545571
v 1.244686 0.422503 1.593668
v 1.199424 0.442214 1.593670
v 1.175005 0.486764 1.593669
v 1.129743 0.506476 1.593670
v 1.105324 0.551025 1.593669
v 1.060062 0.570737 1.593670
v 1.035642 0.615286 1.593669
v 0.990382 0.634999 1.593670
v 0.965961 0.679547 1.593669
v 0.920701 0.699261 1.593670
v 0.896279 0.743808 1.593669
v -1.050717 0.183357 1.593669
v -1.056727 0.194901 1.545820
v -1.018111 0.230639 1.553773
v -1.013103 0.221019 1.593670
v -0.960528 0.229941 1.593669
v -0.966538 0.241486 1.545763
v -0.927922 0.277223 1.553725
v -0.922914 0.267603 1.593670
v -0.870339 0.276525 1.593669
v -0.876349 0.288070 1.545707
v -0.837734 0.323808 1.553678
v -0.832725 0.314186 1.593670
v -0.780150 0.323108 1.593669
v -0.786161 0.334654 1.545650
v -0.747545 0.370392 1.553630
v -0.742536 0.360770 1.593670
v -0.689961 0.369692 1.593669
v -0.695972 0.381238 1.545593
v -0.657356 0.416976 1.553583
v -0.652347 0.407354 1.593670
v -0.599773 0.416276 1.593669
v -0.605783 0.427823 1.545536
v -1.073152 0.226455 1.510798
v -1.031799 0.256934 1.524570
v -0.982963 0.273039 1.510699
v -0.941610 0.303518 1.524487
v -0.892775 0.319624 1.510600
v -0.851422 0.350103 1.524404
v -0.802586 0.366209 1.510501
v -0.761233 0.396687 1.524322
v -0.712398 0.412793 1.510402
v -0.671044 0.443272 1.524239
v -0.622209 0.459378 1.510303
v -1.095592 0.269562 1.497980
v -1.050499 0.292856 1.513881
v -1.005403 0.316147 1.497865
v -0.960310 0.339441 1.513786
v -0.915215 0.362731 1.497751
v -0.870122 0.386026 1.513690
v -0.825027 0.409316 1.497636
v -0.779933 0.432610 1.513595
v -0.734838 0.455901 1.497522
v -0.689745 0.479195 1.513499
v -0.644650 0.502486 1.497407
v -1.118034 0.312672 1.510798
v -1.069201 0.328782 1.524570
v -1.027846 0.359257 1.510699
v -0.979012 0.375366 1.524487
v -0.937657 0.405842 1.510600
v -0.888823 0.421951 1.524405
v -0.847469 0.452426 1.510501
v -0.798635 0.468535 1.524322
v -0.757280 0.499011 1.510402
v -0.708446 0.515120 1.524239
v -0.667092 0.545595 1.510303
v -1.134465 0.344235 1.545821
v -1.082893 0.355084 1.553773
v -1.044276 0.390820 1.545764
v -0.992704 0.401668 1.553725
v -0.954087 0.437404 1.545707
v -0.902515 0.448252 1.553678
v -0.863899 0.483988 1.545650
v -0.812327 0.494836 1.553630
v -0.773710 0.530572 1.545593
v -0.722138 0.541421 1.553583
v -0.683521 0.577156 1.545536
v -1.140481 0.355793 1.593669
v -1.087906 0.364715 1.593670
v -1.050292 0.402377 1.593669
v -0.997718 0.411299 1.593670
v -0.960104 0.448960 1.593669
v -0.907529 0.457883 1.593670
v -0.869914 0.495544 1.593669
v -0.817340 0.504466 1.593670
v -0.779725 0.542128 1.593669
v -0.727151 0.551050 1.593670
v -0.689536 0.588711 1.593670
v -1.134472 0.344249 1.641524
v -1.082898 0.355095 1.633573
v -1.044283 0.390832 1.641581
v -0.992709 0.401678 1.633620
v -0.954093 0.437415 1.641637
v -0.902520 0.448261 1.633667
v -0.863904 0.483998 1.641694
v -0.812331 0.494845 1.633714
v -0.773715 0.530581 1.641750
v -0.722142 0.541428 1.633761
v -0.683526 0.577165 1.641807
v -1.118046 0.312696 1.676561
v -1.069210 0.328801 1.662787
v -1.027857 0.359279 1.676659
v -0.979021 0.375384 1.662869
v -0.937667 0.405861 1.676756
v -0.888832 0.421966 1.662950
v -0.847478 0.452444 1.676854
v -0.798642 0.468549 1.663031
v -0.757289 0.499027 1.676952
v -0.708453 0.515132 1.663113
v -0.667099 0.545610 1.677049
v -1.095605 0.269589 1.689386
v -1.050510 0.292878 1.673481
v -1.005416 0.316172 1.689499
v -0.960320 0.339461 1.673575
v -0.915226 0.362754 1.689612
v -0.870131 0.386044 1.673669
v -0.825037 0.409337 1.689724
v -0.779942 0.432627 1.673763
v -0.734848 0.455920 1.689837
v -0.689752 0.479209 1.673857
v -0.644658 0.502502 1.689950
v -1.073164 0.226478 1.676561
v -1.031808 0.256952 1.662787
v -0.982974 0.273061 1.676659
v -0.941619 0.303535 1.662869
v -0.892785 0.319644 1.676756
v -0.851430 0.350118 1.662950
v -0.802596 0.366227 1.676854
v -0.761240 0.396701 1.663031
v -0.712406 0.412809 1.676952
v -0.671051 0.443284 1.663113
v -0.622217 0.459392 1.677049
v -1.056734 0.194915 1.641524
v -1.018117 0.230650 1.633573
v -0.966544 0.241499 1.641581
v -0.927927 0.277234 1.633620
v -0.876355 0.288082 1.641637
v -0.837738 0.323817 1.633667
v -0.786166 0.334665 1.641694
v -0.747549 0.370400 1.633714
v -0.695977 0.381248 1.641751
v -0.657360 0.416983 1.633761
v -0.605788 0.427831 1.641807
v -0.070148 1.148500 1.193670
v -0.070148 1.147850 1.100897
v -0.081000 1.108000 1.093670
v -0.081000 1.108000 1.193670
v -0.040500 1.178148 1.193670
v -0.040500 1.177022 1.106187
v 0.000000 1.189000 1.193670
v 0.000000 1.187700 1.108123
v 0.040500 1.178148 1.193670
v 0.040500 1.177022 1.106187
v 0.070148 1.148500 1.193670
v 0.070148 1.147850 1.100897
v 0.081000 1.108000 1.193670
v 0.081000 1.108000 1.093670
v 0.070148 1.067500 1.193670
v 0.070148 1.068150 1.086444
v 0.040500 1.037852 1.193670
v 0.040500 1.038978 1.081154
v 0.000000 1.027000 1.193670
v 0.000000 1.028300 1.079218
v -0.040500 1.037852 1.193670
v -0.040500 1.038978 1.081154
v -0.070148 1.067500 1.193670
v -0.070148 1.068150 1.086444
v -0.070148 1.175921 1.027891
v -0.081000 1.138000 1.013670
v -0.040500 1.203682 1.038301
v 0.000000 1.213843 1.042111
v 0.040500 1.203682 1.038301
v 0.070148 1.175921 1.027891
v 0.081000 1.138000 1.013670
v 0.070148 1.100079 0.999450
v 0.040500 1.072318 0.989040
v 0.000000 1.062157 0.985229
v -0.040500 1.072318 0.989040
v -0.070148 1.100079 0.999450
v -1.119077 0.076047 1.588197
v -1.119077 0.076047 1.599156
v -1.179699 0.041047 1.599156
v -1.179699 0.041047 1.588197
v -1.306143 0.260055 1.471877
v -1.306143 0.260055 1.715477
v -1.245522 0.295055 1.715477
v -1.245522 0.295055 1.471877
v -1.123930 0.084452 1.608646
v -1.232263 0.272091 1.730958
v -1.292885 0.237091 1.730958
v -1.184552 0.049452 1.608646
v -1.243745 0.291979 1.458657
v -1.238892 0.283573 1.452991
v -1.299514 0.248573 1.452991
v -1.304367 0.256979 1.458657
v -1.238892 0.283573 1.734362
v -1.299514 0.248573 1.734362
v -1.123930 0.084452 1.578707
v -1.184552 0.049452 1.578707
v -1.232263 0.272091 1.456396
v -1.292885 0.237091 1.456396
v -1.243745 0.291979 1.728696
v -1.304367 0.256979 1.728696
v -1.291977 0.205804 1.493677
v -1.276388 0.214804 1.493677
v -1.282013 0.224547 1.513162
v -1.297602 0.215547 1.513162
v -1.293263 0.244032 1.513162
v -1.308852 0.235032 1.513162
v -1.298888 0.253775 1.493677
v -1.314476 0.244775 1.493677
v -1.293263 0.244032 1.474191
v -1.308852 0.235032 1.474191
v -1.282013 0.224547 1.474191
v -1.297602 0.215547 1.474191
v -1.291977 0.205804 1.693676
v -1.276388 0.214804 1.693676
v -1.282013 0.224547 1.713162
v -1.297602 0.215547 1.713162
v -1.293263 0.244032 1.713162
v -1.308852 0.235032 1.713162
v -1.298888 0.253775 1.693676
v -1.314477 0.244775 1.693676
v -1.293263 0.244032 1.674191
v -1.308852 0.235032 1.674191
v -1.282013 0.224547 1.674191
v -1.297602 0.215547 1.674191
v -1.201977 0.049919 1.593676
v -1.186388 0.058919 1.593676
v -1.192013 0.068662 1.613162
v -1.207602 0.059662 1.613162
v -1.203263 0.088148 1.613162
v -1.218852 0.079148 1.613162
v -1.208888 0.097890 1.593676
v -1.224477 0.088890 1.593676
v -1.203263 0.088148 1.574191
v -1.218852 0.079148 1.574191
v -1.192013 0.068662 1.574191
v -1.207602 0.059662 1.574191
v -1.205374 0.255804 1.693676
v -1.220962 0.246804 1.693676
v -1.226587 0.256547 1.674191
v -1.210999 0.265547 1.674191
v -1.237837 0.276032 1.674191
v -1.222249 0.285032 1.674191
v -1.243462 0.285775 1.693676
v -1.227873 0.294775 1.693676
v -1.237837 0.276032 1.713162
v -1.222249 0.285032 1.713162
v -1.226587 0.256547 1.713162
v -1.210999 0.265547 1.713162
v -1.205374 0.255804 1.493676
v -1.220962 0.246804 1.493676
v -1.226587 0.256547 1.474191
v -1.210999 0.265547 1.474191
v -1.237837 0.276032 1.474191
v -1.222248 0.285032 1.474191
v -1.243462 0.285775 1.493676
v -1.227873 0.294775 1.493676
v -1.237837 0.276032 1.513162
v -1.222249 0.285032 1.513162
v -1.226587 0.256547 1.513162
v -1.210999 0.265547 1.513162
v -1.115373 0.099919 1.593676
v -1.130962 0.090919 1.593676
v -1.136587 0.100662 1.574191
v -1.120999 0.109662 1.574191
v -1.147837 0.120148 1.574191
v -1.132249 0.129148 1.574191
v -1.153462 0.129890 1.593676
v -1.137874 0.138890 1.593676
v -1.147837 0.120148 1.613162
v -1.132249 0.129148 1.613162
v -1.136587 0.100662 1.613162
v -1.120999 0.109662 1.613162
v 1.372477 0.287898 1.458657
v 1.374989 0.290410 1.471876
v 1.374989 0.290410 1.715476
v 1.372477 0.287898 1.728696
v 1.365614 0.281034 1.734362
v 1.356239 0.271660 1.730957
v 1.203032 0.118453 1.608645
v 1.196169 0.111590 1.599155
v 1.196169 0.111590 1.588197
v 1.203032 0.118453 1.578707
v 1.356239 0.271659 1.456395
v 1.365614 0.281035 1.452990
v 1.153535 0.167950 1.578707
v 1.306741 0.321157 1.456395
v 1.322979 0.337395 1.728696
v 1.316116 0.330532 1.734362
v 1.322979 0.337395 1.458657
v 1.325491 0.339907 1.471876
v 1.325491 0.339907 1.715476
v 1.316116 0.330532 1.452990
v 1.146672 0.161087 1.588197
v 1.146672 0.161087 1.599155
v 1.153535 0.167950 1.608645
v 1.306741 0.321157 1.730957
v 1.220186 0.114192 1.593676
v 1.228142 0.122147 1.574191
v 1.244051 0.138057 1.574191
v 1.252006 0.146012 1.593676
v 1.244051 0.138057 1.613162
v 1.228142 0.122147 1.613162
v 1.215414 0.134875 1.613162
v 1.207459 0.126920 1.593676
v 1.231323 0.150785 1.613162
v 1.239279 0.158740 1.593676
v 1.231323 0.150785 1.574191
v 1.215414 0.134875 1.574191
v 1.347466 0.241471 1.493676
v 1.355421 0.249426 1.474190
v 1.371330 0.265336 1.474190
v 1.379286 0.273291 1.493676
v 1.371330 0.265336 1.513162
v 1.355421 0.249426 1.513162
v 1.342693 0.262154 1.513162
v 1.334738 0.254199 1.493676
v 1.358603 0.278064 1.513162
v 1.366558 0.286019 1.493676
v 1.358603 0.278064 1.474190
v 1.342693 0.262154 1.474190
v 1.347466 0.241471 1.693676
v 1.355421 0.249426 1.674191
v 1.371331 0.265336 1.674191
v 1.379286 0.273291 1.693676
v 1.371331 0.265336 1.713162
v 1.355421 0.249426 1.713162
v 1.342693 0.262154 1.713162
v 1.334738 0.254199 1.693676
v 1.358603 0.278064 1.713162
v 1.366558 0.286019 1.693676
v 1.358603 0.278064 1.674191
v 1.342693 0.262154 1.674191
v 1.149476 0.184902 1.593676
v 1.157431 0.192857 1.613162
v 1.173341 0.208767 1.613162
v 1.181296 0.216722 1.593676
v 1.173341 0.208767 1.574191
v 1.157431 0.192857 1.574191
v 1.170159 0.180130 1.574191
v 1.162204 0.172174 1.593676
v 1.186068 0.196039 1.574191
v 1.194023 0.203994 1.593676
v 1.186068 0.196039 1.613162
v 1.170159 0.180130 1.613162
v 1.276755 0.312182 1.693676
v 1.284710 0.320137 1.713162
v 1.300620 0.336046 1.713162
v 1.308575 0.344001 1.693676
v 1.300620 0.336046 1.674191
v 1.284710 0.320137 1.674191
v 1.297438 0.307409 1.674191
v 1.289483 0.299454 1.693676
v 1.313348 0.323319 1.674191
v 1.321302 0.331273 1.693676
v 1.313348 0.323319 1.713162
v 1.297438 0.307409 1.713162
v 1.276755 0.312182 1.493676
v 1.284710 0.320137 1.513162
v 1.300620 0.336046 1.513162
v 1.308575 0.344001 1.493676
v 1.300620 0.336046 1.474190
v 1.284710 0.320137 1.474190
v 1.297438 0.307409 1.474190
v 1.289483 0.299454 1.493676
v 1.313348 0.323318 1.474190
v 1.321303 0.331273 1.493676
v 1.313348 0.323318 1.513162
v 1.297438 0.307409 1.513162
v -0.397565 0.448717 1.588194
v -0.397565 0.448717 1.599152
v -0.458187 0.413717 1.599152
v -0.458187 0.413717 1.588194
v -0.584632 0.632725 1.471873
v -0.584632 0.632725 1.715473
v -0.524010 0.667725 1.715473
v -0.524010 0.667725 1.471873
v -0.402418 0.457122 1.608642
v -0.510752 0.644761 1.730954
v -0.571373 0.609761 1.730954
v -0.463040 0.422122 1.608642
v -0.522234 0.664648 1.458654
v -0.517381 0.656243 1.452987
v -0.578003 0.621243 1.452987
v -0.582855 0.629648 1.458654
v -0.517381 0.656243 1.734359
v -0.578003 0.621243 1.734359
v -0.402418 0.457122 1.578704
v -0.463040 0.422122 1.578704
v -0.510752 0.644761 1.456392
v -0.571373 0.609761 1.456392
v -0.522234 0.664648 1.728693
v -0.582855 0.629648 1.728693
v -0.570465 0.578473 1.493673
v -0.554877 0.587474 1.493673
v -0.560502 0.597216 1.513159
v -0.576090 0.588216 1.513159
v -0.571752 0.616702 1.513159
v -0.587340 0.607702 1.513159
v -0.577377 0.626445 1.493673
v -0.592965 0.617445 1.493673
v -0.571752 0.616702 1.474187
v -0.587340 0.607702 1.474187
v -0.560502 0.597216 1.474187
v -0.576090 0.588216 1.474187
v -0.570465 0.578473 1.693673
v -0.554877 0.587474 1.693673
v -0.560502 0.597216 1.713159
v -0.576090 0.588216 1.713159
v -0.571752 0.616702 1.713159
v -0.587340 0.607702 1.713159
v -0.577377 0.626445 1.693673
v -0.592965 0.617445 1.693673
v -0.571752 0.616702 1.674187
v -0.587340 0.607702 1.674187
v -0.560502 0.597216 1.674187
v -0.576090 0.588216 1.674187
v -0.480465 0.422589 1.593673
v -0.464877 0.431589 1.593673
v -0.470502 0.441332 1.613159
v -0.486090 0.432332 1.613159
v -0.481752 0.460817 1.613159
v -0.497340 0.451817 1.613159
v -0.487377 0.470560 1.593673
v -0.502965 0.461560 1.593673
v -0.481752 0.460817 1.574187
v -0.497340 0.451817 1.574187
v -0.470502 0.441332 1.574187
v -0.486090 0.432332 1.574187
v -0.483862 0.628474 1.693673
v -0.499451 0.619473 1.693673
v -0.505075 0.629216 1.674187
v -0.489487 0.638216 1.674187
v -0.516325 0.648702 1.674187
v -0.500737 0.657702 1.674187
v -0.521950 0.658445 1.693673
v -0.506362 0.667445 1.693673
v -0.516325 0.648702 1.713159
v -0.500737 0.657702 1.713159
v -0.505075 0.629216 1.713159
v -0.489487 0.638216 1.713159
v -0.483862 0.628474 1.493673
v -0.499451 0.619473 1.493673
v -0.505076 0.629216 1.474187
v -0.489487 0.638216 1.474187
v -0.516325 0.648702 1.474187
v -0.500737 0.657702 1.474187
v -0.521950 0.658445 1.493673
v -0.506362 0.667445 1.493673
v -0.516325 0.648702 1.513158
v -0.500737 0.657702 1.513158
v -0.505076 0.629216 1.513158
v -0.489487 0.638216 1.513158
v -0.393862 0.472589 1.593673
v -0.409450 0.463589 1.593673
v -0.415075 0.473332 1.574187
v -0.399487 0.482332 1.574187
v -0.426325 0.492817 1.574187
v -0.410737 0.501817 1.574187
v -0.431950 0.502560 1.593673
v -0.416362 0.511560 1.593673
v -0.426325 0.492817 1.613159
v -0.410737 0.501817 1.613159
v -0.415075 0.473332 1.613159
v -0.399487 0.482332 1.613159
v 0.815055 0.802016 1.458654
v 0.817567 0.804528 1.471874
v 0.817567 0.804528 1.715473
v 0.815055 0.802016 1.728693
v 0.808192 0.795153 1.734360
v 0.798817 0.785778 1.730954
v 0.645610 0.632572 1.608642
v 0.638747 0.625709 1.599152
v 0.638747 0.625709 1.588194
v 0.645610 0.632572 1.578704
v 0.798816 0.785778 1.456393
v 0.808192 0.795153 1.452987
v 0.596113 0.682069 1.578704
v 0.749319 0.835276 1.456393
v 0.765557 0.851514 1.728693
v 0.758694 0.844651 1.734360
v 0.765557 0.851514 1.458654
v 0.768069 0.854026 1.471874
v 0.768069 0.854026 1.715473
v 0.758694 0.844651 1.452987
v 0.589249 0.675206 1.588194
v 0.589249 0.675206 1.599152
v 0.596113 0.682069 1.608642
v 0.749319 0.835276 1.730954
v 0.662765 0.628311 1.593673
v 0.670720 0.636266 1.574188
v 0.686630 0.652176 1.574188
v 0.694584 0.660131 1.593673
v 0.686630 0.652176 1.613159
v 0.670720 0.636266 1.613159
v 0.657992 0.648994 1.613159
v 0.650036 0.641039 1.593673
v 0.673901 0.664904 1.613159
v 0.681856 0.672858 1.593673
v 0.673901 0.664904 1.574188
v 0.657992 0.648994 1.574188
v 0.790044 0.755590 1.493673
v 0.797999 0.763545 1.474188
v 0.813909 0.779455 1.474188
v 0.821863 0.787410 1.493673
v 0.813909 0.779455 1.513159
v 0.797999 0.763545 1.513159
v 0.785271 0.776273 1.513159
v 0.777316 0.768318 1.493673
v 0.801181 0.792183 1.513159
v 0.809136 0.800138 1.493673
v 0.801181 0.792183 1.474188
v 0.785271 0.776273 1.474188
v 0.790044 0.755590 1.693673
v 0.797999 0.763545 1.674188
v 0.813909 0.779455 1.674188
v 0.821864 0.787410 1.693673
v 0.813909 0.779455 1.713159
v 0.797999 0.763545 1.713159
v 0.785271 0.776273 1.713159
v 0.777316 0.768318 1.693673
v 0.801181 0.792183 1.713159
v 0.809136 0.800138 1.693673
v 0.801181 0.792183 1.674188
v 0.785271 0.776273 1.674188
v 0.592054 0.699021 1.593673
v 0.600009 0.706976 1.613159
v 0.615919 0.722886 1.613159
v 0.623873 0.730841 1.593673
v 0.615919 0.722886 1.574188
v 0.600009 0.706976 1.574188
v 0.612736 0.694248 1.574188
v 0.604782 0.686293 1.593673
v 0.628646 0.710158 1.574188
v 0.636601 0.718113 1.593673
v 0.628646 0.710158 1.613159
v 0.612736 0.694248 1.613159
v 0.719333 0.826301 1.693673
v 0.727288 0.834255 1.713159
v 0.743198 0.850165 1.713159
v 0.751153 0.858120 1.693673
v 0.743198 0.850165 1.674188
v 0.727288 0.834255 1.674188
v 0.740016 0.821528 1.674188
v 0.732061 0.813573 1.693673
v 0.755925 0.837438 1.674188
v 0.763880 0.845392 1.693673
v 0.755925 0.837438 1.713159
v 0.740016 0.821528 1.713159
v 0.719333 0.826301 1.493674
v 0.727288 0.834255 1.513159
v 0.743198 0.850165 1.513159
v 0.751153 0.858120 1.493674
v 0.743198 0.850165 1.474188
v 0.727288 0.834255 1.474188
v 0.740016 0.821527 1.474188
v 0.732061 0.813573 1.493674
v 0.755926 0.837437 1.474188
v 0.763881 0.845392 1.493674
v 0.755926 0.837437 1.513159
v 0.740016 0.821527 1.513159
v -1.474816 -0.091999 1.427420
v -1.485774 -0.091999 1.427420
v -1.485774 -0.091999 1.357420
v -1.474816 -0.091999 1.357420
v -1.358495 0.160890 1.357420
v -1.602095 0.160890 1.357420
v -1.602095 0.160890 1.427420
v -1.358495 0.160890 1.427420
v -1.495264 -0.082294 1.427420
v -1.617576 0.134373 1.427420
v -1.617576 0.134373 1.357420
v -1.495264 -0.082294 1.357420
v -1.345276 0.157337 1.427420
v -1.339609 0.147631 1.427420
v -1.339609 0.147631 1.357420
v -1.345276 0.157337 1.357420
v -1.620981 0.147631 1.427420
v -1.620981 0.147631 1.357420
v -1.465326 -0.082294 1.427420
v -1.465326 -0.082294 1.357420
v -1.343014 0.134373 1.427420
v -1.343014 0.134373 1.357420
v -1.615315 0.157337 1.427420
v -1.615315 0.157337 1.357420
v -1.380295 0.106823 1.342563
v -1.380295 0.106823 1.360563
v -1.399781 0.118073 1.360563
v -1.399781 0.118073 1.342563
v -1.399781 0.140573 1.360563
v -1.399781 0.140573 1.342563
v -1.380295 0.151823 1.360563
v -1.380295 0.151823 1.342563
v -1.360810 0.140573 1.360563
v -1.360810 0.140573 1.342563
v -1.360810 0.118073 1.360563
v -1.360810 0.118073 1.342563
v -1.580295 0.106823 1.342563
v -1.580295 0.106823 1.360563
v -1.599781 0.118073 1.360563
v -1.599781 0.118073 1.342563
v -1.599781 0.140573 1.360563
v -1.599781 0.140573 1.342563
v -1.580295 0.151823 1.360563
v -1.580295 0.151823 1.342563
v -1.560810 0.140573 1.360563
v -1.560810 0.140573 1.342563
v -1.560810 0.118073 1.360563
v -1.560810 0.118073 1.342563
v -1.480295 -0.073177 1.342563
v -1.480295 -0.073177 1.360563
v -1.499781 -0.061927 1.360563
v -1.499781 -0.061927 1.342563
v -1.499781 -0.039427 1.360563
v -1.499781 -0.039427 1.342563
v -1.480295 -0.028177 1.360563
v -1.480295 -0.028177 1.342563
v -1.460810 -0.039427 1.360563
v -1.460810 -0.039427 1.342563
v -1.460810 -0.061927 1.360563
v -1.460810 -0.061927 1.342563
v 1.485774 -0.092000 1.427419
v 1.474816 -0.092000 1.427419
v 1.474816 -0.092000 1.357419
v 1.485774 -0.092000 1.357419
v 1.602095 0.160889 1.357419
v 1.358495 0.160889 1.357419
v 1.358495 0.160889 1.427420
v 1.602095 0.160889 1.427420
v 1.465326 -0.082294 1.427419
v 1.343014 0.134373 1.427420
v 1.343014 0.134373 1.357419
v 1.465326 -0.082294 1.357419
v 1.615314 0.157337 1.427420
v 1.620981 0.147631 1.427420
v 1.620981 0.147631 1.357419
v 1.615314 0.157337 1.357419
v 1.339609 0.147631 1.427420
v 1.339609 0.147631 1.357419
v 1.495264 -0.082294 1.427419
v 1.495264 -0.082294 1.357419
v 1.617576 0.134373 1.427420
v 1.617576 0.134373 1.357419
v 1.345275 0.157337 1.427420
v 1.345275 0.157337 1.357419
v 1.580295 0.106823 1.342562
v 1.580295 0.106823 1.360562
v 1.560809 0.118073 1.360562
v 1.560809 0.118073 1.342562
v 1.560809 0.140573 1.360562
v 1.560809 0.140573 1.342562
v 1.580295 0.151823 1.360562
v 1.580295 0.151823 1.342562
v 1.599781 0.140573 1.360562
v 1.599781 0.140573 1.342562
v 1.599781 0.118073 1.360562
v 1.599781 0.118073 1.342562
v 1.380295 0.106823 1.342562
v 1.380295 0.106823 1.360562
v 1.360810 0.118073 1.360562
v 1.360810 0.118073 1.342562
v 1.360810 0.140573 1.360562
v 1.360810 0.140573 1.342562
v 1.380295 0.151823 1.360562
v 1.380295 0.151823 1.342562
v 1.399781 0.140573 1.360562
v 1.399781 0.140573 1.342562
v 1.399781 0.118073 1.360562
v 1.399781 0.118073 1.342562
v 1.480295 -0.073177 1.342562
v 1.480295 -0.073177 1.360562
v 1.460809 -0.061927 1.360562
v 1.460809 -0.061927 1.342562
v 1.460809 -0.039427 1.360562
v 1.460809 -0.039427 1.342562
v 1.480295 -0.028177 1.360562
v 1.480295 -0.028177 1.342562
v 1.499781 -0.039427 1.360562
v 1.499781 -0.039427 1.342562
v 1.499781 -0.061927 1.360562
v 1.499781 -0.061927 1.342562
v 1.380295 0.106823 1.442562
v 1.380295 0.106823 1.424562
v 1.399781 0.118073 1.424562
v 1.399781 0.118073 1.442562
v 1.399781 0.140573 1.424562
v 1.399781 0.140573 1.442562
v 1.380295 0.151823 1.424562
v 1.380295 0.151823 1.442562
v 1.360810 0.140573 1.424562
v 1.360810 0.140573 1.442562
v 1.360809 0.118073 1.424562
v 1.360809 0.118073 1.442562
v 1.580295 0.106823 1.442562
v 1.580295 0.106823 1.424562
v 1.599781 0.118073 1.424562
v 1.599781 0.118073 1.442562
v 1.599781 0.140573 1.424562
v 1.599781 0.140573 1.442562
v 1.580295 0.151823 1.424562
v 1.580295 0.151823 1.442562
v 1.560809 0.140573 1.424562
v 1.560809 0.140573 1.442562
v 1.560809 0.118073 1.424562
v 1.560809 0.118073 1.442562
v 1.480295 -0.073177 1.442562
v 1.480295 -0.073177 1.424562
v 1.499780 -0.061927 1.424562
v 1.499780 -0.061927 1.442562
v 1.499781 -0.039427 1.424562
v 1.499781 -0.039427 1.442562
v 1.480295 -0.028177 1.424562
v 1.480295 -0.028177 1.442562
v 1.460809 -0.039427 1.424562
v 1.460809 -0.039427 1.442562
v 1.460809 -0.061927 1.424562
v 1.460809 -0.061927 1.442562
v -1.580295 0.106823 1.442563
v -1.580295 0.106823 1.424563
v -1.560809 0.118073 1.424563
v -1.560809 0.118073 1.442563
v -1.560809 0.140573 1.424563
v -1.560809 0.140573 1.442563
v -1.580295 0.151823 1.424563
v -1.580295 0.151823 1.442563
v -1.599781 0.140573 1.424563
v -1.599781 0.140573 1.442563
v -1.599781 0.118073 1.424563
v -1.599781 0.118073 1.442563
v -1.380295 0.106823 1.442563
v -1.380295 0.106823 1.424563
v -1.360810 0.118073 1.424563
v -1.360810 0.118073 1.442563
v -1.360810 0.140573 1.424563
v -1.360810 0.140573 1.442563
v -1.380295 0.151823 1.424563
v -1.380295 0.151823 1.442563
v -1.399781 0.140573 1.424563
v -1.399781 0.140573 1.442563
v -1.399781 0.118073 1.424563
v -1.399781 0.118073 1.442563
v -1.480295 -0.073177 1.442563
v -1.480295 -0.073177 1.424563
v -1.460810 -0.061927 1.424563
v -1.460810 -0.061927 1.442563
v -1.460810 -0.039427 1.424563
v -1.460810 -0.039427 1.442563
v -1.480295 -0.028177 1.424563
v -1.480295 -0.028177 1.442563
v -1.499781 -0.039427 1.424563
v -1.499781 -0.039427 1.442563
v -1.499781 -0.061927 1.424563
v -1.499781 -0.061927 1.442563
v -0.862937 1.043673 0.779830
v -0.869432 1.077423 -0.509956
v -0.879481 1.024542 -0.509956
v -0.871981 1.009923 0.779830
v -0.838231 1.068379 0.779830
v -0.841981 1.104874 -0.509956
v -0.804481 1.077423 0.779830
v -0.804481 1.114923 -0.509956
v -0.770731 1.068379 0.779830
v -0.766981 1.104874 -0.509956
v -0.746024 1.043673 0.779830
v -0.739529 1.077423 -0.509956
v -0.736981 1.009923 0.779830
v -0.729481 1.024542 -0.509956
v -0.746024 0.976173 0.779830
v -0.739529 0.972423 -0.509956
v -0.770730 0.951466 0.779830
v -0.766980 0.944971 -0.509956
v -0.804480 0.942423 0.779830
v -0.804480 0.934923 -0.509956
v -0.838230 0.951466 0.779830
v -0.841981 0.944971 -0.509956
v -0.862937 0.976173 0.779830
v -0.869432 0.972423 -0.509956
v 0.869432 1.077422 -0.509955
v 0.862938 1.043672 0.779830
v 0.871981 1.009922 0.779830
v 0.879480 1.024542 -0.509955
v 0.841981 1.104874 -0.509955
v 0.838231 1.068379 0.779830
v 0.804481 1.114923 -0.509955
v 0.804481 1.077422 0.779830
v 0.766981 1.104874 -0.509955
v 0.770731 1.068379 0.779830
v 0.739529 1.077422 -0.509955
v 0.746024 1.043672 0.779830
v 0.729481 1.024542 -0.509955
v 0.736981 1.009923 0.779830
v 0.739529 0.972423 -0.509955
v 0.746024 0.976172 0.779830
v 0.766980 0.944971 -0.509955
v 0.770731 0.951466 0.779830
v 0.804480 0.934922 -0.509955
v 0.804481 0.942422 0.779830
v 0.841980 0.944970 -0.509955
v 0.838231 0.951466 0.779830
v 0.869432 0.972422 -0.509955
v 0.862937 0.976172 0.779830
v 0.790853 1.002054 0.779830
v 0.804481 0.994186 0.779830
v -0.790853 1.017791 0.779830
v -0.790853 1.002055 0.779830
v -0.818109 1.002055 0.779830
v -0.818108 1.017791 0.779830
v -0.804481 1.025659 0.779830
v -0.804480 0.994186 0.779830
v 0.818109 1.017791 0.779830
v 0.818109 1.002054 0.779830
v 0.804481 1.025659 0.779830
v 0.790853 1.017790 0.779830
v -0.818108 1.017791 0.809830
v -0.818109 1.002055 0.809830
v -0.804480 0.994186 0.809830
v -0.790853 1.002055 0.809830
v -0.790853 1.017791 0.809830
v -0.804481 1.025659 0.809830
v 0.818109 1.017791 0.809830
v 0.804481 1.025659 0.809830
v 0.790853 1.017790 0.809830
v 0.790853 1.002054 0.809830
v 0.804481 0.994186 0.809830
v 0.818109 1.002054 0.809830
v -0.869395 1.137512 -1.021500
v -0.879474 1.173739 -1.011615
v -0.878039 1.314461 -1.527595
v -0.868184 1.277766 -1.535571
v -0.869395 1.209968 -1.001739
v -0.868184 1.350124 -1.515837
v -0.766941 1.111098 -1.028710
v -0.804401 1.101390 -1.031364
v -0.804480 1.238253 -1.533213
v -0.767701 1.246023 -1.523511
v -0.729466 1.173738 -1.011611
v -0.739511 1.137568 -1.021481
v -0.740777 1.271098 -1.511121
v -0.730922 1.306761 -1.499363
v -0.804401 1.246097 -0.991898
v -0.766941 1.236386 -0.994541
v -0.767701 1.371349 -1.489331
v -0.804481 1.382968 -1.493745
v -0.739512 1.209911 -1.001751
v -0.740777 1.343455 -1.491387
v 0.879474 1.173739 -1.011615
v 0.869395 1.137512 -1.021500
v 0.896282 1.122509 -1.025592
v 0.910536 1.173739 -1.011616
v 0.709026 1.023761 -0.461696
v 0.721811 1.069797 -0.449145
v 0.756719 1.103491 -0.439966
v 0.804396 1.115850 -0.436601
v 0.852118 1.103566 -0.439948
v 0.887114 1.069870 -0.449130
v 0.899942 1.023762 -0.461701
v 0.887114 0.977657 -0.474280
v 0.852118 0.943965 -0.483476
v 0.804396 0.931682 -0.486828
v 0.756719 0.944037 -0.483453
v 0.721811 0.977727 -0.474255
v 0.869395 1.209968 -1.001739
v 0.896282 1.224971 -0.997648
v -0.712628 1.088067 -0.495988
v -0.698423 1.036916 -0.509933
v -0.709026 1.023761 -0.461696
v -0.721811 1.069797 -0.449145
v 0.841897 1.236444 -0.994527
v 0.857397 1.262410 -0.987446
v -0.896299 1.088149 -0.495971
v -0.857414 1.125588 -0.485769
v -0.852118 1.103565 -0.439948
v -0.887114 1.069870 -0.449131
v 0.740777 1.343455 -1.491387
v 0.729263 1.353310 -1.527522
v 0.722158 1.315262 -1.530534
v 0.730922 1.306761 -1.499363
v 0.767701 1.371349 -1.489331
v 0.748675 1.384902 -1.539026
v 0.804480 1.382968 -1.493745
v 0.775191 1.401573 -1.561964
v 0.841260 1.375199 -1.503447
v 0.801708 1.398856 -1.590190
v 0.868184 1.350124 -1.515837
v 0.821119 1.377479 -1.616141
v 0.878039 1.314461 -1.527595
v 0.828224 1.343170 -1.632863
v 0.868184 1.277766 -1.535571
v 0.821119 1.305122 -1.635875
v 0.841260 1.249872 -1.537627
v 0.801708 1.273530 -1.624370
v 0.804481 1.238253 -1.533213
v 0.775191 1.256859 -1.601432
v 0.767701 1.246023 -1.523511
v 0.748675 1.259576 -1.573206
v 0.740777 1.271098 -1.511121
v 0.729263 1.280953 -1.547256
v 0.691809 1.356340 -1.538629
v 0.689849 1.317568 -1.538988
v 0.697165 1.389908 -1.557382
v 0.704481 1.409280 -1.590222
v 0.711796 1.409263 -1.628349
v 0.717152 1.389863 -1.661548
v 0.719112 1.356277 -1.680922
v 0.717152 1.317506 -1.681282
v 0.711796 1.283937 -1.662529
v 0.704480 1.264565 -1.629689
v 0.697165 1.264582 -1.591562
v 0.691809 1.283982 -1.558363
v 0.518524 1.401831 -2.309955
v 0.483588 1.402397 -2.309955
v 0.483588 1.402397 -1.609955
v 0.518524 1.401831 -1.609955
v 0.451503 1.289972 -2.309955
v 0.481476 1.272014 -2.309955
v 0.481476 1.272014 -1.609955
v 0.451503 1.289972 -1.609955
v 0.434525 1.320511 -1.609955
v 0.434525 1.320511 -2.309955
v 0.548497 1.383873 -2.309955
v 0.548497 1.383873 -1.609955
v 0.453050 1.385419 -2.309955
v 0.453050 1.385419 -1.609955
v 0.546950 1.288426 -2.309955
v 0.564908 1.318398 -2.309955
v 0.564908 1.318398 -1.609955
v 0.546950 1.288426 -1.609955
v -0.691809 1.283982 -1.558363
v -0.689849 1.317568 -1.538989
v -0.691809 1.356340 -1.538629
v -0.697165 1.389909 -1.557382
v -0.704481 1.409280 -1.590222
v -0.711796 1.409263 -1.628349
v -0.717152 1.317505 -1.681282
v -0.711796 1.283937 -1.662529
v -0.704480 1.264565 -1.629689
v -0.697165 1.264582 -1.591562
v 0.516412 1.271448 -2.309955
v 0.516412 1.271448 -1.609955
v 0.435092 1.355447 -2.309955
v 0.435092 1.355447 -1.609955
v 0.565475 1.353334 -2.309955
v 0.565475 1.353334 -1.609955
v -0.717152 1.389863 -1.661548
v -0.719112 1.356277 -1.680923
v 0.841897 1.111040 -1.028728
v 0.857397 1.085074 -1.035810
v 0.751416 0.948335 -0.534107
v 0.712628 0.985768 -0.523888
v 0.910551 1.036918 -0.509939
v 0.896299 0.985689 -0.523915
v 0.766940 1.111097 -1.028710
v 0.739511 1.137567 -1.021481
v 0.712614 1.122587 -1.025565
v 0.751402 1.085155 -1.035785
v -0.841897 1.236445 -0.994527
v -0.841260 1.375199 -1.503447
v 0.804389 1.139238 -0.482049
v 0.857414 1.125588 -0.485769
v -0.821119 1.377479 -1.616141
v -0.828224 1.343170 -1.632863
v -0.801708 1.398856 -1.590191
v -0.775191 1.401573 -1.561965
v -0.748675 1.384902 -1.539026
v -0.729263 1.353310 -1.527522
v -0.722158 1.315262 -1.530534
v -0.729263 1.280953 -1.547256
v -0.748675 1.259576 -1.573206
v -0.775191 1.256859 -1.601432
v -0.841260 1.249872 -1.537627
v -0.801708 1.273530 -1.624371
v -0.821119 1.305122 -1.635875
v -0.804481 1.123845 -0.782487
v 0.804480 1.123845 -0.782487
v 0.804480 1.111345 -0.785836
v -0.804481 1.111345 -0.785836
v -0.804481 1.132995 -0.773336
v 0.804480 1.132995 -0.773336
v -0.804481 1.136345 -0.760836
v 0.804480 1.136345 -0.760836
v -0.804481 1.132995 -0.748336
v 0.804480 1.132995 -0.748336
v -0.804481 1.123845 -0.739186
v 0.804480 1.123845 -0.739186
v -0.804481 1.111345 -0.735836
v 0.804480 1.111345 -0.735836
v -0.804481 1.098845 -0.739186
v 0.804480 1.098845 -0.739186
v -0.804481 1.089694 -0.748336
v 0.804480 1.089694 -0.748336
v -0.804481 1.086345 -0.760836
v 0.804480 1.086345 -0.760836
v -0.804481 1.089694 -0.773336
v 0.804480 1.089694 -0.773336
v -0.804481 1.098845 -0.782487
v 0.804480 1.098845 -0.782487
v -0.021651 1.111345 -0.773336
v -0.021651 0.261345 -0.773336
v -0.025000 0.261345 -0.760836
v -0.025000 1.111345 -0.760836
v -0.012500 1.111345 -0.782487
v -0.012500 0.261345 -0.782487
v 0.000000 1.111345 -0.785836
v 0.000000 0.261345 -0.785836
v 0.012500 1.111345 -0.782487
v 0.012500 0.261345 -0.782487
v 0.021651 1.111345 -0.773336
v 0.021651 0.261345 -0.773336
v 0.025000 1.111345 -0.760836
v 0.025000 0.261345 -0.760836
v 0.021651 1.111345 -0.748336
v 0.021651 0.261345 -0.748336
v 0.012500 1.111345 -0.739186
v 0.012500 0.261345 -0.739186
v 0.000000 1.111345 -0.735836
v 0.000000 0.261345 -0.735836
v -0.012500 1.111345 -0.739186
v -0.012500 0.261345 -0.739186
v -0.021651 1.111345 -0.748336
v -0.021651 0.261345 -0.748336
v -0.804389 0.934607 -0.537858
v -0.857414 0.948254 -0.534133
v -0.852118 0.943965 -0.483476
v -0.804396 0.931682 -0.486829
v -0.857397 1.262411 -0.987446
v -0.896283 1.224972 -0.997648
v -0.712628 0.985768 -0.523888
v -0.721811 0.977728 -0.474255
v -0.804390 1.139238 -0.482050
v -0.804396 1.115850 -0.436601
v 0.766940 1.236386 -0.994541
v 0.804401 1.246096 -0.991898
v 0.804374 1.276059 -0.983727
v 0.751402 1.262328 -0.987465
v -0.712614 1.224890 -0.997665
v -0.751402 1.262328 -0.987465
v 0.896299 1.088149 -0.495971
v 0.857414 0.948254 -0.534133
v 0.729466 1.173738 -1.011611
v 0.739511 1.209910 -1.001751
v 0.712614 1.224890 -0.997665
v 0.698408 1.173737 -1.011610
v -0.751402 1.085155 -1.035785
v -0.712614 1.122588 -1.025565
v -0.910551 1.036918 -0.509939
v -0.899942 1.023762 -0.461702
v 0.698423 1.036916 -0.509933
v 0.712628 1.088067 -0.495988
v -0.841897 1.111040 -1.028728
v -0.751416 1.125506 -0.485788
v -0.756719 1.103491 -0.439966
v -0.751415 0.948335 -0.534108
v -0.756719 0.944038 -0.483453
v 0.804401 1.101390 -1.031364
v -0.698408 1.173738 -1.011610
v -0.804374 1.276059 -0.983727
v -0.896299 0.985689 -0.523915
v -0.857397 1.085075 -1.035810
v -0.896283 1.122509 -1.025593
v -0.910536 1.173739 -1.011616
v 0.751415 1.125506 -0.485788
v 0.804390 0.934607 -0.537858
v 0.804374 1.071428 -1.039535
v -0.804374 1.071428 -1.039535
v -0.887114 0.977656 -0.474280
v 0.889342 0.881789 0.169578
v 0.823283 0.946468 0.169578
v 0.804801 0.938824 0.174937
v 0.875122 0.867725 0.174937
v 0.899751 0.892085 0.154937
v 0.836812 0.952065 0.154937
v 0.903561 0.895854 0.134937
v 0.841764 0.954113 0.134937
v 0.899751 0.892085 0.114937
v 0.836812 0.952065 0.114937
v 0.889342 0.881790 0.100296
v 0.823283 0.946468 0.100296
v 0.875122 0.867725 0.094937
v 0.804801 0.938824 0.094937
v 0.860902 0.853661 0.100296
v 0.786320 0.931179 0.100296
v 0.850493 0.843366 0.114937
v 0.772791 0.925583 0.114937
v 0.846682 0.839597 0.134937
v 0.767839 0.923535 0.134937
v 0.850493 0.843366 0.154937
v 0.772791 0.925583 0.154937
v 0.860902 0.853661 0.169578
v 0.786320 0.931179 0.169578
v 0.824481 1.010013 0.169578
v 0.804481 1.009923 0.174937
v 0.839121 1.010079 0.154937
v 0.844480 1.010103 0.134937
v 0.839121 1.010079 0.114937
v 0.824481 1.010013 0.100296
v 0.804481 1.009923 0.094937
v 0.784481 1.009832 0.100296
v 0.769840 1.009766 0.114937
v 0.764481 1.009742 0.134937
v 0.769840 1.009766 0.154937
v 0.784481 1.009832 0.169578
v 0.824481 1.010013 0.645189
v 0.823283 0.946469 0.645189
v 0.804801 0.938824 0.639830
v 0.804481 1.009923 0.639830
v 0.839121 1.010079 0.659830
v 0.836812 0.952065 0.659830
v 0.844480 1.010103 0.679830
v 0.841764 0.954113 0.679830
v 0.839121 1.010078 0.699830
v 0.836812 0.952064 0.699830
v 0.824481 1.010012 0.714471
v 0.823283 0.946468 0.714471
v 0.804481 1.009922 0.719830
v 0.804801 0.938824 0.719830
v 0.784481 1.009832 0.714471
v 0.786320 0.931179 0.714471
v 0.769840 1.009766 0.699830
v 0.772791 0.925583 0.699830
v 0.764481 1.009742 0.679830
v 0.767839 0.923535 0.679830
v 0.769840 1.009766 0.659830
v 0.772791 0.925583 0.659830
v 0.784481 1.009833 0.645189
v 0.786320 0.931180 0.645189
v 0.889341 0.881790 0.645189
v 0.875122 0.867725 0.639830
v 0.899751 0.892085 0.659830
v 0.903561 0.895854 0.679830
v 0.899751 0.892085 0.699830
v 0.889342 0.881789 0.714471
v 0.875122 0.867725 0.719830
v 0.860902 0.853661 0.714471
v 0.850493 0.843365 0.699830
v 0.846682 0.839597 0.679830
v 0.850493 0.843366 0.659830
v 0.860902 0.853661 0.645189
v -0.824480 1.010013 0.714471
v -0.823283 0.946468 0.714471
v -0.804801 0.938824 0.719830
v -0.804480 1.009922 0.719830
v -0.839121 1.010079 0.699830
v -0.836812 0.952065 0.699830
v -0.844480 1.010103 0.679830
v -0.841764 0.954113 0.679830
v -0.839121 1.010079 0.659830
v -0.836812 0.952065 0.659830
v -0.824480 1.010013 0.645189
v -0.823283 0.946469 0.645189
v -0.804481 1.009923 0.639830
v -0.804801 0.938824 0.639830
v -0.784481 1.009833 0.645189
v -0.786320 0.931180 0.645189
v -0.769840 1.009767 0.659830
v -0.772790 0.925583 0.659830
v -0.764481 1.009742 0.679830
v -0.767838 0.923535 0.679830
v -0.769840 1.009766 0.699830
v -0.772791 0.925583 0.699830
v -0.784481 1.009832 0.714471
v -0.786320 0.931179 0.714471
v -0.889342 0.881789 0.714471
v -0.875122 0.867725 0.719830
v -0.899751 0.892085 0.699830
v -0.903561 0.895854 0.679830
v -0.899751 0.892085 0.659830
v -0.889341 0.881790 0.645189
v -0.875122 0.867726 0.639830
v -0.860902 0.853662 0.645189
v -0.850492 0.843366 0.659830
v -0.846682 0.839597 0.679830
v -0.850493 0.843366 0.699830
v -0.860902 0.853661 0.714471
v -0.889342 0.881790 -0.444597
v -0.823283 0.946469 -0.444597
v -0.804801 0.938824 -0.449956
v -0.875122 0.867725 -0.449956
v -0.899751 0.892085 -0.429956
v -0.836812 0.952065 -0.429956
v -0.903561 0.895854 -0.409956
v -0.841764 0.954113 -0.409956
v -0.899751 0.892085 -0.389956
v -0.836812 0.952065 -0.389956
v -0.889342 0.881790 -0.375315
v -0.823283 0.946469 -0.375315
v -0.875122 0.867725 -0.369956
v -0.804801 0.938824 -0.369956
v -0.860902 0.853661 -0.375314
v -0.786320 0.931180 -0.375315
v -0.850493 0.843366 -0.389955
v -0.772791 0.925583 -0.389956
v -0.846682 0.839597 -0.409956
v -0.767838 0.923535 -0.409956
v -0.850493 0.843366 -0.429955
v -0.772791 0.925583 -0.429955
v -0.860902 0.853661 -0.444597
v -0.786320 0.931180 -0.444597
v -0.824480 1.010013 -0.444597
v -0.804480 1.009923 -0.449956
v -0.839121 1.010079 -0.429956
v -0.844480 1.010103 -0.409956
v -0.839121 1.010079 -0.389956
v -0.824480 1.010013 -0.375315
v -0.804481 1.009923 -0.369956
v -0.784481 1.009832 -0.375315
v -0.769840 1.009766 -0.389956
v -0.764481 1.009742 -0.409956
v -0.769840 1.009766 -0.429955
v -0.784481 1.009832 -0.444597
v 0.889342 0.881789 -0.375314
v 0.823283 0.946468 -0.375314
v 0.804801 0.938824 -0.369955
v 0.875122 0.867725 -0.369955
v 0.899751 0.892085 -0.389955
v 0.836812 0.952065 -0.389955
v 0.903561 0.895854 -0.409955
v 0.841764 0.954113 -0.409955
v 0.899751 0.892085 -0.429955
v 0.836812 0.952065 -0.429955
v 0.889342 0.881790 -0.444596
v 0.823283 0.946468 -0.444596
v 0.875122 0.867725 -0.449955
v 0.804801 0.938824 -0.449955
v 0.860902 0.853661 -0.444596
v 0.786320 0.931179 -0.444596
v 0.850493 0.843366 -0.429955
v 0.772790 0.925583 -0.429955
v 0.846682 0.839597 -0.409955
v 0.767838 0.923535 -0.409955
v 0.850493 0.843366 -0.389955
v 0.772790 0.925583 -0.389955
v 0.860902 0.853661 -0.375314
v 0.786320 0.931179 -0.375314
v 0.824480 1.010013 -0.375314
v 0.804480 1.009923 -0.369955
v 0.839121 1.010079 -0.389955
v 0.844480 1.010103 -0.409955
v 0.839121 1.010079 -0.429955
v 0.824480 1.010013 -0.444596
v 0.804480 1.009923 -0.449955
v 0.784481 1.009832 -0.444596
v 0.769840 1.009766 -0.429955
v 0.764481 1.009742 -0.409955
v 0.769840 1.009766 -0.389955
v 0.784481 1.009832 -0.375314
v -0.824480 1.010013 0.169578
v -0.823283 0.946468 0.169578
v -0.804801 0.938824 0.174937
v -0.804480 1.009922 0.174937
v -0.839121 1.010079 0.154937
v -0.836812 0.952065 0.154937
v -0.844480 1.010103 0.134937
v -0.841764 0.954113 0.134937
v -0.839121 1.010079 0.114937
v -0.836812 0.952065 0.114937
v -0.824480 1.010013 0.100296
v -0.823283 0.946469 0.100296
v -0.804481 1.009923 0.094937
v -0.804801 0.938824 0.094937
v -0.784481 1.009833 0.100296
v -0.786320 0.931180 0.100296
v -0.769840 1.009767 0.114937
v -0.772790 0.925583 0.114937
v -0.764481 1.009742 0.134937
v -0.767838 0.923535 0.134937
v -0.769840 1.009766 0.154937
v -0.772791 0.925583 0.154937
v -0.784481 1.009832 0.169578
v -0.786320 0.931179 0.169578
v -0.889342 0.881789 0.169578
v -0.875122 0.867725 0.174937
v -0.899751 0.892085 0.154937
v -0.903561 0.895854 0.134937
v -0.899751 0.892085 0.114937
v -0.889341 0.881790 0.100296
v -0.875122 0.867726 0.094937
v -0.860902 0.853662 0.100296
v -0.850492 0.843366 0.114937
v -0.846682 0.839597 0.134937
v -0.850493 0.843366 0.154937
v -0.860902 0.853661 0.169578
v 0.007500 0.885000 -0.386884
v 0.007500 0.865000 -0.386884
v 0.015000 0.865000 -0.399875
v 0.015000 0.885000 -0.399875
v -0.007500 0.885000 -0.386884
v -0.007500 0.865000 -0.386884
v -0.015000 0.885000 -0.399875
v -0.015000 0.865000 -0.399875
v -0.007500 0.885000 -0.412865
v -0.007500 0.865000 -0.412865
v 0.007500 0.885000 -0.412865
v 0.007500 0.865000 -0.412865
v -0.007500 0.865000 0.497741
v -0.007500 0.885000 0.497741
v -0.015000 0.885000 0.484750
v -0.015000 0.865000 0.484750
v 0.007500 0.865000 0.497741
v 0.007500 0.885000 0.497741
v 0.015000 0.865000 0.484750
v 0.015000 0.885000 0.484750
v 0.007500 0.865000 0.471760
v 0.007500 0.885000 0.471760
v -0.007500 0.865000 0.471760
v -0.007500 0.885000 0.471760
v 0.007500 0.885000 -0.260509
v 0.007500 0.865000 -0.260509
v 0.015000 0.865000 -0.273500
v 0.015000 0.885000 -0.273500
v -0.007500 0.885000 -0.260509
v -0.007500 0.865000 -0.260509
v -0.015000 0.885000 -0.273500
v -0.015000 0.865000 -0.273500
v -0.007500 0.885000 -0.286490
v -0.007500 0.865000 -0.286490
v 0.007500 0.885000 -0.286490
v 0.007500 0.865000 -0.286490
v -0.007500 0.865000 -0.134134
v -0.007500 0.885000 -0.134134
v -0.015000 0.885000 -0.147125
v -0.015000 0.865000 -0.147125
v 0.007500 0.865000 -0.134134
v 0.007500 0.885000 -0.134134
v 0.015000 0.865000 -0.147125
v 0.015000 0.885000 -0.147125
v 0.007500 0.865000 -0.160115
v 0.007500 0.885000 -0.160115
v -0.007500 0.865000 -0.160115
v -0.007500 0.885000 -0.160115
v 0.007500 0.885000 -0.007759
v 0.007500 0.865000 -0.007759
v 0.015000 0.865000 -0.020750
v 0.015000 0.885000 -0.020750
v -0.007500 0.885000 -0.007759
v -0.007500 0.865000 -0.007759
v -0.015000 0.885000 -0.020750
v -0.015000 0.865000 -0.020750
v -0.007500 0.885000 -0.033740
v -0.007500 0.865000 -0.033740
v 0.007500 0.885000 -0.033740
v 0.007500 0.865000 -0.033740
v -0.007500 0.865000 0.118616
v -0.007500 0.885000 0.118616
v -0.015000 0.885000 0.105625
v -0.015000 0.865000 0.105625
v 0.007500 0.865000 0.118616
v 0.007500 0.885000 0.118616
v 0.015000 0.865000 0.105625
v 0.015000 0.885000 0.105625
v 0.007500 0.865000 0.092635
v 0.007500 0.885000 0.092635
v -0.007500 0.865000 0.092635
v -0.007500 0.885000 0.092635
v 0.007500 0.885000 0.244991
v 0.007500 0.865000 0.244991
v 0.015000 0.865000 0.232000
v 0.015000 0.885000 0.232000
v -0.007500 0.885000 0.244991
v -0.007500 0.865000 0.244991
v -0.015000 0.885000 0.232000
v -0.015000 0.865000 0.232000
v -0.007500 0.885000 0.219010
v -0.007500 0.865000 0.219010
v 0.007500 0.885000 0.219010
v 0.007500 0.865000 0.219010
v -0.007500 0.865000 0.371366
v -0.007500 0.885000 0.371366
v -0.015000 0.885000 0.358375
v -0.015000 0.865000 0.358375
v 0.007500 0.865000 0.371366
v 0.007500 0.885000 0.371366
v 0.015000 0.865000 0.358375
v 0.015000 0.885000 0.358375
v 0.007500 0.865000 0.345385
v 0.007500 0.885000 0.345385
v -0.007500 0.865000 0.345385
v -0.007500 0.885000 0.345385
v 0.000000 0.885000 -0.142125
v 0.000000 0.915000 -0.142125
v -0.004619 0.913087 -0.147125
v -0.005000 0.885000 -0.147125
v 0.005000 0.885000 -0.147125
v 0.004619 0.916913 -0.147125
v 0.000000 0.885000 -0.152125
v 0.000000 0.915000 -0.152125
v -0.050780 0.965917 -0.142272
v -0.052661 0.960783 -0.146756
v -0.047339 0.969217 -0.147494
v -0.049220 0.964083 -0.151978
v -0.219544 1.014410 -0.226575
v -0.218884 1.008217 -0.229925
v -0.215721 1.017550 -0.231627
v -0.215060 1.011358 -0.234977
v -0.455901 1.052542 -0.402044
v -0.453612 1.046203 -0.404184
v -0.451802 1.055658 -0.406891
v -0.449514 1.049319 -0.409031
v -0.717998 0.966684 -0.678770
v -0.713797 0.961054 -0.679575
v -0.716203 0.968946 -0.685225
v -0.712002 0.963316 -0.686029
v -0.849280 0.835280 -0.678579
v -0.844298 0.830298 -0.679175
v -0.849702 0.835702 -0.685625
v -0.844720 0.830720 -0.686221
v 0.000000 0.885000 0.489750
v 0.000000 0.915000 0.489750
v -0.004619 0.913086 0.484750
v -0.005000 0.885000 0.484750
v 0.005000 0.885000 0.484750
v 0.004619 0.916913 0.484750
v 0.000000 0.885000 0.479750
v 0.000000 0.915000 0.479750
v -0.048726 0.963441 0.489327
v -0.052872 0.960949 0.484170
v -0.047128 0.969051 0.485330
v -0.051274 0.966559 0.480173
v -0.242008 1.015310 0.683073
v -0.246542 1.012979 0.678174
v -0.242784 1.021908 0.680652
v -0.247318 1.019577 0.675753
v -0.482838 1.044339 0.850638
v -0.485933 1.041975 0.844736
v -0.484638 1.050960 0.848930
v -0.487733 1.048596 0.843028
v -0.712637 0.962839 0.956090
v -0.713413 0.961352 0.949221
v -0.716587 0.968647 0.955279
v -0.717363 0.967161 0.948410
v -0.844749 0.830749 0.956105
v -0.844274 0.830274 0.949066
v -0.849726 0.835726 0.955434
v -0.849251 0.835251 0.948395
v 0.000000 0.885000 -0.015750
v 0.000000 0.915000 -0.015750
v -0.004619 0.913087 -0.020750
v -0.005000 0.885000 -0.020750
v 0.005000 0.885000 -0.020750
v 0.004619 0.916913 -0.020750
v 0.000000 0.885000 -0.025750
v 0.000000 0.915000 -0.025750
v -0.050000 0.965000 -0.015750
v -0.052560 0.960705 -0.020750
v -0.047440 0.969295 -0.020750
v -0.050000 0.965000 -0.025750
v -0.202406 1.010482 -0.015765
v -0.203068 1.005447 -0.020685
v -0.201014 1.015233 -0.020814
v -0.201676 1.010198 -0.025734
v -0.492829 1.045776 -0.061204
v -0.491196 1.040625 -0.065765
v -0.492141 1.050562 -0.066364
v -0.490508 1.045411 -0.070924
v -0.716024 0.965231 -0.132611
v -0.712423 0.960779 -0.136761
v -0.717577 0.969221 -0.138239
v -0.713976 0.964769 -0.142388
v -0.847585 0.833585 -0.132569
v -0.843513 0.829513 -0.136672
v -0.850487 0.836487 -0.138327
v -0.846415 0.832415 -0.142431
v 0.000000 0.885000 0.363375
v 0.000000 0.915000 0.363375
v -0.004619 0.913086 0.358375
v -0.005000 0.885000 0.358375
v 0.005000 0.885000 0.358375
v 0.004619 0.916913 0.358375
v 0.000000 0.885000 0.353375
v 0.000000 0.915000 0.353375
v -0.050000 0.965000 0.363375
v -0.052560 0.960705 0.358375
v -0.047440 0.969295 0.358375
v -0.050000 0.965000 0.353375
v -0.201883 1.010279 0.363372
v -0.203050 1.005443 0.358347
v -0.201031 1.015237 0.358403
v -0.202198 1.010401 0.353378
v -0.496811 1.044743 0.383126
v -0.496745 1.039854 0.378018
v -0.497885 1.049785 0.378286
v -0.497819 1.044896 0.373178
v -0.714557 0.964902 0.412355
v -0.712328 0.960786 0.407054
v -0.717672 0.969214 0.407696
v -0.715443 0.965098 0.402396
v -0.846748 0.832748 0.412362
v -0.843473 0.829473 0.407019
v -0.850527 0.836526 0.407731
v -0.847252 0.833252 0.402388
v 0.000000 0.885000 -0.394875
v 0.000000 0.915000 -0.394875
v -0.004619 0.916913 -0.399875
v -0.005000 0.885000 -0.399875
v 0.005000 0.885000 -0.399875
v 0.004619 0.913087 -0.399875
v 0.000000 0.885000 -0.404875
v 0.000000 0.915000 -0.404875
v 0.050281 0.965325 -0.394893
v 0.047427 0.969285 -0.400010
v 0.052573 0.960715 -0.399740
v 0.049719 0.964675 -0.404856
v 0.205173 1.011347 -0.420729
v 0.202837 1.015513 -0.425943
v 0.205165 1.005821 -0.425140
v 0.202829 1.009987 -0.430354
v 0.477941 1.048541 -0.525552
v 0.475677 1.052712 -0.530795
v 0.475662 1.042858 -0.529089
v 0.473398 1.047029 -0.534332
v 0.717063 0.965830 -0.677947
v 0.717122 0.969175 -0.684176
v 0.712878 0.960825 -0.680673
v 0.712937 0.964170 -0.686903
v 0.848383 0.834383 -0.677824
v 0.850254 0.836254 -0.684381
v 0.843746 0.829746 -0.680468
v 0.845617 0.831617 -0.687026
v 0.000000 0.885000 -0.268500
v 0.000000 0.915000 -0.268500
v -0.004619 0.916913 -0.273500
v -0.005000 0.885000 -0.273500
v 0.005000 0.885000 -0.273500
v 0.004619 0.913087 -0.273500
v 0.000000 0.885000 -0.278500
v 0.000000 0.915000 -0.278500
v 0.049830 0.964804 -0.268507
v 0.047435 0.969291 -0.273418
v 0.052565 0.960709 -0.273581
v 0.050170 0.965196 -0.278493
v 0.202107 1.010076 -0.253281
v 0.201704 1.015341 -0.257984
v 0.203807 1.005577 -0.258465
v 0.203404 1.010843 -0.263167
v 0.491610 1.045025 -0.197189
v 0.493246 1.050389 -0.201496
v 0.492390 1.040482 -0.202551
v 0.494026 1.045846 -0.206858
v 0.713915 0.964546 -0.132640
v 0.717538 0.969200 -0.136541
v 0.712462 0.960800 -0.138459
v 0.716085 0.965454 -0.142360
v 0.846264 0.832264 -0.132609
v 0.850458 0.836458 -0.136459
v 0.843542 0.829542 -0.138540
v 0.847736 0.833736 -0.142390
v 0.000000 0.885000 0.110625
v 0.000000 0.915000 0.110625
v -0.004619 0.916913 0.105625
v -0.005000 0.885000 0.105625
v 0.005000 0.885000 0.105625
v 0.004619 0.913087 0.105625
v 0.000000 0.885000 0.100625
v 0.000000 0.915000 0.100625
v 0.049455 0.964365 0.110555
v 0.047393 0.969258 0.105886
v 0.052607 0.960742 0.105365
v 0.050545 0.965635 0.100696
v 0.207877 1.010531 0.163405
v 0.208177 1.016367 0.159423
v 0.210710 1.006781 0.158123
v 0.211011 1.012617 0.154141
v 0.478101 1.046062 0.282007
v 0.480255 1.052005 0.278839
v 0.480439 1.042283 0.276507
v 0.482593 1.048226 0.273339
v 0.712936 0.963852 0.411782
v 0.717044 0.969091 0.409398
v 0.712956 0.960909 0.405353
v 0.717064 0.966148 0.402968
v 0.845442 0.831442 0.411863
v 0.850174 0.836174 0.409579
v 0.843826 0.829826 0.405171
v 0.848558 0.834558 0.402887
v 0.000000 0.885000 0.237000
v 0.000000 0.915000 0.237000
v -0.004619 0.916913 0.232000
v -0.005000 0.885000 0.232000
v 0.005000 0.885000 0.232000
v 0.004619 0.913086 0.232000
v 0.000000 0.885000 0.227000
v 0.000000 0.915000 0.227000
v 0.048538 0.963160 0.236413
v 0.046992 0.968941 0.232647
v 0.053008 0.961058 0.231353
v 0.051462 0.966840 0.227587
v 0.257372 1.017509 0.515590
v 0.258112 1.024318 0.513835
v 0.262782 1.015830 0.511357
v 0.263521 1.022640 0.509601
v 0.459032 1.047068 0.733345
v 0.460588 1.053910 0.732473
v 0.463731 1.045361 0.728345
v 0.465287 1.052203 0.727472
v 0.711948 0.962402 0.955240
v 0.715643 0.968399 0.955860
v 0.714357 0.961601 0.948640
v 0.718052 0.967597 0.949260
v 0.844197 0.830197 0.955298
v 0.849155 0.835155 0.956214
v 0.844845 0.830845 0.948287
v 0.849803 0.835803 0.949202
vt 0.785000 0.736156
vt 0.761667 0.592679
vt 0.761667 0.594811
vt 0.761667 0.664564
vt 0.625000 0.497042
vt 0.625000 0.252958
vt 0.625000 0.252313
vt 0.625000 0.497687
vt 0.625000 0.231792
vt 0.625000 0.199691
vt 0.625000 0.129917
vt 0.625000 0.122572
vt 0.625000 0.052797
vt 0.625000 0.003832
vt 0.625000 0.084375
vt 0.625000 0.228125
vt 0.625000 0.747046
vt 0.375000 0.747046
vt 0.375000 0.501344
vt 0.625000 0.501344
vt 0.625000 0.501344
vt 0.627313 0.500000
vt 0.872687 0.500000
vt 0.875000 0.501344
vt 0.832579 0.521875
vt 0.625000 0.521875
vt 0.375000 0.255778
vt 0.375000 0.491540
vt 0.375000 0.412953
vt 0.375000 0.334365
vt 0.375000 0.248656
vt 0.625000 0.248656
vt 0.375000 0.494222
vt 0.625000 0.248656
vt 0.131048 0.504297
vt 0.212366 0.669523
vt 0.293683 0.834749
vt 0.375000 0.992440
vt 0.375000 0.843683
vt 0.375000 0.631705
vt 0.375000 0.609391
vt 0.375000 0.397413
vt 0.738333 0.664564
vt 0.738333 0.594811
vt 0.738333 0.594811
vt 0.738333 0.664564
vt 0.000000 0.000000
vt 0.000000 0.000000
vt 0.000000 0.000000
vt 0.000000 0.000000
vt 0.000000 0.000000
vt 0.000000 0.000000
vt 0.000000 0.000000
vt 0.000000 0.000000
vt 0.000000 0.000000
vt 0.000000 0.000000
vt 0.000000 0.000000
vt 0.000000 0.000000
vt 0.000000 0.000000
vt 0.000000 0.000000
vt 0.000000 0.000000
vt 0.000000 0.000000
vt 0.000000 0.000000
vt 0.000000 0.000000
vt 0.000000 0.000000
vt 0.000000 0.000000
vt 0.000000 0.000000
vt 0.000000 0.000000
vt 0.000000 0.000000
vt 0.000000 0.000000
vt 0.000000 0.000000
vt 0.000000 0.000000
vt 0.000000 0.000000
vt 0.000000 0.000000
vt 0.000000 0.000000
vt 0.000000 0.000000
vt 0.000000 0.000000
vt 0.000000 0.000000
vt 0.000000 0.000000
vt 0.000000 0.000000
vt 0.000000 0.000000
vt 0.000000 0.000000
vt 0.000000 0.000000
vt 0.000000 0.000000
vt 0.000000 0.000000
vt 0.000000 0.000000
vt 0.000000 0.000000
vt 0.000000 0.000000
vt 0.000000 0.000000
vt 0.000000 0.000000
vt 0.000000 0.000000
vt 0.000000 0.000000
vt 0.000000 0.000000
vt 0.000000 0.000000
vt 0.000000 0.000000
vt 0.000000 0.000000
vt 0.000000 0.000000
vt 0.000000 0.000000
vt 0.000000 0.000000
vt 0.000000 0.000000
vt 0.000000 0.000000
vt 0.000000 0.000000
vt 0.000000 0.000000
vt 0.000000 0.000000
vt 0.000000 0.000000
vt 0.000000 0.000000
vt 0.000000 0.000000
vt 0.000000 0.000000
vt 0.760835 0.665177
vt 0.739165 0.665177
vt 0.739099 0.665177
vt 0.739787 0.665177
vt 0.744531 0.665177
vt 0.750000 0.665177
vt 0.755469 0.665177
vt 0.760213 0.665177
vt 0.760901 0.665177
vt 0.739165 0.594198
vt 0.760835 0.594198
vt 0.760900 0.594198
vt 0.760213 0.594198
vt 0.755469 0.594198
vt 0.750000 0.594198
vt 0.744531 0.594198
vt 0.739787 0.594198
vt 0.739099 0.594198
vt 0.761667 0.664564
vt 0.761667 0.594811
vt 0.761146 0.664564
vt 0.761146 0.594811
vt 0.738854 0.594811
vt 0.738854 0.664564
vt 0.755833 0.664564
vt 0.755833 0.594811
vt 0.744167 0.594811
vt 0.744167 0.664564
vt 0.750000 0.594811
vt 0.750000 0.664564
vt 0.761667 0.665177
vt 0.761667 0.666523
vt 0.761667 0.594198
vt 0.738333 0.665177
vt 0.738333 0.666523
vt 0.738333 0.594198
vt 0.738333 0.592679
vt 0.761667 0.736156
vt 0.000000 0.000000
vt 0.000000 0.000000
vt 0.000000 0.000000
vt 0.000000 0.000000
vt 0.000000 0.000000
vt 0.000000 0.000000
vt 0.000000 0.000000
vt 0.000000 0.000000
vt 0.000000 0.000000
vt 0.000000 0.000000
vt 0.000000 0.000000
vt 0.000000 0.000000
vt 0.000000 0.000000
vt 0.000000 0.000000
vt 0.000000 0.000000
vt 0.000000 0.000000
vt 0.000000 0.000000
vt 0.000000 0.000000
vt 0.000000 0.000000
vt 0.000000 0.000000
vt 0.000000 0.000000
vt 0.000000 0.000000
vt 0.000000 0.000000
vt 0.000000 0.000000
vt 0.000000 0.000000
vt 0.000000 0.000000
vt 0.000000 0.000000
vt 0.000000 0.000000
vt 0.000000 0.000000
vt 0.000000 0.000000
vt 0.000000 0.000000
vt 0.000000 0.000000
vt 0.000000 0.000000
vt 0.000000 0.000000
vt 0.000000 0.000000
vt 0.000000 0.000000
vt 0.000000 0.000000
vt 0.000000 0.000000
vt 0.000000 0.000000
vt 0.000000 0.000000
vt 0.000000 0.000000
vt 0.000000 0.000000
vt 0.000000 0.000000
vt 0.000000 0.000000
vt 0.000000 0.000000
vt 0.000000 0.000000
vt 0.000000 0.000000
vt 0.000000 0.000000
vt 0.000000 0.000000
vt 0.000000 0.000000
vt 0.000000 0.000000
vt 0.000000 0.000000
vt 0.000000 0.000000
vt 0.000000 0.000000
vt 0.000000 0.000000
vt 0.000000 0.000000
vt 0.000000 0.000000
vt 0.000000 0.000000
vt 0.000000 0.000000
vt 0.000000 0.000000
vt 0.000000 0.000000
vt 0.000000 0.000000
vt 0.000000 0.000000
vt 0.000000 0.000000
vt 0.000000 0.000000
vt 0.000000 0.000000
vt 0.000000 0.000000
vt 0.000000 0.000000
vt 0.000000 0.000000
vt 0.000000 0.000000
vt 0.000000 0.000000
vt 0.000000 0.000000
vt 0.000000 0.000000
vt 0.000000 0.000000
vt 0.000000 0.000000
vt 0.000000 0.000000
vt 0.000000 0.000000
vt 0.000000 0.000000
vt 0.000000 0.000000
vt 0.000000 0.000000
vt 0.000000 0.000000
vt 0.000000 0.000000
vt 0.000000 0.000000
vt 0.000000 0.000000
vt 0.000000 0.000000
vt 0.000000 0.000000
vt 0.000000 0.000000
vt 0.000000 0.000000
vt 0.000000 0.000000
vt 0.000000 0.000000
vt 0.000000 0.000000
vt 0.000000 0.000000
vt 0.000000 0.000000
vt 0.000000 0.000000
vt 0.000000 0.000000
vt 0.000000 0.000000
vt 0.000000 0.000000
vt 0.000000 0.000000
vt 0.000000 0.000000
vt 0.000000 0.000000
vt 0.000000 0.000000
vt 0.000000 0.000000
vt 0.000000 0.000000
vt 0.000000 0.000000
vt 0.000000 0.000000
vt 0.000000 0.000000
vt 0.000000 0.000000
vt 0.000000 0.000000
vt 0.000000 0.000000
vt 0.000000 0.000000
vt 0.000000 0.000000
vt 0.000000 0.000000
vt 0.000000 0.000000
vt 0.000000 0.000000
vt 0.000000 0.000000
vt 0.000000 0.000000
vt 0.000000 0.000000
vt 0.000000 0.000000
vt 0.000000 0.000000
vt 0.000000 0.000000
vt 0.000000 0.000000
vt 0.000000 0.000000
vt 0.000000 0.000000
vt 0.000000 0.000000
vt 0.000000 0.000000
vt 0.000000 0.000000
vt 0.000000 0.000000
vt 0.000000 0.000000
vt 0.000000 0.000000
vt 0.000000 0.000000
vt 0.000000 0.000000
vt 0.000000 0.000000
vt 0.000000 0.000000
vt 0.000000 0.000000
vt 0.000000 0.000000
vt 0.000000 0.000000
vt 0.000000 0.000000
vt 0.000000 0.000000
vt 0.000000 0.000000
vt 0.000000 0.000000
vt 0.000000 0.000000
vt 0.000000 0.000000
vt 0.000000 0.000000
vt 0.000000 0.000000
vt 0.000000 0.000000
vt 0.000000 0.000000
vt 0.000000 0.000000
vt 0.000000 0.000000
vt 0.000000 0.000000
vt 0.000000 0.000000
vt 0.000000 0.000000
vt 0.000000 0.000000
vt 0.000000 0.000000
vt 0.000000 0.000000
vt 0.000000 0.000000
vt 0.000000 0.000000
vt 0.000000 0.000000
vt 0.000000 0.000000
vt 0.000000 0.000000
vt 0.000000 0.000000
vt 0.000000 0.000000
vt 0.000000 0.000000
vt 0.000000 0.000000
vt 0.000000 0.000000
vt 0.000000 0.000000
vt 0.000000 0.000000
vt 0.000000 0.000000
vt 0.000000 0.000000
vt 0.000000 0.000000
vt 0.000000 0.000000
vt 0.000000 0.000000
vt 0.000000 0.000000
vt 0.000000 0.000000
vt 0.000000 0.000000
vt 0.000000 0.000000
vt 0.000000 0.000000
vt 0.000000 0.000000
vt 0.000000 0.000000
vt 0.000000 0.000000
vt 0.000000 0.000000
vt 0.000000 0.000000
vt 0.000000 0.000000
vt 0.000000 0.000000
vt 0.000000 0.000000
vt 0.000000 0.000000
vt 0.000000 0.000000
vt 0.000000 0.000000
vt 0.000000 0.000000
vt 0.000000 0.000000
vt 0.000000 0.000000
vt 0.000000 0.000000
vt 0.000000 0.000000
vt 1.000000 0.500000
vt 1.000000 1.000000
vt 0.833333 1.000000
vt 0.833333 0.500000
vt 0.666667 1.000000
vt 0.666667 0.500000
vt 0.500000 1.000000
vt 0.500000 0.500000
vt 0.333333 1.000000
vt 0.333333 0.500000
vt 0.166667 1.000000
vt 0.166667 0.500000
vt -0.000000 1.000000
vt -0.000000 0.500000
vt 0.750000 0.490000
vt 0.957846 0.370000
vt 0.957846 0.130000
vt 0.750000 0.010000
vt 0.542154 0.130000
vt 0.542154 0.370000
vt 1.000000 0.500000
vt 1.000000 1.000000
vt 0.833333 1.000000
vt 0.833333 0.500000
vt 0.666667 1.000000
vt 0.666667 0.500000
vt 0.500000 1.000000
vt 0.500000 0.500000
vt 0.333333 1.000000
vt 0.333333 0.500000
vt 0.166667 1.000000
vt 0.166667 0.500000
vt -0.000000 1.000000
vt -0.000000 0.500000
vt 0.750000 0.490000
vt 0.957846 0.370000
vt 0.957846 0.130000
vt 0.750000 0.010000
vt 0.542154 0.130000
vt 0.542154 0.370000
vt 1.000000 0.500000
vt 1.000000 1.000000
vt 0.833333 1.000000
vt 0.833333 0.500000
vt 0.666667 1.000000
vt 0.666667 0.500000
vt 0.500000 1.000000
vt 0.500000 0.500000
vt 0.333333 1.000000
vt 0.333333 0.500000
vt 0.166667 1.000000
vt 0.166667 0.500000
vt -0.000000 1.000000
vt -0.000000 0.500000
vt 0.750000 0.490000
vt 0.957846 0.370000
vt 0.957846 0.130000
vt 0.750000 0.010000
vt 0.542154 0.130000
vt 0.542154 0.370000
vt 1.000000 0.500000
vt 1.000000 1.000000
vt 0.833333 1.000000
vt 0.833333 0.500000
vt 0.666667 1.000000
vt 0.666667 0.500000
vt 0.500000 1.000000
vt 0.500000 0.500000
vt 0.333333 1.000000
vt 0.333333 0.500000
vt 0.166667 1.000000
vt 0.166667 0.500000
vt -0.000000 1.000000
vt -0.000000 0.500000
vt 0.750000 0.490000
vt 0.957846 0.370000
vt 0.957846 0.130000
vt 0.750000 0.010000
vt 0.542154 0.130000
vt 0.542154 0.370000
vt 1.000000 0.500000
vt 1.000000 1.000000
vt 0.833333 1.000000
vt 0.833333 0.500000
vt 0.666667 1.000000
vt 0.666667 0.500000
vt 0.500000 1.000000
vt 0.500000 0.500000
vt 0.333333 1.000000
vt 0.333333 0.500000
vt 0.166667 1.000000
vt 0.166667 0.500000
vt -0.000000 1.000000
vt -0.000000 0.500000
vt 0.750000 0.490000
vt 0.957846 0.370000
vt 0.957846 0.130000
vt 0.750000 0.010000
vt 0.542154 0.130000
vt 0.542154 0.370000
vt 1.000000 0.500000
vt 1.000000 1.000000
vt 0.833333 1.000000
vt 0.833333 0.500000
vt 0.666667 1.000000
vt 0.666667 0.500000
vt 0.500000 1.000000
vt 0.500000 0.500000
vt 0.333333 1.000000
vt 0.333333 0.500000
vt 0.166667 1.000000
vt 0.166667 0.500000
vt -0.000000 1.000000
vt -0.000000 0.500000
vt 0.750000 0.490000
vt 0.957846 0.370000
vt 0.957846 0.130000
vt 0.750000 0.010000
vt 0.542154 0.130000
vt 0.542154 0.370000
vt 1.000000 0.500000
vt 1.000000 1.000000
vt 0.833333 1.000000
vt 0.833333 0.500000
vt 0.666667 1.000000
vt 0.666667 0.500000
vt 0.500000 1.000000
vt 0.500000 0.500000
vt 0.333333 1.000000
vt 0.333333 0.500000
vt 0.166667 1.000000
vt 0.166667 0.500000
vt -0.000000 1.000000
vt -0.000000 0.500000
vt 0.750000 0.490000
vt 0.957846 0.370000
vt 0.957846 0.130000
vt 0.750000 0.010000
vt 0.542154 0.130000
vt 0.542154 0.370000
vt 1.000000 0.500000
vt 1.000000 1.000000
vt 0.833333 1.000000
vt 0.833333 0.500000
vt 0.666667 1.000000
vt 0.666667 0.500000
vt 0.500000 1.000000
vt 0.500000 0.500000
vt 0.333333 1.000000
vt 0.333333 0.500000
vt 0.166667 1.000000
vt 0.166667 0.500000
vt -0.000000 1.000000
vt -0.000000 0.500000
vt 0.750000 0.490000
vt 0.957846 0.370000
vt 0.957846 0.130000
vt 0.750000 0.010000
vt 0.542154 0.130000
vt 0.542154 0.370000
vt 1.000000 0.500000
vt 1.000000 1.000000
vt 0.833333 1.000000
vt 0.833333 0.500000
vt 0.666667 1.000000
vt 0.666667 0.500000
vt 0.500000 1.000000
vt 0.500000 0.500000
vt 0.333333 1.000000
vt 0.333333 0.500000
vt 0.166667 1.000000
vt 0.166667 0.500000
vt -0.000000 1.000000
vt -0.000000 0.500000
vt 0.750000 0.490000
vt 0.957846 0.370000
vt 0.957846 0.130000
vt 0.750000 0.010000
vt 0.542154 0.130000
vt 0.542154 0.370000
vt 0.625000 0.500000
vt 0.625000 1.000000
vt 0.500000 1.000000
vt 0.500000 0.500000
vt 0.419706 0.419706
vt 0.250000 0.490000
vt 0.080294 0.419706
vt 0.010000 0.250000
vt 0.080294 0.080294
vt 0.250000 0.010000
vt 0.419706 0.080294
vt 0.490000 0.250000
vt 1.000000 0.500000
vt 1.000000 1.000000
vt 0.875000 1.000000
vt 0.875000 0.500000
vt 0.375000 0.500000
vt 0.375000 1.000000
vt 0.250000 1.000000
vt 0.250000 0.500000
vt 0.750000 1.000000
vt 0.750000 0.500000
vt 0.375000 0.500000
vt 0.375000 1.000000
vt 0.250000 1.000000
vt 0.250000 0.500000
vt 0.500000 0.500000
vt 0.500000 1.000000
vt 0.625000 1.000000
vt 0.625000 0.500000
vt 0.419706 0.419706
vt 0.250000 0.490000
vt 0.080294 0.419706
vt 0.010000 0.250000
vt 0.080294 0.080294
vt 0.250000 0.010000
vt 0.419706 0.080294
vt 0.490000 0.250000
vt 0.625000 0.500000
vt 0.625000 1.000000
vt 0.500000 1.000000
vt 0.500000 0.500000
vt 0.750000 0.500000
vt 0.750000 1.000000
vt 0.375000 1.000000
vt 0.375000 0.500000
vt 0.125000 0.500000
vt 0.125000 1.000000
vt 0.000000 1.000000
vt 0.000000 0.500000
vt 0.875000 0.500000
vt 0.875000 1.000000
vt 0.250000 1.000000
vt 0.250000 0.500000
vt 0.419706 0.419706
vt 0.250000 0.490000
vt 0.080294 0.419706
vt 0.010000 0.250000
vt 0.080294 0.080294
vt 0.250000 0.010000
vt 0.419706 0.080294
vt 0.490000 0.250000
vt 1.000000 0.500000
vt 1.000000 1.000000
vt 0.125000 1.000000
vt 0.125000 0.500000
vt 0.000000 1.000000
vt 0.000000 0.500000
vt 0.750000 0.500000
vt 0.750000 1.000000
vt 0.125000 0.500000
vt 0.125000 1.000000
vt 0.000000 1.000000
vt 0.000000 0.500000
vt 0.875000 0.500000
vt 0.875000 1.000000
vt 1.000000 0.500000
vt 1.000000 1.000000
vt 0.625000 0.500000
vt 0.625000 1.000000
vt 0.500000 1.000000
vt 0.500000 0.500000
vt 0.375000 0.500000
vt 0.375000 1.000000
vt 0.250000 1.000000
vt 0.250000 0.500000
vt 0.419706 0.419706
vt 0.250000 0.490000
vt 0.080294 0.419706
vt 0.010000 0.250000
vt 0.080294 0.080294
vt 0.250000 0.010000
vt 0.419706 0.080294
vt 0.490000 0.250000
vt 0.750000 0.500000
vt 0.750000 1.000000
vt 0.125000 0.500000
vt 0.125000 1.000000
vt 0.000000 1.000000
vt 0.000000 0.500000
vt 0.875000 0.500000
vt 0.875000 1.000000
vt 1.000000 0.500000
vt 1.000000 1.000000
vt 0.625000 0.500000
vt 0.625000 1.000000
vt 0.500000 1.000000
vt 0.500000 0.500000
vt 0.375000 0.500000
vt 0.375000 1.000000
vt 0.250000 1.000000
vt 0.250000 0.500000
vt 0.419706 0.419706
vt 0.250000 0.490000
vt 0.080294 0.419706
vt 0.010000 0.250000
vt 0.080294 0.080294
vt 0.250000 0.010000
vt 0.419706 0.080294
vt 0.490000 0.250000
vt 0.750000 0.500000
vt 0.750000 1.000000
vt 0.125000 0.500000
vt 0.125000 1.000000
vt 0.000000 1.000000
vt 0.000000 0.500000
vt 0.875000 0.500000
vt 0.875000 1.000000
vt 1.000000 0.500000
vt 1.000000 1.000000
vt 0.625000 0.500000
vt 0.625000 1.000000
vt 0.500000 1.000000
vt 0.500000 0.500000
vt 0.375000 0.500000
vt 0.375000 1.000000
vt 0.250000 1.000000
vt 0.250000 0.500000
vt 0.419706 0.419706
vt 0.250000 0.490000
vt 0.080294 0.419706
vt 0.010000 0.250000
vt 0.080294 0.080294
vt 0.250000 0.010000
vt 0.419706 0.080294
vt 0.490000 0.250000
vt 0.750000 0.500000
vt 0.750000 1.000000
vt 0.125000 0.500000
vt 0.125000 1.000000
vt 0.000000 1.000000
vt 0.000000 0.500000
vt 0.875000 0.500000
vt 0.875000 1.000000
vt 1.000000 0.500000
vt 1.000000 1.000000
vt 0.625000 0.500000
vt 0.625000 1.000000
vt 0.500000 1.000000
vt 0.500000 0.500000
vt 0.375000 0.500000
vt 0.375000 1.000000
vt 0.250000 1.000000
vt 0.250000 0.500000
vt 0.419706 0.419706
vt 0.250000 0.490000
vt 0.080294 0.419706
vt 0.010000 0.250000
vt 0.080294 0.080294
vt 0.250000 0.010000
vt 0.419706 0.080294
vt 0.490000 0.250000
vt 0.750000 0.500000
vt 0.750000 1.000000
vt 0.125000 0.500000
vt 0.125000 1.000000
vt 0.000000 1.000000
vt 0.000000 0.500000
vt 0.875000 0.500000
vt 0.875000 1.000000
vt 1.000000 0.500000
vt 1.000000 1.000000
vt 0.625000 0.500000
vt 0.625000 1.000000
vt 0.500000 1.000000
vt 0.500000 0.500000
vt 0.375000 0.500000
vt 0.375000 1.000000
vt 0.250000 1.000000
vt 0.250000 0.500000
vt 0.419706 0.419706
vt 0.250000 0.490000
vt 0.080294 0.419706
vt 0.010000 0.250000
vt 0.080294 0.080294
vt 0.250000 0.010000
vt 0.419706 0.080294
vt 0.490000 0.250000
vt 0.750000 0.500000
vt 0.750000 1.000000
vt 0.125000 0.500000
vt 0.125000 1.000000
vt 0.000000 1.000000
vt 0.000000 0.500000
vt 0.875000 0.500000
vt 0.875000 1.000000
vt 1.000000 0.500000
vt 1.000000 1.000000
vt 0.000000 0.000000
vt 0.000000 0.000000
vt 0.000000 0.000000
vt 0.000000 0.000000
vt 0.000000 0.000000
vt 0.000000 0.000000
vt 0.000000 0.000000
vt 0.000000 0.000000
vt 0.000000 0.000000
vt 0.000000 0.000000
vt 0.000000 0.000000
vt 0.000000 0.000000
vt 0.000000 0.000000
vt 0.000000 0.000000
vt 0.000000 0.000000
vt 0.000000 0.000000
vt 0.000000 0.000000
vt 0.000000 0.000000
vt 0.000000 0.000000
vt 0.000000 0.000000
vt 0.000000 0.000000
vt 0.000000 0.000000
vt 0.000000 0.000000
vt 0.000000 0.000000
vt 0.000000 0.000000
vt 0.000000 0.000000
vt 0.000000 0.000000
vt 0.000000 0.000000
vt 0.000000 0.000000
vt 0.000000 0.000000
vt 0.000000 0.000000
vt 0.000000 0.000000
vt 0.000000 0.000000
vt 0.000000 0.000000
vt 0.000000 0.000000
vt 0.000000 0.000000
vt 0.000000 0.000000
vt 0.000000 0.000000
vt 0.000000 0.000000
vt 0.000000 0.000000
vt 0.000000 0.000000
vt 0.000000 0.000000
vt 0.000000 0.000000
vt 0.000000 0.000000
vt 0.000000 0.000000
vt 0.000000 0.000000
vt 0.000000 0.000000
vt 0.000000 0.000000
vt 0.000000 0.000000
vt 0.000000 0.000000
vt 0.000000 0.000000
vt 0.000000 0.000000
vt 0.000000 0.000000
vt 0.000000 0.000000
vt 0.000000 0.000000
vt 0.000000 0.000000
vt 0.000000 0.000000
vt 0.000000 0.000000
vt 0.000000 0.000000
vt 0.000000 0.000000
vt 0.000000 0.000000
vt 0.000000 0.000000
vt 0.000000 0.000000
vt 0.000000 0.000000
vt 0.000000 0.000000
vt 0.000000 0.000000
vt 0.000000 0.000000
vt 0.000000 0.000000
vt 0.000000 0.000000
vt 0.000000 0.000000
vt 0.000000 0.000000
vt 0.000000 0.000000
vt 0.000000 0.000000
vt 0.000000 0.000000
vt 0.000000 0.000000
vt 0.000000 0.000000
vt 0.000000 0.000000
vt 0.000000 0.000000
vt 0.000000 0.000000
vt 0.000000 0.000000
vt 0.000000 0.000000
vt 0.000000 0.000000
vt 0.000000 0.000000
vt 0.000000 0.000000
vt 0.000000 0.000000
vt 0.000000 0.000000
vt 0.000000 0.000000
vt 0.000000 0.000000
vt 0.000000 0.000000
vt 0.000000 0.000000
vt 0.000000 0.000000
vt 0.000000 0.000000
vt 0.000000 0.000000
vt 0.000000 0.000000
vt 0.000000 0.000000
vt 0.000000 0.000000
vt 0.000000 0.000000
vt 0.000000 0.000000
vt 0.000000 0.000000
vt 0.000000 0.000000
vt 0.000000 0.000000
vt 0.000000 0.000000
vt 0.000000 0.000000
vt 0.000000 0.000000
vt 0.000000 0.000000
vt 0.000000 0.000000
vt 0.000000 0.000000
vt 0.000000 0.000000
vt 0.000000 0.000000
vt 0.000000 0.000000
vt 0.000000 0.000000
vt 0.000000 0.000000
vt 0.000000 0.000000
vt 0.000000 0.000000
vt 0.000000 0.000000
vt 0.000000 0.000000
vt 0.000000 0.000000
vt 0.000000 0.000000
vt 0.000000 0.000000
vt 0.000000 0.000000
vt 0.000000 0.000000
vt 0.000000 0.000000
vt 0.000000 0.000000
vt 0.000000 0.000000
vt 0.000000 0.000000
vt 0.000000 0.000000
vt 0.000000 0.000000
vt 0.000000 0.000000
vt 0.000000 0.000000
vt 0.000000 0.000000
vt 0.000000 0.000000
vt 0.000000 0.000000
vt 0.000000 0.000000
vt 0.000000 0.000000
vt 0.000000 0.000000
vt 0.000000 0.000000
vt 0.000000 0.000000
vt 0.000000 0.000000
vt 0.000000 0.000000
vt 0.000000 0.000000
vt 0.000000 0.000000
vt 0.000000 0.000000
vt 0.000000 0.000000
vt 0.000000 0.000000
vt 0.000000 0.000000
vt 0.000000 0.000000
vt 0.000000 0.000000
vt 0.000000 0.000000
vt 0.000000 0.000000
vt 0.000000 0.000000
vt 0.000000 0.000000
vt 0.000000 0.000000
vt 0.000000 0.000000
vt 0.000000 0.000000
vt 0.000000 0.000000
vt 0.000000 0.000000
vt 0.000000 0.000000
vt 0.000000 0.000000
vt 0.000000 0.000000
vt 0.000000 0.000000
vt 0.000000 0.000000
vt 0.000000 0.000000
vt 0.000000 0.000000
vt 0.000000 0.000000
vt 0.000000 0.000000
vt 0.000000 0.000000
vt 0.000000 0.000000
vt 0.000000 0.000000
vt 0.000000 0.000000
vt 0.000000 0.000000
vt 0.000000 0.000000
vt 0.000000 0.000000
vt 0.000000 0.000000
vt 0.000000 0.000000
vt 0.000000 0.000000
vt 0.000000 0.000000
vt 0.000000 0.000000
vt 0.000000 0.000000
vt 0.000000 0.000000
vt 0.000000 0.000000
vt 0.000000 0.000000
vt 0.000000 0.000000
vt 0.000000 0.000000
vt 0.000000 0.000000
vt 0.000000 0.000000
vt 0.000000 0.000000
vt 0.000000 0.000000
vt 0.000000 0.000000
vt 0.000000 0.000000
vt 0.000000 0.000000
vt 0.000000 0.000000
vt 0.000000 0.000000
vt 0.000000 0.000000
vt 0.000000 0.000000
vt 0.000000 0.000000
vt 0.000000 0.000000
vt 0.000000 0.000000
vt 0.000000 0.000000
vt 0.000000 0.000000
vt 0.000000 0.000000
vt 0.000000 0.000000
vt 0.000000 0.000000
vt 0.000000 0.000000
vt 0.000000 0.000000
vt 0.000000 0.000000
vt 0.000000 0.000000
vt 0.000000 0.000000
vt 0.000000 0.000000
vt 0.957846 0.130000
vt 0.750000 0.010000
vt 0.750000 0.250000
vt 0.542154 0.130000
vt 0.750000 0.490000
vt 0.957846 0.370000
vt 0.542154 0.370000
vt 0.957846 0.130000
vt 0.750000 0.010000
vt 0.750000 0.250000
vt 0.542154 0.130000
vt 0.750000 0.490000
vt 0.957846 0.370000
vt 0.542154 0.370000
vt 0.957846 0.130000
vt 0.750000 0.010000
vt 0.750000 0.250000
vt 0.542154 0.130000
vt 0.750000 0.490000
vt 0.957846 0.370000
vt 0.542154 0.370000
vt 0.957846 0.130000
vt 0.750000 0.010000
vt 0.750000 0.250000
vt 0.542154 0.130000
vt 0.750000 0.490000
vt 0.957846 0.370000
vt 0.542154 0.370000
vt 0.957846 0.130000
vt 0.750000 0.010000
vt 0.750000 0.250000
vt 0.542154 0.130000
vt 0.750000 0.490000
vt 0.957846 0.370000
vt 0.542154 0.370000
vt 0.957846 0.130000
vt 0.750000 0.010000
vt 0.750000 0.250000
vt 0.542154 0.130000
vt 0.750000 0.490000
vt 0.957846 0.370000
vt 0.542154 0.370000
vt 0.375000 0.000000
vt 0.625000 0.000000
vt 0.625000 0.250000
vt 0.375000 0.250000
vt 0.625000 0.500000
vt 0.375000 0.500000
vt 0.375000 0.750000
vt 0.625000 0.750000
vt 0.625000 1.000000
vt 0.375000 1.000000
vt 0.125000 0.500000
vt 0.125000 0.750000
vt 0.875000 0.500000
vt 0.875000 0.750000
vt 0.000000 0.000000
vt 0.000000 0.000000
vt 0.000000 0.000000
vt 0.000000 0.000000
vt 0.000000 0.000000
vt 0.000000 0.000000
vt 0.000000 0.000000
vt 0.000000 0.000000
vt 0.000000 0.000000
vt 0.000000 0.000000
vt 0.000000 0.000000
vt 0.000000 0.000000
vt 0.000000 0.000000
vt 0.000000 0.000000
vt 0.000000 0.000000
vt 0.000000 0.000000
vt 0.000000 0.000000
vt 0.000000 0.000000
vt 0.000000 0.000000
vt 0.000000 0.000000
vt 0.000000 0.000000
vt 0.000000 0.000000
vt 0.000000 0.000000
vt 0.000000 0.000000
vt 0.000000 0.000000
vt 0.000000 0.000000
vt 0.000000 0.000000
vt 0.000000 0.000000
vt 0.000000 0.000000
vt 0.000000 0.000000
vt 0.000000 0.000000
vt 0.000000 0.000000
vt 0.000000 0.000000
vt 0.000000 0.000000
vt 0.000000 0.000000
vt 0.000000 0.000000
vt 0.000000 0.000000
vt 0.000000 0.000000
vt 0.000000 0.000000
vt 0.000000 0.000000
vt 0.000000 0.000000
vt 0.000000 0.000000
vt 0.000000 0.000000
vt 0.000000 0.000000
vt 0.000000 0.000000
vt 0.000000 0.000000
vt 0.000000 0.000000
vt 0.000000 0.000000
vt 0.000000 0.000000
vt 0.000000 0.000000
vt 0.000000 0.000000
vt 0.000000 0.000000
vt 0.000000 0.000000
vt 0.000000 0.000000
vt 0.000000 0.000000
vt 0.000000 0.000000
vt 0.000000 0.000000
vt 0.000000 0.000000
vt 0.000000 0.000000
vt 0.000000 0.000000
vt 0.000000 0.000000
vt 0.000000 0.000000
vt 0.000000 0.000000
vt 0.000000 0.000000
vt 0.000000 0.000000
vt 0.000000 0.000000
vt 0.000000 0.000000
vt 0.000000 0.000000
vt 0.000000 0.000000
vt 0.000000 0.000000
vt 0.000000 0.000000
vt 0.000000 0.000000
vt 0.000000 0.000000
vt 0.000000 0.000000
vt 0.000000 0.000000
vt 0.000000 0.000000
vt 0.000000 0.000000
vt 0.000000 0.000000
vt 0.000000 0.000000
vt 0.000000 0.000000
vt 0.000000 0.000000
vt 0.000000 0.000000
vt 0.000000 0.000000
vt 0.000000 0.000000
vt 0.000000 0.000000
vt 0.000000 0.000000
vt 0.000000 0.000000
vt 0.000000 0.000000
vt 0.000000 0.000000
vt 0.000000 0.000000
vt 0.000000 0.000000
vt 0.000000 0.000000
vt 0.000000 0.000000
vt 0.000000 0.000000
vt 0.000000 0.000000
vt 0.000000 0.000000
vt 0.000000 0.000000
vt 0.000000 0.000000
vt 0.000000 0.000000
vt 0.000000 0.000000
vt 0.000000 0.000000
vt 0.000000 0.000000
vt 0.000000 0.000000
vt 0.000000 0.000000
vt 0.000000 0.000000
vt 0.000000 0.000000
vt 0.000000 0.000000
vt 0.000000 0.000000
vt 0.000000 0.000000
vt 0.000000 0.000000
vt 0.000000 0.000000
vt 0.000000 0.000000
vt 0.000000 0.000000
vt 0.000000 0.000000
vt 0.000000 0.000000
vt 0.000000 0.000000
vt 0.000000 0.000000
vt 0.000000 0.000000
vt 0.000000 0.000000
vt 0.000000 0.000000
vt 0.000000 0.000000
vt 0.000000 0.000000
vt 0.000000 0.000000
vt 0.000000 0.000000
vt 0.000000 0.000000
vt 0.000000 0.000000
vt 0.000000 0.000000
vt 0.000000 0.000000
vt 0.000000 0.000000
vt 0.000000 0.000000
vt 0.000000 0.000000
vt 0.000000 0.000000
vt 0.000000 0.000000
vt 0.000000 0.000000
vt 0.000000 0.000000
vt 0.000000 0.000000
vt 0.000000 0.000000
vt 0.000000 0.000000
vt 0.000000 0.000000
vt 0.000000 0.000000
vt 0.000000 0.000000
vt 0.000000 0.000000
vt 0.000000 0.000000
vt 0.000000 0.000000
vt 0.000000 0.000000
vt 0.000000 0.000000
vt 0.000000 0.000000
vt 0.000000 0.000000
vt 0.000000 0.000000
vt 0.000000 0.000000
vt 0.000000 0.000000
vt 0.000000 0.000000
vt 0.000000 0.000000
vt 0.000000 0.000000
vt 0.000000 0.000000
vt 0.000000 0.000000
vt 0.000000 0.000000
vt 0.000000 0.000000
vt 0.000000 0.000000
vt 0.000000 0.000000
vt 0.000000 0.000000
vt 0.000000 0.000000
vt 0.000000 0.000000
vt 0.000000 0.000000
vt 0.000000 0.000000
vt 0.000000 0.000000
vt 0.000000 0.000000
vt 0.000000 0.000000
vt 0.000000 0.000000
vt 0.000000 0.000000
vt 0.000000 0.000000
vt 0.000000 0.000000
vt 0.000000 0.000000
vt 0.000000 0.000000
vt 0.000000 0.000000
vt 0.000000 0.000000
vt 0.000000 0.000000
vt 0.000000 0.000000
vt 0.000000 0.000000
vt 0.000000 0.000000
vt 0.000000 0.000000
vt 0.000000 0.000000
vt 0.000000 0.000000
vt 0.000000 0.000000
vt 0.000000 0.000000
vt 0.000000 0.000000
vt 0.000000 0.000000
vt 0.000000 0.000000
vt 0.000000 0.000000
vt 0.000000 0.000000
vt 0.000000 0.000000
vt 0.000000 0.000000
vt 0.000000 0.000000
vt 0.000000 0.000000
vt 0.000000 0.000000
vt 0.000000 0.000000
vt 0.000000 0.000000
vt 0.000000 0.000000
vt 0.000000 0.000000
vt 0.000000 0.000000
vt 0.000000 0.000000
vt 0.000000 0.000000
vt 0.000000 0.000000
vt 0.000000 0.000000
vt 0.000000 0.000000
vt 0.000000 0.000000
vt 0.000000 0.000000
vt 0.000000 0.000000
vt 0.000000 0.000000
vt 0.000000 0.000000
vt 0.000000 0.000000
vt 0.000000 0.000000
vt 0.000000 0.000000
vt 0.000000 0.000000
vt 0.000000 0.000000
vt 0.000000 0.000000
vt 0.000000 0.000000
vt 0.000000 0.000000
vt 0.000000 0.000000
vt 0.000000 0.000000
vt 0.000000 0.000000
vt 0.000000 0.000000
vt 0.000000 0.000000
vt 0.000000 0.000000
vt 0.000000 0.000000
vt 0.000000 0.000000
vt 0.000000 0.000000
vt 0.000000 0.000000
vt 0.000000 0.000000
vt 0.000000 0.000000
vt 0.000000 0.000000
vt 0.000000 0.000000
vt 0.000000 0.000000
vt 0.000000 0.000000
vt 0.000000 0.000000
vt 0.000000 0.000000
vt 0.000000 0.000000
vt 0.000000 0.000000
vt 0.000000 0.000000
vt 0.000000 0.000000
vt 0.000000 0.000000
vt 0.000000 0.000000
vt 0.000000 0.000000
vt 0.000000 0.000000
vt 0.000000 0.000000
vt 0.000000 0.000000
vt 0.000000 0.000000
vt 0.000000 0.000000
vt 0.000000 0.000000
vt 0.000000 0.000000
vt 0.000000 0.000000
vt 0.000000 0.000000
vt 0.000000 0.000000
vt 0.000000 0.000000
vt 0.000000 0.000000
vt 0.000000 0.000000
vt 0.000000 0.000000
vt 0.000000 0.000000
vt 0.000000 0.000000
vt 0.000000 0.000000
vt 0.000000 0.000000
vt 0.000000 0.000000
vt 0.125000 0.502451
vt 0.125000 0.997549
vt 0.000000 0.997549
vt 0.000000 0.502451
vt 0.750000 0.502451
vt 0.750000 0.997549
vt 0.625000 0.997549
vt 0.625000 0.502451
vt 0.500000 0.997549
vt 0.500000 0.502451
vt 0.375000 0.997549
vt 0.375000 0.502451
vt 0.250000 0.997549
vt 0.250000 0.502451
vt 0.875000 0.502451
vt 0.875000 0.997549
vt 0.358476 0.358476
vt 0.250000 0.403408
vt 0.141523 0.358476
vt 0.096591 0.250000
vt 0.141523 0.141524
vt 0.250000 0.096591
vt 0.358476 0.141524
vt 0.403409 0.250000
vt 1.000000 0.502451
vt 1.000000 0.997549
vt 0.897550 0.500000
vt 0.977450 0.500000
vt 0.977450 1.000000
vt 0.897550 1.000000
vt 0.772550 0.500000
vt 0.852450 0.500000
vt 0.852450 1.000000
vt 0.772550 1.000000
vt 0.647550 0.500000
vt 0.727450 0.500000
vt 0.727450 1.000000
vt 0.647550 1.000000
vt 0.522550 0.500000
vt 0.602450 0.500000
vt 0.602450 1.000000
vt 0.522550 1.000000
vt 0.397550 0.500000
vt 0.477450 0.500000
vt 0.477450 1.000000
vt 0.397550 1.000000
vt 0.272550 0.500000
vt 0.352450 0.500000
vt 0.352450 1.000000
vt 0.272550 1.000000
vt 0.147550 0.500000
vt 0.227450 0.500000
vt 0.227450 1.000000
vt 0.147550 1.000000
vt 0.022550 0.500000
vt 0.102450 0.500000
vt 0.102450 1.000000
vt 0.022550 1.000000
vt 0.750000 0.403408
vt 0.858476 0.358476
vt 0.903409 0.250000
vt 0.858476 0.141524
vt 0.750000 0.096591
vt 0.641524 0.141524
vt 0.596591 0.250000
vt 0.641523 0.358476
vt 0.455293 0.250000
vt 0.625000 0.250000
vt 0.625000 0.500000
vt 0.455293 0.500000
vt 0.455293 0.750000
vt 0.625000 0.750000
vt 0.625000 1.000000
vt 0.455293 1.000000
vt 0.455293 0.080293
vt 0.455293 0.000000
vt 0.625000 0.000000
vt 0.875000 0.500000
vt 0.875000 0.750000
vt 0.625000 0.750000
vt 0.455293 0.250000
vt 0.625000 0.250000
vt 0.625000 0.500000
vt 0.455293 0.500000
vt 0.455293 0.750000
vt 0.625000 0.750000
vt 0.625000 1.000000
vt 0.455293 1.000000
vt 0.455293 0.080293
vt 0.455293 0.000000
vt 0.625000 0.000000
vt 0.875000 0.500000
vt 0.875000 0.750000
vt 0.455293 0.250000
vt 0.625000 0.250000
vt 0.625000 0.500000
vt 0.455293 0.500000
vt 0.455293 0.750000
vt 0.625000 0.750000
vt 0.625000 1.000000
vt 0.455293 1.000000
vt 0.455293 0.080293
vt 0.455293 0.000000
vt 0.625000 0.000000
vt 0.875000 0.500000
vt 0.875000 0.750000
vt 0.455293 0.250000
vt 0.625000 0.250000
vt 0.625000 0.500000
vt 0.455293 0.500000
vt 0.455293 0.750000
vt 0.625000 0.750000
vt 0.625000 1.000000
vt 0.455293 1.000000
vt 0.455293 0.080293
vt 0.455293 0.000000
vt 0.625000 0.000000
vt 0.875000 0.500000
vt 0.875000 0.750000
vt 0.455293 0.580293
vt 0.455293 0.500000
vt 0.625000 0.500000
vt 0.455293 0.750000
vt 0.625000 0.750000
vt 0.625000 1.000000
vt 0.455293 1.000000
vt 0.455293 0.250000
vt 0.625000 0.250000
vt 0.875000 0.500000
vt 0.875000 0.750000
vt 0.455293 0.580293
vt 0.455293 0.500000
vt 0.625000 0.500000
vt 0.455293 0.750000
vt 0.625000 0.750000
vt 0.625000 1.000000
vt 0.455293 1.000000
vt 0.455293 0.250000
vt 0.625000 0.250000
vt 0.875000 0.500000
vt 0.875000 0.750000
vt 0.455293 0.580293
vt 0.455293 0.500000
vt 0.625000 0.500000
vt 0.455293 0.750000
vt 0.625000 0.750000
vt 0.625000 1.000000
vt 0.455293 1.000000
vt 0.455293 0.250000
vt 0.625000 0.250000
vt 0.875000 0.500000
vt 0.875000 0.750000
vt 0.455293 0.250000
vt 0.625000 0.250000
vt 0.625000 0.500000
vt 0.455293 0.500000
vt 0.455293 0.580293
vt 0.875000 0.500000
vt 0.875000 0.750000
vt 0.125000 0.502451
vt 0.125000 0.997549
vt 0.000000 0.997549
vt 0.000000 0.502451
vt 0.750000 0.502451
vt 0.750000 0.997549
vt 0.625000 0.997549
vt 0.625000 0.502451
vt 0.500000 0.997549
vt 0.500000 0.502451
vt 0.375000 0.997549
vt 0.375000 0.502451
vt 0.250000 0.997549
vt 0.250000 0.502451
vt 0.875000 0.502451
vt 0.875000 0.997549
vt 0.358476 0.358476
vt 0.250000 0.403408
vt 0.141523 0.358476
vt 0.096591 0.250000
vt 0.141523 0.141524
vt 0.250000 0.096591
vt 0.358476 0.141524
vt 0.403409 0.250000
vt 1.000000 0.502451
vt 1.000000 0.997549
vt 0.897550 0.500000
vt 0.977450 0.500000
vt 0.977450 1.000000
vt 0.897550 1.000000
vt 0.772550 0.500000
vt 0.852450 0.500000
vt 0.852450 1.000000
vt 0.772550 1.000000
vt 0.647550 0.500000
vt 0.727450 0.500000
vt 0.727450 1.000000
vt 0.647550 1.000000
vt 0.522550 0.500000
vt 0.602450 0.500000
vt 0.602450 1.000000
vt 0.522550 1.000000
vt 0.397550 0.500000
vt 0.477450 0.500000
vt 0.477450 1.000000
vt 0.397550 1.000000
vt 0.272550 0.500000
vt 0.352450 0.500000
vt 0.352450 1.000000
vt 0.272550 1.000000
vt 0.147550 0.500000
vt 0.227450 0.500000
vt 0.227450 1.000000
vt 0.147550 1.000000
vt 0.022550 0.500000
vt 0.102450 0.500000
vt 0.102450 1.000000
vt 0.022550 1.000000
vt 0.750000 0.403408
vt 0.858476 0.358476
vt 0.903409 0.250000
vt 0.858476 0.141524
vt 0.750000 0.096591
vt 0.641524 0.141524
vt 0.596591 0.250000
vt 0.641523 0.358476
vt 0.375000 0.500000
vt 0.375000 0.250000
vt 0.375000 0.500000
vt 0.375000 0.250000
vt 0.375000 0.500000
vt 0.375000 0.250000
vt 0.375000 0.500000
vt 0.375000 0.250000
vt 0.375000 0.500000
vt 0.375000 0.250000
vt 0.375000 0.500000
vt 0.375000 0.250000
vt 0.375000 0.500000
vt 0.375000 0.250000
vt 0.375000 0.500000
vt 0.375000 0.250000
vt 0.455293 0.750000
vt 0.625000 1.000000
vt 0.455293 1.000000
vt 0.000000 0.000000
vt 0.000000 0.000000
vt 0.000000 0.000000
vt 0.000000 0.000000
vt 0.000000 0.000000
vt 0.000000 0.000000
vt 0.000000 0.000000
vt 0.000000 0.000000
vt 0.000000 0.000000
vt 0.000000 0.000000
vt 0.000000 0.000000
vt 0.000000 0.000000
vt 0.000000 0.000000
vt 0.000000 0.000000
vt 0.000000 0.000000
vt 0.000000 0.000000
vt 0.000000 0.000000
vt 0.000000 0.000000
vt 0.000000 0.000000
vt 0.000000 0.000000
vt 0.000000 0.000000
vt 0.000000 0.000000
vt 0.000000 0.000000
vt 0.000000 0.000000
vt 0.000000 0.000000
vt 0.000000 0.000000
vt 0.000000 0.000000
vt 0.000000 0.000000
vt 0.000000 0.000000
vt 0.000000 0.000000
vt 0.000000 0.000000
vt 0.000000 0.000000
vt 0.000000 0.000000
vt 0.000000 0.000000
vt 0.000000 0.000000
vt 0.000000 0.000000
vt 0.000000 0.000000
vt 0.000000 0.000000
vt 0.000000 0.000000
vt 0.000000 0.000000
vt 0.000000 0.000000
vt 0.000000 0.000000
vt 0.000000 0.000000
vt 0.000000 0.000000
vt 0.000000 0.000000
vt 0.000000 0.000000
vt 0.000000 0.000000
vt 0.000000 0.000000
vt 0.000000 0.000000
vt 0.000000 0.000000
vt 0.000000 0.000000
vt 0.000000 0.000000
vt 0.000000 0.000000
vt 0.000000 0.000000
vt 0.000000 0.000000
vt 0.000000 0.000000
vt 0.000000 0.000000
vt 0.000000 0.000000
vt 0.000000 0.000000
vt 0.000000 0.000000
vt 0.000000 0.000000
vt 0.000000 0.000000
vt 0.000000 0.000000
vt 0.000000 0.000000
vt 0.000000 0.000000
vt 0.000000 0.000000
vt 0.000000 0.000000
vt 0.000000 0.000000
vt 0.000000 0.000000
vt 0.000000 0.000000
vt 0.000000 0.000000
vt 0.000000 0.000000
vt 0.000000 0.000000
vt 0.000000 0.000000
vt 0.000000 0.000000
vt 0.000000 0.000000
vt 0.000000 0.000000
vt 0.000000 0.000000
vt 0.000000 0.000000
vt 0.000000 0.000000
vt 0.000000 0.000000
vt 0.000000 0.000000
vt 0.000000 0.000000
vt 0.000000 0.000000
vt 0.000000 0.000000
vt 0.000000 0.000000
vt 0.000000 0.000000
vt 0.000000 0.000000
vt 0.000000 0.000000
vt 0.000000 0.000000
vt 0.000000 0.000000
vt 0.000000 0.000000
vt 0.000000 0.000000
vt 0.000000 0.000000
vt 0.000000 0.000000
vt 0.000000 0.000000
vt 0.000000 0.000000
vt 0.000000 0.000000
vt 0.000000 0.000000
vt 0.000000 0.000000
vt 0.000000 0.000000
vt 0.000000 0.000000
vt 0.000000 0.000000
vt 0.000000 0.000000
vt 0.000000 0.000000
vt 0.000000 0.000000
vt 0.000000 0.000000
vt 0.000000 0.000000
vt 0.000000 0.000000
vt 0.000000 0.000000
vt 0.000000 0.000000
vt 0.000000 0.000000
vt 0.000000 0.000000
vt 0.000000 0.000000
vt 0.000000 0.000000
vt 0.000000 0.000000
vt 0.000000 0.000000
vt 0.000000 0.000000
vt 0.000000 0.000000
vt 0.000000 0.000000
vt 0.000000 0.000000
vt 0.000000 0.000000
vt 0.000000 0.000000
vt 0.000000 0.000000
vt 0.000000 0.000000
vt 0.000000 0.000000
vt 0.000000 0.000000
vt 0.000000 0.000000
vt 0.000000 0.000000
vt 0.000000 0.000000
vt 0.000000 0.000000
vt 0.000000 0.000000
vt 0.000000 0.000000
vt 0.000000 0.000000
vt 0.000000 0.000000
vt 0.000000 0.000000
vt 0.000000 0.000000
vt 0.000000 0.000000
vt 0.000000 0.000000
vt 0.000000 0.000000
vt 0.000000 0.000000
vt 0.000000 0.000000
vt 0.000000 0.000000
vt 0.000000 0.000000
vt 0.000000 0.000000
vt 0.000000 0.000000
vt 0.000000 0.000000
vt 0.000000 0.000000
vt 0.000000 0.000000
vt 0.000000 0.000000
vt 0.000000 0.000000
vt 0.000000 0.000000
vt 0.000000 0.000000
vt 0.000000 0.000000
vt 0.000000 0.000000
vt 0.000000 0.000000
vt 0.000000 0.000000
vt 0.000000 0.000000
vt 0.000000 0.000000
vt 0.000000 0.000000
vt 0.000000 0.000000
vt 0.000000 0.000000
vt 0.000000 0.000000
vt 0.000000 0.000000
vt 0.000000 0.000000
vt 0.000000 0.000000
vt 0.000000 0.000000
vt 0.000000 0.000000
vt 0.000000 0.000000
vt 0.000000 0.000000
vt 0.000000 0.000000
vt 0.000000 0.000000
vt 0.000000 0.000000
vt 0.000000 0.000000
vt 0.000000 0.000000
vt 0.000000 0.000000
vt 0.000000 0.000000
vt 0.000000 0.000000
vt 0.000000 0.000000
vt 0.000000 0.000000
vt 0.000000 0.000000
vt 0.000000 0.000000
vt 0.000000 0.000000
vt 0.000000 0.000000
vt 0.000000 0.000000
vt 0.000000 0.000000
vt 0.000000 0.000000
vt 0.000000 0.000000
vt 0.000000 0.000000
vt 0.000000 0.000000
vt 0.000000 0.000000
vt 0.000000 0.000000
vt 0.000000 0.000000
vt 0.000000 0.000000
vt 0.000000 0.000000
vt 0.000000 0.000000
vt 0.000000 0.000000
vt 0.000000 0.000000
vt 0.000000 0.000000
vt 0.000000 0.000000
vt 0.000000 0.000000
vt 0.000000 0.000000
vt 0.000000 0.000000
vt 0.000000 0.000000
vt 0.000000 0.000000
vt 0.000000 0.000000
vt 0.000000 0.000000
vt 0.000000 0.000000
vt 0.000000 0.000000
vt 0.000000 0.000000
vt 0.000000 0.000000
vt 0.000000 0.000000
vt 0.000000 0.000000
vt 0.000000 0.000000
vt 0.000000 0.000000
vt 0.000000 0.000000
vt 0.000000 0.000000
vt 0.000000 0.000000
vt 0.000000 0.000000
vt 0.000000 0.000000
vt 0.000000 0.000000
vt 0.000000 0.000000
vt 0.000000 0.000000
vt 0.000000 0.000000
vt 0.000000 0.000000
vt 0.000000 0.000000
vt 0.000000 0.000000
vt 0.000000 0.000000
vt 0.000000 0.000000
vt 0.000000 0.000000
vt 0.000000 0.000000
vt 0.000000 0.000000
vt 0.000000 0.000000
vt 0.000000 0.000000
vt 0.000000 0.000000
vt 0.000000 0.000000
vt 0.000000 0.000000
vt 0.000000 0.000000
vt 0.000000 0.000000
vt 0.000000 0.000000
vt 0.000000 0.000000
vt 0.000000 0.000000
vt 0.000000 0.000000
vt 0.000000 0.000000
vt 0.000000 0.000000
vt 0.000000 0.000000
vt 0.000000 0.000000
vt 0.000000 0.000000
vt 0.000000 0.000000
vt 0.000000 0.000000
vt 0.000000 0.000000
vt 0.000000 0.000000
vt 0.000000 0.000000
vt 0.000000 0.000000
vt 0.000000 0.000000
vt 0.000000 0.000000
vt 0.000000 0.000000
vt 0.000000 0.000000
vt 0.000000 0.000000
vt 0.000000 0.000000
vt 0.000000 0.000000
vt 0.000000 0.000000
vt 0.000000 0.000000
vt 0.000000 0.000000
vt 0.000000 0.000000
vt 0.000000 0.000000
vt 0.000000 0.000000
vt 0.000000 0.000000
vt 0.000000 0.000000
vt 0.000000 0.000000
vt 0.000000 0.000000
vt 0.000000 0.000000
vt 0.000000 0.000000
vt 0.000000 0.000000
vt 0.000000 0.000000
vt 0.000000 0.000000
vt 0.000000 0.000000
vt 0.000000 0.000000
vt 0.000000 0.000000
vt 0.000000 0.000000
vt 0.000000 0.000000
vt 0.000000 0.000000
vt 0.000000 0.000000
vt 0.000000 0.000000
vt 0.000000 0.000000
vt 0.000000 0.000000
vt 0.000000 0.000000
vt 0.000000 0.000000
vt 0.000000 0.000000
vt 0.000000 0.000000
vt 0.000000 0.000000
vt 0.000000 0.000000
vt 0.000000 0.000000
vt 0.000000 0.000000
vt 0.000000 0.000000
vt 0.000000 0.000000
vt 0.000000 0.000000
vt 0.000000 0.000000
vt 0.000000 0.000000
vt 0.000000 0.000000
vt 0.000000 0.000000
vt 0.000000 0.000000
vt 0.000000 0.000000
vt 0.000000 0.000000
vt 0.000000 0.000000
vt 0.000000 0.000000
vt 0.000000 0.000000
vt 0.000000 0.000000
vt 0.000000 0.000000
vt 0.000000 0.000000
vt 0.000000 0.000000
vt 0.000000 0.000000
vt 0.000000 0.000000
vt 0.000000 0.000000
vt 0.000000 0.000000
vt 0.000000 0.000000
vt 0.000000 0.000000
vt 0.000000 0.000000
vt 0.000000 0.000000
vt 0.000000 0.000000
vt 0.000000 0.000000
vt 0.000000 0.000000
vt 0.000000 0.000000
vt 0.000000 0.000000
vt 0.000000 0.000000
vt 0.000000 0.000000
vt 0.000000 0.000000
vt 0.000000 0.000000
vt 0.000000 0.000000
vt 0.000000 0.000000
vt 0.000000 0.000000
vt 0.000000 0.000000
vt 0.000000 0.000000
vt 0.000000 0.000000
vt 0.000000 0.000000
vt 0.000000 0.000000
vt 0.000000 0.000000
vt 0.000000 0.000000
vt 0.000000 0.000000
vt 0.000000 0.000000
vt 0.000000 0.000000
vt 0.000000 0.000000
vt 0.000000 0.000000
vt 0.000000 0.000000
vt 0.000000 0.000000
vt 0.000000 0.000000
vt 0.000000 0.000000
vt 0.000000 0.000000
vt 0.000000 0.000000
vt 0.000000 0.000000
vt 0.000000 0.000000
vt 0.000000 0.000000
vt 0.000000 0.000000
vt 0.000000 0.000000
vt 0.000000 0.000000
vt 0.000000 0.000000
vt 0.000000 0.000000
vt 0.000000 0.000000
vt 0.000000 0.000000
vt 0.000000 0.000000
vt 0.000000 0.000000
vt 0.000000 0.000000
vt 0.000000 0.000000
vt 0.000000 0.000000
vt 0.000000 0.000000
vt 0.000000 0.000000
vt 0.000000 0.000000
vt 0.000000 0.000000
vt 0.000000 0.000000
vt 0.000000 0.000000
vt 0.000000 0.000000
vt 0.000000 0.000000
vt 0.000000 0.000000
vt 0.000000 0.000000
vt 0.000000 0.000000
vt 0.000000 0.000000
vt 0.000000 0.000000
vt 0.000000 0.000000
vt 0.000000 0.000000
vt 0.000000 0.000000
vt 0.000000 0.000000
vt 0.000000 0.000000
vt 0.000000 0.000000
vt 0.000000 0.000000
vt 0.000000 0.000000
vt 0.000000 0.000000
vt 0.000000 0.000000
vt 0.000000 0.000000
vt 0.000000 0.000000
vt 0.000000 0.000000
vt 0.000000 0.000000
vt 0.000000 0.000000
vt 0.000000 0.000000
vt 0.000000 0.000000
vt 0.000000 0.000000
vt 0.000000 0.000000
vt 0.000000 0.000000
vt 0.000000 0.000000
vt 0.000000 0.000000
vt 0.000000 0.000000
vt 0.000000 0.000000
vt 0.000000 0.000000
vt 0.000000 0.000000
vt 0.000000 0.000000
vt 0.000000 0.000000
vt 0.000000 0.000000
vt 0.000000 0.000000
vt 0.000000 0.000000
vt 0.000000 0.000000
vt 0.000000 0.000000
vt 0.000000 0.000000
vt 0.000000 0.000000
vt 0.000000 0.000000
vt 0.000000 0.000000
vt 0.000000 0.000000
vt 0.000000 0.000000
vt 0.000000 0.000000
vt 0.000000 0.000000
vt 0.000000 0.000000
vt 0.000000 0.000000
vt 0.000000 0.000000
vt 0.000000 0.000000
vt 0.000000 0.000000
vt 0.000000 0.000000
vt 0.391440 0.500000
vt 0.542800 0.500000
vt 0.542801 0.583333
vt 0.542800 0.666667
vt 0.542800 0.750000
vt 0.391440 0.750000
vt 0.829338 0.500000
vt 0.840944 0.500000
vt 0.840944 0.583333
vt 0.829338 0.583333
vt 0.132500 0.500000
vt 0.367500 0.500000
vt 0.367500 0.750000
vt 0.132500 0.750000
vt 0.852680 0.500000
vt 0.852680 0.583333
vt 0.875000 0.500000
vt 0.875000 0.583333
vt 0.625000 0.166667
vt 0.625000 0.250000
vt 0.571127 0.250000
vt 0.571127 0.166667
vt 0.542800 0.250000
vt 0.542800 0.166667
vt 0.659056 0.666667
vt 0.659056 0.750000
vt 0.637112 0.756983
vt 0.647320 0.666667
vt 0.615600 0.753278
vt 0.625000 0.666667
vt 0.571570 0.750845
vt 0.571127 0.666667
vt 0.840944 0.750000
vt 0.840944 0.708333
vt 0.840944 0.666667
vt 0.852680 0.666667
vt 0.852680 0.750000
vt 0.875000 0.666667
vt 0.875000 0.750000
vt 0.625000 0.000000
vt 0.625000 0.083333
vt 0.571127 0.083333
vt 0.571127 0.000000
vt 0.542800 0.083333
vt 0.542800 0.000000
vt 0.840944 0.625000
vt 0.659056 0.500000
vt 0.659056 0.583333
vt 0.647320 0.583333
vt 0.637112 0.493017
vt 0.625000 0.583333
vt 0.615600 0.496722
vt 0.571127 0.583333
vt 0.571570 0.499155
vt 0.659056 0.625000
vt 0.797819 0.583333
vt 0.751187 0.443731
vt 0.750000 0.583333
vt 0.747894 0.458304
vt 0.702181 0.583333
vt 0.687382 0.472903
vt 0.670662 0.583333
vt 0.670662 0.500000
vt 0.780315 0.583333
vt 0.750000 0.583333
vt 0.659056 0.746182
vt 0.659056 0.720949
vt 0.659056 0.695717
vt 0.659056 0.670485
vt 0.659056 0.670485
vt 0.659056 0.746182
vt 0.750000 0.583333
vt 0.837911 0.663887
vt 0.840944 0.672104
vt 0.840944 0.744562
vt 0.837911 0.750000
vt 0.000000 0.000000
vt 0.000000 0.000000
vt 0.000000 0.000000
vt 0.750000 0.583333
vt 0.750000 0.583333
vt 0.750000 0.583333
vt 0.668342 0.601769
vt 0.661682 0.744436
vt 0.659056 0.742364
vt 0.659056 0.590970
vt 0.662770 0.583333
vt 0.746285 0.583333
vt 0.746285 0.583333
vt 0.662770 0.583333
vt 0.740714 0.604554
vt 0.740714 0.725868
vt 0.740714 0.725868
vt 0.740714 0.604554
vt 0.740714 0.591646
vt 0.661682 0.588548
vt 0.668342 0.730328
vt 0.662770 0.750000
vt 0.747373 0.585685
vt 0.668342 0.601769
vt 0.668342 0.730328
vt 0.740714 0.591646
vt 0.660913 0.587021
vt 0.000000 0.000000
vt 0.000000 0.000000
vt 0.659056 0.666667
vt 0.659056 0.666667
vt 0.840944 0.744562
vt 0.840944 0.750000
vt 0.840944 0.750000
vt 0.840944 0.672104
vt 0.840944 0.666667
vt 0.840944 0.666667
vt 0.000000 0.000000
vt 0.659056 0.586623
vt 0.659056 0.586623
vt 0.659056 0.666667
vt 0.839474 0.583333
vt 0.779825 0.583333
vt 0.779825 0.583333
vt 0.779824 0.583333
vt 0.840944 0.586623
vt 0.840944 0.666667
vt 0.840944 0.586623
vt 0.840944 0.668026
vt 0.840944 0.748641
vt 0.840944 0.748641
vt 0.840944 0.668026
vt 0.659056 0.747159
vt 0.659056 0.668026
vt 0.659056 0.748641
vt 0.659056 0.668026
vt 0.659056 0.748641
vt 0.000000 0.000000
vt 0.000000 0.000000
vt 0.000000 0.000000
vt 0.660253 0.583333
vt 0.839747 0.583333
vt 0.839886 0.583333
vt 0.660435 0.583333
vt 0.659056 0.583333
vt 0.839474 0.583333
vt 0.660526 0.583333
vt 0.660526 0.583333
vt 0.659056 0.750000
vt 0.659056 0.750000
vt 0.840944 0.750000
vt 0.840944 0.750000
vt 0.659056 0.666667
vt 0.659056 0.666667
vt 0.840944 0.583333
vt 0.840944 0.583333
vt 0.720175 0.583333
vt 0.840944 0.747159
vt 0.000000 0.000000
vt 0.000000 0.000000
vt 0.000000 0.000000
vt 0.000000 0.000000
vt 0.000000 0.000000
vt 0.000000 0.000000
vt 0.000000 0.000000
vt 0.000000 0.000000
vt 0.000000 0.000000
vt 0.000000 0.000000
vt 0.125000 0.750000
vt 0.125000 0.500000
vt 0.375000 0.250000
vt 0.375000 0.000000
vt 0.391440 0.000000
vt 0.391440 0.250000
vt 0.376798 0.499308
vt 0.375000 0.750000
vt 1.000000 0.500000
vt 1.000000 1.000000
vt 0.833333 1.000000
vt 0.833333 0.500000
vt 0.666667 1.000000
vt 0.666667 0.500000
vt 0.500000 1.000000
vt 0.500000 0.500000
vt 0.333333 1.000000
vt 0.333333 0.500000
vt 0.166667 1.000000
vt 0.166667 0.500000
vt -0.000000 1.000000
vt -0.000000 0.500000
vt 0.750000 0.490000
vt 0.957846 0.370000
vt 0.957846 0.130000
vt 0.750000 0.010000
vt 0.542154 0.130000
vt 0.542154 0.370000
vt 1.000000 0.500000
vt 1.000000 1.000000
vt 0.833333 1.000000
vt 0.833333 0.500000
vt 0.666667 1.000000
vt 0.666667 0.500000
vt 0.500000 1.000000
vt 0.500000 0.500000
vt 0.333333 1.000000
vt 0.333333 0.500000
vt 0.166667 1.000000
vt 0.166667 0.500000
vt -0.000000 1.000000
vt -0.000000 0.500000
vt 0.750000 0.490000
vt 0.957846 0.370000
vt 0.957846 0.130000
vt 0.750000 0.010000
vt 0.542154 0.130000
vt 0.542154 0.370000
vt 1.000000 0.500000
vt 1.000000 1.000000
vt 0.833333 1.000000
vt 0.833333 0.500000
vt 0.666667 1.000000
vt 0.666667 0.500000
vt 0.500000 1.000000
vt 0.500000 0.500000
vt 0.333333 1.000000
vt 0.333333 0.500000
vt 0.166667 1.000000
vt 0.166667 0.500000
vt -0.000000 1.000000
vt -0.000000 0.500000
vt 0.750000 0.490000
vt 0.957846 0.370000
vt 0.957846 0.130000
vt 0.750000 0.010000
vt 0.542154 0.130000
vt 0.542154 0.370000
vt 1.000000 0.500000
vt 1.000000 1.000000
vt 0.833333 1.000000
vt 0.833333 0.500000
vt 0.666667 1.000000
vt 0.666667 0.500000
vt 0.500000 1.000000
vt 0.500000 0.500000
vt 0.333333 1.000000
vt 0.333333 0.500000
vt 0.166667 1.000000
vt 0.166667 0.500000
vt -0.000000 1.000000
vt -0.000000 0.500000
vt 0.750000 0.490000
vt 0.957846 0.370000
vt 0.957846 0.130000
vt 0.750000 0.010000
vt 0.542154 0.130000
vt 0.542154 0.370000
vt 0.625000 0.500000
vt 0.611009 0.500000
vt 0.611009 0.500000
vt 0.618004 0.500000
vt 0.625000 0.500000
vt 0.375000 0.275000
vt 0.350000 0.500000
vt 0.350000 0.500000
vt 0.150000 0.500000
vt 0.600420 0.500000
vt 0.399580 0.500000
vt 0.399580 0.500000
vt 0.600420 0.500000
vt 0.139147 0.500000
vt 0.125000 0.500000
vt 0.125000 0.500000
vt 0.139147 0.500000
vt 0.388369 0.498884
vt 0.388369 0.498884
vt 0.600420 0.250000
vt 0.611009 0.250000
vt 0.611009 0.250000
vt 0.600420 0.250000
vt 0.388909 0.250000
vt 0.399580 0.250000
vt 0.399580 0.250000
vt 0.388909 0.250000
vt 0.366667 0.495833
vt 0.366667 0.495833
vt 0.377518 0.497358
vt 0.378293 0.265793
vt 0.387290 0.265639
vt 0.600420 0.475420
vt 0.609417 0.487710
vt 0.609417 0.492209
vt 0.609417 0.496707
vt 0.150000 0.500000
vt 1.000000 0.500000
vt 1.000000 1.000000
vt 0.833333 1.000000
vt 0.833333 0.500000
vt 0.666667 1.000000
vt 0.666667 0.500000
vt 0.500000 1.000000
vt 0.500000 0.500000
vt 0.333333 1.000000
vt 0.333333 0.500000
vt 0.166667 1.000000
vt 0.166667 0.500000
vt -0.000000 1.000000
vt -0.000000 0.500000
vt 0.750000 0.490000
vt 0.957846 0.370000
vt 0.957846 0.130000
vt 0.750000 0.010000
vt 0.542154 0.130000
vt 0.542154 0.370000
vt 1.000000 0.500000
vt 1.000000 1.000000
vt 0.875000 1.000000
vt 0.875000 0.500000
vt 0.750000 1.000000
vt 0.750000 0.500000
vt 0.625000 1.000000
vt 0.625000 0.500000
vt 0.500000 1.000000
vt 0.500000 0.500000
vt 0.375000 1.000000
vt 0.375000 0.500000
vt 0.250000 1.000000
vt 0.250000 0.500000
vt 0.419706 0.419706
vt 0.250000 0.490000
vt 0.080294 0.419706
vt 0.010000 0.250000
vt 0.080294 0.080294
vt 0.250000 0.010000
vt 0.419706 0.080294
vt 0.490000 0.250000
vt 0.125000 1.000000
vt 0.125000 0.500000
vt 0.000000 1.000000
vt 0.000000 0.500000
vt 1.000000 0.500000
vt 1.000000 1.000000
vt 0.833333 1.000000
vt 0.833333 0.500000
vt 0.666667 1.000000
vt 0.666667 0.500000
vt 0.500000 1.000000
vt 0.500000 0.500000
vt 0.333333 1.000000
vt 0.333333 0.500000
vt 0.166667 1.000000
vt 0.166667 0.500000
vt -0.000000 1.000000
vt -0.000000 0.500000
vt 0.750000 0.490000
vt 0.957846 0.370000
vt 0.957846 0.130000
vt 0.750000 0.010000
vt 0.542154 0.130000
vt 0.542154 0.370000
vt 1.000000 0.500000
vt 1.000000 1.000000
vt 0.875000 1.000000
vt 0.875000 0.500000
vt 0.750000 1.000000
vt 0.750000 0.500000
vt 0.625000 1.000000
vt 0.625000 0.500000
vt 0.500000 1.000000
vt 0.500000 0.500000
vt 0.375000 1.000000
vt 0.375000 0.500000
vt 0.250000 1.000000
vt 0.250000 0.500000
vt 0.419706 0.419706
vt 0.250000 0.490000
vt 0.080294 0.419706
vt 0.010000 0.250000
vt 0.080294 0.080294
vt 0.250000 0.010000
vt 0.419706 0.080294
vt 0.490000 0.250000
vt 0.125000 1.000000
vt 0.125000 0.500000
vt 0.000000 1.000000
vt 0.000000 0.500000
vt 1.000000 0.500000
vt 1.000000 1.000000
vt 0.833333 1.000000
vt 0.833333 0.500000
vt 0.666667 1.000000
vt 0.666667 0.500000
vt 0.500000 1.000000
vt 0.500000 0.500000
vt 0.333333 1.000000
vt 0.333333 0.500000
vt 0.166667 1.000000
vt 0.166667 0.500000
vt -0.000000 1.000000
vt -0.000000 0.500000
vt 0.750000 0.490000
vt 0.957846 0.370000
vt 0.957846 0.130000
vt 0.750000 0.010000
vt 0.542154 0.130000
vt 0.542154 0.370000
vt 1.000000 0.500000
vt 1.000000 1.000000
vt 0.875000 1.000000
vt 0.875000 0.500000
vt 0.750000 1.000000
vt 0.750000 0.500000
vt 0.625000 1.000000
vt 0.625000 0.500000
vt 0.500000 1.000000
vt 0.500000 0.500000
vt 0.375000 1.000000
vt 0.375000 0.500000
vt 0.250000 1.000000
vt 0.250000 0.500000
vt 0.419706 0.419706
vt 0.250000 0.490000
vt 0.080294 0.419706
vt 0.010000 0.250000
vt 0.080294 0.080294
vt 0.250000 0.010000
vt 0.419706 0.080294
vt 0.490000 0.250000
vt 0.125000 1.000000
vt 0.125000 0.500000
vt 0.000000 1.000000
vt 0.000000 0.500000
vt 0.000000 0.000000
vt 0.000000 0.000000
vt 0.000000 0.000000
vt 0.000000 0.000000
vt 0.000000 0.000000
vt 0.000000 0.000000
vt 0.000000 0.000000
vt 0.000000 0.000000
vt 0.000000 0.000000
vt 0.000000 0.000000
vt 0.000000 0.000000
vt 0.000000 0.000000
vt 0.000000 0.000000
vt 0.000000 0.000000
vt 0.000000 0.000000
vt 0.000000 0.000000
vt 0.000000 0.000000
vt 0.000000 0.000000
vt 0.000000 0.000000
vt 0.000000 0.000000
vt 0.000000 0.000000
vt 0.000000 0.000000
vt 0.000000 0.000000
vt 0.000000 0.000000
vt 0.000000 0.000000
vt 0.000000 0.000000
vt 0.000000 0.000000
vt 0.000000 0.000000
vt 0.000000 0.000000
vt 0.000000 0.000000
vt 0.000000 0.000000
vt 0.000000 0.000000
vt 0.000000 0.000000
vt 0.000000 0.000000
vt 0.000000 0.000000
vt 0.000000 0.000000
vt 0.000000 0.000000
vt 0.000000 0.000000
vt 0.000000 0.000000
vt 0.000000 0.000000
vt 0.000000 0.000000
vt 0.000000 0.000000
vt 0.000000 0.000000
vt 0.000000 0.000000
vt 0.000000 0.000000
vt 0.000000 0.000000
vt 0.000000 0.000000
vt 0.000000 0.000000
vt 0.000000 0.000000
vt 0.000000 0.000000
vt 0.000000 0.000000
vt 0.000000 0.000000
vt 0.000000 0.000000
vt 0.000000 0.000000
vt 0.000000 0.000000
vt 0.000000 0.000000
vt 0.000000 0.000000
vt 0.000000 0.000000
vt 0.000000 0.000000
vt 0.000000 0.000000
vt 0.000000 0.000000
vt 0.000000 0.000000
vt 0.000000 0.000000
vt 0.000000 0.000000
vt 0.000000 0.000000
vt 0.000000 0.000000
vt 0.000000 0.000000
vt 0.000000 0.000000
vt 0.000000 0.000000
vt 0.000000 0.000000
vt 0.000000 0.000000
vt 0.000000 0.000000
vt 0.000000 0.000000
vt 0.000000 0.000000
vt 0.000000 0.000000
vt 0.000000 0.000000
vt 0.000000 0.000000
vt 0.000000 0.000000
vt 0.000000 0.000000
vt 0.000000 0.000000
vt 0.000000 0.000000
vt 0.000000 0.000000
vt 0.000000 0.000000
vt 0.000000 0.000000
vt 0.000000 0.000000
vt 0.000000 0.000000
vt 0.000000 0.000000
vt 0.000000 0.000000
vt 0.000000 0.000000
vt 0.000000 0.000000
vt 0.000000 0.000000
vt 0.000000 0.000000
vt 0.000000 0.000000
vt 0.000000 0.000000
vt 0.000000 0.000000
vt 0.000000 0.000000
vt 0.000000 0.000000
vt 0.000000 0.000000
vt 0.000000 0.000000
vt 0.000000 0.000000
vt 0.000000 0.000000
vt 0.000000 0.000000
vt 0.000000 0.000000
vt 0.000000 0.000000
vt 0.000000 0.000000
vt 0.000000 0.000000
vt 0.000000 0.000000
vt 0.000000 0.000000
vt 0.000000 0.000000
vt 0.000000 0.000000
vt 0.000000 0.000000
vt 0.000000 0.000000
vt 0.000000 0.000000
vt 0.000000 0.000000
vt 0.000000 0.000000
vt 0.000000 0.000000
vt 0.000000 0.000000
vt 0.000000 0.000000
vt 0.000000 0.000000
vt 0.000000 0.000000
vt 0.000000 0.000000
vt 0.000000 0.000000
vt 0.000000 0.000000
vt 0.000000 0.000000
vt 0.000000 0.000000
vt 0.000000 0.000000
vt 0.000000 0.000000
vt 0.000000 0.000000
vt 0.000000 0.000000
vt 0.000000 0.000000
vt 0.000000 0.000000
vt 0.000000 0.000000
vt 0.000000 0.000000
vt 0.000000 0.000000
vt 0.000000 0.000000
vt 0.000000 0.000000
vt 0.000000 0.000000
vt 0.000000 0.000000
vt 0.000000 0.000000
vt 0.000000 0.000000
vt 0.000000 0.000000
vt 0.000000 0.000000
vt 0.000000 0.000000
vt 0.000000 0.000000
vt 0.000000 0.000000
vt 0.000000 0.000000
vt 0.000000 0.000000
vt 0.000000 0.000000
vt 0.000000 0.000000
vt 0.000000 0.000000
vt 0.000000 0.000000
vt 0.000000 0.000000
vt 0.000000 0.000000
vt 0.000000 0.000000
vt 0.000000 0.000000
vt 0.000000 0.000000
vt 0.000000 0.000000
vt 0.000000 0.000000
vt 0.000000 0.000000
vt 0.000000 0.000000
vt 0.000000 0.000000
vt 0.000000 0.000000
vt 0.000000 0.000000
vt 0.000000 0.000000
vt 0.000000 0.000000
vt 0.000000 0.000000
vt 0.000000 0.000000
vt 0.000000 0.000000
vt 0.000000 0.000000
vt 0.000000 0.000000
vt 0.000000 0.000000
vt 0.000000 0.000000
vt 0.000000 0.000000
vt 0.000000 0.000000
vt 0.000000 0.000000
vt 0.000000 0.000000
vt 0.000000 0.000000
vt 0.000000 0.000000
vt 0.000000 0.000000
vt 0.000000 0.000000
vt 0.000000 0.000000
vt 0.000000 0.000000
vt 0.000000 0.000000
vt 0.000000 0.000000
vt 0.000000 0.000000
vt 0.000000 0.000000
vt 0.000000 0.000000
vt 0.000000 0.000000
vt 0.000000 0.000000
vt 0.000000 0.000000
vt 0.000000 0.000000
vt 0.000000 0.000000
vt 0.000000 0.000000
vt 0.000000 0.000000
vt 0.000000 0.000000
vt 0.000000 0.000000
vt 0.000000 0.000000
vt 0.000000 0.000000
vt 0.000000 0.000000
vt 0.000000 0.000000
vt 0.000000 0.000000
vt 0.000000 0.000000
vt 0.000000 0.000000
vt 0.000000 0.000000
vt 0.000000 0.000000
vt 0.000000 0.000000
vt 0.000000 0.000000
vt 0.000000 0.000000
vt 0.000000 0.000000
vt 0.000000 0.000000
vt 0.000000 0.000000
vt 0.000000 0.000000
vt 0.000000 0.000000
vt 0.000000 0.000000
vt 0.000000 0.000000
vt 0.000000 0.000000
vt 0.000000 0.000000
vt 0.000000 0.000000
vt 0.000000 0.000000
vt 0.000000 0.000000
vt 0.000000 0.000000
vt 0.000000 0.000000
vt 0.000000 0.000000
vt 0.000000 0.000000
vt 0.000000 0.000000
vt 0.000000 0.000000
vt 0.000000 0.000000
vt 0.000000 0.000000
vt 0.000000 0.000000
vt 0.000000 0.000000
vt 0.000000 0.000000
vt 0.000000 0.000000
vt 0.000000 0.000000
vt 0.000000 0.000000
vt 0.000000 0.000000
vt 0.000000 0.000000
vt 0.000000 0.000000
vt 0.000000 0.000000
vt 0.000000 0.000000
vt 0.000000 0.000000
vt 0.000000 0.000000
vt 0.000000 0.000000
vt 0.000000 0.000000
vt 0.000000 0.000000
vt 0.000000 0.000000
vt 0.000000 0.000000
vt 0.000000 0.000000
vt 0.000000 0.000000
vt 0.000000 0.000000
vt 0.000000 0.000000
vt 0.000000 0.000000
vt 0.000000 0.000000
vt 0.000000 0.000000
vt 0.000000 0.000000
vt 0.000000 0.000000
vt 0.000000 0.000000
vt 0.000000 0.000000
vt 0.000000 0.000000
vt 0.000000 0.000000
vt 0.000000 0.000000
vt 0.000000 0.000000
vt 0.000000 0.000000
vt 0.000000 0.000000
vt 0.000000 0.000000
vt 0.000000 0.000000
vt 0.000000 0.000000
vt 0.000000 0.000000
vt 0.000000 0.000000
vt 0.000000 0.000000
vt 0.000000 0.000000
vt 0.000000 0.000000
vt 0.000000 0.000000
vt 0.000000 0.000000
vt 0.000000 0.000000
vt 0.000000 0.000000
vt 0.000000 0.000000
vt 0.000000 0.000000
vt 0.000000 0.000000
vt 0.000000 0.000000
vt 0.000000 0.000000
vt 0.000000 0.000000
vt 0.000000 0.000000
vt 0.000000 0.000000
vt 0.000000 0.000000
vt 0.000000 0.000000
vt 0.000000 0.000000
vt 0.000000 0.000000
vt 0.000000 0.000000
vt 0.000000 0.000000
vt 0.000000 0.000000
vt 0.000000 0.000000
vt 0.000000 0.000000
vt 0.000000 0.000000
vt 0.000000 0.000000
vt 0.000000 0.000000
vt 0.000000 0.000000
vt 0.000000 0.000000
vt 0.000000 0.000000
vt 0.000000 0.000000
vt 0.000000 0.000000
vt 0.000000 0.000000
vt 0.000000 0.000000
vt 0.000000 0.000000
vt 0.000000 0.000000
vt 0.000000 0.000000
vt 0.000000 0.000000
vt 0.000000 0.000000
vt 0.000000 0.000000
vt 0.000000 0.000000
vt 0.000000 0.000000
vt 0.000000 0.000000
vt 0.000000 0.000000
vt 0.000000 0.000000
vt 0.000000 0.000000
vt 0.000000 0.000000
vt 0.000000 0.000000
vt 0.000000 0.000000
vt 0.000000 0.000000
vt 0.000000 0.000000
vt 0.000000 0.000000
vt 0.000000 0.000000
vt 0.000000 0.000000
vt 0.000000 0.000000
vt 0.000000 0.000000
vt 0.000000 0.000000
vt 0.000000 0.000000
vt 0.000000 0.000000
vt 0.000000 0.000000
vt 0.000000 0.000000
vt 0.000000 0.000000
vt 0.000000 0.000000
vt 0.000000 0.000000
vt 0.000000 0.000000
vt 0.000000 0.000000
vt 0.000000 0.000000
vt 0.000000 0.000000
vt 0.000000 0.000000
vt 0.000000 0.000000
vt 0.000000 0.000000
vt 0.000000 0.000000
vt 0.000000 0.000000
vt 0.000000 0.000000
vt 0.000000 0.000000
vt 0.000000 0.000000
vt 0.000000 0.000000
vt 0.000000 0.000000
vt 0.000000 0.000000
vt 0.000000 0.000000
vt 0.000000 0.000000
vt 0.000000 0.000000
vt 0.000000 0.000000
vt 0.000000 0.000000
vt 0.000000 0.000000
vt 0.000000 0.000000
vt 0.000000 0.000000
vt 0.000000 0.000000
vt 0.000000 0.000000
vt 0.000000 0.000000
vt 0.000000 0.000000
vt 0.000000 0.000000
vt 0.000000 0.000000
vt 0.000000 0.000000
vt 0.000000 0.000000
vt 0.000000 0.000000
vt 0.000000 0.000000
vt 0.000000 0.000000
vt 0.000000 0.000000
vt 0.000000 0.000000
vt 0.000000 0.000000
vt 0.000000 0.000000
vt 0.000000 0.000000
vt 0.000000 0.000000
vt 0.000000 0.000000
vt 0.000000 0.000000
vt 0.000000 0.000000
vt 0.000000 0.000000
vt 0.000000 0.000000
vt 0.000000 0.000000
vt 0.000000 0.000000
vt 0.000000 0.000000
vt 0.000000 0.000000
vt 0.000000 0.000000
vt 0.000000 0.000000
vt 0.000000 0.000000
vt 0.000000 0.000000
vt 0.000000 0.000000
vt 0.000000 0.000000
vt 0.000000 0.000000
vt 0.000000 0.000000
vt 0.000000 0.000000
vt 0.000000 0.000000
vt 0.000000 0.000000
vt 0.000000 0.000000
vt 0.000000 0.000000
vt 0.000000 0.000000
vt 0.000000 0.000000
vt 0.000000 0.000000
vt 0.000000 0.000000
vt 0.000000 0.000000
vt 0.000000 0.000000
vt 0.000000 0.000000
vt 0.000000 0.000000
vt 0.000000 0.000000
vt 0.000000 0.000000
vt 0.000000 0.000000
vt 0.000000 0.000000
vt 0.000000 0.000000
vt 0.000000 0.000000
vt 0.000000 0.000000
vt 0.000000 0.000000
vt 0.000000 0.000000
vt 0.000000 0.000000
vt 0.000000 0.000000
vt 0.000000 0.000000
vt 0.000000 0.000000
vt 0.000000 0.000000
vt 0.000000 0.000000
vt 0.000000 0.000000
vt 0.000000 0.000000
vt 0.000000 0.000000
vt 0.000000 0.000000
vt 0.000000 0.000000
vt 0.000000 0.000000
vt 0.000000 0.000000
vt 0.000000 0.000000
vt 0.000000 0.000000
vt 0.000000 0.000000
vt 0.000000 0.000000
vt 0.000000 0.000000
vt 0.000000 0.000000
vt 0.000000 0.000000
vt 0.000000 0.000000
vt 0.000000 0.000000
vt 0.000000 0.000000
vt 0.000000 0.000000
vt 0.000000 0.000000
vt 0.000000 0.000000
vt 0.000000 0.000000
vt 0.000000 0.000000
vt 0.000000 0.000000
vt 0.000000 0.000000
vt 0.000000 0.000000
vt 0.000000 0.000000
vt 0.000000 0.000000
vt 0.000000 0.000000
vt 0.000000 0.000000
vt 0.000000 0.000000
vt 0.000000 0.000000
vt 0.000000 0.000000
vt 0.000000 0.000000
vt 0.419706 0.419706
vt 0.250000 0.490000
vt 0.080294 0.419706
vt 0.010000 0.250000
vt 0.080294 0.080294
vt 0.250000 0.010000
vt 0.419706 0.080294
vt 0.490000 0.250000
vt 0.010000 0.250000
vt 0.080294 0.080294
vt 0.419706 0.419706
vt 0.250000 0.490000
vt 0.490000 0.250000
vt 0.080294 0.419706
vt 0.419706 0.080294
vt 0.250000 0.010000
vt 0.720175 0.583333
vt 0.720175 0.583333
vt 0.720175 0.583333
vt 0.779824 0.583333
vt 0.720175 0.583333
vt 0.779825 0.583333
vt 0.720175 0.583333
vt 0.720175 0.583333
vt 0.720175 0.583333
vt 0.720175 0.583333
vt 0.779824 0.583333
vt 0.720175 0.583333
vt 0.720238 0.583333
vt 0.721481 0.583333
vt 0.721841 0.583333
vt 0.723956 0.583333
vt 0.730394 0.583333
vt 0.730673 0.583333
vt 0.730952 0.583333
vt 0.731899 0.583333
vt 0.732847 0.583333
vt 0.767153 0.583333
vt 0.768101 0.583333
vt 0.769048 0.583333
vt 0.769327 0.583333
vt 0.769605 0.583333
vt 0.776044 0.583333
vt 0.778159 0.583333
vt 0.778519 0.583333
vt 0.779762 0.583333
vt 0.777718 0.583333
vt 0.613777 0.459125
vt 0.000000 0.000000
vt 0.769883 0.583333
vt 0.779824 0.583333
vt 0.779824 0.583333
vt 0.760936 0.583333
vt 0.775802 0.583333
vt 0.724197 0.583333
vt 0.722282 0.583333
vt 0.730117 0.583333
vt 0.739064 0.583333
vt 0.723117 0.583333
vt 0.776883 0.583333
vt 0.776883 0.583333
vt 0.723117 0.583333
vt 0.741068 0.583333
vt 0.758932 0.583333
vt 0.750000 0.583333
vt 0.754971 0.583333
vt 0.740058 0.583333
vt 0.000000 0.000000
vt 0.759941 0.583333
vt 0.000000 0.000000
vt 0.720464 0.583333
vt 0.779247 0.583333
vt 0.720433 0.583333
vt 0.779566 0.583333
vt 0.779824 0.583333
vt 0.779825 0.583333
vt 0.779824 0.583333
vt 0.720397 0.583333
vt 0.720175 0.583333
vt 0.779606 0.583333
vt 0.779824 0.583333
vt 0.720892 0.583333
vt 0.720671 0.583333
vt 0.720671 0.583333
vt 0.720892 0.583333
vt 0.757228 0.583333
vt 0.761091 0.583334
vt 0.733668 0.583333
vt 0.739867 0.583333
vt 0.746261 0.583333
vt 0.766708 0.583333
vt 0.722216 0.583333
vt 0.777782 0.583333
vt 0.779106 0.583333
vt 0.779330 0.583333
vt 0.723536 0.583333
vt 0.721757 0.583333
vt 0.721251 0.583333
vt 0.778768 0.583333
vt 0.778262 0.583333
vt 0.776482 0.583333
vt 0.778262 0.583333
vt 0.778768 0.583333
vt 0.779330 0.583333
vt 0.779106 0.583333
vt 0.777782 0.583333
vt 0.766708 0.583333
vt 0.721251 0.583333
vt 0.776482 0.583333
vt 0.723536 0.583333
vt 0.722216 0.583333
vt 0.733668 0.583333
vt 0.746261 0.583333
vt 0.757228 0.583333
vt 0.721757 0.583333
vt 1.000000 0.500000
vt 1.000000 1.000000
vt 0.833333 1.000000
vt 0.833333 0.500000
vt 0.666667 1.000000
vt 0.666667 0.500000
vt 0.500000 1.000000
vt 0.500000 0.500000
vt 0.333333 1.000000
vt 0.333333 0.500000
vt 0.166667 1.000000
vt 0.166667 0.500000
vt -0.000000 1.000000
vt -0.000000 0.500000
vt 0.750000 0.490000
vt 0.957846 0.370000
vt 0.957846 0.130000
vt 0.750000 0.010000
vt 0.542154 0.130000
vt 0.542154 0.370000
vt 1.000000 0.500000
vt 1.000000 1.000000
vt 0.875000 1.000000
vt 0.875000 0.500000
vt 0.750000 1.000000
vt 0.750000 0.500000
vt 0.625000 1.000000
vt 0.625000 0.500000
vt 0.500000 1.000000
vt 0.500000 0.500000
vt 0.375000 1.000000
vt 0.375000 0.500000
vt 0.250000 1.000000
vt 0.250000 0.500000
vt 0.419706 0.419706
vt 0.250000 0.490000
vt 0.080294 0.419706
vt 0.010000 0.250000
vt 0.080294 0.080294
vt 0.250000 0.010000
vt 0.419706 0.080294
vt 0.490000 0.250000
vt 0.125000 1.000000
vt 0.125000 0.500000
vt 0.000000 1.000000
vt 0.000000 0.500000
vt 1.000000 0.500000
vt 1.000000 1.000000
vt 0.833333 1.000000
vt 0.833333 0.500000
vt 0.666667 1.000000
vt 0.666667 0.500000
vt 0.500000 1.000000
vt 0.500000 0.500000
vt 0.333333 1.000000
vt 0.333333 0.500000
vt 0.166667 1.000000
vt 0.166667 0.500000
vt -0.000000 1.000000
vt -0.000000 0.500000
vt 0.750000 0.490000
vt 0.957846 0.370000
vt 0.957846 0.130000
vt 0.750000 0.010000
vt 0.542154 0.130000
vt 0.542154 0.370000
vt 1.000000 0.500000
vt 1.000000 1.000000
vt 0.875000 1.000000
vt 0.875000 0.500000
vt 0.750000 1.000000
vt 0.750000 0.500000
vt 0.625000 1.000000
vt 0.625000 0.500000
vt 0.500000 1.000000
vt 0.500000 0.500000
vt 0.375000 1.000000
vt 0.375000 0.500000
vt 0.250000 1.000000
vt 0.250000 0.500000
vt 0.419706 0.419706
vt 0.250000 0.490000
vt 0.080294 0.419706
vt 0.010000 0.250000
vt 0.080294 0.080294
vt 0.250000 0.010000
vt 0.419706 0.080294
vt 0.490000 0.250000
vt 0.125000 1.000000
vt 0.125000 0.500000
vt 0.000000 1.000000
vt 0.000000 0.500000
vt 0.000000 0.000000
vt 0.000000 0.000000
vt 0.000000 0.000000
vt 0.000000 0.000000
vt 0.000000 0.000000
vt 0.000000 0.000000
vt 0.000000 0.000000
vt 0.000000 0.000000
vt 0.000000 0.000000
vt 0.000000 0.000000
vt 0.000000 0.000000
vt 0.000000 0.000000
vt 0.000000 0.000000
vt 0.000000 0.000000
vt 0.000000 0.000000
vt 0.000000 0.000000
vt 0.000000 0.000000
vt 0.000000 0.000000
vt 0.000000 0.000000
vt 0.000000 0.000000
vt 0.000000 0.000000
vt 0.000000 0.000000
vt 0.000000 0.000000
vt 0.000000 0.000000
vt 0.000000 0.000000
vt 0.000000 0.000000
vt 0.000000 0.000000
vt 0.000000 0.000000
vt 0.000000 0.000000
vt 0.000000 0.000000
vt 0.000000 0.000000
vt 0.000000 0.000000
vt 0.000000 0.000000
vt 0.000000 0.000000
vt 0.000000 0.000000
vt 0.000000 0.000000
vt 0.000000 0.000000
vt 0.000000 0.000000
vt 0.000000 0.000000
vt 0.000000 0.000000
vt 0.000000 0.000000
vt 0.000000 0.000000
vt 0.000000 0.000000
vt 0.000000 0.000000
vt 0.000000 0.000000
vt 0.000000 0.000000
vt 0.000000 0.000000
vt 0.000000 0.000000
vt 0.000000 0.000000
vt 0.000000 0.000000
vt 0.000000 0.000000
vt 0.000000 0.000000
vt 0.000000 0.000000
vt 0.000000 0.000000
vt 0.000000 0.000000
vt 0.000000 0.000000
vt 0.000000 0.000000
vt 0.000000 0.000000
vt 0.000000 0.000000
vt 0.000000 0.000000
vt 0.000000 0.000000
vt 0.000000 0.000000
vt 0.000000 0.000000
vt 0.000000 0.000000
vt 0.000000 0.000000
vt 0.000000 0.000000
vt 0.000000 0.000000
vt 0.000000 0.000000
vt 0.000000 0.000000
vt 0.000000 0.000000
vt 0.000000 0.000000
vt 0.000000 0.000000
vt 0.000000 0.000000
vt 0.000000 0.000000
vt 0.000000 0.000000
vt 0.000000 0.000000
vt 0.000000 0.000000
vt 0.000000 0.000000
vt 0.000000 0.000000
vt 0.000000 0.000000
vt 0.000000 0.000000
vt 0.000000 0.000000
vt 0.000000 0.000000
vt 0.000000 0.000000
vt 0.000000 0.000000
vt 0.000000 0.000000
vt 0.000000 0.000000
vt 0.000000 0.000000
vt 0.000000 0.000000
vt 0.000000 0.000000
vt 0.000000 0.000000
vt 0.000000 0.000000
vt 0.000000 0.000000
vt 0.000000 0.000000
vt 0.000000 0.000000
vt 0.000000 0.000000
vt 0.000000 0.000000
vt 0.000000 0.000000
vt 0.000000 0.000000
vt 0.000000 0.000000
vt 0.000000 0.000000
vt 0.000000 0.000000
vt 0.000000 0.000000
vt 0.000000 0.000000
vt 0.000000 0.000000
vt 0.000000 0.000000
vt 0.000000 0.000000
vt 0.000000 0.000000
vt 0.000000 0.000000
vt 0.000000 0.000000
vt 0.000000 0.000000
vt 0.000000 0.000000
vt 0.000000 0.000000
vt 0.000000 0.000000
vt 0.000000 0.000000
vt 0.000000 0.000000
vt 0.000000 0.000000
vt 0.000000 0.000000
vt 0.000000 0.000000
vt 0.000000 0.000000
vt 0.000000 0.000000
vt 0.000000 0.000000
vt 0.000000 0.000000
vt 0.000000 0.000000
vt 0.000000 0.000000
vt 0.000000 0.000000
vt 0.000000 0.000000
vt 0.000000 0.000000
vt 0.000000 0.000000
vt 0.000000 0.000000
vt 0.000000 0.000000
vt 0.000000 0.000000
vt 0.000000 0.000000
vt 0.000000 0.000000
vt 0.000000 0.000000
vt 0.000000 0.000000
vt 0.000000 0.000000
vt 0.000000 0.000000
vt 0.000000 0.000000
vt 0.000000 0.000000
vt 0.000000 0.000000
vt 0.000000 0.000000
vt 0.000000 0.000000
vt 0.000000 0.000000
vt 0.000000 0.000000
vt 0.000000 0.000000
vt 0.000000 0.000000
vt 0.000000 0.000000
vt 0.000000 0.000000
vt 0.000000 0.000000
vt 0.000000 0.000000
vt 0.000000 0.000000
vt 0.000000 0.000000
vt 0.000000 0.000000
vt 0.000000 0.000000
vt 0.000000 0.000000
vt 0.000000 0.000000
vt 0.000000 0.000000
vt 0.000000 0.000000
vt 0.000000 0.000000
vt 0.000000 0.000000
vt 0.000000 0.000000
vt 0.000000 0.000000
vt 0.000000 0.000000
vt 0.000000 0.000000
vt 0.000000 0.000000
vt 0.000000 0.000000
vt 0.000000 0.000000
vt 0.000000 0.000000
vt 0.000000 0.000000
vt 0.000000 0.000000
vt 0.000000 0.000000
vt 0.000000 0.000000
vt 0.000000 0.000000
vt 0.000000 0.000000
vt 0.000000 0.000000
vt 0.000000 0.000000
vt 0.000000 0.000000
vt 0.000000 0.000000
vt 0.000000 0.000000
vt 0.000000 0.000000
vt 0.000000 0.000000
vt 0.000000 0.000000
vt 0.000000 0.000000
vt 0.000000 0.000000
vt 0.000000 0.000000
vt 0.000000 0.000000
vt 0.000000 0.000000
vt 0.000000 0.000000
vt 0.000000 0.000000
vt 0.000000 0.000000
vt 0.000000 0.000000
vt 0.000000 0.000000
vt 0.000000 0.000000
vt 0.000000 0.000000
vt 0.000000 0.000000
vt 0.000000 0.000000
vt 0.000000 0.000000
vt 0.000000 0.000000
vt 0.000000 0.000000
vt 0.000000 0.000000
vt 0.000000 0.000000
vt 0.000000 0.000000
vt 0.000000 0.000000
vt 0.000000 0.000000
vt 0.000000 0.000000
vt 0.000000 0.000000
vt 0.000000 0.000000
vt 0.000000 0.000000
vt 0.000000 0.000000
vt 0.000000 0.000000
vt 0.000000 0.000000
vt 0.000000 0.000000
vt 0.000000 0.000000
vt 0.000000 0.000000
vt 0.000000 0.000000
vt 0.000000 0.000000
vt 0.000000 0.000000
vt 0.000000 0.000000
vt 0.000000 0.000000
vt 0.000000 0.000000
vt 0.000000 0.000000
vt 0.000000 0.000000
vt 0.000000 0.000000
vt 0.000000 0.000000
vt 0.000000 0.000000
vt 0.000000 0.000000
vt 0.000000 0.000000
vt 0.000000 0.000000
vt 0.000000 0.000000
vt 0.000000 0.000000
vt 0.000000 0.000000
vt 0.000000 0.000000
vt 0.000000 0.000000
vt 0.000000 0.000000
vt 0.000000 0.000000
vt 0.000000 0.000000
vt 0.000000 0.000000
vt 0.000000 0.000000
vt 0.000000 0.000000
vt 0.000000 0.000000
vt 0.000000 0.000000
vt 0.000000 0.000000
vt 0.000000 0.000000
vt 0.000000 0.000000
vt 0.000000 0.000000
vt 0.000000 0.000000
vt 0.000000 0.000000
vt 0.000000 0.000000
vt 0.000000 0.000000
vt 0.000000 0.000000
vt 0.000000 0.000000
vt 0.000000 0.000000
vt 0.000000 0.000000
vt 0.000000 0.000000
vt 0.000000 0.000000
vt 0.000000 0.000000
vt 0.000000 0.000000
vt 0.000000 0.000000
vt 0.000000 0.000000
vt 0.000000 0.000000
vt 0.000000 0.000000
vt 0.000000 0.000000
vt 0.000000 0.000000
vt 0.000000 0.000000
vt 0.000000 0.000000
vt 0.000000 0.000000
vt 0.000000 0.000000
vt 0.000000 0.000000
vt 0.000000 0.000000
vt 0.000000 0.000000
vt 0.000000 0.000000
vt 0.000000 0.000000
vt 0.000000 0.000000
vt 0.000000 0.000000
vt 0.000000 0.000000
vt 0.000000 0.000000
vt 0.000000 0.000000
vt 0.000000 0.000000
vt 0.000000 0.000000
vt 0.000000 0.000000
vt 0.000000 0.000000
vt 0.000000 0.000000
vt 0.000000 0.000000
vt 0.000000 0.000000
vt 0.000000 0.000000
vt 0.000000 0.000000
vt 0.000000 0.000000
vt 0.000000 0.000000
vt 0.000000 0.000000
vt 0.000000 0.000000
vt 0.000000 0.000000
vt 0.000000 0.000000
vt 0.000000 0.000000
vt 0.000000 0.000000
vt 0.000000 0.000000
vt 0.000000 0.000000
vt 0.000000 0.000000
vt 0.000000 0.000000
vt 0.000000 0.000000
vt 0.000000 0.000000
vt 0.000000 0.000000
vt 0.000000 0.000000
vt 0.000000 0.000000
vt 0.000000 0.000000
vt 0.000000 0.000000
vt 0.000000 0.000000
vt 0.000000 0.000000
vt 0.000000 0.000000
vt 0.000000 0.000000
vt 0.000000 0.000000
vt 0.000000 0.000000
vt 0.000000 0.000000
vt 0.000000 0.000000
vt 0.000000 0.000000
vt 0.000000 0.000000
vt 0.000000 0.000000
vt 0.000000 0.000000
vt 0.000000 0.000000
vt 0.000000 0.000000
vt 0.000000 0.000000
vt 0.000000 0.000000
vt 0.000000 0.000000
vt 0.000000 0.000000
vt 0.000000 0.000000
vt 0.000000 0.000000
vt 0.000000 0.000000
vt 0.000000 0.000000
vt 0.000000 0.000000
vt 0.000000 0.000000
vt 0.000000 0.000000
vt 0.000000 0.000000
vt 0.000000 0.000000
vt 0.000000 0.000000
vt 0.000000 0.000000
vt 0.375000 0.499975
vt 0.375000 0.755778
vt 0.375000 0.670510
vt 0.375000 0.585242
vt 0.375000 0.775219
vt 0.375000 0.972098
vt 0.375000 0.972098
vt 0.375000 0.775219
vt 0.140691 0.523889
vt 0.141910 0.526367
vt 0.243112 0.731995
vt 0.250433 0.746872
vt 0.365346 0.980359
vt 0.365358 0.980383
vt 0.362167 0.620718
vt 0.262833 0.512753
vt 0.262833 0.512753
vt 0.362167 0.620718
vt 0.365302 0.299507
vt 0.367481 0.498059
vt 0.364137 0.606684
vt 0.272033 0.491978
vt 0.356686 0.745460
vt 0.158766 0.729418
vt 0.375000 0.625160
vt 0.375000 0.617482
vt 0.375000 0.511364
vt 0.375000 0.510085
vt 0.375000 0.745667
vt 0.375000 0.745655
vt 0.374761 0.748414
vt 0.374899 0.754215
vt 0.354883 0.757410
vt 0.375000 0.755778
vt 0.375000 0.755778
vt 0.375000 0.745667
vt 0.375000 0.775219
vt 0.375000 0.763995
vt 0.375000 0.991539
vt 0.375000 0.991540
vt 0.375000 0.972098
vt 0.365358 0.980383
vt 0.370925 0.991694
vt 0.375000 0.999975
vt 0.151165 0.746774
vt 0.139551 0.746168
vt 0.140691 0.726464
vt 0.362167 0.620718
vt 0.367830 0.626873
vt 0.371976 0.631379
vt 0.371727 0.620936
vt 0.371921 0.629088
vt 0.375000 0.627876
vt 0.375000 0.627876
vt 0.375000 0.617366
vt 0.253024 0.502092
vt 0.253024 0.502092
vt 0.262833 0.512753
vt 0.243001 0.731770
vt 0.250825 0.747668
vt 0.253024 0.752136
vt 0.257170 0.506598
vt 0.263047 0.482072
vt 0.131048 0.504297
vt 0.131048 0.504297
vt 0.142502 0.527568
vt 0.375000 0.275219
vt 0.375000 0.275219
vt 0.375000 0.263995
vt 0.375000 0.255778
vt 0.363547 0.281336
vt 0.370159 0.268129
vt 0.374501 0.278732
vt 0.375000 0.511984
vt 0.375000 0.505051
vt 0.375000 0.499975
vt 0.369450 0.484025
vt 0.369162 0.495729
vt 0.369236 0.516230
vt 0.375000 0.472098
vt 0.375000 0.491540
vt 0.375000 0.491540
vt 0.375000 0.472098
vt 0.371976 0.631379
vt 0.375000 0.627876
vt 0.375000 0.755778
vt 0.375000 0.991540
vt 0.375000 0.999975
vt 0.253024 0.502092
vt 0.253024 0.752136
vt 0.375000 0.472098
vt 0.375000 0.491540
vt 0.375000 0.499975
vt 0.131048 0.504297
vt 0.375000 0.255778
vt 0.375000 0.275219
vt 0.375000 0.834365
vt 0.375000 0.999975
vt 0.625000 0.988989
vt 0.625000 0.757909
vt 0.625000 0.760105
vt 0.625000 0.985933
vt 0.625000 0.593750
vt 0.375000 0.199691
vt 0.458333 0.199691
vt 0.541667 0.199691
vt 0.615901 0.760508
vt 0.375000 0.779032
vt 0.375000 0.912952
vt 0.375000 0.966983
vt 0.738333 0.736156
vt 0.781490 0.515432
vt 0.713026 0.521875
vt 0.625000 0.277969
vt 0.840944 0.747159
vt 0.659056 0.706913
vt 0.000000 0.000000
vt 0.840944 0.750000
vt 0.659056 0.750000
vt 0.785000 0.523219
vt 0.715000 0.523923
vt 0.000000 0.000000
vt 0.000000 0.000000
vt 0.000000 0.000000
vt 0.000000 0.000000
vt 0.000000 0.000000
vt 0.000000 0.000000
vt 0.000000 0.000000
vt 0.000000 0.000000
vt 0.000000 0.000000
vt 0.000000 0.000000
vt 0.000000 0.000000
vt 0.000000 0.000000
vt 0.000000 0.000000
vt 0.000000 0.000000
vt 0.000000 0.000000
vt 0.000000 0.000000
vt 0.000000 0.000000
vt 0.000000 0.000000
vt 0.000000 0.000000
vt 0.000000 0.000000
vt 0.000000 0.000000
vt 0.000000 0.000000
vt 0.000000 0.000000
vt 0.000000 0.000000
vt 0.000000 0.000000
vt 0.000000 0.000000
vt 0.000000 0.000000
vt 0.000000 0.000000
vt 0.000000 0.000000
vt 0.000000 0.000000
vt 0.000000 0.000000
vt 0.000000 0.000000
vt 0.000000 0.000000
vt 0.000000 0.000000
vt 0.000000 0.000000
vt 0.000000 0.000000
vt 0.000000 0.000000
vt 0.000000 0.000000
vt 0.000000 0.000000
vt 0.000000 0.000000
vt 0.000000 0.000000
vt 0.000000 0.000000
vt 0.000000 0.000000
vt 0.000000 0.000000
vt 0.000000 0.000000
vt 0.000000 0.000000
vt 0.000000 0.000000
vt 0.000000 0.000000
vt 0.572456 0.252536
vt 0.596799 0.259834
vt 0.616695 0.270950
vt 0.625000 0.284056
vt 0.625000 0.295662
vt 0.625000 0.454338
vt 0.625000 0.465944
vt 0.375000 0.492500
vt 0.375000 0.257500
vt 0.380430 0.252349
vt 0.000000 0.000000
vt 0.000000 0.000000
vt 0.000000 0.000000
vt 0.000000 0.000000
vt 0.000000 0.000000
vt 0.000000 0.000000
vt 0.000000 0.000000
vt 0.000000 0.000000
vt 0.000000 0.000000
vt 0.000000 0.000000
vt 0.000000 0.000000
vt 0.000000 0.000000
vt 0.375000 0.003832
vt 0.541667 0.052797
vt 0.458333 0.052797
vt 0.375000 0.052797
vt 0.458333 0.129917
vt 0.375000 0.129917
vt 0.458333 0.122572
vt 0.375000 0.122572
vt 0.541667 0.129917
vt 0.541667 0.122572
vt 0.000000 0.000000
vt 0.000000 0.000000
vt 0.000000 0.000000
vt 0.000000 0.000000
vt 0.000000 0.000000
vt 0.000000 0.000000
vt 0.000000 0.000000
vt 0.000000 0.000000
vt 0.523611 0.179804
vt 0.523611 0.138817
vt 0.000000 0.000000
vt 0.000000 0.000000
vt 0.000000 0.000000
vt 0.000000 0.000000
vt 0.000000 0.000000
vt 0.487720 0.051037
vt 0.478947 0.051037
vt 0.000000 0.000000
vt 0.000000 0.000000
vt 0.000000 0.000000
vt 0.000000 0.000000
vt 0.000000 0.000000
vt 0.000000 0.000000
vt 0.000000 0.000000
vt 0.000000 0.000000
vt 0.000000 0.000000
vt 0.000000 0.000000
vt 0.000000 0.000000
vt 0.000000 0.000000
vt 0.000000 0.000000
vt 0.000000 0.000000
vt 0.000000 0.000000
vt 0.000000 0.000000
vt 0.000000 0.000000
vt 0.000000 0.000000
vt 0.000000 0.000000
vt 0.000000 0.000000
vt 0.000000 0.000000
vt 0.000000 0.000000
vt 0.000000 0.000000
vt 0.000000 0.000000
vt 0.000000 0.000000
vt 0.000000 0.000000
vt 0.000000 0.000000
vt 0.000000 0.000000
vt 0.000000 0.000000
vt 0.000000 0.000000
vt 0.000000 0.000000
vt 0.000000 0.000000
vt 0.000000 0.000000
vt 0.000000 0.000000
vt 0.000000 0.000000
vt 0.000000 0.000000
vt 0.000000 0.000000
vt 0.000000 0.000000
vt 0.000000 0.000000
vt 0.000000 0.000000
vt 0.000000 0.000000
vt 0.000000 0.000000
vt 0.000000 0.000000
vt 0.000000 0.000000
vt 0.000000 0.000000
vt 0.000000 0.000000
vt 0.000000 0.000000
vt 0.000000 0.000000
vt 0.000000 0.000000
vt 0.000000 0.000000
vt 0.000000 0.000000
vt 0.523102 0.129917
vt 0.541667 0.136760
vt 0.541667 0.136760
vt 0.523102 0.129917
vt 0.000000 0.000000
vt 0.541667 0.186004
vt 0.541667 0.186004
vt 0.458333 0.192848
vt 0.458333 0.186004
vt 0.458333 0.186004
vt 0.458333 0.192848
vt 0.495462 0.129917
vt 0.504538 0.129917
vt 0.504538 0.129917
vt 0.495462 0.129917
vt 0.000000 0.000000
vt 0.504538 0.052797
vt 0.523102 0.052797
vt 0.523102 0.052797
vt 0.504538 0.052797
vt 0.000000 0.000000
vt 0.000000 0.000000
vt 0.000000 0.000000
vt 0.000000 0.000000
vt 0.000000 0.000000
vt 0.541667 0.143604
vt 0.541667 0.143604
vt 0.000000 0.000000
vt 0.000000 0.000000
vt 0.000000 0.000000
vt 0.000000 0.000000
vt 0.000000 0.000000
vt 0.000000 0.000000
vt 0.000000 0.000000
vt 0.000000 0.000000
vt 0.000000 0.000000
vt 0.000000 0.000000
vt 0.000000 0.000000
vt 0.000000 0.000000
vt 0.000000 0.000000
vt 0.000000 0.000000
vt 0.461001 0.117895
vt 0.478947 0.118486
vt 0.487720 0.118486
vt 0.505666 0.117895
vt 0.522008 0.057653
vt 0.505666 0.051628
vt 0.523611 0.105255
vt 0.523611 0.064268
vt 0.444658 0.057653
vt 0.443056 0.064268
vt 0.505027 0.053590
vt 0.522022 0.054447
vt 0.537099 0.060027
vt 0.539342 0.066543
vt 0.539342 0.108826
vt 0.537098 0.115342
vt 0.522022 0.120923
vt 0.505027 0.121779
vt 0.494973 0.121779
vt 0.477978 0.120923
vt 0.462902 0.115342
vt 0.460658 0.108826
vt 0.460658 0.066543
vt 0.462902 0.060027
vt 0.477978 0.054447
vt 0.494973 0.053590
vt 0.522008 0.186420
vt 0.443056 0.105255
vt 0.461001 0.051628
vt 0.444658 0.111871
vt 0.522008 0.111871
vt 0.505666 0.126177
vt 0.487720 0.125586
vt 0.444658 0.186420
vt 0.461001 0.192444
vt 0.443056 0.138817
vt 0.443056 0.179804
vt 0.444658 0.132202
vt 0.478947 0.125586
vt 0.461001 0.126177
vt 0.478947 0.193035
vt 0.487720 0.193035
vt 0.505027 0.130709
vt 0.522022 0.131566
vt 0.537099 0.137147
vt 0.539342 0.143663
vt 0.539342 0.185945
vt 0.537098 0.192461
vt 0.522022 0.198042
vt 0.505027 0.198899
vt 0.494973 0.198899
vt 0.477978 0.198042
vt 0.462902 0.192461
vt 0.460658 0.185945
vt 0.460658 0.143663
vt 0.462902 0.137147
vt 0.477978 0.131566
vt 0.494973 0.130709
vt 0.505666 0.192444
vt 0.522008 0.132202
vt 0.625000 0.747369
vt 1.000000 0.500000
vt 1.000000 1.000000
vt 0.833333 1.000000
vt 0.833333 0.500000
vt 0.666667 1.000000
vt 0.666667 0.500000
vt 0.500000 1.000000
vt 0.500000 0.500000
vt 0.333333 1.000000
vt 0.333333 0.500000
vt 0.166667 1.000000
vt 0.166667 0.500000
vt -0.000000 1.000000
vt -0.000000 0.500000
vt 0.750000 0.490000
vt 0.957846 0.370000
vt 0.957846 0.130000
vt 0.750000 0.010000
vt 0.542154 0.130000
vt 0.542154 0.370000
vt 0.000000 0.000000
vt 0.000000 0.000000
vt 0.000000 0.000000
vt 0.000000 0.000000
vt 0.000000 0.000000
vt 0.000000 0.000000
vt 0.000000 0.000000
vt 0.000000 0.000000
vt 0.000000 0.000000
vt 0.000000 0.000000
vt 0.000000 0.000000
vt 0.000000 0.000000
vt 0.000000 0.000000
vt 0.000000 0.000000
vt 0.000000 0.000000
vt 0.000000 0.000000
vt 0.000000 0.000000
vt 0.000000 0.000000
vt 0.000000 0.000000
vt 0.000000 0.000000
vt 0.000000 0.000000
vt 0.000000 0.000000
vt 0.000000 0.000000
vt 0.000000 0.000000
vt 0.000000 0.000000
vt 0.000000 0.000000
vt 0.000000 0.000000
vt 0.000000 0.000000
vt 0.000000 0.000000
vt 0.000000 0.000000
vt 0.000000 0.000000
vt 0.000000 0.000000
vt 0.000000 0.000000
vt 0.000000 0.000000
vt 0.000000 0.000000
vt 0.000000 0.000000
vt 0.000000 0.000000
vt 0.000000 0.000000
vt 0.000000 0.000000
vt 0.000000 0.000000
vt 0.000000 0.000000
vt 0.000000 0.000000
vt 0.000000 0.000000
vt 0.000000 0.000000
vt 0.000000 0.000000
vt 0.000000 0.000000
vt 0.000000 0.000000
vt 0.000000 0.000000
vt 0.000000 0.000000
vt 0.000000 0.000000
vt 0.000000 0.000000
vt 0.000000 0.000000
vt 0.000000 0.000000
vt 0.000000 0.000000
vt 0.000000 0.000000
vt 0.000000 0.000000
vt 0.000000 0.000000
vt 0.000000 0.000000
vt 0.000000 0.000000
vt 0.000000 0.000000
vt 0.000000 0.000000
vt 0.000000 0.000000
vt 0.000000 0.000000
vt 0.000000 0.000000
vt 0.000000 0.000000
vt 0.000000 0.000000
vt 0.000000 0.000000
vt 0.000000 0.000000
vt 0.000000 0.000000
vt 0.000000 0.000000
vt 0.000000 0.000000
vt 0.000000 0.000000
vt 0.000000 0.000000
vt 0.000000 0.000000
vt 0.000000 0.000000
vt 0.000000 0.000000
vt 0.000000 0.000000
vt 0.000000 0.000000
vt 0.000000 0.000000
vt 0.000000 0.000000
vt 0.000000 0.000000
vt 0.000000 0.000000
vt 0.000000 0.000000
vt 0.000000 0.000000
vt 0.000000 0.000000
vt 0.000000 0.000000
vt 0.000000 0.000000
vt 0.000000 0.000000
vt 0.000000 0.000000
vt 0.000000 0.000000
vt 0.000000 0.000000
vt 0.000000 0.000000
vt 0.000000 0.000000
vt 0.000000 0.000000
vt 0.000000 0.000000
vt 0.000000 0.000000
vt 0.000000 0.000000
vt 0.000000 0.000000
vt 0.000000 0.000000
vt 0.000000 0.000000
vt 0.000000 0.000000
vt 0.000000 0.000000
vt 0.000000 0.000000
vt 0.000000 0.000000
vt 0.000000 0.000000
vt 0.000000 0.000000
vt 0.000000 0.000000
vt 0.000000 0.000000
vt 0.000000 0.000000
vt 0.000000 0.000000
vt 0.000000 0.000000
vt 0.000000 0.000000
vt 0.000000 0.000000
vt 0.000000 0.000000
vt 0.000000 0.000000
vt 0.000000 0.000000
vt 0.000000 0.000000
vt 0.000000 0.000000
vt 0.000000 0.000000
vt 0.000000 0.000000
vt 0.000000 0.000000
vt 0.000000 0.000000
vt 0.000000 0.000000
vt 0.000000 0.000000
vt 0.000000 0.000000
vt 0.000000 0.000000
vt 0.000000 0.000000
vt 0.000000 0.000000
vt 0.000000 0.000000
vt 0.000000 0.000000
vt 0.000000 0.000000
vt 0.000000 0.000000
vt 0.000000 0.000000
vt 0.000000 0.000000
vt 0.000000 0.000000
vt 0.000000 0.000000
vt 0.000000 0.000000
vt 0.000000 0.000000
vt 0.000000 0.000000
vt 0.000000 0.000000
vt 0.000000 0.000000
vt 0.000000 0.000000
vt 0.000000 0.000000
vt 0.000000 0.000000
vt 0.000000 0.000000
vt 0.000000 0.000000
vt 0.000000 0.000000
vt 0.000000 0.000000
vt 0.000000 0.000000
vt 0.000000 0.000000
vt 0.000000 0.000000
vt 0.000000 0.000000
vt 0.000000 0.000000
vt 0.000000 0.000000
vt 0.000000 0.000000
vt 0.000000 0.000000
vt 0.000000 0.000000
vt 0.000000 0.000000
vt 0.000000 0.000000
vt 0.000000 0.000000
vt 0.659056 0.695717
vt 0.659056 0.720949
vt 0.659056 0.720949
vt 0.659056 0.695717
vt 0.659056 0.695717
vt 0.659056 0.720949
vt 0.659056 0.695717
vt 0.659056 0.695717
vt 0.659056 0.695717
vt 0.659056 0.720949
vt 0.659056 0.720949
vt 0.659056 0.720949
vt 0.000000 0.000000
vt 0.000000 0.000000
vt 0.000000 0.000000
vt 0.000000 0.000000
vt 0.659056 0.720949
vt 0.659056 0.695717
vt 0.659056 0.695717
vt 0.659056 0.720949
vt 0.659056 0.720949
vt 0.659056 0.695717
vt 0.659056 0.695717
vt 0.659056 0.720949
vt 0.000000 0.000000
vt 0.000000 0.000000
vt 0.000000 0.000000
vt 0.000000 0.000000
vt 0.000000 0.000000
vt 0.000000 0.000000
vt 0.000000 0.000000
vt 0.000000 0.000000
vt 0.000000 0.000000
vt 0.000000 0.000000
vt 0.000000 0.000000
vt 0.000000 0.000000
vt 0.000000 0.000000
vt 0.000000 0.000000
vt 0.000000 0.000000
vt 0.000000 0.000000
vt 0.000000 0.000000
vt 0.000000 0.000000
vt 0.000000 0.000000
vt 0.000000 0.000000
vt 0.000000 0.000000
vt 0.000000 0.000000
vt 0.000000 0.000000
vt 0.000000 0.000000
vt 0.000000 0.000000
vt 0.000000 0.000000
vt 0.000000 0.000000
vt 0.000000 0.000000
vt 0.000000 0.000000
vt 0.000000 0.000000
vt 0.000000 0.000000
vt 0.000000 0.000000
vt 0.000000 0.000000
vt 0.000000 0.000000
vt 0.000000 0.000000
vt 0.000000 0.000000
vt 0.000000 0.000000
vt 0.000000 0.000000
vt 0.000000 0.000000
vt 0.000000 0.000000
vt 0.000000 0.000000
vt 0.000000 0.000000
vt 0.000000 0.000000
vt 0.000000 0.000000
vt 0.000000 0.000000
vt 0.000000 0.000000
vt 0.000000 0.000000
vt 0.000000 0.000000
vt 0.000000 0.000000
vt 0.000000 0.000000
vt 0.000000 0.000000
vt 0.000000 0.000000
vt 0.000000 0.000000
vt 0.000000 0.000000
vt 0.000000 0.000000
vt 0.000000 0.000000
vt 0.000000 0.000000
vt 0.000000 0.000000
vt 0.000000 0.000000
vt 0.000000 0.000000
vt 0.000000 0.000000
vt 0.000000 0.000000
vt 0.000000 0.000000
vt 0.000000 0.000000
vt 0.000000 0.000000
vt 0.000000 0.000000
vt 0.000000 0.000000
vt 0.000000 0.000000
vt 0.000000 0.000000
vt 0.000000 0.000000
vt 0.000000 0.000000
vt 0.000000 0.000000
vt 0.000000 0.000000
vt 0.000000 0.000000
vt 0.000000 0.000000
vt 0.000000 0.000000
vt 0.000000 0.000000
vt 0.000000 0.000000
vt 0.000000 0.000000
vt 0.000000 0.000000
vt 0.000000 0.000000
vt 1.000000 0.500000
vt 1.000000 1.000000
vt 0.833333 1.000000
vt 0.833333 0.500000
vt 0.666667 1.000000
vt 0.666667 0.500000
vt 0.500000 1.000000
vt 0.500000 0.500000
vt 0.333333 1.000000
vt 0.333333 0.500000
vt 0.166667 1.000000
vt 0.166667 0.500000
vt -0.000000 1.000000
vt -0.000000 0.500000
vt 0.750000 0.490000
vt 0.957846 0.370000
vt 0.957846 0.130000
vt 0.750000 0.010000
vt 0.542154 0.130000
vt 0.542154 0.370000
vt 0.000000 0.000000
vt 0.000000 0.000000
vt 0.000000 0.000000
vt 0.000000 0.000000
vt 0.000000 0.000000
vt 0.000000 0.000000
vt 0.000000 0.000000
vt 0.000000 0.000000
vt 0.000000 0.000000
vt 0.000000 0.000000
vt 0.000000 0.000000
vt 0.000000 0.000000
vt 0.000000 0.000000
vt 0.000000 0.000000
vt 0.000000 0.000000
vt 0.000000 0.000000
vt 0.000000 0.000000
vt 0.000000 0.000000
vt 0.000000 0.000000
vt 0.000000 0.000000
vt 0.000000 0.000000
vt 0.000000 0.000000
vt 0.000000 0.000000
vt 0.000000 0.000000
vt 0.000000 0.000000
vt 0.000000 0.000000
vt 0.000000 0.000000
vt 0.000000 0.000000
vt 0.000000 0.000000
vt 0.000000 0.000000
vt 0.000000 0.000000
vt 0.000000 0.000000
vt 0.000000 0.000000
vt 0.000000 0.000000
vt 0.000000 0.000000
vt 0.000000 0.000000
vt 0.000000 0.000000
vt 0.000000 0.000000
vt 0.000000 0.000000
vt 0.000000 0.000000
vt 0.000000 0.000000
vt 0.000000 0.000000
vt 0.000000 0.000000
vt 0.000000 0.000000
vt 0.000000 0.000000
vt 0.000000 0.000000
vt 0.000000 0.000000
vt 0.000000 0.000000
vt 0.000000 0.000000
vt 0.000000 0.000000
vt 0.000000 0.000000
vt 0.000000 0.000000
vt 0.000000 0.000000
vt 0.000000 0.000000
vt 0.000000 0.000000
vt 0.000000 0.000000
vt 0.000000 0.000000
vt 0.000000 0.000000
vt 0.000000 0.000000
vt 0.000000 0.000000
vt 0.000000 0.000000
vt 0.000000 0.000000
vt 0.000000 0.000000
vt 0.000000 0.000000
vt 0.000000 0.000000
vt 0.000000 0.000000
vt 0.000000 0.000000
vt 0.000000 0.000000
vt 0.000000 0.000000
vt 0.000000 0.000000
vt 0.000000 0.000000
vt 0.000000 0.000000
vt 0.000000 0.000000
vt 0.000000 0.000000
vt 0.000000 0.000000
vt 0.000000 0.000000
vt 0.000000 0.000000
vt 0.000000 0.000000
vt 0.000000 0.000000
vt 0.000000 0.000000
vt 0.000000 0.000000
vt 0.000000 0.000000
vt 0.000000 0.000000
vt 0.000000 0.000000
vt 0.000000 0.000000
vt 0.000000 0.000000
vt 0.000000 0.000000
vt 0.000000 0.000000
vt 0.000000 0.000000
vt 0.000000 0.000000
vt 0.000000 0.000000
vt 0.000000 0.000000
vt 0.000000 0.000000
vt 0.000000 0.000000
vt 0.000000 0.000000
vt 0.000000 0.000000
vt 0.000000 0.000000
vt 0.000000 0.000000
vt 0.000000 0.000000
vt 0.000000 0.000000
vt 0.000000 0.000000
vt 0.000000 0.000000
vt 0.000000 0.000000
vt 0.000000 0.000000
vt 0.000000 0.000000
vt 0.000000 0.000000
vt 0.000000 0.000000
vt 0.000000 0.000000
vt 0.000000 0.000000
vt 0.000000 0.000000
vt 0.000000 0.000000
vt 0.000000 0.000000
vt 0.000000 0.000000
vt 0.000000 0.000000
vt 0.000000 0.000000
vt 0.000000 0.000000
vt 0.000000 0.000000
vt 0.000000 0.000000
vt 0.000000 0.000000
vt 0.000000 0.000000
vt 0.000000 0.000000
vt 0.000000 0.000000
vt 0.000000 0.000000
vt 0.000000 0.000000
vt 0.000000 0.000000
vt 0.000000 0.000000
vt 0.000000 0.000000
vt 0.000000 0.000000
vt 0.000000 0.000000
vt 0.000000 0.000000
vt 0.000000 0.000000
vt 0.000000 0.000000
vt 0.000000 0.000000
vt 0.000000 0.000000
vt 0.000000 0.000000
vt 0.000000 0.000000
vt 0.000000 0.000000
vt 0.000000 0.000000
vt 0.000000 0.000000
vt 0.000000 0.000000
vt 0.000000 0.000000
vt 0.000000 0.000000
vt 0.000000 0.000000
vt 0.000000 0.000000
vt 0.000000 0.000000
vt 0.000000 0.000000
vt 0.000000 0.000000
vt 0.000000 0.000000
vt 0.000000 0.000000
vt 0.000000 0.000000
vt 0.000000 0.000000
vt 0.000000 0.000000
vt 0.000000 0.000000
vt 0.000000 0.000000
vt 0.000000 0.000000
vt 0.000000 0.000000
vt 0.000000 0.000000
vt 0.000000 0.000000
vt 0.000000 0.000000
vt 0.000000 0.000000
vt 0.000000 0.000000
vt 0.000000 0.000000
vt 0.000000 0.000000
vt 0.000000 0.000000
vt 0.000000 0.000000
vt 0.000000 0.000000
vt 0.000000 0.000000
vt 0.000000 0.000000
vt 0.000000 0.000000
vt 0.000000 0.000000
vt 0.000000 0.000000
vt 0.000000 0.000000
vt 0.000000 0.000000
vt 0.000000 0.000000
vt 0.000000 0.000000
vt 0.000000 0.000000
vt 0.000000 0.000000
vt 0.000000 0.000000
vt 0.000000 0.000000
vt 0.000000 0.000000
vt 0.000000 0.000000
vt 0.000000 0.000000
vt 0.000000 0.000000
vt 0.000000 0.000000
vt 0.000000 0.000000
vt 0.000000 0.000000
vt 0.000000 0.000000
vt 0.000000 0.000000
vt 0.000000 0.000000
vt 0.000000 0.000000
vt 0.000000 0.000000
vt 0.000000 0.000000
vt 0.000000 0.000000
vt 0.000000 0.000000
vt 0.000000 0.000000
vt 0.000000 0.000000
vt 0.000000 0.000000
vt 0.000000 0.000000
vt 0.000000 0.000000
vt 0.000000 0.000000
vt 0.000000 0.000000
vt 0.000000 0.000000
vt 0.000000 0.000000
vt 0.000000 0.000000
vt 0.000000 0.000000
vt 0.000000 0.000000
vt 0.000000 0.000000
vt 0.000000 0.000000
vt 0.000000 0.000000
vt 0.000000 0.000000
vt 0.000000 0.000000
vt 0.000000 0.000000
vt 0.000000 0.000000
vt 0.000000 0.000000
vt 0.000000 0.000000
vt 0.000000 0.000000
vt 0.000000 0.000000
vt 0.000000 0.000000
vt 0.000000 0.000000
vt 0.000000 0.000000
vt 0.000000 0.000000
vt 0.000000 0.000000
vt 0.000000 0.000000
vt 0.000000 0.000000
vt 0.000000 0.000000
vt 0.000000 0.000000
vt 0.000000 0.000000
vt 0.000000 0.000000
vt 0.000000 0.000000
vt 0.000000 0.000000
vt 0.000000 0.000000
vt 0.000000 0.000000
vt 0.000000 0.000000
vt 0.000000 0.000000
vt 0.000000 0.000000
vt 0.000000 0.000000
vt 0.000000 0.000000
vt 0.000000 0.000000
vt 0.000000 0.000000
vt 0.000000 0.000000
vt 0.000000 0.000000
vt 0.000000 0.000000
vt 0.000000 0.000000
vt 0.000000 0.000000
vt 0.000000 0.000000
vt 0.000000 0.000000
vt 0.000000 0.000000
vt 0.000000 0.000000
vt 0.000000 0.000000
vt 0.000000 0.000000
vt 0.000000 0.000000
vt 0.000000 0.000000
vt 0.000000 0.000000
vt 0.000000 0.000000
vt 0.000000 0.000000
vt 0.000000 0.000000
vt 0.000000 0.000000
vt 0.000000 0.000000
vt 0.000000 0.000000
vt 0.000000 0.000000
vt 0.000000 0.000000
vt 0.000000 0.000000
vt 0.000000 0.000000
vt 0.000000 0.000000
vt 0.000000 0.000000
vt 0.000000 0.000000
vt 0.000000 0.000000
vt 0.000000 0.000000
vt 0.000000 0.000000
vt 0.000000 0.000000
vt 0.000000 0.000000
vt 0.000000 0.000000
vt 0.000000 0.000000
vt 0.000000 0.000000
vt 0.000000 0.000000
vt 0.000000 0.000000
vt 0.000000 0.000000
vt 0.000000 0.000000
vt 0.000000 0.000000
vt 0.000000 0.000000
vt 0.000000 0.000000
vt 0.000000 0.000000
vt 0.000000 0.000000
vt 0.000000 0.000000
vt 0.000000 0.000000
vt 0.000000 0.000000
vt 0.000000 0.000000
vt 0.000000 0.000000
vt 0.000000 0.000000
vt 0.000000 0.000000
vt 0.000000 0.000000
vt 0.000000 0.000000
vt 0.000000 0.000000
vt 0.000000 0.000000
vt 0.000000 0.000000
vt 0.000000 0.000000
vt 0.000000 0.000000
vt 0.000000 0.000000
vt 0.000000 0.000000
vt 0.000000 0.000000
vt 0.000000 0.000000
vt 0.000000 0.000000
vt 0.000000 0.000000
vt 0.000000 0.000000
vt 0.000000 0.000000
vt 0.000000 0.000000
vt 0.000000 0.000000
vt 0.000000 0.000000
vt 0.000000 0.000000
vt 0.000000 0.000000
vt 0.000000 0.000000
vt 0.000000 0.000000
vt 0.000000 0.000000
vt 0.000000 0.000000
vt 0.000000 0.000000
vt 0.000000 0.000000
vt 0.000000 0.000000
vt 0.000000 0.000000
vt 0.000000 0.000000
vt 0.000000 0.000000
vt 0.000000 0.000000
vt 0.000000 0.000000
vt 0.000000 0.000000
vt 0.000000 0.000000
vt 0.000000 0.000000
vt 0.000000 0.000000
vt 0.000000 0.000000
vt 0.000000 0.000000
vt 0.000000 0.000000
vt 0.000000 0.000000
vt 0.000000 0.000000
vt 0.000000 0.000000
vt 0.000000 0.000000
vt 0.000000 0.000000
vt 0.000000 0.000000
vt 0.000000 0.000000
vt 0.000000 0.000000
vt 0.000000 0.000000
vt 0.000000 0.000000
vt 0.000000 0.000000
vt 0.000000 0.000000
vt 0.000000 0.000000
vt 0.000000 0.000000
vt 0.000000 0.000000
vt 0.000000 0.000000
vt 0.000000 0.000000
vt 0.000000 0.000000
vt 0.000000 0.000000
vt 0.000000 0.000000
vt 0.000000 0.000000
vt 0.000000 0.000000
vt 0.000000 0.000000
vt 0.000000 0.000000
vt 0.000000 0.000000
vt 0.000000 0.000000
vt 0.000000 0.000000
vt 0.000000 0.000000
vt 0.000000 0.000000
vt 0.000000 0.000000
vt 0.000000 0.000000
vt 0.000000 0.000000
vt 0.000000 0.000000
vt 0.000000 0.000000
vt 0.000000 0.000000
vt 0.000000 0.000000
vt 0.000000 0.000000
vt 0.000000 0.000000
vt 0.000000 0.000000
vt 0.000000 0.000000
vt 0.000000 0.000000
vt 0.000000 0.000000
vt 0.000000 0.000000
vt 0.000000 0.000000
vt 0.000000 0.000000
vt 0.000000 0.000000
vt 0.000000 0.000000
vt 0.000000 0.000000
vt 0.000000 0.000000
vt 0.000000 0.000000
vt 0.000000 0.000000
vt 0.000000 0.000000
vt 0.000000 0.000000
vt 0.000000 0.000000
vt 0.000000 0.000000
vt 0.000000 0.000000
vt 0.000000 0.000000
vt 0.000000 0.000000
vt 0.000000 0.000000
vt 0.000000 0.000000
vt 0.000000 0.000000
vt 0.000000 0.000000
vt 0.000000 0.000000
vt 0.000000 0.000000
vt 0.000000 0.000000
vt 0.000000 0.000000
vt 0.000000 0.000000
vt 0.000000 0.000000
vt 0.000000 0.000000
vt 0.000000 0.000000
vt 0.000000 0.000000
vt 0.000000 0.000000
vt 0.000000 0.000000
vt 0.000000 0.000000
vt 0.000000 0.000000
vt 0.000000 0.000000
vt 0.000000 0.000000
vt 0.000000 0.000000
vt 0.000000 0.000000
vt 0.000000 0.000000
vt 0.000000 0.000000
vt 0.000000 0.000000
vt 0.000000 0.000000
vt 0.000000 0.000000
vt 0.000000 0.000000
vt 0.000000 0.000000
vt 0.000000 0.000000
vt 0.000000 0.000000
vt 0.000000 0.000000
vt 0.000000 0.000000
vt 0.000000 0.000000
vt 0.000000 0.000000
vt 0.000000 0.000000
vt 0.000000 0.000000
vt 0.000000 0.000000
vt 0.000000 0.000000
vt 0.000000 0.000000
vt 0.000000 0.000000
vt 0.000000 0.000000
vt 0.000000 0.000000
vt 0.000000 0.000000
vt 0.000000 0.000000
vt 0.000000 0.000000
vt 0.000000 0.000000
vt 0.000000 0.000000
vt 0.000000 0.000000
vt 0.000000 0.000000
vt 0.000000 0.000000
vt 0.000000 0.000000
vt 0.000000 0.000000
vt 0.000000 0.000000
vt 0.000000 0.000000
vt 0.000000 0.000000
vt 0.000000 0.000000
vt 0.000000 0.000000
vt 0.000000 0.000000
vt 0.000000 0.000000
vt 0.000000 0.000000
vt 0.000000 0.000000
vt 0.000000 0.000000
vt 0.000000 0.000000
vt 0.000000 0.000000
vt 0.000000 0.000000
vt 0.000000 0.000000
vt 0.000000 0.000000
vt 0.000000 0.000000
vt 0.000000 0.000000
vt 0.000000 0.000000
vt 0.000000 0.000000
vt 0.000000 0.000000
vt 0.000000 0.000000
vt 0.000000 0.000000
vt 0.000000 0.000000
vt 0.000000 0.000000
vt 0.000000 0.000000
vt 0.000000 0.000000
vt 0.000000 0.000000
vt 0.000000 0.000000
vt 0.000000 0.000000
vt 0.000000 0.000000
vt 0.000000 0.000000
vt 0.000000 0.000000
vt 0.000000 0.000000
vt 0.000000 0.000000
vt 0.000000 0.000000
vt 0.000000 0.000000
vt 0.000000 0.000000
vt 0.000000 0.000000
vt 0.000000 0.000000
vt 0.000000 0.000000
vt 0.000000 0.000000
vt 0.000000 0.000000
vt 0.000000 0.000000
vt 0.000000 0.000000
vt 0.000000 0.000000
vt 0.000000 0.000000
vt 0.000000 0.000000
vt 0.000000 0.000000
vt 0.000000 0.000000
vt 0.000000 0.000000
vt 0.000000 0.000000
vt 0.000000 0.000000
vt 0.000000 0.000000
vt 0.000000 0.000000
vt 0.000000 0.000000
vt 0.000000 0.000000
vt 0.000000 0.000000
vt 0.000000 0.000000
vt 0.000000 0.000000
vt 0.000000 0.000000
vt 0.000000 0.000000
vt 0.000000 0.000000
vt 0.000000 0.000000
vt 0.000000 0.000000
vt 0.000000 0.000000
vt 0.000000 0.000000
vt 0.000000 0.000000
vt 0.000000 0.000000
vt 0.000000 0.000000
vt 0.000000 0.000000
vt 0.000000 0.000000
vt 0.000000 0.000000
vt 0.000000 0.000000
vt 0.000000 0.000000
vt 0.000000 0.000000
vt 0.000000 0.000000
vt 0.000000 0.000000
vt 0.000000 0.000000
vt 0.000000 0.000000
vt 0.000000 0.000000
vt 0.000000 0.000000
vt 0.000000 0.000000
vt 0.000000 0.000000
vt 0.000000 0.000000
vt 0.000000 0.000000
vt 0.000000 0.000000
vt 0.000000 0.000000
vt 0.000000 0.000000
vt 0.000000 0.000000
vt 0.000000 0.000000
vt 0.000000 0.000000
vt 0.000000 0.000000
vt 0.000000 0.000000
vt 0.000000 0.000000
vt 0.000000 0.000000
vt 0.000000 0.000000
vt 0.000000 0.000000
vt 0.000000 0.000000
vt 0.000000 0.000000
vt 0.000000 0.000000
vt 0.000000 0.000000
vt 0.000000 0.000000
vt 0.000000 0.000000
vt 0.000000 0.000000
vt 0.000000 0.000000
vt 0.000000 0.000000
vt 0.000000 0.000000
vt 0.000000 0.000000
vt 0.000000 0.000000
vt 0.000000 0.000000
vt 0.000000 0.000000
vt 0.000000 0.000000
vt 0.000000 0.000000
vt 0.000000 0.000000
vt 0.000000 0.000000
vt 0.000000 0.000000
vt 0.000000 0.000000
vt 0.000000 0.000000
vt 0.000000 0.000000
vt 0.000000 0.000000
vt 0.000000 0.000000
vt 0.000000 0.000000
vt 0.000000 0.000000
vt 0.000000 0.000000
vt 0.000000 0.000000
vt 0.000000 0.000000
vt 0.000000 0.000000
vt 0.000000 0.000000
vt 0.000000 0.000000
vt 0.000000 0.000000
vt 0.000000 0.000000
vt 0.000000 0.000000
vt 0.000000 0.000000
vt 0.000000 0.000000
vt 0.000000 0.000000
vt 0.000000 0.000000
vt 0.000000 0.000000
vt 0.000000 0.000000
vt 0.000000 0.000000
vt 0.000000 0.000000
vt 0.000000 0.000000
vt 0.000000 0.000000
vt 0.000000 0.000000
vt 0.000000 0.000000
vt 0.000000 0.000000
vt 0.000000 0.000000
vt 0.000000 0.000000
vt 0.000000 0.000000
vt 0.000000 0.000000
vt 0.000000 0.000000
vt 0.000000 0.000000
vt 0.000000 0.000000
vt 0.000000 0.000000
vt 0.000000 0.000000
vt 0.000000 0.000000
vt 0.000000 0.000000
vt 0.000000 0.000000
vt 0.000000 0.000000
vt 0.000000 0.000000
vt 0.000000 0.000000
vt 0.000000 0.000000
vt 0.000000 0.000000
vt 0.000000 0.000000
vt 0.000000 0.000000
vt 0.000000 0.000000
vt 0.000000 0.000000
vt 0.000000 0.000000
vt 0.000000 0.000000
vt 0.000000 0.000000
vt 0.000000 0.000000
vt 0.000000 0.000000
vt 0.000000 0.000000
vt 0.000000 0.000000
vt 0.000000 0.000000
vt 0.000000 0.000000
vt 0.000000 0.000000
vt 0.000000 0.000000
vt 0.000000 0.000000
vt 0.000000 0.000000
vt 0.000000 0.000000
vt 0.000000 0.000000
vt 0.000000 0.000000
vt 0.000000 0.000000
vt 0.000000 0.000000
vt 0.000000 0.000000
vt 0.000000 0.000000
vt 0.000000 0.000000
vt 0.000000 0.000000
vt 0.000000 0.000000
vt 0.000000 0.000000
vt 0.000000 0.000000
vt 0.000000 0.000000
vt 0.000000 0.000000
vt 0.000000 0.000000
vt 0.000000 0.000000
vt 0.000000 0.000000
vt 0.000000 0.000000
vt 0.000000 0.000000
vt 0.000000 0.000000
vt 0.645642 0.752920
vt 0.635321 0.754532
vt 0.635321 0.754532
vt 0.645642 0.752920
vt 0.625919 0.747493
vt 0.625919 0.747493
vt 0.625905 0.532065
vt 0.635097 0.522756
vt 0.635097 0.522756
vt 0.625905 0.532065
vt 0.661696 0.295805
vt 0.643348 0.264101
vt 0.643348 0.264101
vt 0.661696 0.295805
vt 0.626639 0.263247
vt 0.626639 0.263247
vt 0.625000 0.923074
vt 0.626639 0.954288
vt 0.625000 0.923074
vt 0.626639 0.954288
vt 0.643354 0.957849
vt 0.643354 0.957849
vt 0.704982 0.375638
vt 0.748267 0.455471
vt 0.725682 0.413817
vt 0.684317 0.337526
vt 0.748231 0.794259
vt 0.704963 0.862631
vt 0.661696 0.931002
vt 0.684300 0.895283
vt 0.725665 0.829918
vt 0.645189 0.521875
vt 0.645189 0.521875
vt 0.658356 0.749847
vt 0.658356 0.749847
vt 0.681624 0.744223
vt 0.681624 0.744223
vt 0.694317 0.741155
vt 0.694317 0.741155
vt 0.657634 0.521875
vt 0.657634 0.521875
vt 0.680392 0.521875
vt 0.680392 0.521875
vt 0.661696 0.931002
vt 0.661733 0.295873
vt 0.661733 0.295872
vt 0.684317 0.337526
vt 0.725682 0.413817
vt 0.748267 0.455471
vt 0.684300 0.895283
vt 0.725665 0.829918
vt 0.692817 0.521875
vt 0.669013 0.521875
vt 0.625000 0.383902
vt 0.625000 0.473764
vt 0.625000 0.383902
vt 0.625000 0.563626
vt 0.625000 0.653488
vt 0.625000 0.653488
vt 0.625000 0.563626
vt 0.625000 0.743350
vt 0.625000 0.833212
vt 0.625000 0.743350
vt 0.625000 0.709584
vt 0.625000 0.681707
vt 0.625000 0.709584
vt 0.625000 0.653830
vt 0.625000 0.625954
vt 0.625000 0.625954
vt 0.625000 0.653830
vt 0.625000 0.598077
vt 0.625000 0.570200
vt 0.625000 0.598077
vt 0.785000 0.694397
vt 0.785000 0.692551
vt 0.785000 0.692551
vt 0.785000 0.694397
vt 1.000000 0.500000
vt 1.000000 1.000000
vt 0.916667 1.000000
vt 0.916667 0.500000
vt 0.833333 1.000000
vt 0.833333 0.500000
vt 0.750000 1.000000
vt 0.750000 0.500000
vt 0.666667 1.000000
vt 0.666667 0.500000
vt 0.583333 1.000000
vt 0.583333 0.500000
vt 0.500000 1.000000
vt 0.500000 0.500000
vt 0.416667 1.000000
vt 0.416667 0.500000
vt 0.333333 1.000000
vt 0.333333 0.500000
vt 0.250000 1.000000
vt 0.250000 0.500000
vt 0.166667 1.000000
vt 0.166667 0.500000
vt 0.347816 0.419422
vt 0.250000 0.445631
vt 0.152184 0.419422
vt 0.080579 0.347815
vt 0.054369 0.250000
vt 0.080579 0.152185
vt 0.152184 0.080578
vt 0.250000 0.054369
vt 0.347816 0.080578
vt 0.419422 0.152185
vt 0.445631 0.250000
vt 0.419421 0.347815
vt 0.083333 1.000000
vt 0.083333 0.500000
vt 0.000000 1.000000
vt 0.000000 0.500000
vt 0.750000 0.490000
vt 0.870000 0.457846
vt 0.957846 0.370000
vt 0.990000 0.250000
vt 0.957846 0.130000
vt 0.870000 0.042154
vt 0.750000 0.010000
vt 0.630000 0.042154
vt 0.542154 0.130000
vt 0.510000 0.250000
vt 0.542154 0.370000
vt 0.630000 0.457846
vt 1.000000 0.500000
vt 1.000000 1.000000
vt 0.916667 1.000000
vt 0.916667 0.500000
vt 0.833333 1.000000
vt 0.833333 0.500000
vt 0.750000 1.000000
vt 0.750000 0.500000
vt 0.666667 1.000000
vt 0.666667 0.500000
vt 0.583333 1.000000
vt 0.583333 0.500000
vt 0.500000 1.000000
vt 0.500000 0.500000
vt 0.416667 1.000000
vt 0.416667 0.500000
vt 0.333333 1.000000
vt 0.333333 0.500000
vt 0.250000 1.000000
vt 0.250000 0.500000
vt 0.166667 1.000000
vt 0.166667 0.500000
vt 0.347815 0.419422
vt 0.250000 0.445631
vt 0.152184 0.419421
vt 0.080579 0.347816
vt 0.054369 0.250000
vt 0.080579 0.152184
vt 0.152184 0.080578
vt 0.250000 0.054369
vt 0.347815 0.080578
vt 0.419421 0.152184
vt 0.445631 0.250000
vt 0.419421 0.347816
vt 0.083333 1.000000
vt 0.083333 0.500000
vt 0.000000 1.000000
vt 0.000000 0.500000
vt 0.750000 0.490000
vt 0.870000 0.457846
vt 0.957846 0.370000
vt 0.990000 0.250000
vt 0.957846 0.130000
vt 0.870000 0.042154
vt 0.750000 0.010000
vt 0.630000 0.042154
vt 0.542154 0.130000
vt 0.510000 0.250000
vt 0.542154 0.370000
vt 0.630000 0.457846
vt 1.000000 0.500000
vt 1.000000 1.000000
vt 0.916667 1.000000
vt 0.916667 0.500000
vt 0.833333 1.000000
vt 0.833333 0.500000
vt 0.750000 1.000000
vt 0.750000 0.500000
vt 0.666667 1.000000
vt 0.666667 0.500000
vt 0.583333 1.000000
vt 0.583333 0.500000
vt 0.500000 1.000000
vt 0.500000 0.500000
vt 0.416667 1.000000
vt 0.416667 0.500000
vt 0.333333 1.000000
vt 0.333333 0.500000
vt 0.250000 1.000000
vt 0.250000 0.500000
vt 0.166667 1.000000
vt 0.166667 0.500000
vt 0.347815 0.419421
vt 0.250000 0.445631
vt 0.152184 0.419421
vt 0.080579 0.347815
vt 0.054369 0.250000
vt 0.080579 0.152185
vt 0.152185 0.080579
vt 0.250000 0.054369
vt 0.347816 0.080579
vt 0.419421 0.152185
vt 0.445631 0.250000
vt 0.419421 0.347816
vt 0.083333 1.000000
vt 0.083333 0.500000
vt 0.000000 1.000000
vt 0.000000 0.500000
vt 0.750000 0.490000
vt 0.870000 0.457846
vt 0.957846 0.370000
vt 0.990000 0.250000
vt 0.957846 0.130000
vt 0.870000 0.042154
vt 0.750000 0.010000
vt 0.630000 0.042154
vt 0.542154 0.130000
vt 0.510000 0.250000
vt 0.542154 0.370000
vt 0.630000 0.457846
vt 1.000000 0.500000
vt 1.000000 1.000000
vt 0.916667 1.000000
vt 0.916667 0.500000
vt 0.833333 1.000000
vt 0.833333 0.500000
vt 0.750000 1.000000
vt 0.750000 0.500000
vt 0.666667 1.000000
vt 0.666667 0.500000
vt 0.583333 1.000000
vt 0.583333 0.500000
vt 0.500000 1.000000
vt 0.500000 0.500000
vt 0.416667 1.000000
vt 0.416667 0.500000
vt 0.333333 1.000000
vt 0.333333 0.500000
vt 0.250000 1.000000
vt 0.250000 0.500000
vt 0.166667 1.000000
vt 0.166667 0.500000
vt 0.347815 0.419421
vt 0.250000 0.445631
vt 0.152184 0.419421
vt 0.080579 0.347815
vt 0.054369 0.250000
vt 0.080579 0.152185
vt 0.152184 0.080579
vt 0.250000 0.054369
vt 0.347816 0.080579
vt 0.419421 0.152184
vt 0.445631 0.250000
vt 0.419421 0.347815
vt 0.083333 1.000000
vt 0.083333 0.500000
vt 0.000000 1.000000
vt 0.000000 0.500000
vt 0.750000 0.490000
vt 0.870000 0.457846
vt 0.957846 0.370000
vt 0.990000 0.250000
vt 0.957846 0.130000
vt 0.870000 0.042154
vt 0.750000 0.010000
vt 0.630000 0.042154
vt 0.542154 0.130000
vt 0.510000 0.250000
vt 0.542154 0.370000
vt 0.630000 0.457846
vt 1.000000 0.500000
vt 1.000000 1.000000
vt 0.916667 1.000000
vt 0.916667 0.500000
vt 0.833333 1.000000
vt 0.833333 0.500000
vt 0.750000 1.000000
vt 0.750000 0.500000
vt 0.666667 1.000000
vt 0.666667 0.500000
vt 0.583333 1.000000
vt 0.583333 0.500000
vt 0.500000 1.000000
vt 0.500000 0.500000
vt 0.416667 1.000000
vt 0.416667 0.500000
vt 0.333333 1.000000
vt 0.333333 0.500000
vt 0.250000 1.000000
vt 0.250000 0.500000
vt 0.166667 1.000000
vt 0.166667 0.500000
vt 0.347816 0.419422
vt 0.250000 0.445631
vt 0.152184 0.419422
vt 0.080579 0.347815
vt 0.054369 0.250000
vt 0.080579 0.152185
vt 0.152184 0.080578
vt 0.250000 0.054369
vt 0.347816 0.080578
vt 0.419422 0.152185
vt 0.445631 0.250000
vt 0.419421 0.347815
vt 0.083333 1.000000
vt 0.083333 0.500000
vt 0.000000 1.000000
vt 0.000000 0.500000
vt 0.750000 0.490000
vt 0.870000 0.457846
vt 0.957846 0.370000
vt 0.990000 0.250000
vt 0.957846 0.130000
vt 0.870000 0.042154
vt 0.750000 0.010000
vt 0.630000 0.042154
vt 0.542154 0.130000
vt 0.510000 0.250000
vt 0.542154 0.370000
vt 0.630000 0.457846
vt 1.000000 0.500000
vt 1.000000 1.000000
vt 0.916667 1.000000
vt 0.916667 0.500000
vt 0.833333 1.000000
vt 0.833333 0.500000
vt 0.750000 1.000000
vt 0.750000 0.500000
vt 0.666667 1.000000
vt 0.666667 0.500000
vt 0.583333 1.000000
vt 0.583333 0.500000
vt 0.500000 1.000000
vt 0.500000 0.500000
vt 0.416667 1.000000
vt 0.416667 0.500000
vt 0.333333 1.000000
vt 0.333333 0.500000
vt 0.250000 1.000000
vt 0.250000 0.500000
vt 0.166667 1.000000
vt 0.166667 0.500000
vt 0.347815 0.419422
vt 0.250000 0.445631
vt 0.152184 0.419421
vt 0.080579 0.347816
vt 0.054369 0.250000
vt 0.080579 0.152184
vt 0.152184 0.080578
vt 0.250000 0.054369
vt 0.347815 0.080578
vt 0.419421 0.152184
vt 0.445631 0.250000
vt 0.419421 0.347816
vt 0.083333 1.000000
vt 0.083333 0.500000
vt 0.000000 1.000000
vt 0.000000 0.500000
vt 0.750000 0.490000
vt 0.870000 0.457846
vt 0.957846 0.370000
vt 0.990000 0.250000
vt 0.957846 0.130000
vt 0.870000 0.042154
vt 0.750000 0.010000
vt 0.630000 0.042154
vt 0.542154 0.130000
vt 0.510000 0.250000
vt 0.542154 0.370000
vt 0.630000 0.457846
vt 1.000000 0.500000
vt 1.000000 1.000000
vt 0.916667 1.000000
vt 0.916667 0.500000
vt 0.833333 1.000000
vt 0.833333 0.500000
vt 0.750000 1.000000
vt 0.750000 0.500000
vt 0.666667 1.000000
vt 0.666667 0.500000
vt 0.583333 1.000000
vt 0.583333 0.500000
vt 0.500000 1.000000
vt 0.500000 0.500000
vt 0.416667 1.000000
vt 0.416667 0.500000
vt 0.333333 1.000000
vt 0.333333 0.500000
vt 0.250000 1.000000
vt 0.250000 0.500000
vt 0.166667 1.000000
vt 0.166667 0.500000
vt 0.347815 0.419421
vt 0.250000 0.445631
vt 0.152184 0.419421
vt 0.080579 0.347815
vt 0.054369 0.250000
vt 0.080579 0.152185
vt 0.152185 0.080579
vt 0.250000 0.054369
vt 0.347816 0.080579
vt 0.419421 0.152185
vt 0.445631 0.250000
vt 0.419421 0.347816
vt 0.083333 1.000000
vt 0.083333 0.500000
vt 0.000000 1.000000
vt 0.000000 0.500000
vt 0.750000 0.490000
vt 0.870000 0.457846
vt 0.957846 0.370000
vt 0.990000 0.250000
vt 0.957846 0.130000
vt 0.870000 0.042154
vt 0.750000 0.010000
vt 0.630000 0.042154
vt 0.542154 0.130000
vt 0.510000 0.250000
vt 0.542154 0.370000
vt 0.630000 0.457846
vt 1.000000 0.500000
vt 1.000000 1.000000
vt 0.916667 1.000000
vt 0.916667 0.500000
vt 0.833333 1.000000
vt 0.833333 0.500000
vt 0.750000 1.000000
vt 0.750000 0.500000
vt 0.666667 1.000000
vt 0.666667 0.500000
vt 0.583333 1.000000
vt 0.583333 0.500000
vt 0.500000 1.000000
vt 0.500000 0.500000
vt 0.416667 1.000000
vt 0.416667 0.500000
vt 0.333333 1.000000
vt 0.333333 0.500000
vt 0.250000 1.000000
vt 0.250000 0.500000
vt 0.166667 1.000000
vt 0.166667 0.500000
vt 0.347815 0.419421
vt 0.250000 0.445631
vt 0.152184 0.419421
vt 0.080579 0.347815
vt 0.054369 0.250000
vt 0.080579 0.152185
vt 0.152184 0.080579
vt 0.250000 0.054369
vt 0.347816 0.080579
vt 0.419421 0.152184
vt 0.445631 0.250000
vt 0.419421 0.347815
vt 0.083333 1.000000
vt 0.083333 0.500000
vt 0.000000 1.000000
vt 0.000000 0.500000
vt 0.750000 0.490000
vt 0.870000 0.457846
vt 0.957846 0.370000
vt 0.990000 0.250000
vt 0.957846 0.130000
vt 0.870000 0.042154
vt 0.750000 0.010000
vt 0.630000 0.042154
vt 0.542154 0.130000
vt 0.510000 0.250000
vt 0.542154 0.370000
vt 0.630000 0.457846
vt 0.250000 0.445631
vt 0.347816 0.419422
vt 0.370000 0.457846
vt 0.250000 0.490000
vt 0.419421 0.347815
vt 0.457846 0.370000
vt 0.445631 0.250000
vt 0.490000 0.250000
vt 0.419422 0.152185
vt 0.457846 0.130000
vt 0.347816 0.080578
vt 0.370000 0.042154
vt 0.250000 0.054369
vt 0.250000 0.010000
vt 0.152184 0.080578
vt 0.130000 0.042154
vt 0.080579 0.152185
vt 0.042154 0.130000
vt 0.054369 0.250000
vt 0.010000 0.250000
vt 0.080579 0.347815
vt 0.042154 0.370000
vt 0.152184 0.419422
vt 0.130000 0.457846
vt 0.250000 0.445631
vt 0.347815 0.419422
vt 0.370000 0.457846
vt 0.250000 0.490000
vt 0.419421 0.347816
vt 0.457846 0.370000
vt 0.445631 0.250000
vt 0.490000 0.250000
vt 0.419421 0.152184
vt 0.457846 0.130000
vt 0.347815 0.080578
vt 0.370000 0.042154
vt 0.250000 0.054369
vt 0.250000 0.010000
vt 0.152184 0.080578
vt 0.130000 0.042154
vt 0.080579 0.152184
vt 0.042154 0.130000
vt 0.054369 0.250000
vt 0.010000 0.250000
vt 0.080579 0.347816
vt 0.042154 0.370000
vt 0.152184 0.419421
vt 0.130000 0.457846
vt 0.250000 0.445631
vt 0.347815 0.419421
vt 0.370000 0.457846
vt 0.250000 0.490000
vt 0.419421 0.347816
vt 0.457846 0.370000
vt 0.445631 0.250000
vt 0.490000 0.250000
vt 0.419421 0.152185
vt 0.457846 0.130000
vt 0.347816 0.080579
vt 0.370000 0.042154
vt 0.250000 0.054369
vt 0.250000 0.010000
vt 0.152185 0.080579
vt 0.130000 0.042154
vt 0.080579 0.152185
vt 0.042154 0.130000
vt 0.054369 0.250000
vt 0.010000 0.250000
vt 0.080579 0.347815
vt 0.042154 0.370000
vt 0.152184 0.419421
vt 0.130000 0.457846
vt 0.250000 0.445631
vt 0.347815 0.419421
vt 0.370000 0.457846
vt 0.250000 0.490000
vt 0.419421 0.347815
vt 0.457846 0.370000
vt 0.445631 0.250000
vt 0.490000 0.250000
vt 0.419421 0.152184
vt 0.457846 0.130000
vt 0.347816 0.080579
vt 0.370000 0.042154
vt 0.250000 0.054369
vt 0.250000 0.010000
vt 0.152184 0.080579
vt 0.130000 0.042154
vt 0.080579 0.152185
vt 0.042154 0.130000
vt 0.054369 0.250000
vt 0.010000 0.250000
vt 0.080579 0.347815
vt 0.042154 0.370000
vt 0.152184 0.419421
vt 0.130000 0.457846
vt 0.250000 0.445631
vt 0.347816 0.419422
vt 0.370000 0.457846
vt 0.250000 0.490000
vt 0.419421 0.347815
vt 0.457846 0.370000
vt 0.445631 0.250000
vt 0.490000 0.250000
vt 0.419422 0.152185
vt 0.457846 0.130000
vt 0.347816 0.080578
vt 0.370000 0.042154
vt 0.250000 0.054369
vt 0.250000 0.010000
vt 0.152184 0.080578
vt 0.130000 0.042154
vt 0.080579 0.152185
vt 0.042154 0.130000
vt 0.054369 0.250000
vt 0.010000 0.250000
vt 0.080579 0.347815
vt 0.042154 0.370000
vt 0.152184 0.419422
vt 0.130000 0.457846
vt 0.250000 0.445631
vt 0.347815 0.419422
vt 0.370000 0.457846
vt 0.250000 0.490000
vt 0.419421 0.347816
vt 0.457846 0.370000
vt 0.445631 0.250000
vt 0.490000 0.250000
vt 0.419421 0.152184
vt 0.457846 0.130000
vt 0.347815 0.080578
vt 0.370000 0.042154
vt 0.250000 0.054369
vt 0.250000 0.010000
vt 0.152184 0.080578
vt 0.130000 0.042154
vt 0.080579 0.152184
vt 0.042154 0.130000
vt 0.054369 0.250000
vt 0.010000 0.250000
vt 0.080579 0.347816
vt 0.042154 0.370000
vt 0.152184 0.419421
vt 0.130000 0.457846
vt 0.250000 0.445631
vt 0.347815 0.419421
vt 0.370000 0.457846
vt 0.250000 0.490000
vt 0.419421 0.347816
vt 0.457846 0.370000
vt 0.445631 0.250000
vt 0.490000 0.250000
vt 0.419421 0.152185
vt 0.457846 0.130000
vt 0.347816 0.080579
vt 0.370000 0.042154
vt 0.250000 0.054369
vt 0.250000 0.010000
vt 0.152185 0.080579
vt 0.130000 0.042154
vt 0.080579 0.152185
vt 0.042154 0.130000
vt 0.054369 0.250000
vt 0.010000 0.250000
vt 0.080579 0.347815
vt 0.042154 0.370000
vt 0.152184 0.419421
vt 0.130000 0.457846
vt 0.250000 0.445631
vt 0.347815 0.419421
vt 0.370000 0.457846
vt 0.250000 0.490000
vt 0.419421 0.347815
vt 0.457846 0.370000
vt 0.445631 0.250000
vt 0.490000 0.250000
vt 0.419421 0.152184
vt 0.457846 0.130000
vt 0.347816 0.080579
vt 0.370000 0.042154
vt 0.250000 0.054369
vt 0.250000 0.010000
vt 0.152184 0.080579
vt 0.130000 0.042154
vt 0.080579 0.152185
vt 0.042154 0.130000
vt 0.054369 0.250000
vt 0.010000 0.250000
vt 0.080579 0.347815
vt 0.042154 0.370000
vt 0.152184 0.419421
vt 0.130000 0.457846
vt 0.748231 0.794259
vt 0.692817 0.521875
vt 0.000000 0.000000
vt 0.157000 0.121747
vt 0.157000 0.122116
vt 0.157000 0.122585
vt 0.078501 0.061527
vt 0.669979 0.747038
vt 0.704982 0.375638
vt 0.748267 0.455471
vt 0.644321 0.752360
vt 0.635303 0.745316
vt 0.635303 0.745316
vt 0.644321 0.752360
vt 0.704678 0.737788
vt 0.694359 0.741145
vt 0.694359 0.741145
vt 0.704678 0.737788
vt 0.659354 0.932632
vt 0.704963 0.862631
vt 0.659354 0.932632
vt 0.654642 0.750745
vt 0.654642 0.750745
vt 0.748231 0.794259
vt 0.692817 0.521875
vt 0.669013 0.521875
vt 0.643900 0.522754
vt 0.643900 0.522754
vt 0.702936 0.522736
vt 0.702936 0.522736
vt 0.643337 0.930248
vt 0.643337 0.930248
vt 0.635100 0.531973
vt 0.635100 0.531973
vt 0.677689 0.325302
vt 0.659348 0.293545
vt 0.659348 0.293545
vt 0.677689 0.325302
vt 0.637366 0.743795
vt 0.635613 0.734436
vt 0.635613 0.734436
vt 0.637366 0.743795
vt 0.747761 0.793741
vt 0.764708 0.765444
vt 0.764708 0.765444
vt 0.747761 0.793741
vt 0.548602 0.476241
vt 0.548602 0.476241
vt 0.644939 0.523339
vt 0.654263 0.522529
vt 0.654263 0.522529
vt 0.644939 0.523339
vt 0.779613 0.732989
vt 0.779613 0.732989
vt 0.779614 0.524963
vt 0.764776 0.488709
vt 0.764776 0.488709
vt 0.779614 0.524963
vt 0.692575 0.522520
vt 0.701894 0.523315
vt 0.701894 0.523315
vt 0.692575 0.522520
vt 0.703605 0.737475
vt 0.694040 0.740584
vt 0.694040 0.740584
vt 0.703605 0.737475
vt 0.654911 0.750027
vt 0.645111 0.749930
vt 0.645111 0.749930
vt 0.654911 0.750027
vt 0.641266 0.479982
vt 0.641266 0.479982
vt 0.747812 0.455905
vt 0.678177 0.327691
vt 0.678177 0.327691
vt 0.747812 0.455905
vt 0.644670 0.325075
vt 0.644670 0.897242
vt 0.644670 0.897242
vt 0.644670 0.325075
vt 0.641000 0.902537
vt 0.641000 0.902537
vt 0.712207 0.531197
vt 0.713197 0.540451
vt 0.713197 0.540451
vt 0.712207 0.531197
vt 0.562500 0.488091
vt 0.562500 0.488091
vt 0.643337 0.291699
vt 0.641000 0.318804
vt 0.641000 0.318804
vt 0.643337 0.291699
vt 0.633983 0.735473
vt 0.633983 0.735473
vt 0.714829 0.717580
vt 0.713996 0.727060
vt 0.713996 0.727060
vt 0.714829 0.717580
vt 0.766652 0.491011
vt 0.766652 0.491011
vt 0.669979 0.747038
vt 0.694317 0.741155
vt 0.785000 0.541678
vt 0.783361 0.530284
vt 0.783361 0.530284
vt 0.785000 0.541678
vt 0.748304 0.794143
vt 0.766658 0.763507
vt 0.766658 0.763507
vt 0.748304 0.794143
vt 0.783361 0.728660
vt 0.785000 0.717697
vt 0.785000 0.717697
vt 0.783361 0.728660
vt 0.624792 0.523650
vt 0.654004 0.521875
vt 0.712252 0.726247
vt 0.712112 0.717284
vt 0.647012 0.301005
vt 0.661253 0.298379
vt 0.661252 0.928314
vt 0.647011 0.921921
vt 0.678180 0.903466
vt 0.677696 0.905719
vt 0.781254 0.536151
vt 0.781253 0.722232
vt 0.014983 0.013182
vt 0.000000 0.000000
vt 0.712252 0.726247
vt 0.756772 0.496871
vt 0.753350 0.488506
vt 0.745080 0.472760
vt 0.680980 0.361584
vt 0.672750 0.350930
vt 0.669339 0.350520
vt 0.667260 0.359548
vt 0.667261 0.868766
vt 0.669337 0.878323
vt 0.672731 0.878810
vt 0.680957 0.870336
vt 0.744943 0.776291
vt 0.753295 0.762577
vt 0.756763 0.755017
vt 0.758811 0.746069
vt 0.758813 0.506337
vt 0.624792 0.523650
vt 0.712112 0.717284
vt 0.014983 0.013182
vt 0.781253 0.722232
vt 0.647012 0.301005
vt 0.661253 0.298379
vt 0.678180 0.903466
vt 0.661252 0.928314
vt 0.647011 0.921921
vt 0.781254 0.536151
vt 0.678184 0.327725
vt 0.747805 0.455911
vt 0.679565 0.343775
vt 0.746470 0.464533
vt 0.770326 0.733036
vt 0.770329 0.522440
vt 0.781234 0.722249
vt 0.781235 0.536130
vt 0.596851 0.495045
vt 0.589023 0.492549
vt 0.601783 0.503726
vt 0.620850 0.509691
vt 0.623490 0.522529
vt 0.644671 0.523328
vt 0.601815 0.494067
vt 0.628481 0.508450
vt 0.654266 0.522538
vt 0.642001 0.729257
vt 0.646080 0.729084
vt 0.650389 0.739533
vt 0.643520 0.739525
vt 0.654912 0.749998
vt 0.645153 0.749784
vt 0.639681 0.727440
vt 0.638572 0.735597
vt 0.637513 0.743723
vt 0.572125 0.485281
vt 0.567008 0.485863
vt 0.549531 0.476937
vt 0.636339 0.721504
vt 0.635018 0.727386
vt 0.635583 0.734395
vt 0.712040 0.726307
vt 0.711709 0.716979
vt 0.700969 0.722244
vt 0.696170 0.710491
vt 0.687857 0.715493
vt 0.683349 0.706566
vt 0.694036 0.740576
vt 0.688690 0.731333
vt 0.681939 0.720748
vt 0.666755 0.325427
vt 0.658578 0.325358
vt 0.661306 0.299131
vt 0.647301 0.301507
vt 0.658577 0.900635
vt 0.666745 0.902721
vt 0.647301 0.921495
vt 0.661305 0.927575
vt 0.747754 0.793735
vt 0.678187 0.903434
vt 0.746365 0.784846
vt 0.679555 0.887761
vt 0.655741 0.883988
vt 0.644697 0.897196
vt 0.655741 0.341269
vt 0.644697 0.325128
vt 0.764737 0.488815
vt 0.779294 0.524350
vt 0.759374 0.489640
vt 0.767672 0.509871
vt 0.692571 0.522529
vt 0.636245 0.486328
vt 0.560828 0.435984
vt 0.779292 0.733519
vt 0.764672 0.765322
vt 0.767661 0.744923
vt 0.759326 0.763036
vt 0.628023 0.470067
vt 0.700209 0.522249
vt 0.508828 0.387096
vt 0.615805 0.466975
vt 0.476109 0.369899
vt 0.523520 0.405402
vt 0.703590 0.737278
vt 0.696776 0.728553
vt 0.687055 0.718731
vt 0.022614 0.018976
vt 0.258683 0.203159
vt 0.379369 0.300103
vt 0.713680 0.592917
vt 0.713680 0.592917
vt 0.713680 0.592917
vt 0.713680 0.592917
vt 0.785000 0.615269
vt 0.785000 0.615269
vt 0.785000 0.615269
vt 0.785000 0.615269
vt 0.785000 0.699087
vt 0.785000 0.699087
vt 0.785000 0.699087
vt 0.785000 0.699087
vt 0.713724 0.597636
vt 0.713741 0.599494
vt 0.713741 0.599494
vt 0.713724 0.597636
vt 0.713413 0.563897
vt 0.713413 0.563897
vt 0.713413 0.563897
vt 0.713413 0.563897
vt 0.713197 0.540451
vt 0.713214 0.542308
vt 0.713214 0.542308
vt 0.713197 0.540451
vt 0.714346 0.665114
vt 0.714363 0.666972
vt 0.714363 0.666972
vt 0.714346 0.665114
vt 0.785000 0.543524
vt 0.785000 0.543524
vt 0.785000 0.543524
vt 0.785000 0.543524
vt 0.785000 0.593815
vt 0.785000 0.591969
vt 0.785000 0.591969
vt 0.785000 0.593815
vt 0.785000 0.648796
vt 0.785000 0.648796
vt 0.785000 0.648796
vt 0.785000 0.648796
vt 0.713879 0.614506
vt 0.713879 0.614506
vt 0.713879 0.614506
vt 0.713879 0.614506
vt 0.714147 0.643525
vt 0.714147 0.643525
vt 0.714147 0.643525
vt 0.714147 0.643525
vt 0.000000 0.000000
vt 0.000000 0.000000
vt 0.000000 0.000000
vt 0.000000 0.000000
vt 1.000000 0.500000
vt 1.000000 1.000000
vt 0.833333 1.000000
vt 0.833333 0.500000
vt 0.666667 1.000000
vt 0.666667 0.500000
vt 0.500000 1.000000
vt 0.500000 0.500000
vt 0.333333 1.000000
vt 0.333333 0.500000
vt 0.166667 1.000000
vt 0.166667 0.500000
vt -0.000000 1.000000
vt -0.000000 0.500000
vt 0.750000 0.490000
vt 0.957846 0.370000
vt 0.957846 0.130000
vt 0.750000 0.010000
vt 0.542154 0.130000
vt 0.542154 0.370000
vt 0.625000 0.500000
vt 0.625000 1.000000
vt 0.500000 1.000000
vt 0.500000 0.500000
vt 0.375000 0.500000
vt 0.375000 1.000000
vt 0.250000 1.000000
vt 0.250000 0.500000
vt 0.419706 0.419706
vt 0.250000 0.490000
vt 0.080294 0.419706
vt 0.010000 0.250000
vt 0.080294 0.080294
vt 0.250000 0.010000
vt 0.419706 0.080294
vt 0.490000 0.250000
vt 0.750000 0.500000
vt 0.750000 1.000000
vt 0.125000 0.500000
vt 0.125000 1.000000
vt 0.000000 1.000000
vt 0.000000 0.500000
vt 0.875000 0.500000
vt 0.875000 1.000000
vt 1.000000 0.500000
vt 1.000000 1.000000
vt 1.000000 0.500000
vt 1.000000 1.000000
vt 0.833333 1.000000
vt 0.833333 0.500000
vt 0.666667 1.000000
vt 0.666667 0.500000
vt 0.500000 1.000000
vt 0.500000 0.500000
vt 0.333333 1.000000
vt 0.333333 0.500000
vt 0.166667 1.000000
vt 0.166667 0.500000
vt -0.000000 1.000000
vt -0.000000 0.500000
vt 0.750000 0.490000
vt 0.957846 0.370000
vt 0.957846 0.130000
vt 0.750000 0.010000
vt 0.542154 0.130000
vt 0.542154 0.370000
vt 0.625000 0.500000
vt 0.625000 1.000000
vt 0.500000 1.000000
vt 0.500000 0.500000
vt 0.375000 0.500000
vt 0.375000 1.000000
vt 0.250000 1.000000
vt 0.250000 0.500000
vt 0.419706 0.419706
vt 0.250000 0.490000
vt 0.080294 0.419706
vt 0.010000 0.250000
vt 0.080294 0.080294
vt 0.250000 0.010000
vt 0.419706 0.080294
vt 0.490000 0.250000
vt 0.750000 0.500000
vt 0.750000 1.000000
vt 0.125000 0.500000
vt 0.125000 1.000000
vt 0.000000 1.000000
vt 0.000000 0.500000
vt 0.875000 0.500000
vt 0.875000 1.000000
vt 1.000000 0.500000
vt 1.000000 1.000000
vt 1.000000 0.500000
vt 1.000000 1.000000
vt 0.833333 1.000000
vt 0.833333 0.500000
vt 0.666667 1.000000
vt 0.666667 0.500000
vt 0.500000 1.000000
vt 0.500000 0.500000
vt 0.333333 1.000000
vt 0.333333 0.500000
vt 0.166667 1.000000
vt 0.166667 0.500000
vt -0.000000 1.000000
vt -0.000000 0.500000
vt 0.750000 0.490000
vt 0.957846 0.370000
vt 0.957846 0.130000
vt 0.750000 0.010000
vt 0.542154 0.130000
vt 0.542154 0.370000
vt 0.625000 0.500000
vt 0.625000 1.000000
vt 0.500000 1.000000
vt 0.500000 0.500000
vt 0.375000 0.500000
vt 0.375000 1.000000
vt 0.250000 1.000000
vt 0.250000 0.500000
vt 0.419706 0.419706
vt 0.250000 0.490000
vt 0.080294 0.419706
vt 0.010000 0.250000
vt 0.080294 0.080294
vt 0.250000 0.010000
vt 0.419706 0.080294
vt 0.490000 0.250000
vt 0.750000 0.500000
vt 0.750000 1.000000
vt 0.125000 0.500000
vt 0.125000 1.000000
vt 0.000000 1.000000
vt 0.000000 0.500000
vt 0.875000 0.500000
vt 0.875000 1.000000
vt 1.000000 0.500000
vt 1.000000 1.000000
vt 1.000000 0.500000
vt 1.000000 1.000000
vt 0.833333 1.000000
vt 0.833333 0.500000
vt 0.666667 1.000000
vt 0.666667 0.500000
vt 0.500000 1.000000
vt 0.500000 0.500000
vt 0.333333 1.000000
vt 0.333333 0.500000
vt 0.166667 1.000000
vt 0.166667 0.500000
vt -0.000000 1.000000
vt -0.000000 0.500000
vt 0.750000 0.490000
vt 0.957846 0.370000
vt 0.957846 0.130000
vt 0.750000 0.010000
vt 0.542154 0.130000
vt 0.542154 0.370000
vt 0.625000 0.500000
vt 0.625000 1.000000
vt 0.500000 1.000000
vt 0.500000 0.500000
vt 0.375000 0.500000
vt 0.375000 1.000000
vt 0.250000 1.000000
vt 0.250000 0.500000
vt 0.419706 0.419706
vt 0.250000 0.490000
vt 0.080294 0.419706
vt 0.010000 0.250000
vt 0.080294 0.080294
vt 0.250000 0.010000
vt 0.419706 0.080294
vt 0.490000 0.250000
vt 0.750000 0.500000
vt 0.750000 1.000000
vt 0.125000 0.500000
vt 0.125000 1.000000
vt 0.000000 1.000000
vt 0.000000 0.500000
vt 0.875000 0.500000
vt 0.875000 1.000000
vt 1.000000 0.500000
vt 1.000000 1.000000
vt 1.000000 0.500000
vt 1.000000 1.000000
vt 0.833333 1.000000
vt 0.833333 0.500000
vt 0.666667 1.000000
vt 0.666667 0.500000
vt 0.500000 1.000000
vt 0.500000 0.500000
vt 0.333333 1.000000
vt 0.333333 0.500000
vt 0.166667 1.000000
vt 0.166667 0.500000
vt -0.000000 1.000000
vt -0.000000 0.500000
vt 0.750000 0.490000
vt 0.957846 0.370000
vt 0.957846 0.130000
vt 0.750000 0.010000
vt 0.542154 0.130000
vt 0.542154 0.370000
vt 0.625000 0.500000
vt 0.625000 1.000000
vt 0.500000 1.000000
vt 0.500000 0.500000
vt 0.375000 0.500000
vt 0.375000 1.000000
vt 0.250000 1.000000
vt 0.250000 0.500000
vt 0.419706 0.419706
vt 0.250000 0.490000
vt 0.080294 0.419706
vt 0.010000 0.250000
vt 0.080294 0.080294
vt 0.250000 0.010000
vt 0.419706 0.080294
vt 0.490000 0.250000
vt 0.750000 0.500000
vt 0.750000 1.000000
vt 0.125000 0.500000
vt 0.125000 1.000000
vt 0.000000 1.000000
vt 0.000000 0.500000
vt 0.875000 0.500000
vt 0.875000 1.000000
vt 1.000000 0.500000
vt 1.000000 1.000000
vt 1.000000 0.500000
vt 1.000000 1.000000
vt 0.833333 1.000000
vt 0.833333 0.500000
vt 0.666667 1.000000
vt 0.666667 0.500000
vt 0.500000 1.000000
vt 0.500000 0.500000
vt 0.333333 1.000000
vt 0.333333 0.500000
vt 0.166667 1.000000
vt 0.166667 0.500000
vt -0.000000 1.000000
vt -0.000000 0.500000
vt 0.750000 0.490000
vt 0.957846 0.370000
vt 0.957846 0.130000
vt 0.750000 0.010000
vt 0.542154 0.130000
vt 0.542154 0.370000
vt 0.625000 0.500000
vt 0.625000 1.000000
vt 0.500000 1.000000
vt 0.500000 0.500000
vt 0.375000 0.500000
vt 0.375000 1.000000
vt 0.250000 1.000000
vt 0.250000 0.500000
vt 0.419706 0.419706
vt 0.250000 0.490000
vt 0.080294 0.419706
vt 0.010000 0.250000
vt 0.080294 0.080294
vt 0.250000 0.010000
vt 0.419706 0.080294
vt 0.490000 0.250000
vt 0.750000 0.500000
vt 0.750000 1.000000
vt 0.125000 0.500000
vt 0.125000 1.000000
vt 0.000000 1.000000
vt 0.000000 0.500000
vt 0.875000 0.500000
vt 0.875000 1.000000
vt 1.000000 0.500000
vt 1.000000 1.000000
vt 1.000000 0.500000
vt 1.000000 1.000000
vt 0.833333 1.000000
vt 0.833333 0.500000
vt 0.666667 1.000000
vt 0.666667 0.500000
vt 0.500000 1.000000
vt 0.500000 0.500000
vt 0.333333 1.000000
vt 0.333333 0.500000
vt 0.166667 1.000000
vt 0.166667 0.500000
vt -0.000000 1.000000
vt -0.000000 0.500000
vt 0.750000 0.490000
vt 0.957846 0.370000
vt 0.957846 0.130000
vt 0.750000 0.010000
vt 0.542154 0.130000
vt 0.542154 0.370000
vt 0.625000 0.500000
vt 0.625000 1.000000
vt 0.500000 1.000000
vt 0.500000 0.500000
vt 0.375000 0.500000
vt 0.375000 1.000000
vt 0.250000 1.000000
vt 0.250000 0.500000
vt 0.419706 0.419706
vt 0.250000 0.490000
vt 0.080294 0.419706
vt 0.010000 0.250000
vt 0.080294 0.080294
vt 0.250000 0.010000
vt 0.419706 0.080294
vt 0.490000 0.250000
vt 0.750000 0.500000
vt 0.750000 1.000000
vt 0.125000 0.500000
vt 0.125000 1.000000
vt 0.000000 1.000000
vt 0.000000 0.500000
vt 0.875000 0.500000
vt 0.875000 1.000000
vt 1.000000 0.500000
vt 1.000000 1.000000
vt 1.000000 0.500000
vt 1.000000 1.000000
vt 0.833333 1.000000
vt 0.833333 0.500000
vt 0.666667 1.000000
vt 0.666667 0.500000
vt 0.500000 1.000000
vt 0.500000 0.500000
vt 0.333333 1.000000
vt 0.333333 0.500000
vt 0.166667 1.000000
vt 0.166667 0.500000
vt -0.000000 1.000000
vt -0.000000 0.500000
vt 0.750000 0.490000
vt 0.957846 0.370000
vt 0.957846 0.130000
vt 0.750000 0.010000
vt 0.542154 0.130000
vt 0.542154 0.370000
vt 0.625000 0.500000
vt 0.625000 1.000000
vt 0.500000 1.000000
vt 0.500000 0.500000
vt 0.375000 0.500000
vt 0.375000 1.000000
vt 0.250000 1.000000
vt 0.250000 0.500000
vt 0.419706 0.419706
vt 0.250000 0.490000
vt 0.080294 0.419706
vt 0.010000 0.250000
vt 0.080294 0.080294
vt 0.250000 0.010000
vt 0.419706 0.080294
vt 0.490000 0.250000
vt 0.750000 0.500000
vt 0.750000 1.000000
vt 0.125000 0.500000
vt 0.125000 1.000000
vt 0.000000 1.000000
vt 0.000000 0.500000
vt 0.875000 0.500000
vt 0.875000 1.000000
vt 1.000000 0.500000
vt 1.000000 1.000000
vt 1.000000 0.500000
vt 1.000000 1.000000
vt 0.833333 1.000000
vt 0.833333 0.500000
vt 0.666667 1.000000
vt 0.666667 0.500000
vt 0.500000 1.000000
vt 0.500000 0.500000
vt 0.333333 1.000000
vt 0.333333 0.500000
vt 0.166667 1.000000
vt 0.166667 0.500000
vt -0.000000 1.000000
vt -0.000000 0.500000
vt 0.750000 0.490000
vt 0.957846 0.370000
vt 0.957846 0.130000
vt 0.750000 0.010000
vt 0.542154 0.130000
vt 0.542154 0.370000
vt 0.625000 0.500000
vt 0.625000 1.000000
vt 0.500000 1.000000
vt 0.500000 0.500000
vt 0.375000 0.500000
vt 0.375000 1.000000
vt 0.250000 1.000000
vt 0.250000 0.500000
vt 0.419706 0.419706
vt 0.250000 0.490000
vt 0.080294 0.419706
vt 0.010000 0.250000
vt 0.080294 0.080294
vt 0.250000 0.010000
vt 0.419706 0.080294
vt 0.490000 0.250000
vt 0.750000 0.500000
vt 0.750000 1.000000
vt 0.125000 0.500000
vt 0.125000 1.000000
vt 0.000000 1.000000
vt 0.000000 0.500000
vt 0.875000 0.500000
vt 0.875000 1.000000
vt 1.000000 0.500000
vt 1.000000 1.000000
vt 1.000000 0.500000
vt 1.000000 1.000000
vt 0.833333 1.000000
vt 0.833333 0.500000
vt 0.666667 1.000000
vt 0.666667 0.500000
vt 0.500000 1.000000
vt 0.500000 0.500000
vt 0.333333 1.000000
vt 0.333333 0.500000
vt 0.166667 1.000000
vt 0.166667 0.500000
vt -0.000000 1.000000
vt -0.000000 0.500000
vt 0.750000 0.490000
vt 0.957846 0.370000
vt 0.957846 0.130000
vt 0.750000 0.010000
vt 0.542154 0.130000
vt 0.542154 0.370000
vt 0.625000 0.500000
vt 0.625000 1.000000
vt 0.500000 1.000000
vt 0.500000 0.500000
vt 0.375000 0.500000
vt 0.375000 1.000000
vt 0.250000 1.000000
vt 0.250000 0.500000
vt 0.419706 0.419706
vt 0.250000 0.490000
vt 0.080294 0.419706
vt 0.010000 0.250000
vt 0.080294 0.080294
vt 0.250000 0.010000
vt 0.419706 0.080294
vt 0.490000 0.250000
vt 0.750000 0.500000
vt 0.750000 1.000000
vt 0.125000 0.500000
vt 0.125000 1.000000
vt 0.000000 1.000000
vt 0.000000 0.500000
vt 0.875000 0.500000
vt 0.875000 1.000000
vt 1.000000 0.500000
vt 1.000000 1.000000
vt 1.000000 0.500000
vt 1.000000 1.000000
vt 0.833333 1.000000
vt 0.833333 0.500000
vt 0.666667 1.000000
vt 0.666667 0.500000
vt 0.500000 1.000000
vt 0.500000 0.500000
vt 0.333333 1.000000
vt 0.333333 0.500000
vt 0.166667 1.000000
vt 0.166667 0.500000
vt -0.000000 1.000000
vt -0.000000 0.500000
vt 0.750000 0.490000
vt 0.957846 0.370000
vt 0.957846 0.130000
vt 0.750000 0.010000
vt 0.542154 0.130000
vt 0.542154 0.370000
vt 0.625000 0.500000
vt 0.625000 1.000000
vt 0.500000 1.000000
vt 0.500000 0.500000
vt 0.375000 0.500000
vt 0.375000 1.000000
vt 0.250000 1.000000
vt 0.250000 0.500000
vt 0.419706 0.419706
vt 0.250000 0.490000
vt 0.080294 0.419706
vt 0.010000 0.250000
vt 0.080294 0.080294
vt 0.250000 0.010000
vt 0.419706 0.080294
vt 0.490000 0.250000
vt 0.750000 0.500000
vt 0.750000 1.000000
vt 0.125000 0.500000
vt 0.125000 1.000000
vt 0.000000 1.000000
vt 0.000000 0.500000
vt 0.875000 0.500000
vt 0.875000 1.000000
vt 1.000000 0.500000
vt 1.000000 1.000000
vt 1.000000 0.500000
vt 1.000000 1.000000
vt 0.833333 1.000000
vt 0.833333 0.500000
vt 0.666667 1.000000
vt 0.666667 0.500000
vt 0.500000 1.000000
vt 0.500000 0.500000
vt 0.333333 1.000000
vt 0.333333 0.500000
vt 0.166667 1.000000
vt 0.166667 0.500000
vt -0.000000 1.000000
vt -0.000000 0.500000
vt 0.750000 0.490000
vt 0.957846 0.370000
vt 0.957846 0.130000
vt 0.750000 0.010000
vt 0.542154 0.130000
vt 0.542154 0.370000
vt 0.625000 0.500000
vt 0.625000 1.000000
vt 0.500000 1.000000
vt 0.500000 0.500000
vt 0.375000 0.500000
vt 0.375000 1.000000
vt 0.250000 1.000000
vt 0.250000 0.500000
vt 0.419706 0.419706
vt 0.250000 0.490000
vt 0.080294 0.419706
vt 0.010000 0.250000
vt 0.080294 0.080294
vt 0.250000 0.010000
vt 0.419706 0.080294
vt 0.490000 0.250000
vt 0.750000 0.500000
vt 0.750000 1.000000
vt 0.125000 0.500000
vt 0.125000 1.000000
vt 0.000000 1.000000
vt 0.000000 0.500000
vt 0.875000 0.500000
vt 0.875000 1.000000
vt 1.000000 0.500000
vt 1.000000 1.000000
vt 1.000000 0.500000
vt 1.000000 1.000000
vt 0.833333 1.000000
vt 0.833333 0.500000
vt 0.666667 1.000000
vt 0.666667 0.500000
vt 0.500000 1.000000
vt 0.500000 0.500000
vt 0.333333 1.000000
vt 0.333333 0.500000
vt 0.166667 1.000000
vt 0.166667 0.500000
vt -0.000000 1.000000
vt -0.000000 0.500000
vt 0.750000 0.490000
vt 0.957846 0.370000
vt 0.957846 0.130000
vt 0.750000 0.010000
vt 0.542154 0.130000
vt 0.542154 0.370000
vt 0.625000 0.500000
vt 0.625000 1.000000
vt 0.500000 1.000000
vt 0.500000 0.500000
vt 0.375000 0.500000
vt 0.375000 1.000000
vt 0.250000 1.000000
vt 0.250000 0.500000
vt 0.419706 0.419706
vt 0.250000 0.490000
vt 0.080294 0.419706
vt 0.010000 0.250000
vt 0.080294 0.080294
vt 0.250000 0.010000
vt 0.419706 0.080294
vt 0.490000 0.250000
vt 0.750000 0.500000
vt 0.750000 1.000000
vt 0.125000 0.500000
vt 0.125000 1.000000
vt 0.000000 1.000000
vt 0.000000 0.500000
vt 0.875000 0.500000
vt 0.875000 1.000000
vt 1.000000 0.500000
vt 1.000000 1.000000
vt 1.000000 0.500000
vt 1.000000 1.000000
vt 0.833333 1.000000
vt 0.833333 0.500000
vt 0.666667 1.000000
vt 0.666667 0.500000
vt 0.500000 1.000000
vt 0.500000 0.500000
vt 0.333333 1.000000
vt 0.333333 0.500000
vt 0.166667 1.000000
vt 0.166667 0.500000
vt -0.000000 1.000000
vt -0.000000 0.500000
vt 0.750000 0.490000
vt 0.957846 0.370000
vt 0.957846 0.130000
vt 0.750000 0.010000
vt 0.542154 0.130000
vt 0.542154 0.370000
vt 0.625000 0.500000
vt 0.625000 1.000000
vt 0.500000 1.000000
vt 0.500000 0.500000
vt 0.375000 0.500000
vt 0.375000 1.000000
vt 0.250000 1.000000
vt 0.250000 0.500000
vt 0.419706 0.419706
vt 0.250000 0.490000
vt 0.080294 0.419706
vt 0.010000 0.250000
vt 0.080294 0.080294
vt 0.250000 0.010000
vt 0.419706 0.080294
vt 0.490000 0.250000
vt 0.750000 0.500000
vt 0.750000 1.000000
vt 0.125000 0.500000
vt 0.125000 1.000000
vt 0.000000 1.000000
vt 0.000000 0.500000
vt 0.875000 0.500000
vt 0.875000 1.000000
vt 1.000000 0.500000
vt 1.000000 1.000000
vt 1.000000 0.500000
vt 1.000000 1.000000
vt 0.833333 1.000000
vt 0.833333 0.500000
vt 0.666667 1.000000
vt 0.666667 0.500000
vt 0.500000 1.000000
vt 0.500000 0.500000
vt 0.333333 1.000000
vt 0.333333 0.500000
vt 0.166667 1.000000
vt 0.166667 0.500000
vt -0.000000 1.000000
vt -0.000000 0.500000
vt 0.750000 0.490000
vt 0.957846 0.370000
vt 0.957846 0.130000
vt 0.750000 0.010000
vt 0.542154 0.130000
vt 0.542154 0.370000
vt 0.625000 0.500000
vt 0.625000 1.000000
vt 0.500000 1.000000
vt 0.500000 0.500000
vt 0.375000 0.500000
vt 0.375000 1.000000
vt 0.250000 1.000000
vt 0.250000 0.500000
vt 0.419706 0.419706
vt 0.250000 0.490000
vt 0.080294 0.419706
vt 0.010000 0.250000
vt 0.080294 0.080294
vt 0.250000 0.010000
vt 0.419706 0.080294
vt 0.490000 0.250000
vt 0.750000 0.500000
vt 0.750000 1.000000
vt 0.125000 0.500000
vt 0.125000 1.000000
vt 0.000000 1.000000
vt 0.000000 0.500000
vt 0.875000 0.500000
vt 0.875000 1.000000
vt 1.000000 0.500000
vt 1.000000 1.000000
vt 1.000000 0.500000
vt 1.000000 1.000000
vt 0.833333 1.000000
vt 0.833333 0.500000
vt 0.666667 1.000000
vt 0.666667 0.500000
vt 0.500000 1.000000
vt 0.500000 0.500000
vt 0.333333 1.000000
vt 0.333333 0.500000
vt 0.166667 1.000000
vt 0.166667 0.500000
vt -0.000000 1.000000
vt -0.000000 0.500000
vt 0.750000 0.490000
vt 0.957846 0.370000
vt 0.957846 0.130000
vt 0.750000 0.010000
vt 0.542154 0.130000
vt 0.542154 0.370000
vt 0.625000 0.500000
vt 0.625000 1.000000
vt 0.500000 1.000000
vt 0.500000 0.500000
vt 0.375000 0.500000
vt 0.375000 1.000000
vt 0.250000 1.000000
vt 0.250000 0.500000
vt 0.419706 0.419706
vt 0.250000 0.490000
vt 0.080294 0.419706
vt 0.010000 0.250000
vt 0.080294 0.080294
vt 0.250000 0.010000
vt 0.419706 0.080294
vt 0.490000 0.250000
vt 0.750000 0.500000
vt 0.750000 1.000000
vt 0.125000 0.500000
vt 0.125000 1.000000
vt 0.000000 1.000000
vt 0.000000 0.500000
vt 0.875000 0.500000
vt 0.875000 1.000000
vt 1.000000 0.500000
vt 1.000000 1.000000
vt 0.625000 0.728168
vt 0.625000 0.728168
vt 0.625000 0.730213
vt 0.625000 0.730213
vt 0.625000 0.716831
vt 0.625000 0.716831
vt 0.625000 0.718876
vt 0.625000 0.718876
vt 0.625000 0.863166
vt 0.625000 0.863166
vt 0.625000 0.856575
vt 0.625000 0.856575
vt 0.625000 0.899712
vt 0.625000 0.899712
vt 0.625000 0.893120
vt 0.625000 0.893120
vt 0.625000 0.735416
vt 0.625000 0.735416
vt 0.625000 0.737461
vt 0.625000 0.737461
vt 0.625000 0.542323
vt 0.625000 0.542323
vt 0.625000 0.544368
vt 0.625000 0.544368
vt 0.625000 0.923074
vt 0.625000 0.916483
vt 0.625000 0.916483
vt 0.625000 0.300631
vt 0.625000 0.300631
vt 0.625000 0.294040
vt 0.625000 0.294040
vt 0.625000 0.383902
vt 0.625000 0.377311
vt 0.625000 0.377311
vt 0.625000 0.480356
vt 0.625000 0.480356
vt 0.625000 0.473764
vt 0.625000 0.563626
vt 0.625000 0.557035
vt 0.625000 0.557035
vt 0.625000 0.660080
vt 0.625000 0.660080
vt 0.625000 0.653488
vt 0.625000 0.743350
vt 0.625000 0.736759
vt 0.625000 0.736759
vt 0.625000 0.839804
vt 0.625000 0.839804
vt 0.625000 0.833212
vt 0.625000 0.709584
vt 0.625000 0.711629
vt 0.625000 0.711629
vt 0.625000 0.679662
vt 0.625000 0.679662
vt 0.625000 0.681707
vt 0.625000 0.653830
vt 0.625000 0.655875
vt 0.625000 0.655875
vt 0.625000 0.623909
vt 0.625000 0.623909
vt 0.625000 0.625954
vt 0.625000 0.598077
vt 0.625000 0.600121
vt 0.625000 0.600121
vt 0.625000 0.568155
vt 0.625000 0.568155
vt 0.625000 0.570200
vt 0.625000 0.616661
vt 0.625000 0.616661
vt 0.625000 0.618706
vt 0.625000 0.618706
vt 0.625000 0.605324
vt 0.625000 0.605324
vt 0.625000 0.607369
vt 0.625000 0.607369
vt 0.625000 0.672415
vt 0.625000 0.672415
vt 0.625000 0.674460
vt 0.625000 0.674460
vt 0.625000 0.661078
vt 0.625000 0.661078
vt 0.625000 0.663123
vt 0.625000 0.663123
vt 0.625000 0.683442
vt 0.625000 0.683442
vt 0.625000 0.676851
vt 0.625000 0.676851
vt 0.625000 0.719988
vt 0.625000 0.719988
vt 0.625000 0.713396
vt 0.625000 0.713396
vt 0.625000 0.503718
vt 0.625000 0.503718
vt 0.625000 0.497127
vt 0.625000 0.497127
vt 0.625000 0.540264
vt 0.625000 0.540264
vt 0.625000 0.533672
vt 0.625000 0.533672
vt 0.625000 0.323994
vt 0.625000 0.323994
vt 0.625000 0.317402
vt 0.625000 0.317402
vt 0.625000 0.360539
vt 0.625000 0.360539
vt 0.625000 0.353948
vt 0.625000 0.353948
vt 0.625000 0.560908
vt 0.625000 0.560908
vt 0.625000 0.562952
vt 0.625000 0.562952
vt 0.625000 0.549570
vt 0.625000 0.549570
vt 0.625000 0.551615
vt 0.625000 0.551615
vt 0.625000 0.300631
vt 0.625000 0.300631
vt 0.625000 0.480356
vt 0.625000 0.480356
vt 0.625000 0.660080
vt 0.625000 0.660080
vt 0.625000 0.839804
vt 0.625000 0.839804
vt 0.625000 0.719988
vt 0.625000 0.719988
vt 0.625000 0.540264
vt 0.625000 0.540264
vt 0.625000 0.360539
vt 0.625000 0.360539
vt 0.625000 0.899712
vt 0.625000 0.899712
vt 0.625000 0.735416
vt 0.625000 0.735416
vt 0.625000 0.679662
vt 0.625000 0.679662
vt 0.625000 0.623909
vt 0.625000 0.623909
vt 0.625000 0.568155
vt 0.625000 0.568155
vt 0.625000 0.605324
vt 0.625000 0.605324
vt 0.625000 0.661078
vt 0.625000 0.661078
vt 0.625000 0.716831
vt 0.625000 0.716831
vt 0.625000 0.549570
vt 0.625000 0.549570
vt 0.766658 0.763507
vt 0.783361 0.728660
vt 0.157000 0.108705
vt 0.157000 0.108336
vt 0.785000 0.541678
vt 0.587548 0.445605
vt 0.713197 0.540451
vt 0.714812 0.715723
vt 0.142962 0.143145
vt 0.142966 0.143516
vt 0.714829 0.717580
vt 0.713257 0.547028
vt 0.268303 0.204623
vt 0.142655 0.109777
vt 0.713275 0.548885
vt 0.000000 0.000000
vt 0.000000 0.000000
vt 0.071339 0.055920
vt 0.000000 0.000000
vt 0.142683 0.112780
vt 0.142686 0.113151
vt 0.713430 0.565755
vt 0.000000 0.000000
vt 0.000000 0.000000
vt 0.071368 0.059292
vt 0.000000 0.000000
vt 0.142745 0.119527
vt 0.142748 0.119899
vt 0.000000 0.000000
vt 0.000000 0.000000
vt 0.071384 0.060979
vt 0.000000 0.000000
vt 0.142776 0.122901
vt 0.142779 0.123273
vt 0.713896 0.616363
vt 0.000000 0.000000
vt 0.000000 0.000000
vt 0.071415 0.064353
vt 0.000000 0.000000
vt 0.714190 0.648245
vt 0.142838 0.129649
vt 0.142841 0.130020
vt 0.714207 0.650102
vt 0.000000 0.000000
vt 0.000000 0.000000
vt 0.071431 0.066040
vt 0.000000 0.000000
vt 0.142869 0.133023
vt 0.142873 0.133394
vt 0.000000 0.000000
vt 0.000000 0.000000
vt 0.071461 0.069413
vt 0.000000 0.000000
vt 0.714656 0.698853
vt 0.142931 0.139771
vt 0.142935 0.140142
vt 0.714673 0.700711
vt 0.646698 0.590883
vt 0.785000 0.715851
vt 0.785000 0.717697
vt 0.785000 0.717697
vt 0.785000 0.711161
vt 0.295302 0.268677
vt 0.157000 0.141863
vt 0.785000 0.709315
vt 0.157000 0.138879
vt 0.157000 0.138510
vt 0.000000 0.000000
vt 0.000000 0.000000
vt 0.078470 0.069882
vt 0.000000 0.000000
vt 0.785000 0.660870
vt 0.157000 0.132174
vt 0.157000 0.131805
vt 0.785000 0.659024
vt 0.000000 0.000000
vt 0.000000 0.000000
vt 0.078500 0.066556
vt 0.000000 0.000000
vt 0.785000 0.644106
vt 0.157000 0.128821
vt 0.157000 0.128452
vt 0.785000 0.642260
vt 0.000000 0.000000
vt 0.000000 0.000000
vt 0.078500 0.064880
vt 0.000000 0.000000
vt 0.785000 0.610579
vt 0.785000 0.608733
vt 0.000000 0.000000
vt 0.000000 0.000000
vt 0.157000 0.118763
vt 0.157000 0.118394
vt 0.000000 0.000000
vt 0.000000 0.000000
vt 0.078500 0.059851
vt 0.000000 0.000000
vt 0.785000 0.560288
vt 0.157000 0.112058
vt 0.157000 0.111688
vt 0.785000 0.558442
vt 0.000000 0.000000
vt 0.078500 0.056498
vt 0.000000 0.000000
vt 0.000000 0.000000
vt 0.071477 0.071100
vt 0.000000 0.000000
vt 0.587548 0.445605
vt 0.713214 0.542308
vt 0.714812 0.715723
vt 0.142958 0.142673
vt 0.713257 0.547028
vt 0.268303 0.204623
vt 0.142678 0.112308
vt 0.713369 0.559178
vt 0.713369 0.559178
vt 0.142740 0.119055
vt 0.713724 0.597636
vt 0.142771 0.122429
vt 0.713836 0.609786
vt 0.713836 0.609786
vt 0.142834 0.129177
vt 0.714190 0.648245
vt 0.142865 0.132551
vt 0.714302 0.660395
vt 0.714302 0.660395
vt 0.714346 0.665114
vt 0.142927 0.139299
vt 0.714613 0.694134
vt 0.714613 0.694134
vt 0.714656 0.698853
vt 0.000000 0.000000
vt 0.000000 0.000000
vt 0.078500 0.054822
vt 0.000000 0.000000
vt 0.157000 0.109174
vt 0.646698 0.590883
vt 0.785000 0.715851
vt 0.785000 0.711161
vt 0.295302 0.268677
vt 0.785000 0.694397
vt 0.157000 0.139348
vt 0.785000 0.660870
vt 0.157000 0.132643
vt 0.785000 0.665560
vt 0.785000 0.665560
vt 0.785000 0.644106
vt 0.157000 0.129290
vt 0.785000 0.610579
vt 0.785000 0.593815
vt 0.157000 0.119232
vt 0.785000 0.598505
vt 0.785000 0.598505
vt 0.785000 0.560288
vt 0.157000 0.112526
vt 0.785000 0.564978
vt 0.785000 0.564978
vt 0.625000 0.730213
vt 0.625000 0.674460
vt 0.625000 0.562952
vt 0.625000 0.711629
vt 0.625000 0.607369
vt 0.625000 0.655875
vt 0.625000 0.570200
vt 0.625000 0.544368
vt 0.625000 0.551615
vt 0.625000 0.542323
vt 0.714768 0.711003
vt 0.714768 0.711003
vt 0.625000 0.737461
vt 0.625000 0.542323
vt 0.785000 0.548214
vt 0.785000 0.548214
vt 0.625000 0.294040
vt 0.625000 0.353948
vt 0.625000 0.473764
vt 0.625000 0.533672
vt 0.625000 0.713396
vt 0.625000 0.893120
vt 0.625000 0.833212
vt 0.000000 0.000000
vt 0.783361 0.530284
vt 0.625000 0.294040
vt 0.712207 0.531197
vt 0.000000 0.000000
vt 0.000000 0.000000
vt 0.625000 0.737461
vt 0.000000 0.000000
vt 0.713214 0.542308
vt 0.000000 0.000000
vt 0.000000 0.000000
vt 0.713275 0.548885
vt 0.713257 0.547028
vt 0.713430 0.565755
vt 0.714207 0.650102
vt 0.714190 0.648245
vt 0.000000 0.000000
vt 0.000000 0.000000
vt 0.713896 0.616363
vt 0.713724 0.597636
vt 0.000000 0.000000
vt 0.000000 0.000000
vt 0.000000 0.000000
vt 0.000000 0.000000
vt 0.714190 0.648245
vt 0.713257 0.547028
vt 0.714673 0.700711
vt 0.714656 0.698853
vt 0.714829 0.717580
vt 0.714812 0.715723
vt 0.713369 0.559178
vt 0.713369 0.559178
vt 0.714768 0.711003
vt 0.714768 0.711003
vt 0.000000 0.000000
vt 0.000000 0.000000
vt 0.000000 0.000000
vt 0.000000 0.000000
vt 0.713836 0.609786
vt 0.713836 0.609786
vt 0.714812 0.715723
vt 0.714346 0.665114
vt 0.714613 0.694134
vt 0.714613 0.694134
vt 0.714302 0.660395
vt 0.714302 0.660395
vt 0.714656 0.698853
vt 0.000000 0.000000
vt 0.000000 0.000000
vt 0.785000 0.694397
vt 0.000000 0.000000
vt 0.000000 0.000000
vt 0.785000 0.715851
vt 0.785000 0.715851
vt 0.000000 0.000000
vt 0.000000 0.000000
vt 0.785000 0.660870
vt 0.785000 0.660870
vt 0.785000 0.644106
vt 0.785000 0.644106
vt 0.785000 0.709315
vt 0.785000 0.711161
vt 0.785000 0.642260
vt 0.785000 0.593815
vt 0.785000 0.541678
vt 0.785000 0.610579
vt 0.785000 0.610579
vt 0.785000 0.608733
vt 0.785000 0.711161
vt 0.785000 0.564978
vt 0.785000 0.564978
vt 0.785000 0.558442
vt 0.785000 0.560288
vt 0.785000 0.665560
vt 0.785000 0.665560
vt 0.785000 0.560288
vt 0.785000 0.717697
vt 0.000000 0.000000
vt 0.000000 0.000000
vt 0.785000 0.548214
vt 0.785000 0.548214
vt 0.785000 0.659024
vt 0.000000 0.000000
vt 0.000000 0.000000
vt 0.000000 0.000000
vt 0.000000 0.000000
vt 0.000000 0.000000
vt 0.000000 0.000000
vt 0.785000 0.598505
vt 0.785000 0.598505
vt 0.000000 0.000000
vt 0.000000 0.000000
vt 0.000000 0.000000
vt 0.000000 0.000000
vt 0.625000 0.735032
vt 0.625000 0.544752
vt 0.625000 0.544752
vt 0.625000 0.735032
vt 0.625000 0.737461
vt 0.625000 0.737461
vt 0.625000 0.737461
vt 0.625000 0.737461
vt 0.625000 0.915245
vt 0.625000 0.301869
vt 0.625000 0.301869
vt 0.625000 0.915245
vt 0.000000 0.000000
vt 0.000000 0.000000
vt 0.000000 0.000000
vt 0.000000 0.000000
vt 0.000000 0.000000
vt 0.000000 0.000000
vt 0.000000 0.000000
vt 0.000000 0.000000
vt 0.625000 0.294040
vt 0.625000 0.294040
vt 0.625000 0.294040
vt 0.625000 0.294040
vt 0.625000 0.542323
vt 0.625000 0.542323
vt 0.625000 0.542323
vt 0.625000 0.542323
vt 0.000000 0.000000
vt 0.000000 0.000000
vt 0.000000 0.000000
vt 0.000000 0.000000
vt 0.625000 0.923074
vt 0.625000 0.923075
vt 0.000000 0.000000
vt 0.000000 0.000000
vt 0.000000 0.000000
vt 0.000000 0.000000
vt 0.625000 0.294040
vt 0.625000 0.294040
vt 0.000000 0.000000
vt 0.000000 0.000000
vt 0.625000 0.542323
vt 0.625000 0.542323
vt 0.625000 0.737461
vt 0.625000 0.737461
vt 0.000000 0.000000
vt 0.000000 0.000000
vt 0.625000 0.737461
vt 0.625000 0.737461
vt 0.625000 0.923074
vt 0.625000 0.923074
vt 0.625000 0.562952
vt 0.625000 0.730213
vt 0.625000 0.674460
vt 0.625000 0.618706
vt 0.625000 0.618706
vt 0.625000 0.600121
vt 0.625000 0.600121
vt 0.625000 0.655875
vt 0.625000 0.711629
vt 0.625000 0.544368
vt 0.625000 0.856575
vt 0.625000 0.856575
vt 0.625000 0.317402
vt 0.625000 0.317402
vt 0.625000 0.497127
vt 0.625000 0.497127
vt 0.625000 0.676851
vt 0.625000 0.676851
vt 0.625000 0.736759
vt 0.625000 0.736759
vt 0.625000 0.557035
vt 0.625000 0.557035
vt 0.625000 0.377311
vt 0.625000 0.377311
vt 0.625000 0.916483
vt 0.625000 0.916483
vt 0.625000 0.923074
vt 1.000000 0.500000
vt 1.000000 1.000000
vt 0.833333 1.000000
vt 0.833333 0.500000
vt 0.666667 1.000000
vt 0.666667 0.500000
vt 0.500000 1.000000
vt 0.500000 0.500000
vt 0.333333 1.000000
vt 0.333333 0.500000
vt 0.166667 1.000000
vt 0.166667 0.500000
vt -0.000000 1.000000
vt -0.000000 0.500000
vt 0.750000 0.490000
vt 0.957846 0.370000
vt 0.957846 0.130000
vt 0.750000 0.010000
vt 0.542154 0.130000
vt 0.542154 0.370000
vt 0.625000 0.500000
vt 0.625000 1.000000
vt 0.500000 1.000000
vt 0.500000 0.500000
vt 0.375000 0.500000
vt 0.375000 1.000000
vt 0.250000 1.000000
vt 0.250000 0.500000
vt 0.419706 0.419706
vt 0.250000 0.490000
vt 0.080294 0.419706
vt 0.010000 0.250000
vt 0.080294 0.080294
vt 0.250000 0.010000
vt 0.419706 0.080294
vt 0.490000 0.250000
vt 0.750000 0.500000
vt 0.750000 1.000000
vt 0.125000 0.500000
vt 0.125000 1.000000
vt 0.000000 1.000000
vt 0.000000 0.500000
vt 1.000000 0.500000
vt 1.000000 1.000000
vt 0.875000 1.000000
vt 0.875000 0.500000
vt 1.000000 0.500000
vt 1.000000 1.000000
vt 0.833333 1.000000
vt 0.833333 0.500000
vt 0.666667 1.000000
vt 0.666667 0.500000
vt 0.500000 1.000000
vt 0.500000 0.500000
vt 0.333333 1.000000
vt 0.333333 0.500000
vt 0.166667 1.000000
vt 0.166667 0.500000
vt -0.000000 1.000000
vt -0.000000 0.500000
vt 0.750000 0.490000
vt 0.957846 0.370000
vt 0.957846 0.130000
vt 0.750000 0.010000
vt 0.542154 0.130000
vt 0.542154 0.370000
vt 0.625000 0.500000
vt 0.625000 1.000000
vt 0.500000 1.000000
vt 0.500000 0.500000
vt 0.375000 0.500000
vt 0.375000 1.000000
vt 0.250000 1.000000
vt 0.250000 0.500000
vt 0.419706 0.419706
vt 0.250000 0.490000
vt 0.080294 0.419706
vt 0.010000 0.250000
vt 0.080294 0.080294
vt 0.250000 0.010000
vt 0.419706 0.080294
vt 0.490000 0.250000
vt 0.750000 0.500000
vt 0.750000 1.000000
vt 0.125000 0.500000
vt 0.125000 1.000000
vt 0.000000 1.000000
vt 0.000000 0.500000
vt 1.000000 0.500000
vt 1.000000 1.000000
vt 0.875000 1.000000
vt 0.875000 0.500000
vt 1.000000 0.500000
vt 1.000000 1.000000
vt 0.833333 1.000000
vt 0.833333 0.500000
vt 0.666667 1.000000
vt 0.666667 0.500000
vt 0.500000 1.000000
vt 0.500000 0.500000
vt 0.333333 1.000000
vt 0.333333 0.500000
vt 0.166667 1.000000
vt 0.166667 0.500000
vt -0.000000 1.000000
vt -0.000000 0.500000
vt 0.750000 0.490000
vt 0.957846 0.370000
vt 0.957846 0.130000
vt 0.750000 0.010000
vt 0.542154 0.130000
vt 0.542154 0.370000
vt 0.625000 0.500000
vt 0.625000 1.000000
vt 0.500000 1.000000
vt 0.500000 0.500000
vt 0.375000 0.500000
vt 0.375000 1.000000
vt 0.250000 1.000000
vt 0.250000 0.500000
vt 0.419706 0.419706
vt 0.250000 0.490000
vt 0.080294 0.419706
vt 0.010000 0.250000
vt 0.080294 0.080294
vt 0.250000 0.010000
vt 0.419706 0.080294
vt 0.490000 0.250000
vt 0.750000 0.500000
vt 0.750000 1.000000
vt 0.125000 0.500000
vt 0.125000 1.000000
vt 0.000000 1.000000
vt 0.000000 0.500000
vt 1.000000 0.500000
vt 1.000000 1.000000
vt 0.875000 1.000000
vt 0.875000 0.500000
vt 1.000000 0.500000
vt 1.000000 1.000000
vt 0.833333 1.000000
vt 0.833333 0.500000
vt 0.666667 1.000000
vt 0.666667 0.500000
vt 0.500000 1.000000
vt 0.500000 0.500000
vt 0.333333 1.000000
vt 0.333333 0.500000
vt 0.166667 1.000000
vt 0.166667 0.500000
vt -0.000000 1.000000
vt -0.000000 0.500000
vt 0.750000 0.490000
vt 0.957846 0.370000
vt 0.957846 0.130000
vt 0.750000 0.010000
vt 0.542154 0.130000
vt 0.542154 0.370000
vt 0.625000 0.500000
vt 0.625000 1.000000
vt 0.500000 1.000000
vt 0.500000 0.500000
vt 0.375000 0.500000
vt 0.375000 1.000000
vt 0.250000 1.000000
vt 0.250000 0.500000
vt 0.419706 0.419706
vt 0.250000 0.490000
vt 0.080294 0.419706
vt 0.010000 0.250000
vt 0.080294 0.080294
vt 0.250000 0.010000
vt 0.419706 0.080294
vt 0.490000 0.250000
vt 0.750000 0.500000
vt 0.750000 1.000000
vt 0.125000 0.500000
vt 0.125000 1.000000
vt 0.000000 1.000000
vt 0.000000 0.500000
vt 1.000000 0.500000
vt 1.000000 1.000000
vt 0.875000 1.000000
vt 0.875000 0.500000
vt 1.000000 0.500000
vt 1.000000 1.000000
vt 0.833333 1.000000
vt 0.833333 0.500000
vt 0.666667 1.000000
vt 0.666667 0.500000
vt 0.500000 1.000000
vt 0.500000 0.500000
vt 0.333333 1.000000
vt 0.333333 0.500000
vt 0.166667 1.000000
vt 0.166667 0.500000
vt -0.000000 1.000000
vt -0.000000 0.500000
vt 0.750000 0.490000
vt 0.957846 0.370000
vt 0.957846 0.130000
vt 0.750000 0.010000
vt 0.542154 0.130000
vt 0.542154 0.370000
vt 0.625000 0.500000
vt 0.625000 1.000000
vt 0.500000 1.000000
vt 0.500000 0.500000
vt 0.375000 0.500000
vt 0.375000 1.000000
vt 0.250000 1.000000
vt 0.250000 0.500000
vt 0.419706 0.419706
vt 0.250000 0.490000
vt 0.080294 0.419706
vt 0.010000 0.250000
vt 0.080294 0.080294
vt 0.250000 0.010000
vt 0.419706 0.080294
vt 0.490000 0.250000
vt 0.750000 0.500000
vt 0.750000 1.000000
vt 0.125000 0.500000
vt 0.125000 1.000000
vt 0.000000 1.000000
vt 0.000000 0.500000
vt 1.000000 0.500000
vt 1.000000 1.000000
vt 0.875000 1.000000
vt 0.875000 0.500000
vt 1.000000 0.500000
vt 1.000000 1.000000
vt 0.833333 1.000000
vt 0.833333 0.500000
vt 0.666667 1.000000
vt 0.666667 0.500000
vt 0.500000 1.000000
vt 0.500000 0.500000
vt 0.333333 1.000000
vt 0.333333 0.500000
vt 0.166667 1.000000
vt 0.166667 0.500000
vt -0.000000 1.000000
vt -0.000000 0.500000
vt 0.750000 0.490000
vt 0.957846 0.370000
vt 0.957846 0.130000
vt 0.750000 0.010000
vt 0.542154 0.130000
vt 0.542154 0.370000
vt 0.625000 0.500000
vt 0.625000 1.000000
vt 0.500000 1.000000
vt 0.500000 0.500000
vt 0.375000 0.500000
vt 0.375000 1.000000
vt 0.250000 1.000000
vt 0.250000 0.500000
vt 0.419706 0.419706
vt 0.250000 0.490000
vt 0.080294 0.419706
vt 0.010000 0.250000
vt 0.080294 0.080294
vt 0.250000 0.010000
vt 0.419706 0.080294
vt 0.490000 0.250000
vt 0.750000 0.500000
vt 0.750000 1.000000
vt 0.125000 0.500000
vt 0.125000 1.000000
vt 0.000000 1.000000
vt 0.000000 0.500000
vt 1.000000 0.500000
vt 1.000000 1.000000
vt 0.875000 1.000000
vt 0.875000 0.500000
vt 1.000000 0.500000
vt 1.000000 1.000000
vt 0.833333 1.000000
vt 0.833333 0.500000
vt 0.666667 1.000000
vt 0.666667 0.500000
vt 0.500000 1.000000
vt 0.500000 0.500000
vt 0.333333 1.000000
vt 0.333333 0.500000
vt 0.166667 1.000000
vt 0.166667 0.500000
vt -0.000000 1.000000
vt -0.000000 0.500000
vt 0.750000 0.490000
vt 0.957846 0.370000
vt 0.957846 0.130000
vt 0.750000 0.010000
vt 0.542154 0.130000
vt 0.542154 0.370000
vt 0.625000 0.500000
vt 0.625000 1.000000
vt 0.500000 1.000000
vt 0.500000 0.500000
vt 0.375000 0.500000
vt 0.375000 1.000000
vt 0.250000 1.000000
vt 0.250000 0.500000
vt 0.419706 0.419706
vt 0.250000 0.490000
vt 0.080294 0.419706
vt 0.010000 0.250000
vt 0.080294 0.080294
vt 0.250000 0.010000
vt 0.419706 0.080294
vt 0.490000 0.250000
vt 0.750000 0.500000
vt 0.750000 1.000000
vt 0.125000 0.500000
vt 0.125000 1.000000
vt 0.000000 1.000000
vt 0.000000 0.500000
vt 1.000000 0.500000
vt 1.000000 1.000000
vt 0.875000 1.000000
vt 0.875000 0.500000
vt 1.000000 0.500000
vt 1.000000 1.000000
vt 0.833333 1.000000
vt 0.833333 0.500000
vt 0.666667 1.000000
vt 0.666667 0.500000
vt 0.500000 1.000000
vt 0.500000 0.500000
vt 0.333333 1.000000
vt 0.333333 0.500000
vt 0.166667 1.000000
vt 0.166667 0.500000
vt -0.000000 1.000000
vt -0.000000 0.500000
vt 0.750000 0.490000
vt 0.957846 0.370000
vt 0.957846 0.130000
vt 0.750000 0.010000
vt 0.542154 0.130000
vt 0.542154 0.370000
vt 0.625000 0.500000
vt 0.625000 1.000000
vt 0.500000 1.000000
vt 0.500000 0.500000
vt 0.375000 0.500000
vt 0.375000 1.000000
vt 0.250000 1.000000
vt 0.250000 0.500000
vt 0.419706 0.419706
vt 0.250000 0.490000
vt 0.080294 0.419706
vt 0.010000 0.250000
vt 0.080294 0.080294
vt 0.250000 0.010000
vt 0.419706 0.080294
vt 0.490000 0.250000
vt 0.750000 0.500000
vt 0.750000 1.000000
vt 0.125000 0.500000
vt 0.125000 1.000000
vt 0.000000 1.000000
vt 0.000000 0.500000
vt 1.000000 0.500000
vt 1.000000 1.000000
vt 0.875000 1.000000
vt 0.875000 0.500000
vt 0.625000 0.663123
vt 0.625000 0.681707
vt 0.625000 0.718876
vt 0.625000 0.728169
vt 0.625000 0.672415
vt 0.625000 0.616661
vt 0.625000 0.560908
vt 0.625000 0.863166
vt 0.625000 0.683442
vt 0.625000 0.503718
vt 0.625000 0.323994
vt 0.702936 0.522736
vt 0.766652 0.491011
vt 0.704678 0.737788
vt 0.713996 0.727060
vt 0.713896 0.616363
vt 0.714129 0.641668
vt 0.785000 0.642260
vt 0.336429 0.232148
vt 0.448571 0.309530
vt 0.785000 0.617115
vt 0.306355 0.307535
vt 0.000000 0.000000
vt 0.000000 0.000000
vt 0.000000 0.000000
vt 0.000000 0.000000
vt 0.000000 0.000000
vt 0.000000 0.000000
vt 0.000000 0.000000
vt 0.000000 0.000000
vt 0.000000 0.000000
vt 0.000000 0.000000
vt 0.000000 0.000000
vt 0.000000 0.000000
vt 0.000000 0.000000
vt 0.000000 0.000000
vt 0.000000 0.000000
vt 0.000000 0.000000
vt 0.000000 0.000000
vt 0.000000 0.000000
vt 0.000000 0.000000
vt 0.000000 0.000000
vt 0.000000 0.000000
vt 0.000000 0.000000
vt 0.000000 0.000000
vt 0.000000 0.000000
vt 0.000000 0.000000
vt 0.000000 0.000000
vt 0.000000 0.000000
vt 0.000000 0.000000
vt 0.000000 0.000000
vt 0.000000 0.000000
vt 0.000000 0.000000
vt 0.000000 0.000000
vt 0.000000 0.000000
vt 0.000000 0.000000
vt 0.000000 0.000000
vt 0.000000 0.000000
vt 0.000000 0.000000
vt 0.000000 0.000000
vt 0.000000 0.000000
vt 0.000000 0.000000
vt 0.000000 0.000000
vt 0.000000 0.000000
vt 0.000000 0.000000
vt 0.000000 0.000000
vt 0.000000 0.000000
vt 0.000000 0.000000
vt 0.000000 0.000000
vt 0.000000 0.000000
vt 0.000000 0.000000
vt 0.000000 0.000000
vt 0.000000 0.000000
vt 0.000000 0.000000
vt 0.000000 0.000000
vt 0.000000 0.000000
vt 0.000000 0.000000
vt 0.000000 0.000000
vt 0.000000 0.000000
vt 0.000000 0.000000
vt 0.000000 0.000000
vt 0.000000 0.000000
vt 0.000000 0.000000
vt 0.000000 0.000000
vt 0.000000 0.000000
vt 0.000000 0.000000
vt 0.000000 0.000000
vt 0.000000 0.000000
vt 0.000000 0.000000
vt 0.000000 0.000000
vt 0.000000 0.000000
vt 0.000000 0.000000
vt 0.000000 0.000000
vt 0.000000 0.000000
vt 0.000000 0.000000
vt 0.000000 0.000000
vt 0.000000 0.000000
vt 0.000000 0.000000
vt 0.000000 0.000000
vt 0.000000 0.000000
vt 0.000000 0.000000
vt 0.000000 0.000000
vt 0.000000 0.000000
vt 0.000000 0.000000
vt 0.000000 0.000000
vt 0.000000 0.000000
vt 0.000000 0.000000
vt 0.000000 0.000000
vt 0.000000 0.000000
vt 0.000000 0.000000
vt 0.000000 0.000000
vt 0.000000 0.000000
vt 0.000000 0.000000
vt 0.000000 0.000000
vt 0.000000 0.000000
vt 0.000000 0.000000
vt 0.000000 0.000000
vt 0.000000 0.000000
vt 0.000000 0.000000
vt 0.000000 0.000000
vt 0.000000 0.000000
vt 0.000000 0.000000
vt 0.000000 0.000000
vt 0.000000 0.000000
vt 0.000000 0.000000
vt 0.000000 0.000000
vt 0.000000 0.000000
vt 0.000000 0.000000
vt 0.000000 0.000000
vt 0.000000 0.000000
vt 0.000000 0.000000
vt 0.000000 0.000000
vt 0.000000 0.000000
vt 0.000000 0.000000
vt 0.000000 0.000000
vt 0.000000 0.000000
vt 0.000000 0.000000
vt 0.000000 0.000000
vt 0.000000 0.000000
vt 0.000000 0.000000
vt 0.000000 0.000000
vt 0.000000 0.000000
vt 0.000000 0.000000
vt 0.000000 0.000000
vt 0.000000 0.000000
vt 0.000000 0.000000
vt 0.000000 0.000000
vt 0.000000 0.000000
vt 0.000000 0.000000
vt 0.000000 0.000000
vt 0.000000 0.000000
vt 0.000000 0.000000
vt 0.000000 0.000000
vt 0.000000 0.000000
vt 0.000000 0.000000
vt 0.000000 0.000000
vt 0.000000 0.000000
vt 0.000000 0.000000
vt 0.000000 0.000000
vt 0.000000 0.000000
vt 0.000000 0.000000
vt 0.000000 0.000000
vt 0.000000 0.000000
vt 0.000000 0.000000
vt 0.000000 0.000000
vt 0.000000 0.000000
vt 0.000000 0.000000
vt 0.000000 0.000000
vt 0.000000 0.000000
vt 0.000000 0.000000
vt 0.000000 0.000000
vt 0.000000 0.000000
vt 0.000000 0.000000
vt 0.000000 0.000000
vt 0.000000 0.000000
vt 0.000000 0.000000
vt 0.000000 0.000000
vt 0.000000 0.000000
vt 0.000000 0.000000
vt 0.000000 0.000000
vt 0.000000 0.000000
vt 0.000000 0.000000
vt 0.000000 0.000000
vt 0.000000 0.000000
vt 0.000000 0.000000
vt 0.000000 0.000000
vt 0.000000 0.000000
vt 0.000000 0.000000
vt 0.000000 0.000000
vt 0.000000 0.000000
vt 0.000000 0.000000
vt 0.000000 0.000000
vt 0.000000 0.000000
vt 0.000000 0.000000
vt 0.000000 0.000000
vt 0.000000 0.000000
vt 0.000000 0.000000
vt 0.000000 0.000000
vt 0.000000 0.000000
vt 0.000000 0.000000
vt 0.000000 0.000000
vt 0.000000 0.000000
vt 0.000000 0.000000
vt 0.000000 0.000000
vt 0.000000 0.000000
vt 0.000000 0.000000
vt 0.000000 0.000000
vt 0.000000 0.000000
vt 0.000000 0.000000
vt 0.000000 0.000000
vt 0.000000 0.000000
vt 0.000000 0.000000
vt 0.000000 0.000000
vt 0.000000 0.000000
vt 0.000000 0.000000
vt 0.000000 0.000000
vt 0.000000 0.000000
vt 0.000000 0.000000
vt 0.000000 0.000000
vt 0.000000 0.000000
vt 0.000000 0.000000
vt 0.000000 0.000000
vt 0.000000 0.000000
vt 0.000000 0.000000
vt 0.000000 0.000000
vt 0.000000 0.000000
vt 0.000000 0.000000
vt 0.000000 0.000000
vt 0.000000 0.000000
vt 0.000000 0.000000
vt 0.000000 0.000000
vt 0.000000 0.000000
vt 0.000000 0.000000
vt 0.000000 0.000000
vt 0.000000 0.000000
vt 0.000000 0.000000
vt 0.000000 0.000000
vt 0.000000 0.000000
vt 0.000000 0.000000
vt 0.000000 0.000000
vt 0.000000 0.000000
vt 0.000000 0.000000
vt 0.000000 0.000000
vt 0.000000 0.000000
vt 0.000000 0.000000
vt 0.000000 0.000000
vt 0.000000 0.000000
vt 0.000000 0.000000
vt 0.000000 0.000000
vt 0.000000 0.000000
vt 0.000000 0.000000
vt 0.000000 0.000000
vt 0.000000 0.000000
vt 0.000000 0.000000
vt 0.000000 0.000000
vt 0.000000 0.000000
vt 0.000000 0.000000
vt 0.000000 0.000000
vt 0.000000 0.000000
vt 0.000000 0.000000
vt 0.000000 0.000000
vt 0.000000 0.000000
vt 0.000000 0.000000
vt 0.000000 0.000000
vt 0.000000 0.000000
vt 0.000000 0.000000
vt 0.000000 0.000000
vt 0.000000 0.000000
vt 0.000000 0.000000
vt 0.000000 0.000000
vt 0.000000 0.000000
vt 0.000000 0.000000
vt 0.000000 0.000000
vt 0.000000 0.000000
vt 0.000000 0.000000
vt 0.000000 0.000000
vt 0.000000 0.000000
vt 0.000000 0.000000
vt 0.000000 0.000000
vt 0.000000 0.000000
vt 0.000000 0.000000
vt 0.000000 0.000000
vt 0.000000 0.000000
vt 0.000000 0.000000
vt 0.000000 0.000000
vt 0.000000 0.000000
vt 0.000000 0.000000
vt 0.000000 0.000000
vt 0.000000 0.000000
vt 0.000000 0.000000
vt 0.000000 0.000000
vt 0.000000 0.000000
vt 0.000000 0.000000
vt 0.000000 0.000000
vt 0.000000 0.000000
vt 0.000000 0.000000
vt 0.000000 0.000000
vt 0.000000 0.000000
vt 0.000000 0.000000
vt 0.000000 0.000000
vt 0.000000 0.000000
vt 0.000000 0.000000
vt 0.000000 0.000000
vt 0.000000 0.000000
vt 0.000000 0.000000
vt 0.000000 0.000000
vt 0.000000 0.000000
vt 0.000000 0.000000
vt 0.000000 0.000000
vt 0.000000 0.000000
vt 0.000000 0.000000
vt 0.000000 0.000000
vt 0.000000 0.000000
vt 0.000000 0.000000
vt 0.000000 0.000000
vt 0.000000 0.000000
vt 0.000000 0.000000
vt 0.000000 0.000000
vt 0.000000 0.000000
vt 0.000000 0.000000
vt 0.000000 0.000000
vt 0.000000 0.000000
vt 0.000000 0.000000
vt 0.000000 0.000000
vt 0.000000 0.000000
vt 0.000000 0.000000
vt 0.000000 0.000000
vt 0.000000 0.000000
vt 0.000000 0.000000
vt 0.000000 0.000000
vt 0.000000 0.000000
vt 0.000000 0.000000
vt 0.000000 0.000000
vt 0.000000 0.000000
vt 0.000000 0.000000
vt 0.000000 0.000000
vt 0.000000 0.000000
vt 0.000000 0.000000
vt 0.000000 0.000000
vt 0.000000 0.000000
vt 0.000000 0.000000
vt 0.000000 0.000000
vt 0.000000 0.000000
vt 0.000000 0.000000
vt 0.000000 0.000000
vt 0.000000 0.000000
vt 0.000000 0.000000
vt 0.000000 0.000000
vt 0.000000 0.000000
vt 0.000000 0.000000
vt 0.000000 0.000000
vt 0.000000 0.000000
vt 0.000000 0.000000
vt 0.000000 0.000000
vt 0.000000 0.000000
vt 0.000000 0.000000
vt 0.000000 0.000000
vt 0.000000 0.000000
vt 0.000000 0.000000
vt 0.000000 0.000000
vt 0.000000 0.000000
vt 0.000000 0.000000
vt 0.000000 0.000000
vt 0.000000 0.000000
vt 0.000000 0.000000
vt 0.000000 0.000000
vt 0.000000 0.000000
vt 0.000000 0.000000
vt 0.000000 0.000000
vt 0.000000 0.000000
vt 0.000000 0.000000
vt 0.000000 0.000000
vt 0.000000 0.000000
vt 0.000000 0.000000
vt 0.000000 0.000000
vt 0.000000 0.000000
vt 0.000000 0.000000
vt 0.000000 0.000000
vt 0.000000 0.000000
vt 0.000000 0.000000
vt 0.000000 0.000000
vt 0.000000 0.000000
vt 0.000000 0.000000
vt 0.000000 0.000000
vt 0.000000 0.000000
vt 0.000000 0.000000
vt 0.000000 0.000000
vt 0.000000 0.000000
vt 0.000000 0.000000
vt 0.000000 0.000000
vt 0.000000 0.000000
vt 0.000000 0.000000
vt 0.000000 0.000000
vt 0.000000 0.000000
vt 0.000000 0.000000
vt 0.000000 0.000000
vt 0.000000 0.000000
vt 0.000000 0.000000
vt 0.000000 0.000000
vt 0.000000 0.000000
vt 0.000000 0.000000
vt 0.000000 0.000000
vt 0.000000 0.000000
vt 0.000000 0.000000
vt 0.000000 0.000000
vt 0.000000 0.000000
vt 0.000000 0.000000
vt 0.000000 0.000000
vt 0.000000 0.000000
vt 0.000000 0.000000
vt 0.000000 0.000000
vt 0.000000 0.000000
vt 0.000000 0.000000
vt 0.000000 0.000000
vt 0.000000 0.000000
vt 0.000000 0.000000
vt 0.000000 0.000000
vt 0.000000 0.000000
vt 0.000000 0.000000
vt 0.000000 0.000000
vt 0.000000 0.000000
vt 0.000000 0.000000
vt 0.000000 0.000000
vt 0.000000 0.000000
vt 0.000000 0.000000
vt 0.000000 0.000000
vt 0.000000 0.000000
vt 0.000000 0.000000
vt 0.000000 0.000000
vt 0.000000 0.000000
vt 0.000000 0.000000
vt 0.000000 0.000000
vt 0.000000 0.000000
vt 0.000000 0.000000
vt 0.000000 0.000000
vt 0.000000 0.000000
vt 0.000000 0.000000
vt 0.000000 0.000000
vt 0.000000 0.000000
vt 0.000000 0.000000
vt 0.000000 0.000000
vt 0.000000 0.000000
vt 0.000000 0.000000
vt 0.000000 0.000000
vt 0.000000 0.000000
vt 0.000000 0.000000
vt 0.000000 0.000000
vt 0.000000 0.000000
vt 0.000000 0.000000
vt 0.000000 0.000000
vt 0.000000 0.000000
vt 0.000000 0.000000
vt 0.000000 0.000000
vt 0.000000 0.000000
vt 0.000000 0.000000
vt 0.000000 0.000000
vt 0.000000 0.000000
vt 0.000000 0.000000
vt 0.000000 0.000000
vt 0.000000 0.000000
vt 0.000000 0.000000
vt 0.000000 0.000000
vt 0.000000 0.000000
vt 0.000000 0.000000
vt 0.000000 0.000000
vt 0.000000 0.000000
vt 0.000000 0.000000
vt 0.000000 0.000000
vt 0.000000 0.000000
vt 0.000000 0.000000
vt 0.000000 0.000000
vt 0.000000 0.000000
vt 0.000000 0.000000
vt 0.000000 0.000000
vt 0.000000 0.000000
vt 0.000000 0.000000
vt 0.000000 0.000000
vt 0.000000 0.000000
vt 0.000000 0.000000
vt 0.000000 0.000000
vt 0.000000 0.000000
vt 0.000000 0.000000
vt 0.000000 0.000000
vt 0.000000 0.000000
vt 0.000000 0.000000
vt 0.000000 0.000000
vt 0.000000 0.000000
vt 0.000000 0.000000
vt 0.000000 0.000000
vt 0.000000 0.000000
vt 0.000000 0.000000
vt 0.000000 0.000000
vt 0.000000 0.000000
vt 0.000000 0.000000
vt 0.000000 0.000000
vt 0.000000 0.000000
vt 0.000000 0.000000
vt 0.000000 0.000000
vt 0.000000 0.000000
vt 0.000000 0.000000
vt 0.000000 0.000000
vt 0.000000 0.000000
vt 0.000000 0.000000
vt 0.000000 0.000000
vt 0.000000 0.000000
vt 0.000000 0.000000
vt 0.000000 0.000000
vt 0.000000 0.000000
vt 0.000000 0.000000
vt 0.000000 0.000000
vt 0.000000 0.000000
vt 0.000000 0.000000
vt 0.000000 0.000000
vt 0.000000 0.000000
vt 0.000000 0.000000
vt 0.000000 0.000000
vt 0.000000 0.000000
vt 0.000000 0.000000
vt 0.000000 0.000000
vt 0.000000 0.000000
vt 0.000000 0.000000
vt 0.000000 0.000000
vt 0.000000 0.000000
vt 0.000000 0.000000
vt 0.000000 0.000000
vt 0.000000 0.000000
vt 0.000000 0.000000
vt 0.000000 0.000000
vt 0.000000 0.000000
vt 0.000000 0.000000
vt 0.000000 0.000000
vt 0.000000 0.000000
vt 0.000000 0.000000
vt 0.000000 0.000000
vt 0.000000 0.000000
vt 0.000000 0.000000
vt 0.000000 0.000000
vt 0.000000 0.000000
vt 0.000000 0.000000
vt 0.000000 0.000000
vt 0.000000 0.000000
vt 0.000000 0.000000
vt 0.000000 0.000000
vt 0.000000 0.000000
vt 0.000000 0.000000
vt 0.000000 0.000000
vt 0.000000 0.000000
vt 0.000000 0.000000
vt 0.000000 0.000000
vt 0.000000 0.000000
vt 0.000000 0.000000
vt 0.000000 0.000000
vt 0.000000 0.000000
vt 0.000000 0.000000
vt 0.000000 0.000000
vt 0.000000 0.000000
vt 0.000000 0.000000
vt 0.000000 0.000000
vt 0.000000 0.000000
vt 0.000000 0.000000
vt 0.000000 0.000000
vt 0.000000 0.000000
vt 0.000000 0.000000
vt 0.000000 0.000000
vt 0.000000 0.000000
vt 0.000000 0.000000
vt 0.000000 0.000000
vt 0.000000 0.000000
vt 0.000000 0.000000
vt 0.000000 0.000000
vt 0.000000 0.000000
vt 0.000000 0.000000
vt 0.000000 0.000000
vt 0.000000 0.000000
vt 0.000000 0.000000
vt 0.000000 0.000000
vt 0.000000 0.000000
vt 0.000000 0.000000
vt 0.000000 0.000000
vt 0.000000 0.000000
vt 0.000000 0.000000
vt 0.000000 0.000000
vt 0.000000 0.000000
vt 0.000000 0.000000
vt 0.000000 0.000000
vt 0.000000 0.000000
vt 0.000000 0.000000
vt 0.000000 0.000000
vt 0.000000 0.000000
vt 0.000000 0.000000
vt 0.000000 0.000000
vt 0.000000 0.000000
vt 0.000000 0.000000
vt 0.000000 0.000000
vt 0.000000 0.000000
vt 0.000000 0.000000
vt 0.000000 0.000000
vt 0.000000 0.000000
vt 0.000000 0.000000
vt 0.000000 0.000000
vt 0.000000 0.000000
vt 0.000000 0.000000
vt 0.000000 0.000000
vt 0.000000 0.000000
vt 0.000000 0.000000
vt 0.000000 0.000000
vt 0.000000 0.000000
vt 0.000000 0.000000
vt 0.000000 0.000000
vt 0.000000 0.000000
vt 0.000000 0.000000
vt 0.000000 0.000000
vt 0.000000 0.000000
vt 0.000000 0.000000
vt 0.000000 0.000000
vt 0.000000 0.000000
vt 0.000000 0.000000
vt 0.000000 0.000000
vt 0.000000 0.000000
vt 0.000000 0.000000
vt 0.000000 0.000000
vt 0.000000 0.000000
vt 0.000000 0.000000
vt 0.000000 0.000000
vt 0.000000 0.000000
vt 0.000000 0.000000
vt 0.000000 0.000000
vt 0.000000 0.000000
vt 0.000000 0.000000
vt 0.000000 0.000000
vt 0.000000 0.000000
vt 0.000000 0.000000
vt 0.000000 0.000000
vt 0.000000 0.000000
vt 0.000000 0.000000
vt 0.000000 0.000000
vt 0.000000 0.000000
vt 0.000000 0.000000
vt 0.000000 0.000000
vt 0.000000 0.000000
vt 0.000000 0.000000
vt 0.000000 0.000000
vt 0.000000 0.000000
vt 0.000000 0.000000
vt 0.000000 0.000000
vt 0.000000 0.000000
vt 0.000000 0.000000
vt 0.000000 0.000000
vt 0.000000 0.000000
vt 0.000000 0.000000
vt 0.000000 0.000000
vt 0.000000 0.000000
vt 0.000000 0.000000
vt 0.000000 0.000000
vt 0.000000 0.000000
vt 0.000000 0.000000
vt 0.000000 0.000000
vt 0.000000 0.000000
vt 0.000000 0.000000
vt 0.000000 0.000000
vt 0.000000 0.000000
vt 0.000000 0.000000
vt 0.000000 0.000000
vt 0.000000 0.000000
vt 0.000000 0.000000
vt 0.000000 0.000000
vt 0.000000 0.000000
vt 0.000000 0.000000
vt 0.000000 0.000000
vt 0.000000 0.000000
vt 0.000000 0.000000
vt 0.000000 0.000000
vt 0.000000 0.000000
vt 0.000000 0.000000
vt 0.000000 0.000000
vt 0.000000 0.000000
vt 0.000000 0.000000
vt 0.000000 0.000000
vt 0.000000 0.000000
vt 0.000000 0.000000
vt 0.000000 0.000000
vt 0.000000 0.000000
vt 0.000000 0.000000
vt 0.000000 0.000000
vt 0.000000 0.000000
vt 0.000000 0.000000
vt 0.000000 0.000000
vt 0.000000 0.000000
vt 0.000000 0.000000
vt 0.000000 0.000000
vt 0.000000 0.000000
vt 0.000000 0.000000
vt 0.000000 0.000000
vt 0.000000 0.000000
vt 0.000000 0.000000
vt 0.000000 0.000000
vt 0.000000 0.000000
vt 0.000000 0.000000
vt 0.000000 0.000000
vt 0.000000 0.000000
vt 0.000000 0.000000
vt 0.000000 0.000000
vt 0.000000 0.000000
vt 0.000000 0.000000
vt 0.000000 0.000000
vt 0.000000 0.000000
vt 0.000000 0.000000
vt 0.000000 0.000000
vt 0.000000 0.000000
vt 0.000000 0.000000
vt 0.000000 0.000000
vt 0.000000 0.000000
vt 0.000000 0.000000
vt 0.000000 0.000000
vt 0.000000 0.000000
vt 0.000000 0.000000
vt 0.000000 0.000000
vt 0.000000 0.000000
vt 0.000000 0.000000
vt 0.000000 0.000000
vt 0.000000 0.000000
vt 0.000000 0.000000
vt 0.000000 0.000000
vt 0.000000 0.000000
vt 0.000000 0.000000
vt 0.000000 0.000000
vt 0.000000 0.000000
vt 0.000000 0.000000
vt 0.000000 0.000000
vt 0.000000 0.000000
vt 0.000000 0.000000
vt 0.000000 0.000000
vt 0.000000 0.000000
vt 0.000000 0.000000
vt 0.000000 0.000000
vt 0.000000 0.000000
vt 0.000000 0.000000
vt 0.000000 0.000000
vt 0.000000 0.000000
vt 0.000000 0.000000
vt 0.000000 0.000000
vt 0.000000 0.000000
vt 0.000000 0.000000
vt 0.000000 0.000000
vt 0.000000 0.000000
vt 0.000000 0.000000
vt 0.000000 0.000000
vt 0.000000 0.000000
vt 0.000000 0.000000
vt 0.000000 0.000000
vt 0.000000 0.000000
vt 0.000000 0.000000
vt 0.000000 0.000000
vt 0.000000 0.000000
vt 0.000000 0.000000
vt 0.000000 0.000000
vt 0.000000 0.000000
vt 0.000000 0.000000
vt 0.000000 0.000000
vt 0.000000 0.000000
vt 0.000000 0.000000
vt 0.000000 0.000000
vt 0.000000 0.000000
vt 0.000000 0.000000
vt 0.000000 0.000000
vt 0.000000 0.000000
vt 0.000000 0.000000
vt 0.000000 0.000000
vt 0.000000 0.000000
vt 0.000000 0.000000
vt 0.000000 0.000000
vt 0.000000 0.000000
vt 0.000000 0.000000
vt 0.000000 0.000000
vt 0.000000 0.000000
vt 0.000000 0.000000
vt 0.000000 0.000000
vt 0.000000 0.000000
vt 0.000000 0.000000
vt 0.000000 0.000000
vt 0.000000 0.000000
vt 0.000000 0.000000
vt 0.000000 0.000000
vt 0.000000 0.000000
vt 0.000000 0.000000
vt 0.000000 0.000000
vt 0.000000 0.000000
vt 0.000000 0.000000
vt 0.000000 0.000000
vt 0.000000 0.000000
vt 0.000000 0.000000
vt 0.000000 0.000000
vt 0.000000 0.000000
vt 0.000000 0.000000
vt 0.000000 0.000000
vt 0.000000 0.000000
vt 0.000000 0.000000
vt 0.000000 0.000000
vt 0.000000 0.000000
vt 0.000000 0.000000
vt 0.000000 0.000000
vt 0.000000 0.000000
vt 0.000000 0.000000
vt 0.000000 0.000000
vt 0.000000 0.000000
vt 0.000000 0.000000
vt 0.000000 0.000000
vt 0.000000 0.000000
vt 0.000000 0.000000
vt 0.000000 0.000000
vt 0.000000 0.000000
vt 0.000000 0.000000
vt 0.000000 0.000000
vt 0.000000 0.000000
vt 0.000000 0.000000
vt 0.000000 0.000000
vt 0.000000 0.000000
vt 0.000000 0.000000
vt 0.000000 0.000000
vt 0.000000 0.000000
vt 0.000000 0.000000
vt 0.000000 0.000000
vt 0.000000 0.000000
vt 0.000000 0.000000
vt 0.000000 0.000000
vt 0.000000 0.000000
vt 0.000000 0.000000
vt 0.000000 0.000000
vt 0.000000 0.000000
vt 0.000000 0.000000
vt 0.000000 0.000000
vt 0.000000 0.000000
vt 0.000000 0.000000
vt 0.000000 0.000000
vt 0.000000 0.000000
vt 0.000000 0.000000
vt 0.000000 0.000000
vt 0.000000 0.000000
vt 0.000000 0.000000
vt 0.000000 0.000000
vt 0.000000 0.000000
vt 0.000000 0.000000
vt 0.000000 0.000000
vt 0.000000 0.000000
vt 0.000000 0.000000
vt 0.000000 0.000000
vt 0.000000 0.000000
vt 0.000000 0.000000
vt 0.000000 0.000000
vt 0.000000 0.000000
vt 0.000000 0.000000
vt 0.000000 0.000000
vt 0.000000 0.000000
vt 0.000000 0.000000
vt 0.000000 0.000000
vt 0.000000 0.000000
vt 0.000000 0.000000
vt 0.000000 0.000000
vt 0.000000 0.000000
vt 0.000000 0.000000
vt 0.000000 0.000000
vt 0.000000 0.000000
vt 0.000000 0.000000
vt 0.000000 0.000000
vt 0.000000 0.000000
vt 0.000000 0.000000
vt 0.000000 0.000000
vt 0.000000 0.000000
vt 0.000000 0.000000
vt 0.000000 0.000000
vt 0.000000 0.000000
vt 0.000000 0.000000
vt 0.000000 0.000000
vt 0.000000 0.000000
vt 0.000000 0.000000
vt 0.000000 0.000000
vt 0.000000 0.000000
vt 0.000000 0.000000
vt 0.000000 0.000000
vt 0.000000 0.000000
vt 0.000000 0.000000
vt 0.000000 0.000000
vt 0.000000 0.000000
vt 0.000000 0.000000
vt 0.000000 0.000000
vt 0.000000 0.000000
vt 0.000000 0.000000
vt 0.000000 0.000000
vt 0.000000 0.000000
vt 0.000000 0.000000
vt 0.000000 0.000000
vt 0.000000 0.000000
vt 0.000000 0.000000
vt 0.000000 0.000000
vt 0.000000 0.000000
vt 0.000000 0.000000
vt 0.000000 0.000000
vt 0.000000 0.000000
vt 0.000000 0.000000
vt 0.000000 0.000000
vt 0.000000 0.000000
vt 0.000000 0.000000
vt 0.000000 0.000000
vt 0.000000 0.000000
vt 0.000000 0.000000
vt 0.000000 0.000000
vt 0.000000 0.000000
vt 0.000000 0.000000
vt 0.000000 0.000000
vt 0.000000 0.000000
vt 0.000000 0.000000
vt 0.000000 0.000000
vt 0.000000 0.000000
vt 0.000000 0.000000
vt 0.000000 0.000000
vt 0.000000 0.000000
vt 0.000000 0.000000
vt 0.000000 0.000000
vt 0.000000 0.000000
vt 0.000000 0.000000
vt 0.000000 0.000000
vt 0.000000 0.000000
vt 0.000000 0.000000
vt 0.000000 0.000000
vt 0.000000 0.000000
vt 0.000000 0.000000
vt 0.000000 0.000000
vt 0.000000 0.000000
vt 0.000000 0.000000
vt 0.000000 0.000000
vt 0.000000 0.000000
vt 0.000000 0.000000
vt 0.000000 0.000000
vt 0.000000 0.000000
vt 0.000000 0.000000
vt 0.000000 0.000000
vt 0.000000 0.000000
vt 0.000000 0.000000
vt 0.000000 0.000000
vt 0.000000 0.000000
vt 0.000000 0.000000
vt 0.000000 0.000000
vt 0.000000 0.000000
vt 0.000000 0.000000
vt 0.000000 0.000000
vt 0.000000 0.000000
vt 0.000000 0.000000
vt 0.000000 0.000000
vt 0.000000 0.000000
vt 0.000000 0.000000
vt 0.000000 0.000000
vt 0.000000 0.000000
vt 0.000000 0.000000
vt 0.000000 0.000000
vt 0.000000 0.000000
vt 0.000000 0.000000
vt 0.000000 0.000000
vt 0.000000 0.000000
vt 0.000000 0.000000
vt 0.000000 0.000000
vt 0.000000 0.000000
vt 0.000000 0.000000
vt 0.000000 0.000000
vt 0.000000 0.000000
vt 0.000000 0.000000
vt 0.000000 0.000000
vt 0.000000 0.000000
vt 0.000000 0.000000
vt 0.000000 0.000000
vt 0.000000 0.000000
vt 0.000000 0.000000
vt 0.000000 0.000000
vt 0.000000 0.000000
vt 0.000000 0.000000
vt 0.000000 0.000000
vt 0.000000 0.000000
vt 0.000000 0.000000
vt 0.000000 0.000000
vt 0.000000 0.000000
vt 0.000000 0.000000
vt 0.000000 0.000000
vt 0.000000 0.000000
vt 0.000000 0.000000
vt 0.000000 0.000000
vt 0.000000 0.000000
vt 0.000000 0.000000
vt 0.000000 0.000000
vt 0.000000 0.000000
vt 0.000000 0.000000
vt 0.000000 0.000000
vt 0.000000 0.000000
vt 0.000000 0.000000
vt 0.000000 0.000000
vt 0.000000 0.000000
vt 0.000000 0.000000
vt 0.000000 0.000000
vt 0.000000 0.000000
vt 0.000000 0.000000
vt 0.000000 0.000000
vt 0.000000 0.000000
vt 0.000000 0.000000
vt 0.000000 0.000000
vt 0.000000 0.000000
vt 0.000000 0.000000
vt 0.000000 0.000000
vt 0.000000 0.000000
vt 0.000000 0.000000
vt 0.000000 0.000000
vt 0.000000 0.000000
vt 0.000000 0.000000
vt 0.000000 0.000000
vt 0.000000 0.000000
vt 0.000000 0.000000
vt 0.000000 0.000000
vt 0.000000 0.000000
vt 0.000000 0.000000
vt 0.000000 0.000000
vt 0.000000 0.000000
vt 0.000000 0.000000
vt 0.000000 0.000000
vt 0.000000 0.000000
vt 0.000000 0.000000
vt 0.000000 0.000000
vt 0.000000 0.000000
vt 0.000000 0.000000
vt 0.000000 0.000000
vt 0.000000 0.000000
vt 0.000000 0.000000
vt 0.000000 0.000000
vt 0.000000 0.000000
vt 0.000000 0.000000
vt 0.000000 0.000000
vt 0.000000 0.000000
vt 0.000000 0.000000
vt 0.000000 0.000000
vt 0.000000 0.000000
vt 0.000000 0.000000
vt 0.000000 0.000000
vt 0.000000 0.000000
vt 0.000000 0.000000
vt 0.000000 0.000000
vt 0.000000 0.000000
vt 0.000000 0.000000
vt 0.000000 0.000000
vt 0.000000 0.000000
vt 0.000000 0.000000
vt 0.000000 0.000000
vt 0.000000 0.000000
vt 0.000000 0.000000
vt 0.000000 0.000000
vt 0.000000 0.000000
vt 0.000000 0.000000
vt 0.000000 0.000000
vt 0.000000 0.000000
vt 0.000000 0.000000
vt 0.000000 0.000000
vt 0.000000 0.000000
vt 0.000000 0.000000
vt 0.000000 0.000000
vt 0.000000 0.000000
vt 0.000000 0.000000
vt 0.000000 0.000000
vt 0.000000 0.000000
vt 0.000000 0.000000
vt 0.000000 0.000000
vt 0.000000 0.000000
vt 0.000000 0.000000
vt 0.000000 0.000000
vt 0.000000 0.000000
vt 0.000000 0.000000
vt 0.000000 0.000000
vt 0.000000 0.000000
vt 0.000000 0.000000
vt 0.000000 0.000000
vt 0.000000 0.000000
vt 0.000000 0.000000
vt 0.000000 0.000000
vt 0.000000 0.000000
vt 0.000000 0.000000
vt 0.000000 0.000000
vt 0.000000 0.000000
vt 0.000000 0.000000
vt 0.000000 0.000000
vt 0.000000 0.000000
vt 0.000000 0.000000
vt 0.000000 0.000000
vt 0.000000 0.000000
vt 0.000000 0.000000
vt 0.000000 0.000000
vt 0.000000 0.000000
vt 0.000000 0.000000
vt 0.000000 0.000000
vt 0.000000 0.000000
vt 0.000000 0.000000
vt 0.000000 0.000000
vt 0.000000 0.000000
vt 0.000000 0.000000
vt 0.000000 0.000000
vt 0.000000 0.000000
vt 0.000000 0.000000
vt 0.000000 0.000000
vt 0.000000 0.000000
vt 0.000000 0.000000
vt 0.000000 0.000000
vt 0.000000 0.000000
vt 0.000000 0.000000
vt 0.000000 0.000000
vt 0.000000 0.000000
vt 0.000000 0.000000
vt 0.000000 0.000000
vt 0.000000 0.000000
vt 0.000000 0.000000
vt 0.000000 0.000000
vt 0.000000 0.000000
vt 0.000000 0.000000
vt 0.000000 0.000000
vt 0.000000 0.000000
vt 0.000000 0.000000
vt 0.000000 0.000000
vt 0.000000 0.000000
vt 0.000000 0.000000
vt 0.000000 0.000000
vt 0.000000 0.000000
vt 0.000000 0.000000
vt 0.000000 0.000000
vt 0.000000 0.000000
vt 0.000000 0.000000
vt 0.000000 0.000000
vt 0.000000 0.000000
vt 0.000000 0.000000
vt 0.000000 0.000000
vt 0.000000 0.000000
vt 0.000000 0.000000
vt 0.000000 0.000000
vt 0.000000 0.000000
vt 0.000000 0.000000
vt 0.000000 0.000000
vt 0.000000 0.000000
vt 0.000000 0.000000
vt 0.000000 0.000000
vt 0.000000 0.000000
vt 0.000000 0.000000
vt 0.000000 0.000000
vt 0.000000 0.000000
vt 0.000000 0.000000
vt 0.000000 0.000000
vt 0.000000 0.000000
vt 0.000000 0.000000
vt 0.000000 0.000000
vt 0.000000 0.000000
vt 0.000000 0.000000
vt 0.000000 0.000000
vt 0.000000 0.000000
vt 0.000000 0.000000
vt 0.000000 0.000000
vt 0.000000 0.000000
vt 0.000000 0.000000
vt 0.000000 0.000000
vt 0.000000 0.000000
vt 0.000000 0.000000
vt 0.000000 0.000000
vt 0.000000 0.000000
vt 0.000000 0.000000
vt 0.000000 0.000000
vt 0.000000 0.000000
vt 0.000000 0.000000
vt 0.000000 0.000000
vt 0.000000 0.000000
vt 0.000000 0.000000
vt 0.000000 0.000000
vt 0.000000 0.000000
vt 0.000000 0.000000
vt 0.000000 0.000000
vt 0.000000 0.000000
vt 0.000000 0.000000
vt 0.000000 0.000000
vt 0.000000 0.000000
vt 0.000000 0.000000
vt 0.000000 0.000000
vt 0.000000 0.000000
vt 0.000000 0.000000
vt 0.000000 0.000000
vt 0.000000 0.000000
vt 0.000000 0.000000
vt 0.000000 0.000000
vt 0.000000 0.000000
vt 0.000000 0.000000
vt 0.000000 0.000000
vt 0.000000 0.000000
vt 0.000000 0.000000
vt 0.000000 0.000000
vt 0.000000 0.000000
vt 0.000000 0.000000
vt 0.000000 0.000000
vt 0.000000 0.000000
vt 0.000000 0.000000
vt 0.000000 0.000000
vt 0.000000 0.000000
vt 0.000000 0.000000
vt 0.000000 0.000000
vt 0.000000 0.000000
vt 0.000000 0.000000
vt 0.000000 0.000000
vt 0.000000 0.000000
vt 0.000000 0.000000
vt 0.000000 0.000000
vt 0.000000 0.000000
vt 0.000000 0.000000
vt 0.000000 0.000000
vt 0.000000 0.000000
vt 0.000000 0.000000
vt 0.000000 0.000000
vt 0.000000 0.000000
vt 0.000000 0.000000
vt 0.000000 0.000000
vt 0.000000 0.000000
vt 0.000000 0.000000
vt 0.000000 0.000000
vt 0.000000 0.000000
vt 0.000000 0.000000
vt 0.000000 0.000000
vt 0.000000 0.000000
vt 0.000000 0.000000
vt 0.000000 0.000000
vt 0.000000 0.000000
vt 0.000000 0.000000
vt 0.000000 0.000000
vt 0.000000 0.000000
vt 0.000000 0.000000
vt 0.000000 0.000000
vt 0.000000 0.000000
vt 0.000000 0.000000
vt 0.000000 0.000000
vt 0.000000 0.000000
vt 0.000000 0.000000
vt 0.000000 0.000000
vt 0.000000 0.000000
vt 0.000000 0.000000
vt 0.000000 0.000000
vt 0.000000 0.000000
vt 0.000000 0.000000
vt 0.000000 0.000000
vt 0.000000 0.000000
vt 0.000000 0.000000
vt 0.000000 0.000000
vt 0.000000 0.000000
vt 0.000000 0.000000
vt 0.000000 0.000000
vt 0.000000 0.000000
vt 0.000000 0.000000
vt 0.000000 0.000000
vt 0.000000 0.000000
vt 0.000000 0.000000
vt 0.000000 0.000000
vt 0.000000 0.000000
vt 0.000000 0.000000
vt 0.000000 0.000000
vt 0.000000 0.000000
vt 0.000000 0.000000
vt 0.000000 0.000000
vt 0.000000 0.000000
vt 0.000000 0.000000
vt 0.000000 0.000000
vt 0.000000 0.000000
vt 0.000000 0.000000
vt 0.000000 0.000000
vt 0.000000 0.000000
vt 0.000000 0.000000
vt 0.000000 0.000000
vt 0.000000 0.000000
vt 0.000000 0.000000
vt 0.000000 0.000000
vt 0.000000 0.000000
vt 0.000000 0.000000
vt 0.000000 0.000000
vt 0.000000 0.000000
vt 0.000000 0.000000
vt 0.000000 0.000000
vt 0.000000 0.000000
vt 0.000000 0.000000
vt 0.000000 0.000000
vt 0.000000 0.000000
vt 0.000000 0.000000
vt 0.000000 0.000000
vt 0.000000 0.000000
vt 0.000000 0.000000
vt 0.000000 0.000000
vt 0.000000 0.000000
vt 0.000000 0.000000
vt 0.000000 0.000000
vt 0.000000 0.000000
vt 0.000000 0.000000
vt 0.000000 0.000000
vt 0.000000 0.000000
vt 0.000000 0.000000
vt 0.000000 0.000000
vt 0.000000 0.000000
vt 0.000000 0.000000
vt 0.000000 0.000000
vt 0.000000 0.000000
vt 0.000000 0.000000
vt 0.000000 0.000000
vt 0.000000 0.000000
vt 0.000000 0.000000
vt 0.000000 0.000000
vt 0.000000 0.000000
vt 0.000000 0.000000
vt 0.000000 0.000000
vt 0.000000 0.000000
vt 0.000000 0.000000
vt 0.000000 0.000000
vt 0.000000 0.000000
vt 0.000000 0.000000
vt 0.000000 0.000000
vt 0.000000 0.000000
vt 0.000000 0.000000
vt 0.000000 0.000000
vt 0.000000 0.000000
vt 0.000000 0.000000
vt 0.000000 0.000000
vt 0.000000 0.000000
vt 0.000000 0.000000
vt 0.000000 0.000000
vt 0.000000 0.000000
vt 0.000000 0.000000
vt 0.000000 0.000000
vt 0.000000 0.000000
vt 0.000000 0.000000
vt 0.000000 0.000000
vt 0.000000 0.000000
vt 0.000000 0.000000
vt 0.000000 0.000000
vt 0.000000 0.000000
vt 0.000000 0.000000
vt 0.000000 0.000000
vt 0.000000 0.000000
vt 0.000000 0.000000
vt 0.000000 0.000000
vt 0.000000 0.000000
vt 0.000000 0.000000
vt 0.000000 0.000000
vt 0.000000 0.000000
vt 0.000000 0.000000
vt 0.000000 0.000000
vt 0.000000 0.000000
vt 0.000000 0.000000
vt 0.000000 0.000000
vt 0.000000 0.000000
vt 0.000000 0.000000
vt 0.000000 0.000000
vt 0.000000 0.000000
vt 0.000000 0.000000
vt 0.000000 0.000000
vt 0.000000 0.000000
vt 0.000000 0.000000
vt 0.000000 0.000000
vt 0.000000 0.000000
vt 0.000000 0.000000
vt 0.000000 0.000000
vt 0.000000 0.000000
vt 0.000000 0.000000
vt 0.000000 0.000000
vt 0.000000 0.000000
vt 0.000000 0.000000
vt 0.000000 0.000000
vt 0.000000 0.000000
vt 0.000000 0.000000
vt 0.000000 0.000000
vt 0.000000 0.000000
vt 0.000000 0.000000
vt 0.000000 0.000000
vt 0.000000 0.000000
vt 0.000000 0.000000
vt 0.000000 0.000000
vt 0.000000 0.000000
vt 0.000000 0.000000
vt 0.000000 0.000000
vt 0.000000 0.000000
vt 0.000000 0.000000
vt 0.000000 0.000000
vt 0.000000 0.000000
vt 0.000000 0.000000
vt 0.000000 0.000000
vt 0.000000 0.000000
vt 0.000000 0.000000
vt 0.000000 0.000000
vt 0.000000 0.000000
vt 0.000000 0.000000
vt 0.000000 0.000000
vt 0.000000 0.000000
vt 0.000000 0.000000
vt 0.000000 0.000000
vt 0.000000 0.000000
vt 0.000000 0.000000
vt 0.000000 0.000000
vt 0.000000 0.000000
vt 0.000000 0.000000
vt 0.000000 0.000000
vt 0.000000 0.000000
vt 0.000000 0.000000
vt 0.000000 0.000000
vt 0.000000 0.000000
vt 0.000000 0.000000
vt 0.000000 0.000000
vt 0.000000 0.000000
vt 0.000000 0.000000
vt 0.000000 0.000000
vt 0.000000 0.000000
vt 0.000000 0.000000
vt 0.000000 0.000000
vt 0.000000 0.000000
vt 0.000000 0.000000
vt 0.000000 0.000000
vt 0.000000 0.000000
vt 0.000000 0.000000
vt 0.000000 0.000000
vt 0.000000 0.000000
vt 0.000000 0.000000
vt 0.000000 0.000000
vt 0.000000 0.000000
vt 0.000000 0.000000
vt 0.000000 0.000000
vt 0.000000 0.000000
vt 0.000000 0.000000
vt 0.000000 0.000000
vt 0.000000 0.000000
vt 0.000000 0.000000
vt 0.000000 0.000000
vt 0.000000 0.000000
vt 0.000000 0.000000
vt 0.000000 0.000000
vt 0.000000 0.000000
vt 0.000000 0.000000
vt 0.000000 0.000000
vt 0.000000 0.000000
vt 0.000000 0.000000
vt 0.000000 0.000000
vt 0.000000 0.000000
vt 0.000000 0.000000
vt 0.000000 0.000000
vt 0.000000 0.000000
vt 0.000000 0.000000
vt 0.000000 0.000000
vt 0.000000 0.000000
vt 0.000000 0.000000
vt 0.000000 0.000000
vt 0.000000 0.000000
vt 0.000000 0.000000
vt 0.000000 0.000000
vt 0.000000 0.000000
vt 0.000000 0.000000
vt 0.000000 0.000000
vt 0.000000 0.000000
vt 0.000000 0.000000
vt 0.000000 0.000000
vt 0.000000 0.000000
vt 0.000000 0.000000
vt 0.000000 0.000000
vt 0.000000 0.000000
vt 0.000000 0.000000
vt 0.000000 0.000000
vt 0.000000 0.000000
vt 0.000000 0.000000
vt 0.000000 0.000000
vt 0.000000 0.000000
vt 0.000000 0.000000
vt 0.000000 0.000000
vt 0.000000 0.000000
vt 0.000000 0.000000
vt 0.000000 0.000000
vt 0.000000 0.000000
vt 0.000000 0.000000
vt 0.000000 0.000000
vt 0.000000 0.000000
vt 0.000000 0.000000
vt 0.000000 0.000000
vt 0.000000 0.000000
vt 0.000000 0.000000
vt 0.000000 0.000000
vt 0.000000 0.000000
vt 0.000000 0.000000
vt 0.000000 0.000000
vt 0.000000 0.000000
vt 0.000000 0.000000
vt 0.000000 0.000000
vt 0.000000 0.000000
vt 0.000000 0.000000
vt 0.000000 0.000000
vt 0.000000 0.000000
vt 0.000000 0.000000
vt 0.000000 0.000000
vt 0.000000 0.000000
vt 0.000000 0.000000
vt 0.000000 0.000000
vt 0.000000 0.000000
vt 0.000000 0.000000
vt 0.000000 0.000000
vt 0.000000 0.000000
vt 0.000000 0.000000
vt 0.000000 0.000000
vt 0.000000 0.000000
vt 0.000000 0.000000
vt 0.000000 0.000000
vt 0.625000 0.500000
vt 0.611009 0.500000
vt 0.611009 0.500000
vt 0.625000 0.500000
vt 0.375000 0.275000
vt 0.350000 0.500000
vt 0.350000 0.500000
vt 0.150000 0.500000
vt 0.600420 0.500000
vt 0.399580 0.500000
vt 0.399580 0.500000
vt 0.600420 0.500000
vt 0.139147 0.500000
vt 0.125000 0.500000
vt 0.125000 0.500000
vt 0.139147 0.500000
vt 0.388369 0.498884
vt 0.388369 0.498884
vt 0.600420 0.250000
vt 0.611009 0.250000
vt 0.611009 0.250000
vt 0.600420 0.250000
vt 0.388909 0.250000
vt 0.399580 0.250000
vt 0.399580 0.250000
vt 0.388909 0.250000
vt 0.366667 0.495833
vt 0.366667 0.495833
vt 0.378293 0.265793
vt 0.387290 0.265639
vt 0.600420 0.475420
vt 0.609417 0.487710
vt 0.609417 0.496707
vt 0.150000 0.500000
vt 1.000000 0.500000
vt 1.000000 1.000000
vt 0.833333 1.000000
vt 0.833333 0.500000
vt 0.666667 1.000000
vt 0.666667 0.500000
vt 0.500000 1.000000
vt 0.500000 0.500000
vt 0.333333 1.000000
vt 0.333333 0.500000
vt 0.166667 1.000000
vt 0.166667 0.500000
vt -0.000000 1.000000
vt -0.000000 0.500000
vt 0.750000 0.490000
vt 0.957846 0.370000
vt 0.957846 0.130000
vt 0.750000 0.010000
vt 0.542154 0.130000
vt 0.542154 0.370000
vt 1.000000 0.500000
vt 1.000000 1.000000
vt 0.833333 1.000000
vt 0.833333 0.500000
vt 0.666667 1.000000
vt 0.666667 0.500000
vt 0.500000 1.000000
vt 0.500000 0.500000
vt 0.333333 1.000000
vt 0.333333 0.500000
vt 0.166667 1.000000
vt 0.166667 0.500000
vt -0.000000 1.000000
vt -0.000000 0.500000
vt 0.750000 0.490000
vt 0.957846 0.370000
vt 0.957846 0.130000
vt 0.750000 0.010000
vt 0.542154 0.130000
vt 0.542154 0.370000
vt 1.000000 0.500000
vt 1.000000 1.000000
vt 0.833333 1.000000
vt 0.833333 0.500000
vt 0.666667 1.000000
vt 0.666667 0.500000
vt 0.500000 1.000000
vt 0.500000 0.500000
vt 0.333333 1.000000
vt 0.333333 0.500000
vt 0.166667 1.000000
vt 0.166667 0.500000
vt -0.000000 1.000000
vt -0.000000 0.500000
vt 0.750000 0.490000
vt 0.957846 0.370000
vt 0.957846 0.130000
vt 0.750000 0.010000
vt 0.542154 0.130000
vt 0.542154 0.370000
vt 1.000000 0.500000
vt 1.000000 1.000000
vt 0.833333 1.000000
vt 0.833333 0.500000
vt 0.666667 1.000000
vt 0.666667 0.500000
vt 0.500000 1.000000
vt 0.500000 0.500000
vt 0.333333 1.000000
vt 0.333333 0.500000
vt 0.166667 1.000000
vt 0.166667 0.500000
vt -0.000000 1.000000
vt -0.000000 0.500000
vt 0.750000 0.490000
vt 0.957846 0.370000
vt 0.957846 0.130000
vt 0.750000 0.010000
vt 0.542154 0.130000
vt 0.542154 0.370000
vt 1.000000 0.500000
vt 1.000000 1.000000
vt 0.833333 1.000000
vt 0.833333 0.500000
vt 0.666667 1.000000
vt 0.666667 0.500000
vt 0.500000 1.000000
vt 0.500000 0.500000
vt 0.333333 1.000000
vt 0.333333 0.500000
vt 0.166667 1.000000
vt 0.166667 0.500000
vt -0.000000 1.000000
vt -0.000000 0.500000
vt 0.750000 0.490000
vt 0.957846 0.370000
vt 0.957846 0.130000
vt 0.750000 0.010000
vt 0.542154 0.130000
vt 0.542154 0.370000
vt 1.000000 0.500000
vt 1.000000 1.000000
vt 0.833333 1.000000
vt 0.833333 0.500000
vt 0.666667 1.000000
vt 0.666667 0.500000
vt 0.500000 1.000000
vt 0.500000 0.500000
vt 0.333333 1.000000
vt 0.333333 0.500000
vt 0.166667 1.000000
vt 0.166667 0.500000
vt -0.000000 1.000000
vt -0.000000 0.500000
vt 0.750000 0.490000
vt 0.957846 0.370000
vt 0.957846 0.130000
vt 0.750000 0.010000
vt 0.542154 0.130000
vt 0.542154 0.370000
vt 0.139147 0.500000
vt 0.150000 0.500000
vt 0.350000 0.500000
vt 0.366667 0.495833
vt 0.388369 0.498884
vt 0.399580 0.500000
vt 0.600420 0.500000
vt 0.611009 0.500000
vt 0.611009 0.250000
vt 0.600420 0.250000
vt 0.399580 0.250000
vt 0.125000 0.500000
vt 0.600420 0.475420
vt 0.399580 0.250000
vt 0.366667 0.495833
vt 0.388369 0.498884
vt 0.139147 0.500000
vt 0.150000 0.500000
vt 0.350000 0.500000
vt 0.375000 0.275000
vt 0.378293 0.265793
vt 0.387290 0.265639
vt 0.609417 0.487710
vt 0.609417 0.496707
vt 0.600420 0.500000
vt 0.399580 0.500000
vt 0.611009 0.500000
vt 0.388909 0.250000
vt 0.388909 0.250000
vt 0.611009 0.250000
vt 0.600420 0.250000
vt 0.125000 0.500000
vt 0.625000 0.500000
vt 0.625000 0.500000
vt 0.750000 0.490000
vt 0.957846 0.370000
vt 0.957846 0.130000
vt 0.750000 0.010000
vt 0.542154 0.130000
vt 0.542154 0.370000
vt 0.166667 0.500000
vt 0.166667 1.000000
vt -0.000000 1.000000
vt -0.000000 0.500000
vt 0.333333 0.500000
vt 0.333333 1.000000
vt 0.500000 0.500000
vt 0.500000 1.000000
vt 0.666667 0.500000
vt 0.666667 1.000000
vt 0.833333 0.500000
vt 0.833333 1.000000
vt 1.000000 0.500000
vt 1.000000 1.000000
vt 0.750000 0.490000
vt 0.957846 0.370000
vt 0.957846 0.130000
vt 0.750000 0.010000
vt 0.542154 0.130000
vt 0.542154 0.370000
vt 0.166667 0.500000
vt 0.166667 1.000000
vt -0.000000 1.000000
vt -0.000000 0.500000
vt 0.333333 0.500000
vt 0.333333 1.000000
vt 0.500000 0.500000
vt 0.500000 1.000000
vt 0.666667 0.500000
vt 0.666667 1.000000
vt 0.833333 0.500000
vt 0.833333 1.000000
vt 1.000000 0.500000
vt 1.000000 1.000000
vt 0.750000 0.490000
vt 0.957846 0.370000
vt 0.957846 0.130000
vt 0.750000 0.010000
vt 0.542154 0.130000
vt 0.542154 0.370000
vt 0.166667 0.500000
vt 0.166667 1.000000
vt -0.000000 1.000000
vt -0.000000 0.500000
vt 0.333333 0.500000
vt 0.333333 1.000000
vt 0.500000 0.500000
vt 0.500000 1.000000
vt 0.666667 0.500000
vt 0.666667 1.000000
vt 0.833333 0.500000
vt 0.833333 1.000000
vt 1.000000 0.500000
vt 1.000000 1.000000
vt 0.750000 0.490000
vt 0.957846 0.370000
vt 0.957846 0.130000
vt 0.750000 0.010000
vt 0.542154 0.130000
vt 0.542154 0.370000
vt 0.166667 0.500000
vt 0.166667 1.000000
vt -0.000000 1.000000
vt -0.000000 0.500000
vt 0.333333 0.500000
vt 0.333333 1.000000
vt 0.500000 0.500000
vt 0.500000 1.000000
vt 0.666667 0.500000
vt 0.666667 1.000000
vt 0.833333 0.500000
vt 0.833333 1.000000
vt 1.000000 0.500000
vt 1.000000 1.000000
vt 0.750000 0.490000
vt 0.957846 0.370000
vt 0.957846 0.130000
vt 0.750000 0.010000
vt 0.542154 0.130000
vt 0.542154 0.370000
vt 0.166667 0.500000
vt 0.166667 1.000000
vt -0.000000 1.000000
vt -0.000000 0.500000
vt 0.333333 0.500000
vt 0.333333 1.000000
vt 0.500000 0.500000
vt 0.500000 1.000000
vt 0.666667 0.500000
vt 0.666667 1.000000
vt 0.833333 0.500000
vt 0.833333 1.000000
vt 1.000000 0.500000
vt 1.000000 1.000000
vt 0.750000 0.490000
vt 0.957846 0.370000
vt 0.957846 0.130000
vt 0.750000 0.010000
vt 0.542154 0.130000
vt 0.542154 0.370000
vt 0.166667 0.500000
vt 0.166667 1.000000
vt -0.000000 1.000000
vt -0.000000 0.500000
vt 0.333333 0.500000
vt 0.333333 1.000000
vt 0.500000 0.500000
vt 0.500000 1.000000
vt 0.666667 0.500000
vt 0.666667 1.000000
vt 0.833333 0.500000
vt 0.833333 1.000000
vt 1.000000 0.500000
vt 1.000000 1.000000
vt 0.625000 0.500000
vt 0.611009 0.500000
vt 0.611009 0.500000
vt 0.625000 0.500000
vt 0.375000 0.275000
vt 0.350000 0.500000
vt 0.350000 0.500000
vt 0.150000 0.500000
vt 0.600420 0.500000
vt 0.399580 0.500000
vt 0.399580 0.500000
vt 0.600420 0.500000
vt 0.139147 0.500000
vt 0.125000 0.500000
vt 0.125000 0.500000
vt 0.139147 0.500000
vt 0.388369 0.498884
vt 0.388369 0.498884
vt 0.600420 0.250000
vt 0.611009 0.250000
vt 0.611009 0.250000
vt 0.600420 0.250000
vt 0.388909 0.250000
vt 0.399580 0.250000
vt 0.399580 0.250000
vt 0.388909 0.250000
vt 0.366667 0.495833
vt 0.366667 0.495833
vt 0.378293 0.265793
vt 0.387290 0.265639
vt 0.600420 0.475420
vt 0.609417 0.487710
vt 0.609417 0.496707
vt 0.150000 0.500000
vt 1.000000 0.500000
vt 1.000000 1.000000
vt 0.833333 1.000000
vt 0.833333 0.500000
vt 0.666667 1.000000
vt 0.666667 0.500000
vt 0.500000 1.000000
vt 0.500000 0.500000
vt 0.333333 1.000000
vt 0.333333 0.500000
vt 0.166667 1.000000
vt 0.166667 0.500000
vt -0.000000 1.000000
vt -0.000000 0.500000
vt 0.750000 0.490000
vt 0.957846 0.370000
vt 0.957846 0.130000
vt 0.750000 0.010000
vt 0.542154 0.130000
vt 0.542154 0.370000
vt 1.000000 0.500000
vt 1.000000 1.000000
vt 0.833333 1.000000
vt 0.833333 0.500000
vt 0.666667 1.000000
vt 0.666667 0.500000
vt 0.500000 1.000000
vt 0.500000 0.500000
vt 0.333333 1.000000
vt 0.333333 0.500000
vt 0.166667 1.000000
vt 0.166667 0.500000
vt -0.000000 1.000000
vt -0.000000 0.500000
vt 0.750000 0.490000
vt 0.957846 0.370000
vt 0.957846 0.130000
vt 0.750000 0.010000
vt 0.542154 0.130000
vt 0.542154 0.370000
vt 1.000000 0.500000
vt 1.000000 1.000000
vt 0.833333 1.000000
vt 0.833333 0.500000
vt 0.666667 1.000000
vt 0.666667 0.500000
vt 0.500000 1.000000
vt 0.500000 0.500000
vt 0.333333 1.000000
vt 0.333333 0.500000
vt 0.166667 1.000000
vt 0.166667 0.500000
vt -0.000000 1.000000
vt -0.000000 0.500000
vt 0.750000 0.490000
vt 0.957846 0.370000
vt 0.957846 0.130000
vt 0.750000 0.010000
vt 0.542154 0.130000
vt 0.542154 0.370000
vt 1.000000 0.500000
vt 1.000000 1.000000
vt 0.833333 1.000000
vt 0.833333 0.500000
vt 0.666667 1.000000
vt 0.666667 0.500000
vt 0.500000 1.000000
vt 0.500000 0.500000
vt 0.333333 1.000000
vt 0.333333 0.500000
vt 0.166667 1.000000
vt 0.166667 0.500000
vt -0.000000 1.000000
vt -0.000000 0.500000
vt 0.750000 0.490000
vt 0.957846 0.370000
vt 0.957846 0.130000
vt 0.750000 0.010000
vt 0.542154 0.130000
vt 0.542154 0.370000
vt 1.000000 0.500000
vt 1.000000 1.000000
vt 0.833333 1.000000
vt 0.833333 0.500000
vt 0.666667 1.000000
vt 0.666667 0.500000
vt 0.500000 1.000000
vt 0.500000 0.500000
vt 0.333333 1.000000
vt 0.333333 0.500000
vt 0.166667 1.000000
vt 0.166667 0.500000
vt -0.000000 1.000000
vt -0.000000 0.500000
vt 0.750000 0.490000
vt 0.957846 0.370000
vt 0.957846 0.130000
vt 0.750000 0.010000
vt 0.542154 0.130000
vt 0.542154 0.370000
vt 1.000000 0.500000
vt 1.000000 1.000000
vt 0.833333 1.000000
vt 0.833333 0.500000
vt 0.666667 1.000000
vt 0.666667 0.500000
vt 0.500000 1.000000
vt 0.500000 0.500000
vt 0.333333 1.000000
vt 0.333333 0.500000
vt 0.166667 1.000000
vt 0.166667 0.500000
vt -0.000000 1.000000
vt -0.000000 0.500000
vt 0.750000 0.490000
vt 0.957846 0.370000
vt 0.957846 0.130000
vt 0.750000 0.010000
vt 0.542154 0.130000
vt 0.542154 0.370000
vt 0.139147 0.500000
vt 0.150000 0.500000
vt 0.350000 0.500000
vt 0.366667 0.495833
vt 0.388369 0.498884
vt 0.399580 0.500000
vt 0.600420 0.500000
vt 0.611009 0.500000
vt 0.611009 0.250000
vt 0.600420 0.250000
vt 0.399580 0.250000
vt 0.125000 0.500000
vt 0.600420 0.475420
vt 0.399580 0.250000
vt 0.366667 0.495833
vt 0.388369 0.498884
vt 0.139147 0.500000
vt 0.150000 0.500000
vt 0.350000 0.500000
vt 0.375000 0.275000
vt 0.378293 0.265793
vt 0.387290 0.265639
vt 0.609417 0.487710
vt 0.609417 0.496707
vt 0.600420 0.500000
vt 0.399580 0.500000
vt 0.611009 0.500000
vt 0.388909 0.250000
vt 0.388909 0.250000
vt 0.611009 0.250000
vt 0.600420 0.250000
vt 0.125000 0.500000
vt 0.625000 0.500000
vt 0.625000 0.500000
vt 0.750000 0.490000
vt 0.957846 0.370000
vt 0.957846 0.130000
vt 0.750000 0.010000
vt 0.542154 0.130000
vt 0.542154 0.370000
vt 0.166667 0.500000
vt 0.166667 1.000000
vt -0.000000 1.000000
vt -0.000000 0.500000
vt 0.333333 0.500000
vt 0.333333 1.000000
vt 0.500000 0.500000
vt 0.500000 1.000000
vt 0.666667 0.500000
vt 0.666667 1.000000
vt 0.833333 0.500000
vt 0.833333 1.000000
vt 1.000000 0.500000
vt 1.000000 1.000000
vt 0.750000 0.490000
vt 0.957846 0.370000
vt 0.957846 0.130000
vt 0.750000 0.010000
vt 0.542154 0.130000
vt 0.542154 0.370000
vt 0.166667 0.500000
vt 0.166667 1.000000
vt -0.000000 1.000000
vt -0.000000 0.500000
vt 0.333333 0.500000
vt 0.333333 1.000000
vt 0.500000 0.500000
vt 0.500000 1.000000
vt 0.666667 0.500000
vt 0.666667 1.000000
vt 0.833333 0.500000
vt 0.833333 1.000000
vt 1.000000 0.500000
vt 1.000000 1.000000
vt 0.750000 0.490000
vt 0.957846 0.370000
vt 0.957846 0.130000
vt 0.750000 0.010000
vt 0.542154 0.130000
vt 0.542154 0.370000
vt 0.166667 0.500000
vt 0.166667 1.000000
vt -0.000000 1.000000
vt -0.000000 0.500000
vt 0.333333 0.500000
vt 0.333333 1.000000
vt 0.500000 0.500000
vt 0.500000 1.000000
vt 0.666667 0.500000
vt 0.666667 1.000000
vt 0.833333 0.500000
vt 0.833333 1.000000
vt 1.000000 0.500000
vt 1.000000 1.000000
vt 0.750000 0.490000
vt 0.957846 0.370000
vt 0.957846 0.130000
vt 0.750000 0.010000
vt 0.542154 0.130000
vt 0.542154 0.370000
vt 0.166667 0.500000
vt 0.166667 1.000000
vt -0.000000 1.000000
vt -0.000000 0.500000
vt 0.333333 0.500000
vt 0.333333 1.000000
vt 0.500000 0.500000
vt 0.500000 1.000000
vt 0.666667 0.500000
vt 0.666667 1.000000
vt 0.833333 0.500000
vt 0.833333 1.000000
vt 1.000000 0.500000
vt 1.000000 1.000000
vt 0.750000 0.490000
vt 0.957846 0.370000
vt 0.957846 0.130000
vt 0.750000 0.010000
vt 0.542154 0.130000
vt 0.542154 0.370000
vt 0.166667 0.500000
vt 0.166667 1.000000
vt -0.000000 1.000000
vt -0.000000 0.500000
vt 0.333333 0.500000
vt 0.333333 1.000000
vt 0.500000 0.500000
vt 0.500000 1.000000
vt 0.666667 0.500000
vt 0.666667 1.000000
vt 0.833333 0.500000
vt 0.833333 1.000000
vt 1.000000 0.500000
vt 1.000000 1.000000
vt 0.750000 0.490000
vt 0.957846 0.370000
vt 0.957846 0.130000
vt 0.750000 0.010000
vt 0.542154 0.130000
vt 0.542154 0.370000
vt 0.166667 0.500000
vt 0.166667 1.000000
vt -0.000000 1.000000
vt -0.000000 0.500000
vt 0.333333 0.500000
vt 0.333333 1.000000
vt 0.500000 0.500000
vt 0.500000 1.000000
vt 0.666667 0.500000
vt 0.666667 1.000000
vt 0.833333 0.500000
vt 0.833333 1.000000
vt 1.000000 0.500000
vt 1.000000 1.000000
vt 0.625000 0.500000
vt 0.611009 0.500000
vt 0.611009 0.500000
vt 0.625000 0.500000
vt 0.375000 0.275000
vt 0.350000 0.500000
vt 0.350000 0.500000
vt 0.150000 0.500000
vt 0.600420 0.500000
vt 0.399580 0.500000
vt 0.399580 0.500000
vt 0.600420 0.500000
vt 0.139147 0.500000
vt 0.125000 0.500000
vt 0.125000 0.500000
vt 0.139147 0.500000
vt 0.388369 0.498884
vt 0.388369 0.498884
vt 0.600420 0.250000
vt 0.611009 0.250000
vt 0.611009 0.250000
vt 0.600420 0.250000
vt 0.388909 0.250000
vt 0.399580 0.250000
vt 0.399580 0.250000
vt 0.388909 0.250000
vt 0.366667 0.495833
vt 0.366667 0.495833
vt 0.378293 0.265793
vt 0.387290 0.265639
vt 0.600420 0.475420
vt 0.609417 0.487710
vt 0.609417 0.496707
vt 0.150000 0.500000
vt 1.000000 0.500000
vt 1.000000 1.000000
vt 0.833333 1.000000
vt 0.833333 0.500000
vt 0.666667 1.000000
vt 0.666667 0.500000
vt 0.500000 1.000000
vt 0.500000 0.500000
vt 0.333333 1.000000
vt 0.333333 0.500000
vt 0.166667 1.000000
vt 0.166667 0.500000
vt -0.000000 1.000000
vt -0.000000 0.500000
vt 0.750000 0.490000
vt 0.957846 0.370000
vt 0.957846 0.130000
vt 0.750000 0.010000
vt 0.542154 0.130000
vt 0.542154 0.370000
vt 1.000000 0.500000
vt 1.000000 1.000000
vt 0.833333 1.000000
vt 0.833333 0.500000
vt 0.666667 1.000000
vt 0.666667 0.500000
vt 0.500000 1.000000
vt 0.500000 0.500000
vt 0.333333 1.000000
vt 0.333333 0.500000
vt 0.166667 1.000000
vt 0.166667 0.500000
vt -0.000000 1.000000
vt -0.000000 0.500000
vt 0.750000 0.490000
vt 0.957846 0.370000
vt 0.957846 0.130000
vt 0.750000 0.010000
vt 0.542154 0.130000
vt 0.542154 0.370000
vt 1.000000 0.500000
vt 1.000000 1.000000
vt 0.833333 1.000000
vt 0.833333 0.500000
vt 0.666667 1.000000
vt 0.666667 0.500000
vt 0.500000 1.000000
vt 0.500000 0.500000
vt 0.333333 1.000000
vt 0.333333 0.500000
vt 0.166667 1.000000
vt 0.166667 0.500000
vt -0.000000 1.000000
vt -0.000000 0.500000
vt 0.750000 0.490000
vt 0.957846 0.370000
vt 0.957846 0.130000
vt 0.750000 0.010000
vt 0.542154 0.130000
vt 0.542154 0.370000
vt 0.625000 0.500000
vt 0.611009 0.500000
vt 0.611009 0.500000
vt 0.625000 0.500000
vt 0.375000 0.275000
vt 0.350000 0.500000
vt 0.350000 0.500000
vt 0.150000 0.500000
vt 0.600420 0.500000
vt 0.399580 0.500000
vt 0.399580 0.500000
vt 0.600420 0.500000
vt 0.139147 0.500000
vt 0.125000 0.500000
vt 0.125000 0.500000
vt 0.139147 0.500000
vt 0.388369 0.498884
vt 0.388369 0.498884
vt 0.600420 0.250000
vt 0.611009 0.250000
vt 0.611009 0.250000
vt 0.600420 0.250000
vt 0.388909 0.250000
vt 0.399580 0.250000
vt 0.399580 0.250000
vt 0.388909 0.250000
vt 0.366667 0.495833
vt 0.366667 0.495833
vt 0.378293 0.265793
vt 0.387290 0.265639
vt 0.600420 0.475420
vt 0.609417 0.487710
vt 0.609417 0.496707
vt 0.150000 0.500000
vt 1.000000 0.500000
vt 1.000000 1.000000
vt 0.833333 1.000000
vt 0.833333 0.500000
vt 0.666667 1.000000
vt 0.666667 0.500000
vt 0.500000 1.000000
vt 0.500000 0.500000
vt 0.333333 1.000000
vt 0.333333 0.500000
vt 0.166667 1.000000
vt 0.166667 0.500000
vt -0.000000 1.000000
vt -0.000000 0.500000
vt 0.750000 0.490000
vt 0.957846 0.370000
vt 0.957846 0.130000
vt 0.750000 0.010000
vt 0.542154 0.130000
vt 0.542154 0.370000
vt 1.000000 0.500000
vt 1.000000 1.000000
vt 0.833333 1.000000
vt 0.833333 0.500000
vt 0.666667 1.000000
vt 0.666667 0.500000
vt 0.500000 1.000000
vt 0.500000 0.500000
vt 0.333333 1.000000
vt 0.333333 0.500000
vt 0.166667 1.000000
vt 0.166667 0.500000
vt -0.000000 1.000000
vt -0.000000 0.500000
vt 0.750000 0.490000
vt 0.957846 0.370000
vt 0.957846 0.130000
vt 0.750000 0.010000
vt 0.542154 0.130000
vt 0.542154 0.370000
vt 1.000000 0.500000
vt 1.000000 1.000000
vt 0.833333 1.000000
vt 0.833333 0.500000
vt 0.666667 1.000000
vt 0.666667 0.500000
vt 0.500000 1.000000
vt 0.500000 0.500000
vt 0.333333 1.000000
vt 0.333333 0.500000
vt 0.166667 1.000000
vt 0.166667 0.500000
vt -0.000000 1.000000
vt -0.000000 0.500000
vt 0.750000 0.490000
vt 0.957846 0.370000
vt 0.957846 0.130000
vt 0.750000 0.010000
vt 0.542154 0.130000
vt 0.542154 0.370000
vt 1.000000 0.500000
vt 1.000000 1.000000
vt 0.833333 1.000000
vt 0.833333 0.500000
vt 0.666667 1.000000
vt 0.666667 0.500000
vt 0.500000 1.000000
vt 0.500000 0.500000
vt 0.333333 1.000000
vt 0.333333 0.500000
vt 0.166667 1.000000
vt 0.166667 0.500000
vt -0.000000 1.000000
vt -0.000000 0.500000
vt 0.750000 0.490000
vt 0.957846 0.370000
vt 0.957846 0.130000
vt 0.750000 0.010000
vt 0.542154 0.130000
vt 0.542154 0.370000
vt 1.000000 0.500000
vt 1.000000 1.000000
vt 0.833333 1.000000
vt 0.833333 0.500000
vt 0.666667 1.000000
vt 0.666667 0.500000
vt 0.500000 1.000000
vt 0.500000 0.500000
vt 0.333333 1.000000
vt 0.333333 0.500000
vt 0.166667 1.000000
vt 0.166667 0.500000
vt -0.000000 1.000000
vt -0.000000 0.500000
vt 0.750000 0.490000
vt 0.957846 0.370000
vt 0.957846 0.130000
vt 0.750000 0.010000
vt 0.542154 0.130000
vt 0.542154 0.370000
vt 1.000000 0.500000
vt 1.000000 1.000000
vt 0.833333 1.000000
vt 0.833333 0.500000
vt 0.666667 1.000000
vt 0.666667 0.500000
vt 0.500000 1.000000
vt 0.500000 0.500000
vt 0.333333 1.000000
vt 0.333333 0.500000
vt 0.166667 1.000000
vt 0.166667 0.500000
vt -0.000000 1.000000
vt -0.000000 0.500000
vt 0.750000 0.490000
vt 0.957846 0.370000
vt 0.957846 0.130000
vt 0.750000 0.010000
vt 0.542154 0.130000
vt 0.542154 0.370000
vt 1.000000 0.500000
vt 1.000000 1.000000
vt 0.833333 1.000000
vt 0.833333 0.500000
vt 0.666667 1.000000
vt 0.666667 0.500000
vt 0.500000 1.000000
vt 0.500000 0.500000
vt 0.333333 1.000000
vt 0.333333 0.500000
vt 0.166667 1.000000
vt 0.166667 0.500000
vt -0.000000 1.000000
vt -0.000000 0.500000
vt 0.750000 0.490000
vt 0.957846 0.370000
vt 0.957846 0.130000
vt 0.750000 0.010000
vt 0.542154 0.130000
vt 0.542154 0.370000
vt 1.000000 0.500000
vt 1.000000 1.000000
vt 0.833333 1.000000
vt 0.833333 0.500000
vt 0.666667 1.000000
vt 0.666667 0.500000
vt 0.500000 1.000000
vt 0.500000 0.500000
vt 0.333333 1.000000
vt 0.333333 0.500000
vt 0.166667 1.000000
vt 0.166667 0.500000
vt -0.000000 1.000000
vt -0.000000 0.500000
vt 0.750000 0.490000
vt 0.957846 0.370000
vt 0.957846 0.130000
vt 0.750000 0.010000
vt 0.542154 0.130000
vt 0.542154 0.370000
vt 1.000000 0.500000
vt 1.000000 1.000000
vt 0.833333 1.000000
vt 0.833333 0.500000
vt 0.666667 1.000000
vt 0.666667 0.500000
vt 0.500000 1.000000
vt 0.500000 0.500000
vt 0.333333 1.000000
vt 0.333333 0.500000
vt 0.166667 1.000000
vt 0.166667 0.500000
vt -0.000000 1.000000
vt -0.000000 0.500000
vt 0.750000 0.490000
vt 0.957846 0.370000
vt 0.957846 0.130000
vt 0.750000 0.010000
vt 0.542154 0.130000
vt 0.542154 0.370000
vt 0.000000 0.000000
vt 0.000000 0.000000
vt 0.000000 0.000000
vt 0.000000 0.000000
vt 0.000000 0.000000
vt 0.000000 0.000000
vt 0.000000 0.000000
vt 0.000000 0.000000
vt 0.000000 0.000000
vt 0.000000 0.000000
vt 0.000000 0.000000
vt 0.000000 0.000000
vt 0.000000 0.000000
vt 0.000000 0.000000
vt 0.000000 0.000000
vt 0.000000 0.000000
vt 0.000000 0.000000
vt 0.000000 0.000000
vt 0.000000 0.000000
vt 0.000000 0.000000
vt 0.000000 0.000000
vt 0.000000 0.000000
vt 0.000000 0.000000
vt 0.000000 0.000000
vt 0.000000 0.000000
vt 0.000000 0.000000
vt 0.000000 0.000000
vt 0.000000 0.000000
vt 0.000000 0.000000
vt 0.000000 0.000000
vt 0.000000 0.000000
vt 0.000000 0.000000
vt 0.000000 0.000000
vt 0.000000 0.000000
vt 0.000000 0.000000
vt 0.000000 0.000000
vt 0.000000 0.000000
vt 0.000000 0.000000
vt 0.000000 0.000000
vt 0.000000 0.000000
vt 0.000000 0.000000
vt 0.000000 0.000000
vt 0.000000 0.000000
vt 0.000000 0.000000
vt 0.000000 0.000000
vt 0.000000 0.000000
vt 0.000000 0.000000
vt 0.000000 0.000000
vt 0.000000 0.000000
vt 0.000000 0.000000
vt 0.000000 0.000000
vt 0.000000 0.000000
vt 0.000000 0.000000
vt 0.000000 0.000000
vt 0.000000 0.000000
vt 0.000000 0.000000
vt 0.000000 0.000000
vt 0.000000 0.000000
vt 0.000000 0.000000
vt 0.000000 0.000000
vt 0.000000 0.000000
vt 0.000000 0.000000
vt 0.000000 0.000000
vt 0.000000 0.000000
vt 0.000000 0.000000
vt 0.000000 0.000000
vt 0.000000 0.000000
vt 0.000000 0.000000
vt 0.000000 0.000000
vt 0.000000 0.000000
vt 0.000000 0.000000
vt 0.000000 0.000000
vt 0.000000 0.000000
vt 0.000000 0.000000
vt 0.000000 0.000000
vt 0.000000 0.000000
vt 0.000000 0.000000
vt 0.000000 0.000000
vt 0.000000 0.000000
vt 0.000000 0.000000
vt 0.000000 0.000000
vt 0.000000 0.000000
vt 0.000000 0.000000
vt 0.000000 0.000000
vt 0.000000 0.000000
vt 0.000000 0.000000
vt 0.000000 0.000000
vt 0.000000 0.000000
vt 0.000000 0.000000
vt 0.000000 0.000000
vt 0.000000 0.000000
vt 0.000000 0.000000
vt 0.000000 0.000000
vt 0.000000 0.000000
vt 0.000000 0.000000
vt 0.000000 0.000000
vt 0.000000 0.000000
vt 0.000000 0.000000
vt 0.000000 0.000000
vt 0.000000 0.000000
vt 0.000000 0.000000
vt 0.000000 0.000000
vt 0.000000 0.000000
vt 0.000000 0.000000
vt 0.000000 0.000000
vt 0.000000 0.000000
vt 0.000000 0.000000
vt 0.000000 0.000000
vt 0.000000 0.000000
vt 0.000000 0.000000
vt 0.000000 0.000000
vt 0.000000 0.000000
vt 0.000000 0.000000
vt 0.000000 0.000000
vt 0.000000 0.000000
vt 0.000000 0.000000
vt 0.000000 0.000000
vt 0.000000 0.000000
vt 0.000000 0.000000
vt 0.000000 0.000000
vt 0.000000 0.000000
vt 0.000000 0.000000
vt 0.000000 0.000000
vt 0.000000 0.000000
vt 0.000000 0.000000
vt 0.000000 0.000000
vt 0.000000 0.000000
vt 0.000000 0.000000
vt 0.000000 0.000000
vt 0.000000 0.000000
vt 0.000000 0.000000
vt 0.000000 0.000000
vt 0.000000 0.000000
vt 0.000000 0.000000
vt 0.000000 0.000000
vt 0.000000 0.000000
vt 0.000000 0.000000
vt 0.000000 0.000000
vt 0.000000 0.000000
vt 0.000000 0.000000
vt 0.000000 0.000000
vt 0.000000 0.000000
vt 0.000000 0.000000
vt 0.000000 0.000000
vt 0.000000 0.000000
vt 0.000000 0.000000
vt 0.000000 0.000000
vt 0.000000 0.000000
vt 0.000000 0.000000
vt 0.000000 0.000000
vt 0.000000 0.000000
vt 0.000000 0.000000
vt 0.000000 0.000000
vt 0.000000 0.000000
vt 0.000000 0.000000
vt 0.000000 0.000000
vt 0.000000 0.000000
vt 0.000000 0.000000
vt 0.000000 0.000000
vt 0.000000 0.000000
vt 0.000000 0.000000
vt 0.000000 0.000000
vt 0.000000 0.000000
vt 0.000000 0.000000
vt 0.000000 0.000000
vt 0.000000 0.000000
vt 0.000000 0.000000
vt 0.000000 0.000000
vt 0.000000 0.000000
vt 0.000000 0.000000
vt 0.000000 0.000000
vt 0.000000 0.000000
vt 0.000000 0.000000
vt 0.000000 0.000000
vt 0.000000 0.000000
vt 0.000000 0.000000
vt 0.000000 0.000000
vt 0.000000 0.000000
vt 0.000000 0.000000
vt 0.000000 0.000000
vt 0.000000 0.000000
vt 0.000000 0.000000
vt 0.000000 0.000000
vt 0.000000 0.000000
vt 0.000000 0.000000
vt 0.000000 0.000000
vt 0.000000 0.000000
vt 0.000000 0.000000
vt 0.000000 0.000000
vt 0.000000 0.000000
vt 0.000000 0.000000
vt 0.000000 0.000000
vt 0.000000 0.000000
vt 0.000000 0.000000
vt 0.000000 0.000000
vt 0.000000 0.000000
vt 0.000000 0.000000
vt 0.000000 0.000000
vt 0.000000 0.000000
vt 0.000000 0.000000
vt 0.000000 0.000000
vt 0.000000 0.000000
vt 0.000000 0.000000
vt 0.000000 0.000000
vt 0.000000 0.000000
vt 0.000000 0.000000
vt 0.000000 0.000000
vt 0.000000 0.000000
vt 0.000000 0.000000
vt 0.000000 0.000000
vt 0.000000 0.000000
vt 0.000000 0.000000
vt 0.000000 0.000000
vt 0.000000 0.000000
vt 0.000000 0.000000
vt 0.000000 0.000000
vt 0.000000 0.000000
vt 0.000000 0.000000
vt 0.000000 0.000000
vt 0.000000 0.000000
vt 0.000000 0.000000
vt 0.000000 0.000000
vt 0.000000 0.000000
vt 0.000000 0.000000
vt 0.000000 0.000000
vt 0.000000 0.000000
vt 0.000000 0.000000
vt 0.000000 0.000000
vt 0.000000 0.000000
vt 0.000000 0.000000
vt 0.000000 0.000000
vt 0.000000 0.000000
vt 0.000000 0.000000
vt 0.000000 0.000000
vt 0.000000 0.000000
vt 0.000000 0.000000
vt 0.000000 0.000000
vt 0.000000 0.000000
vt 0.000000 0.000000
vt 0.000000 0.000000
vt 0.000000 0.000000
vt 0.000000 0.000000
vt 0.000000 0.000000
vt 0.000000 0.000000
vt 0.000000 0.000000
vt 0.000000 0.000000
vt 0.000000 0.000000
vt 0.000000 0.000000
vt 0.000000 0.000000
vt 0.000000 0.000000
vt 0.000000 0.000000
vt 0.000000 0.000000
vt 0.000000 0.000000
vt 0.000000 0.000000
vt 0.000000 0.000000
vt 0.000000 0.000000
vt 0.000000 0.000000
vt 0.000000 0.000000
vt 0.000000 0.000000
vt 0.000000 0.000000
vt 0.000000 0.000000
vt 0.000000 0.000000
vt 0.000000 0.000000
vt 0.000000 0.000000
vt 0.000000 0.000000
vt 0.000000 0.000000
vt 0.000000 0.000000
vt 0.000000 0.000000
vt 0.000000 0.000000
vt 0.000000 0.000000
vt 0.000000 0.000000
vt 0.000000 0.000000
vt 0.000000 0.000000
vt 0.000000 0.000000
vt 0.000000 0.000000
vt 0.000000 0.000000
vt 0.000000 0.000000
vt 0.000000 0.000000
vt 0.000000 0.000000
vt 0.000000 0.000000
vt 0.000000 0.000000
vt 0.000000 0.000000
vt 0.000000 0.000000
vt 0.000000 0.000000
vt 0.000000 0.000000
vt 0.000000 0.000000
vt 0.000000 0.000000
vt 0.000000 0.000000
vt 0.000000 0.000000
vt 0.000000 0.000000
vt 0.000000 0.000000
vt 0.000000 0.000000
vt 0.000000 0.000000
vt 0.000000 0.000000
vt 0.000000 0.000000
vt 0.000000 0.000000
vt 0.000000 0.000000
vt 0.000000 0.000000
vt 0.000000 0.000000
vt 0.000000 0.000000
vt 0.000000 0.000000
vt 0.000000 0.000000
vt 0.000000 0.000000
vt 0.000000 0.000000
vt 0.000000 0.000000
vt 0.000000 0.000000
vt 0.000000 0.000000
vt 0.000000 0.000000
vt 0.000000 0.000000
vt 0.000000 0.000000
vt 0.000000 0.000000
vt 0.000000 0.000000
vt 0.000000 0.000000
vt 0.000000 0.000000
vt 0.000000 0.000000
vt 0.000000 0.000000
vt 0.000000 0.000000
vt 0.000000 0.000000
vt 0.000000 0.000000
vt 0.000000 0.000000
vt 0.000000 0.000000
vt 0.000000 0.000000
vt 0.000000 0.000000
vt 0.000000 0.000000
vt 0.000000 0.000000
vt 0.000000 0.000000
vt 0.000000 0.000000
vt 0.000000 0.000000
vt 0.000000 0.000000
vt 0.000000 0.000000
vt 0.000000 0.000000
vt 0.000000 0.000000
vt 0.000000 0.000000
vt 0.000000 0.000000
vt 0.000000 0.000000
vt 0.000000 0.000000
vt 0.000000 0.000000
vt 0.000000 0.000000
vt 0.000000 0.000000
vt 0.000000 0.000000
vt 0.000000 0.000000
vt 0.000000 0.000000
vt 0.000000 0.000000
vt 0.000000 0.000000
vt 0.000000 0.000000
vt 0.000000 0.000000
vt 0.000000 0.000000
vt 0.000000 0.000000
vt 0.000000 0.000000
vt 0.000000 0.000000
vt 0.000000 0.000000
vt 0.000000 0.000000
vt 0.000000 0.000000
vt 0.000000 0.000000
vt 0.000000 0.000000
vt 0.000000 0.000000
vt 0.000000 0.000000
vt 0.000000 0.000000
vt 0.000000 0.000000
vt 0.000000 0.000000
vt 0.000000 0.000000
vt 0.000000 0.000000
vt 0.000000 0.000000
vt 0.000000 0.000000
vt 0.000000 0.000000
vt 0.000000 0.000000
vt 0.000000 0.000000
vt 0.000000 0.000000
vt 0.000000 0.000000
vt 0.000000 0.000000
vt 0.000000 0.000000
vt 0.000000 0.000000
vt 0.000000 0.000000
vt 0.000000 0.000000
vt 0.000000 0.000000
vt 0.000000 0.000000
vt 0.000000 0.000000
vt 0.000000 0.000000
vt 0.000000 0.000000
vt 0.000000 0.000000
vt 0.000000 0.000000
vt 0.000000 0.000000
vt 0.000000 0.000000
vt 0.000000 0.000000
vt 0.000000 0.000000
vt 0.000000 0.000000
vt 0.000000 0.000000
vt 0.000000 0.000000
vt 0.000000 0.000000
vt 0.000000 0.000000
vt 0.000000 0.000000
vt 0.000000 0.000000
vt 0.000000 0.000000
vt 0.000000 0.000000
vt 0.000000 0.000000
vt 0.000000 0.000000
vt 0.000000 0.000000
vt 0.000000 0.000000
vt 0.000000 0.000000
vt 0.000000 0.000000
vt 0.000000 0.000000
vt 0.000000 0.000000
vt 0.000000 0.000000
vt 0.000000 0.000000
vt 0.000000 0.000000
vt 0.000000 0.000000
vt 0.000000 0.000000
vt 0.000000 0.000000
vt 0.000000 0.000000
vt 0.000000 0.000000
vt 0.000000 0.000000
vt 0.000000 0.000000
vt 0.000000 0.000000
vt 0.000000 0.000000
vt 0.000000 0.000000
vt 0.000000 0.000000
vt 0.000000 0.000000
vt 0.000000 0.000000
vt 0.000000 0.000000
vt 0.000000 0.000000
vt 0.000000 0.000000
vt 0.000000 0.000000
vt 0.000000 0.000000
vt 0.000000 0.000000
vt 0.000000 0.000000
vt 0.000000 0.000000
vt 0.000000 0.000000
vt 0.000000 0.000000
vt 0.000000 0.000000
vt 0.000000 0.000000
vt 0.000000 0.000000
vt 0.000000 0.000000
vt 0.000000 0.000000
vt 0.000000 0.000000
vt 0.000000 0.000000
vt 0.000000 0.000000
vt 0.000000 0.000000
vt 0.000000 0.000000
vt 0.000000 0.000000
vt 0.000000 0.000000
vt 0.000000 0.000000
vt 0.000000 0.000000
vt 0.000000 0.000000
vt 0.000000 0.000000
vt 0.000000 0.000000
vt 0.000000 0.000000
vt 0.000000 0.000000
vt 0.000000 0.000000
vt 0.000000 0.000000
vt 0.000000 0.000000
vt 0.000000 0.000000
vt 0.000000 0.000000
vt 0.000000 0.000000
vt 0.000000 0.000000
vt 0.000000 0.000000
vt 0.000000 0.000000
vt 0.000000 0.000000
vt 0.000000 0.000000
vt 0.000000 0.000000
vt 0.000000 0.000000
vt 0.000000 0.000000
vt 0.000000 0.000000
vt 0.000000 0.000000
vt 0.000000 0.000000
vt 0.000000 0.000000
vt 0.000000 0.000000
vt 0.000000 0.000000
vt 0.000000 0.000000
vt 0.000000 0.000000
vt 0.000000 0.000000
vt 0.000000 0.000000
vt 0.000000 0.000000
vt 0.000000 0.000000
vt 0.000000 0.000000
vt 0.000000 0.000000
vt 0.000000 0.000000
vt 0.000000 0.000000
vt 0.000000 0.000000
vt 0.000000 0.000000
vt 0.000000 0.000000
vt 0.000000 0.000000
vt 0.000000 0.000000
vt 0.000000 0.000000
vt 0.000000 0.000000
vt 0.000000 0.000000
vt 0.000000 0.000000
vt 0.000000 0.000000
vt 0.000000 0.000000
vt 0.000000 0.000000
vt 0.000000 0.000000
vt 0.000000 0.000000
vt 0.000000 0.000000
vt 0.000000 0.000000
vt 0.000000 0.000000
vt 0.000000 0.000000
vt 0.000000 0.000000
vt 0.000000 0.000000
vt 0.000000 0.000000
vt 0.000000 0.000000
vt 0.000000 0.000000
vt 0.000000 0.000000
vt 0.000000 0.000000
vt 0.000000 0.000000
vt 0.000000 0.000000
vt 0.000000 0.000000
vt 0.000000 0.000000
vt 0.000000 0.000000
vt 0.000000 0.000000
vt 0.000000 0.000000
vt 0.000000 0.000000
vt 0.000000 0.000000
vt 0.000000 0.000000
vt 0.000000 0.000000
vt 0.000000 0.000000
vt 0.000000 0.000000
vt 0.000000 0.000000
vt 0.000000 0.000000
vt 0.000000 0.000000
vt 0.000000 0.000000
vt 0.000000 0.000000
vt 0.000000 0.000000
vt 0.000000 0.000000
vt 0.000000 0.000000
vt 0.000000 0.000000
vt 0.000000 0.000000
vt 0.000000 0.000000
vt 0.000000 0.000000
vt 0.000000 0.000000
vt 0.000000 1.000000
vt 1.000000 1.000000
vt 1.000000 0.833333
vt 0.000000 0.833333
vt 0.000000 0.166667
vt 1.000000 0.166667
vt 1.000000 0.000000
vt 0.000000 0.000000
vt 0.000000 0.333333
vt 1.000000 0.333333
vt 0.000000 0.500000
vt 1.000000 0.500000
vt 0.000000 0.666667
vt 1.000000 0.666667
vt 0.000000 1.000000
vt 1.000000 1.000000
vt 1.000000 0.833333
vt 0.000000 0.833333
vt 0.000000 0.166667
vt 1.000000 0.166667
vt 1.000000 0.000000
vt 0.000000 0.000000
vt 0.000000 0.333333
vt 1.000000 0.333333
vt 0.000000 0.500000
vt 1.000000 0.500000
vt 0.000000 0.666667
vt 1.000000 0.666667
vt 0.000000 1.000000
vt 1.000000 1.000000
vt 1.000000 0.833333
vt 0.000000 0.833333
vt 0.000000 0.166667
vt 1.000000 0.166667
vt 1.000000 0.000000
vt 0.000000 0.000000
vt 0.000000 0.333333
vt 1.000000 0.333333
vt 0.000000 0.500000
vt 1.000000 0.500000
vt 0.000000 0.666667
vt 1.000000 0.666667
vt 0.000000 1.000000
vt 1.000000 1.000000
vt 1.000000 0.833333
vt 0.000000 0.833333
vt 0.000000 0.166667
vt 1.000000 0.166667
vt 1.000000 0.000000
vt 0.000000 0.000000
vt 0.000000 0.333333
vt 1.000000 0.333333
vt 0.000000 0.500000
vt 1.000000 0.500000
vt 0.000000 0.666667
vt 1.000000 0.666667
vt 0.000000 1.000000
vt 1.000000 1.000000
vt 1.000000 0.833333
vt 0.000000 0.833333
vt 0.000000 0.166667
vt 1.000000 0.166667
vt 1.000000 0.000000
vt 0.000000 0.000000
vt 0.000000 0.333333
vt 1.000000 0.333333
vt 0.000000 0.500000
vt 1.000000 0.500000
vt 0.000000 0.666667
vt 1.000000 0.666667
vt 0.000000 1.000000
vt 1.000000 1.000000
vt 1.000000 0.833333
vt 0.000000 0.833333
vt 0.000000 0.166667
vt 1.000000 0.166667
vt 1.000000 0.000000
vt 0.000000 0.000000
vt 0.000000 0.333333
vt 1.000000 0.333333
vt 0.000000 0.500000
vt 1.000000 0.500000
vt 0.000000 0.666667
vt 1.000000 0.666667
vt 0.000000 1.000000
vt 1.000000 1.000000
vt 1.000000 0.833333
vt 0.000000 0.833333
vt 0.000000 0.166667
vt 1.000000 0.166667
vt 1.000000 0.000000
vt 0.000000 0.000000
vt 0.000000 0.333333
vt 1.000000 0.333333
vt 0.000000 0.500000
vt 1.000000 0.500000
vt 0.000000 0.666667
vt 1.000000 0.666667
vt 0.000000 1.000000
vt 1.000000 1.000000
vt 1.000000 0.833333
vt 0.000000 0.833333
vt 0.000000 0.166667
vt 1.000000 0.166667
vt 1.000000 0.000000
vt 0.000000 0.000000
vt 0.000000 0.333333
vt 1.000000 0.333333
vt 0.000000 0.500000
vt 1.000000 0.500000
vt 0.000000 0.666667
vt 1.000000 0.666667
vt 0.000000 1.000000
vt 0.166667 1.000000
vt 0.166667 0.750000
vt 0.000000 0.750000
vt 0.000000 0.250000
vt 0.166667 0.250000
vt 0.166667 0.000000
vt 0.000000 0.000000
vt 0.000000 0.500000
vt 0.166667 0.500000
vt 0.333333 1.000000
vt 0.333333 0.750000
vt 0.333333 0.250000
vt 0.333333 0.000000
vt 0.333333 0.500000
vt 0.500000 1.000000
vt 0.500000 0.750000
vt 0.500000 0.250000
vt 0.500000 0.000000
vt 0.500000 0.500000
vt 0.666667 1.000000
vt 0.666667 0.750000
vt 0.666667 0.250000
vt 0.666667 0.000000
vt 0.666667 0.500000
vt 0.833333 1.000000
vt 0.833333 0.750000
vt 0.833333 0.250000
vt 0.833333 0.000000
vt 0.833333 0.500000
vt 1.000000 1.000000
vt 1.000000 0.750000
vt 1.000000 0.250000
vt 1.000000 0.000000
vt 1.000000 0.500000
vt 0.000000 1.000000
vt 0.166667 1.000000
vt 0.166667 0.750000
vt 0.000000 0.750000
vt 0.000000 0.250000
vt 0.166667 0.250000
vt 0.166667 0.000000
vt 0.000000 0.000000
vt 0.000000 0.500000
vt 0.166667 0.500000
vt 0.333333 1.000000
vt 0.333333 0.750000
vt 0.333333 0.250000
vt 0.333333 0.000000
vt 0.333333 0.500000
vt 0.500000 1.000000
vt 0.500000 0.750000
vt 0.500000 0.250000
vt 0.500000 0.000000
vt 0.500000 0.500000
vt 0.666667 1.000000
vt 0.666667 0.750000
vt 0.666667 0.250000
vt 0.666667 0.000000
vt 0.666667 0.500000
vt 0.833333 1.000000
vt 0.833333 0.750000
vt 0.833333 0.250000
vt 0.833333 0.000000
vt 0.833333 0.500000
vt 1.000000 1.000000
vt 1.000000 0.750000
vt 1.000000 0.250000
vt 1.000000 0.000000
vt 1.000000 0.500000
vt 0.000000 1.000000
vt 0.166667 1.000000
vt 0.166667 0.750000
vt 0.000000 0.750000
vt 0.000000 0.250000
vt 0.166667 0.250000
vt 0.166667 0.000000
vt 0.000000 0.000000
vt 0.000000 0.500000
vt 0.166667 0.500000
vt 0.333333 1.000000
vt 0.333333 0.750000
vt 0.333333 0.250000
vt 0.333333 0.000000
vt 0.333333 0.500000
vt 0.500000 1.000000
vt 0.500000 0.750000
vt 0.500000 0.250000
vt 0.500000 0.000000
vt 0.500000 0.500000
vt 0.666667 1.000000
vt 0.666667 0.750000
vt 0.666667 0.250000
vt 0.666667 0.000000
vt 0.666667 0.500000
vt 0.833333 1.000000
vt 0.833333 0.750000
vt 0.833333 0.250000
vt 0.833333 0.000000
vt 0.833333 0.500000
vt 1.000000 1.000000
vt 1.000000 0.750000
vt 1.000000 0.250000
vt 1.000000 0.000000
vt 1.000000 0.500000
vt 0.000000 1.000000
vt 0.166667 1.000000
vt 0.166667 0.750000
vt 0.000000 0.750000
vt 0.000000 0.250000
vt 0.166667 0.250000
vt 0.166667 0.000000
vt 0.000000 0.000000
vt 0.000000 0.500000
vt 0.166667 0.500000
vt 0.333333 1.000000
vt 0.333333 0.750000
vt 0.333333 0.250000
vt 0.333333 0.000000
vt 0.333333 0.500000
vt 0.500000 1.000000
vt 0.500000 0.750000
vt 0.500000 0.250000
vt 0.500000 0.000000
vt 0.500000 0.500000
vt 0.666667 1.000000
vt 0.666667 0.750000
vt 0.666667 0.250000
vt 0.666667 0.000000
vt 0.666667 0.500000
vt 0.833333 1.000000
vt 0.833333 0.750000
vt 0.833333 0.250000
vt 0.833333 0.000000
vt 0.833333 0.500000
vt 1.000000 1.000000
vt 1.000000 0.750000
vt 1.000000 0.250000
vt 1.000000 0.000000
vt 1.000000 0.500000
vt 0.000000 1.000000
vt 0.166667 1.000000
vt 0.166667 0.750000
vt 0.000000 0.750000
vt 0.000000 0.250000
vt 0.166667 0.250000
vt 0.166667 0.000000
vt 0.000000 0.000000
vt 0.000000 0.500000
vt 0.166667 0.500000
vt 0.333333 1.000000
vt 0.333333 0.750000
vt 0.333333 0.250000
vt 0.333333 0.000000
vt 0.333333 0.500000
vt 0.500000 1.000000
vt 0.500000 0.750000
vt 0.500000 0.250000
vt 0.500000 0.000000
vt 0.500000 0.500000
vt 0.666667 1.000000
vt 0.666667 0.750000
vt 0.666667 0.250000
vt 0.666667 0.000000
vt 0.666667 0.500000
vt 0.833333 1.000000
vt 0.833333 0.750000
vt 0.833333 0.250000
vt 0.833333 0.000000
vt 0.833333 0.500000
vt 1.000000 1.000000
vt 1.000000 0.750000
vt 1.000000 0.250000
vt 1.000000 0.000000
vt 1.000000 0.500000
vt 0.000000 1.000000
vt 0.166667 1.000000
vt 0.166667 0.750000
vt 0.000000 0.750000
vt 0.000000 0.250000
vt 0.166667 0.250000
vt 0.166667 0.000000
vt 0.000000 0.000000
vt 0.000000 0.500000
vt 0.166667 0.500000
vt 0.333333 1.000000
vt 0.333333 0.750000
vt 0.333333 0.250000
vt 0.333333 0.000000
vt 0.333333 0.500000
vt 0.500000 1.000000
vt 0.500000 0.750000
vt 0.500000 0.250000
vt 0.500000 0.000000
vt 0.500000 0.500000
vt 0.666667 1.000000
vt 0.666667 0.750000
vt 0.666667 0.250000
vt 0.666667 0.000000
vt 0.666667 0.500000
vt 0.833333 1.000000
vt 0.833333 0.750000
vt 0.833333 0.250000
vt 0.833333 0.000000
vt 0.833333 0.500000
vt 1.000000 1.000000
vt 1.000000 0.750000
vt 1.000000 0.250000
vt 1.000000 0.000000
vt 1.000000 0.500000
vt 0.000000 1.000000
vt 0.166667 1.000000
vt 0.166667 0.750000
vt 0.000000 0.750000
vt 0.000000 0.250000
vt 0.166667 0.250000
vt 0.166667 0.000000
vt 0.000000 0.000000
vt 0.000000 0.500000
vt 0.166667 0.500000
vt 0.333333 1.000000
vt 0.333333 0.750000
vt 0.333333 0.250000
vt 0.333333 0.000000
vt 0.333333 0.500000
vt 0.500000 1.000000
vt 0.500000 0.750000
vt 0.500000 0.250000
vt 0.500000 0.000000
vt 0.500000 0.500000
vt 0.666667 1.000000
vt 0.666667 0.750000
vt 0.666667 0.250000
vt 0.666667 0.000000
vt 0.666667 0.500000
vt 0.833333 1.000000
vt 0.833333 0.750000
vt 0.833333 0.250000
vt 0.833333 0.000000
vt 0.833333 0.500000
vt 1.000000 1.000000
vt 1.000000 0.750000
vt 1.000000 0.250000
vt 1.000000 0.000000
vt 1.000000 0.500000
vt 0.000000 1.000000
vt 0.166667 1.000000
vt 0.166667 0.750000
vt 0.000000 0.750000
vt 0.000000 0.250000
vt 0.166667 0.250000
vt 0.166667 0.000000
vt 0.000000 0.000000
vt 0.000000 0.500000
vt 0.166667 0.500000
vt 0.333333 1.000000
vt 0.333333 0.750000
vt 0.333333 0.250000
vt 0.333333 0.000000
vt 0.333333 0.500000
vt 0.500000 1.000000
vt 0.500000 0.750000
vt 0.500000 0.250000
vt 0.500000 0.000000
vt 0.500000 0.500000
vt 0.666667 1.000000
vt 0.666667 0.750000
vt 0.666667 0.250000
vt 0.666667 0.000000
vt 0.666667 0.500000
vt 0.833333 1.000000
vt 0.833333 0.750000
vt 0.833333 0.250000
vt 0.833333 0.000000
vt 0.833333 0.500000
vt 1.000000 1.000000
vt 1.000000 0.750000
vt 1.000000 0.250000
vt 1.000000 0.000000
vt 1.000000 0.500000
vn -0.0000 -1.0000 -0.0000
vn 0.3999 0.0794 -0.9131
vn -0.3999 0.0794 -0.9131
vn -0.2487 0.1195 -0.9612
vn 0.2487 0.1195 -0.9612
vn -0.7001 -0.7141 -0.0000
vn 0.9949 -0.1012 -0.0000
vn 0.9070 -0.0915 -0.4111
vn 0.7962 0.0885 -0.5985
vn 0.0000 1.0000 0.0000
vn -0.3423 -0.0341 -0.9390
vn 0.3423 -0.0341 -0.9390
vn 0.0000 0.0000 -1.0000
vn -0.9070 -0.0915 -0.4111
vn -0.9107 0.1507 -0.3847
vn -0.8104 0.3892 -0.4378
vn 0.5894 0.2832 -0.7565
vn 0.9239 -0.0000 0.3827
vn 0.9239 0.0000 -0.3827
vn 0.9196 0.1211 -0.3738
vn 0.9196 0.1211 0.3738
vn -0.0000 -0.0000 1.0000
vn -0.3827 -0.9239 0.0000
vn -0.0967 -0.9953 0.0001
vn 0.0027 -1.0000 0.0001
vn -0.9367 0.3500 0.0000
vn -0.9988 0.0494 0.0000
vn -0.0730 0.9973 0.0000
vn -0.5216 0.8532 0.0000
vn -0.9953 -0.0966 0.0000
vn -0.9239 -0.3827 0.0000
vn -0.7071 -0.7071 0.0000
vn -0.9993 -0.0360 0.0037
vn -0.1794 0.9838 0.0001
vn -0.0527 0.9986 0.0001
vn -0.0110 0.9999 0.0000
vn 0.0730 -0.9973 0.0000
vn 0.5216 -0.8532 0.0000
vn 0.9367 -0.3500 -0.0000
vn 0.9988 -0.0494 -0.0000
vn 0.9953 0.0966 0.0000
vn 0.9239 0.3827 0.0000
vn 0.7071 0.7071 0.0000
vn 0.3827 0.9239 0.0000
vn 0.0966 0.9953 0.0000
vn -0.0029 1.0000 0.0000
vn 0.0526 -0.9986 0.0000
vn 0.1793 -0.9838 -0.0000
vn 0.0110 -0.9999 -0.0000
vn 1.0000 0.0000 0.0000
vn 0.2822 0.9594 0.0000
vn -0.3827 -0.0000 0.9239
vn 0.3827 -0.0000 0.9239
vn 0.4037 0.0531 0.9134
vn 0.3687 0.2129 0.9049
vn 0.2129 0.3687 0.9048
vn 0.0000 0.4257 0.9048
vn -0.2129 0.3687 0.9048
vn -0.3687 0.2129 0.9049
vn -0.4037 0.0531 0.9134
vn 0.3827 0.0000 -0.9239
vn -0.3827 0.0000 -0.9239
vn -0.4037 0.0531 -0.9134
vn -0.3687 0.2129 -0.9048
vn -0.2129 0.3687 -0.9048
vn 0.0000 0.4257 -0.9048
vn 0.2129 0.3687 -0.9048
vn 0.3687 0.2129 -0.9048
vn 0.4037 0.0531 -0.9134
vn -0.9239 0.0000 -0.3827
vn -0.9239 0.0000 0.3827
vn -0.9196 0.1211 0.3738
vn -0.9196 0.1211 -0.3738
vn -0.8048 0.4647 0.3692
vn -0.8048 0.4647 -0.3692
vn 0.8048 0.4647 -0.3692
vn 0.8048 0.4647 0.3692
vn -0.4647 0.8048 0.3692
vn -0.4647 0.8048 -0.3692
vn 0.4647 0.8048 -0.3692
vn 0.4647 0.8048 0.3692
vn 0.0000 0.9293 -0.3692
vn 0.0000 0.9293 0.3692
vn -0.9239 0.0001 0.3827
vn 0.9239 0.0001 -0.3827
vn 0.3827 -0.9239 0.0000
vn 0.7071 -0.7071 0.0000
vn -1.0000 -0.0000 -0.0000
vn -0.9239 0.3827 0.0000
vn 0.9239 -0.3827 -0.0000
vn -0.7071 0.7071 0.0000
vn -0.3827 0.9239 0.0000
vn 0.5000 0.8660 0.0000
vn 0.5000 -0.8660 0.0000
vn -0.5000 -0.8660 0.0000
vn -0.5000 0.8660 0.0000
vn -0.0988 -0.9951 0.0000
vn -0.2822 -0.9594 0.0000
vn -0.1800 0.9837 -0.0000
vn -0.0253 0.9997 0.0000
vn -0.6014 0.7990 0.0000
vn -0.9528 0.3037 0.0000
vn -0.9572 -0.2895 0.0000
vn -0.6362 -0.7715 0.0000
vn -0.2925 -0.9563 0.0000
vn 0.0550 -0.1329 -0.9896
vn 0.0000 -0.1438 -0.9896
vn -0.0550 -0.1329 -0.9896
vn -0.1017 -0.1017 -0.9896
vn -0.1329 -0.0550 -0.9896
vn -0.1438 -0.0000 -0.9896
vn -0.1329 0.0550 -0.9896
vn -0.1017 0.1017 -0.9896
vn -0.0550 0.1329 -0.9896
vn 0.0000 0.1438 -0.9896
vn 0.0550 0.1329 -0.9896
vn 0.1017 0.1017 -0.9896
vn 0.1329 0.0550 -0.9896
vn 0.1438 -0.0000 -0.9896
vn 0.1329 -0.0550 -0.9896
vn 0.1017 -0.1017 -0.9896
vn 0.3794 -0.9159 -0.1308
vn 0.0000 -0.9914 -0.1308
vn 0.0000 -0.8702 -0.4926
vn 0.3330 -0.8040 -0.4926
vn 0.0000 -0.5172 -0.8559
vn 0.1979 -0.4778 -0.8559
vn 0.7010 -0.7010 -0.1308
vn 0.6154 -0.6154 -0.4926
vn 0.3657 -0.3657 -0.8559
vn -0.3794 -0.9159 -0.1308
vn -0.3330 -0.8040 -0.4926
vn -0.1979 -0.4778 -0.8559
vn -0.7010 -0.7010 -0.1308
vn -0.6154 -0.6154 -0.4926
vn -0.3657 -0.3657 -0.8559
vn -0.9159 -0.3794 -0.1308
vn -0.8040 -0.3330 -0.4926
vn -0.4778 -0.1979 -0.8559
vn -0.9914 0.0000 -0.1308
vn -0.8702 0.0000 -0.4926
vn -0.5172 -0.0000 -0.8559
vn -0.9159 0.3794 -0.1308
vn -0.8040 0.3330 -0.4926
vn -0.4778 0.1979 -0.8559
vn -0.7010 0.7010 -0.1308
vn -0.6154 0.6154 -0.4926
vn -0.3657 0.3657 -0.8559
vn -0.3794 0.9159 -0.1308
vn -0.3330 0.8040 -0.4926
vn -0.1979 0.4778 -0.8559
vn 0.0000 0.9914 -0.1308
vn 0.0000 0.8702 -0.4926
vn 0.0000 0.5172 -0.8559
vn 0.3794 0.9159 -0.1308
vn 0.3330 0.8040 -0.4926
vn 0.1979 0.4778 -0.8559
vn 0.7010 0.7010 -0.1308
vn 0.6154 0.6154 -0.4926
vn 0.3657 0.3657 -0.8559
vn 0.9159 0.3794 -0.1308
vn 0.8040 0.3330 -0.4926
vn 0.4778 0.1979 -0.8559
vn 0.9914 0.0000 -0.1308
vn 0.8702 -0.0000 -0.4926
vn 0.5172 -0.0000 -0.8559
vn 0.9159 -0.3794 -0.1308
vn 0.8040 -0.3330 -0.4926
vn 0.4778 -0.1979 -0.8559
vn 0.5155 -0.2976 -0.8036
vn -0.0000 -0.5952 -0.8036
vn -0.5155 -0.2976 -0.8036
vn 0.0000 0.5952 -0.8036
vn 0.5155 0.2976 -0.8036
vn -0.5155 0.2976 -0.8036
vn -0.5155 -0.2976 -0.8035
vn -0.9914 -0.1305 0.0000
vn -0.8660 -0.5000 0.0000
vn 0.9914 0.1305 0.0000
vn 0.8660 0.5000 0.0000
vn -0.6088 -0.7934 0.0000
vn 0.6088 0.7934 0.0000
vn -0.2588 -0.9659 0.0000
vn 0.2588 0.9659 0.0000
vn -0.1305 0.9914 0.0000
vn 0.1305 -0.9914 0.0000
vn -0.7934 0.6088 0.0000
vn 0.7934 -0.6088 0.0000
vn -0.9659 0.2588 0.0000
vn 0.9659 -0.2588 0.0000
vn 0.3214 -0.9469 0.0000
vn 0.6593 -0.7518 0.0000
vn -0.9469 -0.3214 -0.0000
vn -0.7518 -0.6593 -0.0000
vn -0.8969 0.4423 0.0000
vn 0.9979 -0.0654 0.0000
vn 0.9427 0.1241 0.3097
vn 0.8235 0.4754 0.3097
vn -0.9427 -0.1241 0.3097
vn -0.8235 -0.4754 0.3097
vn 0.9184 -0.2461 0.3097
vn -0.9184 0.2461 0.3097
vn 0.7544 -0.5788 0.3097
vn -0.7544 0.5788 0.3097
vn 0.4754 -0.8235 0.3097
vn -0.4754 0.8235 0.3097
vn 0.1241 -0.9427 0.3097
vn -0.1241 0.9427 0.3097
vn -0.2461 -0.9184 0.3097
vn 0.5788 0.7544 0.3097
vn 0.2461 0.9184 0.3097
vn -0.5788 -0.7544 0.3097
vn -0.6572 0.6572 -0.3689
vn -0.6572 0.6572 0.3689
vn -0.0000 0.9295 0.3689
vn -0.0000 0.9295 -0.3688
vn 0.9295 -0.0000 -0.3688
vn 0.9295 0.0000 0.3688
vn 0.6573 -0.6572 0.3688
vn 0.6572 -0.6572 -0.3689
vn 0.0000 -0.9295 0.3688
vn 0.0000 -0.9295 -0.3689
vn -0.6572 -0.6572 0.3689
vn -0.6572 -0.6572 -0.3689
vn -0.9295 -0.0000 0.3689
vn -0.9295 -0.0000 -0.3689
vn 0.6572 0.6572 -0.3688
vn 0.6572 0.6572 0.3689
vn 0.3095 0.3095 0.8991
vn -0.0000 0.4377 0.8991
vn -0.3095 0.3095 0.8991
vn -0.4377 -0.0000 0.8991
vn -0.3095 -0.3095 0.8991
vn -0.0000 -0.4377 0.8991
vn 0.3095 -0.3095 0.8991
vn 0.4377 -0.0000 0.8991
vn 0.3095 0.3095 -0.8991
vn -0.0000 0.4377 -0.8991
vn 0.4377 -0.0000 -0.8991
vn 0.3095 -0.3095 -0.8991
vn -0.0000 -0.4377 -0.8991
vn -0.3095 -0.3095 -0.8991
vn -0.4377 -0.0000 -0.8991
vn -0.3095 0.3095 -0.8991
vn 0.0000 -0.1656 -0.9862
vn 0.0000 -0.1656 0.9862
vn -0.6572 0.6572 -0.3688
vn 0.9295 -0.0000 -0.3689
vn 0.9295 -0.0000 0.3689
vn 0.6572 -0.6572 0.3689
vn -0.6572 -0.6572 0.3688
vn -0.9295 0.0000 0.3688
vn -0.9295 -0.0000 -0.3688
vn 0.6572 0.6572 -0.3689
vn 0.9991 -0.0414 -0.0000
vn 0.9665 0.2567 0.0000
vn 0.4910 0.8712 0.0000
vn 0.5375 0.8433 0.0000
vn 0.5183 0.8552 0.0000
vn -0.2051 -0.9787 -0.0000
vn 0.2051 -0.9787 -0.0000
vn 0.2345 0.9721 0.0000
vn -0.3507 0.9365 0.0000
vn -0.8154 0.5789 0.0000
vn -0.9665 0.2567 0.0000
vn -0.4794 0.8776 0.0000
vn -0.2345 0.9721 0.0000
vn 0.3507 0.9365 0.0000
vn 0.8154 0.5789 0.0000
vn 0.4794 0.8776 0.0000
vn -0.5375 0.8433 0.0000
vn -0.5183 0.8552 0.0000
vn 0.2541 0.9672 0.0000
vn -0.2541 0.9672 0.0000
vn -0.4910 0.8712 0.0000
vn -0.1874 0.0000 -0.9823
vn 0.1874 0.0000 -0.9823
vn 0.1874 0.0000 0.9823
vn 0.7489 -0.6203 0.2334
vn 0.8505 -0.5260 0.0000
vn 0.6902 -0.6433 -0.3314
vn 0.6862 -0.6475 0.3315
vn -0.1874 0.0000 0.9823
vn 0.7495 -0.6182 -0.2368
vn -0.1823 -0.9784 -0.0971
vn -0.1866 -0.9801 -0.0672
vn -0.1593 -0.9572 -0.2416
vn -0.0442 -0.6922 -0.7203
vn 0.2415 -0.6310 -0.7372
vn 0.3242 -0.6497 -0.6876
vn -0.1820 -0.9785 0.0967
vn -0.0441 -0.7007 0.7121
vn -0.1585 -0.9575 0.2408
vn -0.1863 -0.9802 0.0673
vn -0.1954 -0.9807 0.0000
vn 0.2407 -0.6401 0.7296
vn 0.3203 -0.6574 0.6821
vn -0.7630 -0.6464 -0.0000
vn -0.9991 -0.0414 -0.0000
vn 0.7630 -0.6464 -0.0000
vn -0.8660 0.5000 0.0000
vn 0.8660 -0.5000 -0.0000
vn -0.9848 -0.1736 -0.0000
vn -0.6428 0.7660 0.0000
vn 0.3420 0.9397 0.0000
vn 0.9848 0.1736 0.0000
vn 0.6428 -0.7660 -0.0000
vn -0.3420 -0.9397 0.0000
vn -0.3420 0.9397 0.0000
vn 0.6428 0.7660 0.0000
vn 0.9848 -0.1736 -0.0000
vn 0.3420 -0.9397 0.0000
vn -0.6428 -0.7661 -0.0000
vn -0.9848 0.1736 0.0000
vn 0.3878 -0.9217 -0.0000
vn -0.3879 -0.9217 -0.0000
vn 0.1309 0.9914 0.0000
vn -0.1309 0.9914 0.0000
vn -0.7997 -0.6004 -0.0000
vn -0.9277 -0.3734 -0.0000
vn 0.6072 0.7946 0.0000
vn 0.9904 0.1381 0.0000
vn -0.9904 0.1381 -0.0000
vn 0.7997 -0.6005 -0.0000
vn 0.9277 -0.3734 -0.0000
vn -0.6071 0.7946 -0.0000
vn -0.8636 0.5042 -0.0000
vn -0.6123 -0.6124 -0.5000
vn -0.5971 -0.6218 -0.5067
vn -0.5211 -0.6853 -0.5087
vn -0.7014 -0.7121 -0.0305
vn -0.7062 -0.7080 -0.0042
vn -0.3264 -0.3729 -0.8686
vn -0.2068 -0.4832 -0.8507
vn 0.0276 -0.0276 -0.9992
vn 0.1587 -0.1587 -0.9745
vn 0.3729 0.3264 -0.8686
vn 0.4832 0.2068 -0.8507
vn 0.6218 0.5971 -0.5067
vn 0.6853 0.5211 -0.5087
vn 0.7080 0.7062 -0.0042
vn 0.7121 0.7014 -0.0305
vn 0.6065 0.6172 0.5012
vn 0.5524 0.6924 0.4641
vn 0.3458 0.3572 0.8677
vn 0.2415 0.4871 0.8393
vn -0.0048 0.0048 1.0000
vn -0.1412 0.1412 0.9799
vn -0.3572 -0.3458 0.8677
vn -0.4871 -0.2415 0.8393
vn -0.6172 -0.6065 0.5012
vn -0.6924 -0.5524 0.4641
vn -0.3799 -0.8226 -0.4231
vn -0.6909 -0.7224 -0.0297
vn 0.0250 -0.7110 -0.7027
vn 0.4209 -0.4209 -0.8035
vn 0.7110 -0.0250 -0.7027
vn 0.8226 0.3799 -0.4231
vn 0.7224 0.6909 -0.0297
vn 0.4278 0.8203 0.3797
vn 0.0106 0.7216 0.6923
vn -0.4145 0.4145 0.8102
vn -0.7216 -0.0106 0.6923
vn -0.8203 -0.4278 0.3796
vn -0.2723 -0.9308 -0.2440
vn -0.6828 -0.7304 -0.0181
vn 0.2035 -0.8908 -0.4063
vn 0.6260 -0.6260 -0.4651
vn 0.8908 -0.2035 -0.4063
vn 0.9308 0.2723 -0.2440
vn 0.7304 0.6828 -0.0181
vn 0.3311 0.9193 0.2128
vn -0.1704 0.9069 0.3853
vn -0.6317 0.6317 0.4493
vn -0.9069 0.1704 0.3853
vn -0.9193 -0.3310 0.2128
vn -0.2439 -0.9675 -0.0662
vn -0.6929 -0.7210 -0.0032
vn 0.2642 -0.9578 -0.1130
vn 0.7011 -0.7011 -0.1302
vn 0.9578 -0.2642 -0.1130
vn 0.9675 0.2439 -0.0661
vn 0.7210 0.6929 -0.0032
vn 0.2760 0.9595 0.0560
vn -0.2478 0.9642 0.0947
vn -0.7030 0.7030 0.1074
vn -0.9642 0.2478 0.0947
vn -0.9595 -0.2760 0.0560
vn -0.2573 -0.9663 -0.0010
vn -0.7071 -0.7071 -0.0002
vn 0.2604 -0.9655 -0.0024
vn 0.7071 -0.7071 -0.0031
vn 0.9655 -0.2604 -0.0024
vn 0.9663 0.2573 -0.0010
vn 0.7071 0.7071 -0.0002
vn 0.2572 0.9664 -0.0010
vn -0.2605 0.9655 -0.0026
vn -0.7071 0.7071 -0.0034
vn -0.9655 0.2605 -0.0026
vn -0.9664 -0.2572 -0.0010
vn 0.6124 0.6124 0.5000
vn 0.3535 0.3535 -0.8660
vn -0.6124 -0.6124 0.5000
vn -0.3535 -0.3535 0.8660
vn -0.6124 -0.6124 -0.5000
vn 0.3535 0.3535 0.8660
vn 0.6124 0.6124 -0.5000
vn -0.3535 -0.3535 -0.8660
vn -0.0776 0.9970 0.0000
vn -0.1392 0.9354 -0.3251
vn -0.5373 0.5373 -0.6501
vn -0.7671 0.3074 -0.5630
vn -0.7671 0.3074 0.5630
vn -0.5373 0.5373 0.6501
vn -0.1392 0.9354 0.3251
vn -0.3074 0.7671 -0.5630
vn -0.9354 0.1392 0.3251
vn -0.9354 0.1392 -0.3251
vn -0.9970 0.0776 -0.0000
vn -0.3074 0.7671 0.5630
vn -0.0267 0.9996 0.0000
vn -0.0919 0.9345 -0.3440
vn -0.5132 0.5132 -0.6880
vn -0.7564 0.2699 -0.5958
vn -0.7564 0.2699 0.5958
vn -0.5131 0.5132 0.6880
vn -0.0918 0.9345 0.3440
vn -0.0919 0.9345 0.3440
vn -0.2699 0.7564 -0.5958
vn -0.9345 0.0919 0.3440
vn -0.9345 0.0919 -0.3440
vn -0.9996 0.0267 0.0000
vn -0.2699 0.7564 0.5958
vn -0.2699 0.7564 0.5959
vn -0.3791 0.9005 0.2129
vn -0.3388 0.9409 0.0000
vn -0.4893 0.7903 -0.3687
vn -0.6398 0.6398 -0.4257
vn -0.9005 0.3791 0.2129
vn -0.7903 0.4893 0.3687
vn -0.4893 0.7903 0.3687
vn -0.3791 0.9005 -0.2129
vn -0.7903 0.4893 -0.3687
vn -0.9005 0.3791 -0.2129
vn -0.6398 0.6398 0.4257
vn -0.9182 -0.3960 0.0000
vn -0.8302 -0.3080 -0.4647
vn -0.5896 -0.0675 -0.8048
vn -0.9409 0.3388 0.0000
vn -0.2611 0.2611 -0.9293
vn 0.0675 0.5897 -0.8048
vn 0.3080 0.8302 -0.4647
vn 0.3960 0.9182 -0.0000
vn 0.3080 0.8302 0.4647
vn 0.0675 0.5896 0.8048
vn -0.2611 0.2611 0.9293
vn -0.5897 -0.0675 0.8048
vn -0.8302 -0.3080 0.4647
vn -0.6123 -0.6124 0.5000
vn -0.4000 -0.8869 0.2310
vn -0.2310 -0.8869 0.4000
vn -0.2310 -0.8869 -0.4000
vn -0.4000 -0.8869 -0.2310
vn 0.0000 -0.8869 0.4619
vn 0.2310 -0.8869 0.4000
vn 0.2310 -0.8869 -0.4000
vn 0.0000 -0.8869 -0.4619
vn 0.4619 -0.8869 -0.0000
vn 0.4000 -0.8869 -0.2310
vn -0.4619 -0.8869 0.0000
vn 0.4000 -0.8869 0.2310
vn 0.8660 0.0000 -0.5000
vn -0.8660 0.0000 0.5000
vn -0.5000 0.0000 0.8660
vn 0.5000 0.0000 -0.8660
vn -0.8660 0.0000 -0.5000
vn 0.5000 0.0000 0.8660
vn -0.5000 0.0000 -0.8660
vn 0.8660 0.0000 0.5000
vn -0.4797 -0.8324 -0.2774
vn -0.4798 -0.8324 -0.2773
vn -0.5545 -0.8322 0.0000
vn -0.2763 -0.8329 -0.4795
vn -0.2765 -0.8329 -0.4794
vn 0.0000 -0.8332 -0.5530
vn 0.2763 -0.8329 -0.4795
vn 0.2765 -0.8329 -0.4794
vn 0.4797 -0.8324 -0.2774
vn 0.4798 -0.8324 -0.2773
vn 0.5545 -0.8322 0.0000
vn 0.4797 -0.8324 0.2774
vn 0.4798 -0.8324 0.2773
vn 0.2763 -0.8329 0.4795
vn 0.2765 -0.8329 0.4793
vn 0.0000 -0.8332 0.5530
vn -0.2763 -0.8329 0.4795
vn -0.2765 -0.8329 0.4794
vn -0.4797 -0.8324 0.2774
vn -0.4798 -0.8324 0.2773
vn -0.8365 -0.1527 -0.5263
vn -0.8462 -0.2861 -0.4496
vn -0.9989 -0.0259 -0.0392
vn -0.9988 -0.0129 -0.0481
vn -0.4672 -0.2440 -0.8498
vn -0.4814 -0.4661 -0.7423
vn 0.0000 -0.2751 -0.9614
vn 0.0000 -0.5302 -0.8478
vn 0.4673 -0.2440 -0.8498
vn 0.4814 -0.4661 -0.7423
vn 0.8365 -0.1527 -0.5263
vn 0.8462 -0.2861 -0.4496
vn 0.9988 -0.0129 -0.0481
vn 0.9989 -0.0259 -0.0392
vn 0.8800 0.1449 0.4524
vn 0.8871 0.2611 0.3806
vn 0.5089 0.2764 0.8152
vn 0.5244 0.5064 0.6845
vn 0.0000 0.3303 0.9439
vn 0.0000 0.6118 0.7910
vn -0.5089 0.2764 0.8152
vn -0.5244 0.5064 0.6845
vn -0.8800 0.1449 0.4524
vn -0.8871 0.2610 0.3806
vn -0.8492 -0.4654 -0.2497
vn -0.9993 -0.0328 -0.0195
vn -0.4838 -0.7703 -0.4155
vn 0.0000 -0.8799 -0.4752
vn 0.4838 -0.7703 -0.4155
vn 0.8492 -0.4654 -0.2497
vn 0.9993 -0.0328 -0.0195
vn 0.8811 0.4259 0.2055
vn 0.5122 0.7856 0.3472
vn 0.0000 0.9223 0.3865
vn -0.5121 0.7856 0.3473
vn -0.8811 0.4259 0.2055
vn -0.8566 -0.5117 -0.0671
vn -0.9998 -0.0198 -0.0035
vn -0.4905 -0.8639 -0.1149
vn -0.0000 -0.9912 -0.1325
vn 0.4905 -0.8638 -0.1149
vn 0.8566 -0.5117 -0.0671
vn 0.9998 -0.0198 -0.0035
vn 0.8733 0.4843 0.0537
vn 0.5053 0.8586 0.0864
vn 0.0000 0.9955 0.0950
vn -0.5053 0.8586 0.0864
vn -0.8733 0.4843 0.0537
vn -0.8652 -0.5014 -0.0011
vn -1.0000 0.0000 -0.0003
vn -0.4986 -0.8668 -0.0027
vn -0.0000 -1.0000 -0.0034
vn 0.4986 -0.8668 -0.0027
vn 0.8652 -0.5014 -0.0011
vn 1.0000 0.0000 -0.0003
vn 0.8651 0.5015 -0.0012
vn 0.4985 0.8669 -0.0030
vn 0.0000 1.0000 -0.0039
vn -0.4985 0.8669 -0.0030
vn -0.8652 0.5015 -0.0012
vn -0.4400 0.4750 0.7621
vn 0.0000 0.4750 0.8800
vn 0.7621 0.4750 0.4400
vn 0.8800 0.4750 -0.0000
vn 0.4400 0.4750 -0.7621
vn 0.0000 0.4750 -0.8800
vn -0.7621 0.4750 0.4400
vn -0.7621 0.4750 -0.4400
vn -0.8800 0.4750 0.0000
vn 0.4400 0.4750 0.7621
vn 0.7621 0.4750 -0.4400
vn -0.4400 0.4750 -0.7621
vn -0.4975 0.0997 -0.8617
vn 0.0000 0.0997 -0.9950
vn 0.0000 0.0997 0.9950
vn -0.4975 0.0997 0.8617
vn 0.9950 0.0997 0.0000
vn 0.8617 0.0997 0.4975
vn 0.4975 0.0997 -0.8617
vn -0.8617 0.0997 0.4975
vn -0.9950 0.0997 0.0000
vn -0.8617 0.0997 -0.4975
vn 0.4975 0.0997 0.8617
vn 0.8617 0.0997 -0.4975
vn -0.9243 0.3818 0.0000
vn -0.8004 0.3818 -0.4621
vn -0.7117 0.7025 0.0000
vn -0.6163 0.7025 -0.3558
vn -0.3990 0.9170 0.0000
vn -0.3455 0.9170 -0.1995
vn -0.1104 0.9939 0.0000
vn -0.0956 0.9939 -0.0552
vn -0.0552 0.9939 -0.0956
vn -0.1995 0.9170 -0.3455
vn -0.3558 0.7025 -0.6163
vn -0.4621 0.3818 -0.8004
vn 0.0000 0.9939 -0.1104
vn 0.0000 0.9170 -0.3990
vn 0.0000 0.7025 -0.7117
vn 0.0000 0.3818 -0.9243
vn 0.0552 0.9939 -0.0956
vn 0.1995 0.9170 -0.3455
vn 0.3558 0.7025 -0.6163
vn 0.4621 0.3818 -0.8004
vn 0.0956 0.9939 -0.0552
vn 0.3455 0.9170 -0.1995
vn 0.6163 0.7025 -0.3558
vn 0.8004 0.3818 -0.4621
vn 0.1104 0.9939 0.0000
vn 0.3990 0.9170 0.0000
vn 0.7117 0.7025 0.0000
vn 0.9243 0.3818 0.0000
vn 0.0956 0.9939 0.0552
vn 0.3455 0.9170 0.1995
vn 0.6163 0.7025 0.3558
vn 0.8004 0.3818 0.4621
vn 0.0552 0.9939 0.0956
vn 0.1995 0.9170 0.3455
vn 0.3558 0.7025 0.6163
vn 0.4621 0.3818 0.8004
vn 0.0000 0.9939 0.1104
vn 0.0000 0.9170 0.3990
vn -0.0000 0.7025 0.7117
vn -0.0000 0.3818 0.9243
vn -0.0552 0.9939 0.0956
vn -0.1995 0.9170 0.3455
vn -0.3558 0.7025 0.6163
vn -0.4621 0.3818 0.8004
vn -0.0956 0.9939 0.0552
vn -0.3455 0.9170 0.1995
vn -0.6163 0.7025 0.3558
vn -0.8004 0.3818 0.4621
vn -0.7071 0.0000 0.7071
vn 0.7071 0.0000 -0.7071
vn -0.7071 0.0000 -0.7071
vn 0.7071 0.0000 0.7071
vn 0.9721 -0.2347 0.0008
vn 0.8404 -0.5420 0.0001
vn 0.8403 -0.5422 0.0001
vn 0.9723 -0.2339 0.0008
vn 0.5356 -0.4084 0.7391
vn 0.5684 -0.0869 0.8182
vn 0.6784 -0.2426 0.6935
vn 0.4986 -0.3627 0.7873
vn -0.0155 0.9999 0.0007
vn -0.0146 0.9999 0.0007
vn 0.2224 0.9750 -0.0001
vn -0.4986 -0.3627 0.7873
vn -0.6784 -0.2426 0.6935
vn -0.5684 -0.0869 0.8182
vn -0.5356 -0.4084 0.7391
vn 0.0688 0.5635 0.8232
vn -0.2881 0.6143 0.7346
vn -0.3649 0.6017 0.7105
vn -0.0519 0.4772 0.8773
vn 0.0146 0.9999 0.0007
vn 0.0155 0.9999 0.0007
vn -0.2224 0.9750 -0.0001
vn 0.1670 -0.9860 0.0001
vn -0.1670 -0.9860 0.0001
vn 0.0000 0.6097 0.7926
vn -0.4060 0.5343 0.7414
vn -0.4974 0.5007 0.7084
vn 0.3854 0.9228 0.0000
vn 0.3854 0.9227 0.0000
vn -0.5064 0.8623 0.0000
vn 0.9961 0.0884 0.0000
vn -0.9961 -0.0885 0.0000
vn 0.5064 0.8623 0.0000
vn 0.9961 -0.0885 0.0000
vn -0.3854 0.9228 0.0000
vn -0.9961 0.0884 0.0000
vn 0.0519 0.4772 0.8773
vn -0.1445 0.6109 0.7784
vn -0.0688 0.5635 0.8232
vn 0.3473 0.1944 0.9174
vn 0.3083 0.2379 0.9211
vn -0.3083 0.2379 0.9211
vn -0.3473 0.1944 0.9174
vn 0.8101 0.5863 0.0019
vn 0.8100 0.5864 0.0019
vn -0.8100 0.5864 0.0019
vn -0.8101 0.5863 0.0019
vn -0.9723 -0.2339 0.0008
vn -0.9721 -0.2347 0.0008
vn -0.8404 -0.5420 0.0001
vn -0.8403 -0.5422 0.0001
vn 0.5522 -0.8337 0.0001
vn 0.5523 -0.8337 0.0001
vn -0.5522 -0.8337 0.0001
vn -0.5523 -0.8337 0.0001
vn -0.8099 -0.5865 0.0000
vn -0.9722 0.2340 0.0000
vn 0.8099 -0.5865 0.0000
vn 0.0150 -0.9999 0.0000
vn -0.8403 0.5422 0.0000
vn 0.9722 0.2340 0.0000
vn 0.7763 -0.6304 0.0000
vn -0.0150 -0.9999 0.0000
vn 0.8402 0.5422 0.0000
vn -0.7763 -0.6304 0.0000
vn 0.7018 -0.7124 0.0000
vn -0.7018 -0.7124 0.0000
vn -0.7406 0.6719 0.0000
vn 0.7406 0.6720 0.0000
vn -0.9998 -0.0174 0.0000
vn 0.9999 -0.0150 0.0000
vn 0.9998 -0.0174 0.0000
vn -0.9999 -0.0150 0.0000
vn -0.6344 -0.7730 -0.0000
vn -0.0980 -0.9952 -0.0000
vn 0.9239 -0.3827 0.0003
vn 0.7071 -0.7071 0.0003
vn -0.3827 0.9239 0.0003
vn 0.0000 1.0000 0.0003
vn -1.0000 -0.0000 0.0003
vn -0.9239 0.3827 0.0003
vn 1.0000 -0.0000 0.0003
vn -0.9239 -0.3827 0.0003
vn 0.9239 0.3827 0.0003
vn -0.7071 -0.7071 0.0003
vn 0.7071 0.7071 0.0003
vn -0.3827 -0.9239 0.0003
vn 0.3827 0.9239 0.0003
vn -0.0000 -1.0000 0.0003
vn 0.3827 -0.9239 0.0003
vn -0.7071 0.7071 0.0003
vn 0.1951 0.0000 0.9808
vn -0.1951 -0.0000 0.9808
vn -0.1794 -0.1794 0.9673
vn 0.1794 -0.1794 0.9673
vn -0.9808 0.0000 -0.1951
vn -0.9668 -0.1821 -0.1792
vn -0.9592 -0.2527 0.1270
vn -0.9837 -0.1605 0.0814
vn -0.9673 -0.1794 0.1794
vn -0.9808 0.0000 0.1951
vn 0.2364 -0.8693 0.4342
vn -0.2364 -0.8693 0.4342
vn -0.1962 -0.6566 0.7282
vn 0.1962 -0.6566 0.7282
vn -0.1855 -0.9662 -0.1791
vn 0.1855 -0.9662 -0.1791
vn 0.1962 -0.9762 0.0927
vn -0.1962 -0.9762 0.0927
vn 0.1794 -0.9673 0.1794
vn -0.1794 -0.9673 0.1794
vn 0.9837 -0.1605 0.0814
vn 0.9592 -0.2527 0.1270
vn 0.9668 -0.1821 -0.1792
vn 0.9808 0.0000 -0.1951
vn 0.9808 0.0000 0.1951
vn 0.9673 -0.1794 0.1794
vn 0.6965 -0.6965 0.1726
vn 0.5774 -0.5773 0.5773
vn 0.1726 -0.6965 0.6965
vn 0.6965 -0.1726 0.6965
vn -0.6965 -0.1726 0.6965
vn -0.5774 -0.5774 0.5774
vn -0.1726 -0.6965 0.6965
vn -0.6965 -0.6965 0.1726
vn 0.1877 -0.8772 0.4419
vn 0.5895 -0.7214 0.3634
vn 0.6981 -0.4993 0.5133
vn 0.6974 -0.7105 0.0938
vn -0.6981 -0.4993 0.5133
vn -0.5895 -0.7214 0.3634
vn -0.1877 -0.8772 0.4419
vn -0.6974 -0.7105 0.0938
vn -0.6965 -0.1726 -0.6965
vn -0.5774 -0.5773 -0.5773
vn -0.6989 -0.6944 -0.1712
vn -0.1794 -0.1794 -0.9673
vn -0.1726 -0.6965 -0.6965
vn 0.6989 -0.6944 -0.1712
vn 0.5774 -0.5774 -0.5773
vn 0.6965 -0.1726 -0.6965
vn 0.1726 -0.6965 -0.6965
vn 0.1794 -0.1794 -0.9673
vn 0.7936 -0.5442 0.2720
vn -0.7936 -0.5442 0.2720
vn 0.1951 0.0000 -0.9808
vn -0.1951 0.0000 -0.9808
vn 0.5492 0.2636 -0.7930
vn -0.9917 -0.1286 -0.0000
vn -0.9945 -0.1045 -0.0000
vn -0.9949 -0.1012 0.0000
vn 0.0000 0.0024 1.0000
vn 0.9368 -0.3498 -0.0000
vn 0.9368 0.3498 0.0000
vn 0.5940 0.8045 0.0000
vn 0.2065 0.9785 0.0000
vn -0.2065 -0.9785 -0.0000
vn 0.2065 -0.9785 -0.0000
vn -0.9368 0.3498 0.0000
vn -0.9368 -0.3498 -0.0000
vn -0.2065 0.9785 0.0000
vn 0.5940 -0.8045 -0.0000
vn -0.5940 -0.8045 -0.0000
vn -0.5940 0.8045 0.0000
vn 0.7110 0.7032 0.0000
vn -0.7110 0.7032 0.0000
vn -0.9942 -0.1078 -0.0000
vn -0.9878 -0.1560 -0.0000
vn -0.3742 0.9204 -0.1137
vn -0.3742 0.9204 0.1137
vn 0.0000 0.9924 0.1227
vn 0.0000 0.9924 -0.1227
vn -0.3718 0.1599 0.9144
vn -0.3718 -0.1599 0.9144
vn 0.0000 -0.1722 0.9851
vn 0.0000 0.1722 0.9851
vn 0.0000 -0.5641 -0.8257
vn 0.0000 -0.8842 -0.4671
vn 0.0000 -0.8842 0.4671
vn 0.0000 -0.9922 0.1249
vn 0.0000 0.8843 0.4670
vn 0.0000 0.9922 0.1249
vn 0.0000 0.1739 -0.9848
vn 0.0000 -0.1737 -0.9848
vn 0.0000 -0.5641 0.8257
vn 0.0000 0.5641 0.8257
vn 0.0000 0.5641 -0.8257
vn 0.0000 0.8843 -0.4670
vn 0.0000 0.9922 -0.1249
vn 0.0000 0.1739 0.9848
vn 0.0000 -0.9922 -0.1249
vn 0.0000 -0.1737 0.9848
vn -0.3694 -0.5236 -0.7677
vn -0.3718 -0.1599 -0.9144
vn 0.0000 -0.1722 -0.9851
vn 0.0000 -0.5635 -0.8261
vn -0.3718 0.1599 -0.9144
vn -0.3694 0.5236 -0.7677
vn 0.0000 0.5635 -0.8261
vn 0.0000 0.1722 -0.9851
vn -0.3698 0.8229 0.4314
vn -0.3694 0.5236 0.7677
vn 0.0000 0.5635 0.8261
vn 0.0000 0.8857 0.4643
vn -0.3698 -0.8229 0.4314
vn -0.3742 -0.9204 0.1137
vn 0.0000 -0.9924 0.1227
vn 0.0000 -0.8857 0.4643
vn -0.9104 0.0713 0.4076
vn -0.9054 0.2393 0.3508
vn -0.9063 0.3744 0.1963
vn -0.9139 0.4028 0.0498
vn -0.9139 0.4028 -0.0498
vn -0.9063 0.3744 -0.1962
vn -0.9054 0.2393 -0.3508
vn -0.9104 0.0713 -0.4076
vn -0.9104 -0.0713 -0.4076
vn -0.9054 -0.2393 -0.3508
vn -0.9063 -0.3744 -0.1962
vn -0.9139 -0.4028 -0.0498
vn -0.9139 -0.4028 0.0498
vn -0.9063 -0.3744 0.1963
vn -0.9054 -0.2393 0.3508
vn -0.9104 -0.0713 0.4076
vn -0.3698 0.8229 -0.4314
vn 0.0000 0.8857 -0.4643
vn -0.3742 -0.9204 -0.1137
vn 0.0000 -0.9924 -0.1227
vn -0.3694 -0.5236 0.7677
vn 0.0000 -0.5635 0.8261
vn -0.3698 -0.8229 -0.4314
vn 0.0000 -0.8857 -0.4643
vn 0.7001 -0.7141 -0.0000
vn -0.9015 0.4327 0.0000
vn -0.0000 -0.1949 -0.9808
vn -0.4904 -0.1949 -0.8494
vn -0.4904 -0.1949 0.8494
vn 0.0000 -0.1949 0.9808
vn 0.8494 -0.1949 0.4904
vn 0.9808 -0.1949 0.0000
vn 0.4904 -0.1949 -0.8494
vn -0.8494 -0.1949 0.4904
vn -0.8494 -0.1949 -0.4904
vn -0.9808 -0.1949 0.0000
vn 0.4904 -0.1949 0.8494
vn 0.8494 -0.1949 -0.4904
vn 0.1361 -0.9622 0.2358
vn 0.0000 -0.9622 0.2723
vn -0.2358 -0.9622 -0.1361
vn -0.2723 -0.9622 0.0000
vn -0.7282 -0.6854 0.0000
vn -0.6306 -0.6854 -0.3641
vn -0.3641 -0.6854 -0.6306
vn -0.1361 -0.9622 -0.2358
vn -0.0000 -0.6854 -0.7282
vn -0.0000 -0.9622 -0.2723
vn 0.3641 -0.6854 -0.6306
vn 0.1361 -0.9622 -0.2358
vn 0.6306 -0.6854 -0.3641
vn 0.2358 -0.9622 -0.1361
vn 0.7282 -0.6854 0.0000
vn 0.2723 -0.9622 0.0000
vn 0.6306 -0.6854 0.3641
vn 0.2358 -0.9622 0.1361
vn 0.3641 -0.6854 0.6306
vn 0.0000 -0.6854 0.7282
vn -0.3641 -0.6854 0.6306
vn -0.1361 -0.9622 0.2358
vn -0.6306 -0.6854 0.3641
vn -0.2358 -0.9622 0.1361
vn -0.1526 0.9843 0.0881
vn -0.0881 0.9843 0.1526
vn 0.5640 0.8258 0.0000
vn 0.4884 0.8258 -0.2820
vn 0.3796 0.8988 -0.2192
vn 0.4383 0.8988 0.0000
vn 0.1526 0.9843 -0.0881
vn 0.1763 0.9843 0.0000
vn -0.2820 0.8258 0.4884
vn 0.0000 0.8258 0.5640
vn 0.0000 0.8988 0.4383
vn -0.2192 0.8988 0.3796
vn -0.0000 0.9843 0.1763
vn -0.4884 0.8258 0.2820
vn -0.3796 0.8988 0.2192
vn 0.4884 0.8258 0.2820
vn 0.3796 0.8988 0.2192
vn 0.1526 0.9843 0.0881
vn 0.2820 0.8258 -0.4884
vn -0.0000 0.8258 -0.5640
vn 0.0000 0.8988 -0.4383
vn 0.2191 0.8988 -0.3796
vn 0.0000 0.9843 -0.1763
vn 0.0881 0.9843 -0.1526
vn 0.2820 0.8258 0.4884
vn 0.2192 0.8988 0.3796
vn 0.0881 0.9843 0.1526
vn -0.2820 0.8258 -0.4884
vn -0.2191 0.8988 -0.3796
vn -0.0881 0.9843 -0.1527
vn -0.4884 0.8258 -0.2820
vn -0.5640 0.8258 0.0000
vn -0.4383 0.8988 0.0000
vn -0.3796 0.8988 -0.2192
vn -0.1763 0.9843 0.0000
vn -0.1526 0.9843 -0.0881
vn 0.8100 0.0000 0.5865
vn 0.8100 0.0000 -0.5865
vn -0.8100 0.0000 -0.5865
vn -0.8100 0.0000 0.5865
vn 0.0000 0.2588 -0.9659
vn 0.0000 0.8660 -0.5000
vn 0.0000 0.8660 0.5000
vn 0.0000 0.2588 0.9659
vn 0.0000 0.3162 -0.9487
vn 0.0000 0.7071 -0.7071
vn -0.4961 0.0000 -0.8682
vn -0.4961 0.0000 0.8682
vn -0.5556 -0.8315 0.0000
vn -0.7523 -0.6588 0.0000
vn 0.7523 -0.6588 0.0000
vn 0.5556 -0.8315 0.0000
vn -0.9949 0.1011 0.0000
vn -0.7152 -0.6989 0.0000
vn 0.9999 -0.0115 0.0000
vn 0.6320 -0.7749 0.0000
vn 0.1010 0.9949 0.0000
vn -0.9999 0.0115 0.0000
vn 0.6989 -0.7152 0.0000
vn -0.1010 -0.9949 0.0000
vn 0.7749 0.6321 0.0000
vn -0.6989 0.7152 0.0000
vn -0.0115 -0.9999 0.0000
vn -0.7749 -0.6320 0.0000
vn 0.9949 -0.1010 0.0000
vn 0.7152 0.6989 0.0000
vn 0.0115 0.9999 0.0000
vn -0.6320 0.7749 0.0000
vn -0.2786 0.2786 -0.9191
vn -0.2369 0.2369 -0.9422
vn -0.2786 -0.2786 -0.9191
vn -0.2369 -0.2369 -0.9422
vn 0.2786 0.2786 -0.9191
vn 0.2369 0.2369 -0.9422
vn -0.0000 0.3940 -0.9191
vn -0.0000 0.3350 -0.9422
vn 0.3940 0.0000 -0.9191
vn 0.2786 -0.2786 -0.9191
vn 0.2369 -0.2369 -0.9422
vn -0.3940 -0.0000 -0.9191
vn -0.3350 -0.0000 -0.9422
vn -0.2173 -0.0000 -0.9761
vn -0.1536 -0.1537 -0.9761
vn 0.0000 -0.2173 -0.9761
vn 0.0000 -0.3350 -0.9422
vn 0.1537 -0.1536 -0.9761
vn 0.1537 0.1536 -0.9761
vn 0.0000 0.2173 -0.9761
vn -0.1537 0.1537 -0.9761
vn 0.0000 -0.3940 -0.9191
vn -0.2340 -0.4349 0.8696
vn -0.0479 -0.3974 0.9164
vn 0.2340 -0.4349 0.8696
vn 0.0479 -0.3974 0.9164
vn -0.9440 -0.3300 -0.0000
vn -0.9881 -0.1540 0.0000
vn 0.8680 0.4966 0.0000
vn 0.9862 0.1655 0.0000
vn 0.8625 0.4189 0.2840
vn 0.8915 0.4346 0.1277
vn 0.9989 -0.0455 -0.0141
vn 1.0000 -0.0004 0.0008
vn 0.4938 0.7178 0.4908
vn 0.5329 0.8134 0.2332
vn 0.0000 0.8246 0.5657
vn 0.0000 0.9624 0.2718
vn -0.4938 0.7178 0.4908
vn -0.5329 0.8134 0.2332
vn -0.8625 0.4189 0.2840
vn -0.8915 0.4346 0.1277
vn -1.0000 -0.0004 0.0008
vn -0.9989 -0.0456 -0.0141
vn -0.8627 -0.4228 -0.2776
vn -0.8495 -0.5049 -0.1533
vn -0.4944 -0.7281 -0.4749
vn -0.4866 -0.8357 -0.2547
vn 0.0000 -0.8383 -0.5453
vn 0.0000 -0.9564 -0.2919
vn 0.4943 -0.7281 -0.4749
vn 0.4866 -0.8357 -0.2547
vn 0.8627 -0.4228 -0.2776
vn 0.8495 -0.5049 -0.1533
vn 0.8736 0.4777 -0.0934
vn 0.9995 -0.0316 0.0069
vn 0.5001 0.8503 -0.1639
vn 0.0000 0.9821 -0.1882
vn -0.5001 0.8503 -0.1639
vn -0.8735 0.4777 -0.0934
vn -0.9995 -0.0316 0.0069
vn -0.8477 -0.5198 0.1060
vn -0.4803 -0.8593 0.1758
vn 0.0000 -0.9797 0.2005
vn 0.4803 -0.8593 0.1758
vn 0.8477 -0.5198 0.1060
vn 0.9014 0.3061 -0.3062
vn 0.9980 -0.0448 0.0448
vn 0.5498 0.5906 -0.5906
vn -0.5498 0.5906 -0.5906
vn -0.9014 0.3062 -0.3062
vn -0.9980 -0.0448 0.0448
vn -0.8446 -0.3785 0.3785
vn -0.4831 -0.6191 0.6191
vn 0.0000 -0.7071 0.7071
vn 0.4831 -0.6191 0.6191
vn 0.8446 -0.3785 0.3785
vn 0.8753 0.0886 -0.4754
vn 0.9996 -0.0066 0.0267
vn 0.5044 0.1461 -0.8510
vn -0.0049 0.1627 -0.9867
vn -0.5126 0.1462 -0.8461
vn -0.8796 0.0886 -0.4673
vn -0.9993 -0.0066 0.0359
vn -0.8487 -0.1085 0.5177
vn -0.4814 -0.1827 0.8573
vn 0.0047 -0.2094 0.9778
vn 0.4895 -0.1827 0.8527
vn 0.8535 -0.1084 0.5097
vn 0.8409 -0.1448 -0.5215
vn 0.9866 -0.1627 -0.0148
vn 0.4582 -0.0857 -0.8847
vn -0.0458 0.0105 -0.9989
vn -0.5255 0.1118 -0.8434
vn -0.8615 0.1846 -0.4730
vn -0.9777 0.2094 0.0141
vn -0.8483 0.1807 0.4978
vn -0.5017 0.1050 0.8586
vn -0.0168 0.0028 0.9999
vn 0.4844 -0.0916 0.8700
vn 0.8560 -0.1474 0.4955
vn 0.5824 -0.5824 -0.5671
vn 0.7069 -0.7069 -0.0220
vn 0.2938 -0.2938 -0.9096
vn -0.0580 0.0580 -0.9966
vn -0.3896 0.3896 -0.8346
vn -0.6254 0.6254 -0.4667
vn -0.7070 0.7070 0.0187
vn -0.6126 0.6126 0.4993
vn -0.3674 0.3674 0.8544
vn -0.0316 0.0316 0.9990
vn 0.3184 -0.3184 0.8929
vn 0.5986 -0.5986 0.5323
vn 0.1412 -0.8398 -0.5242
vn 0.1582 -0.9872 -0.0196
vn 0.0836 -0.4557 -0.8862
vn -0.0120 0.0505 -0.9987
vn -0.1139 0.5307 -0.8399
vn -0.1874 0.8640 -0.4673
vn -0.2125 0.9770 0.0187
vn -0.1835 0.8462 0.5002
vn -0.1070 0.4989 0.8600
vn -0.0042 0.0121 0.9999
vn 0.0894 -0.4901 0.8671
vn 0.1437 -0.8598 0.4901
vn -0.0082 -0.8586 -0.5125
vn -0.0110 -0.9998 -0.0192
vn -0.0031 -0.4871 -0.8734
vn -0.0007 0.0195 -0.9998
vn -0.0030 0.5203 -0.8540
vn -0.0071 0.8774 -0.4797
vn -0.0090 0.9998 0.0192
vn -0.0068 0.8583 0.5132
vn -0.0027 0.4867 0.8736
vn -0.0007 -0.0197 0.9998
vn -0.0034 -0.5208 0.8537
vn -0.0085 -0.8778 0.4790
vn -0.6841 0.2553 0.6833
vn -0.6927 0.3591 0.6255
vn -0.9511 0.0593 0.3032
vn -0.9484 0.0011 0.3171
vn -0.2379 0.4406 0.8656
vn -0.2578 0.5643 0.7843
vn 0.2711 0.5081 0.8175
vn 0.2424 0.6244 0.7425
vn 0.7090 0.4399 0.5512
vn 0.6823 0.5239 0.5099
vn 0.9577 0.2536 0.1356
vn 0.9478 0.2860 0.1412
vn 0.9482 -0.0003 -0.3176
vn 0.9619 -0.0291 -0.2719
vn 0.6835 -0.2528 -0.6848
vn 0.7114 -0.3356 -0.6175
vn 0.2372 -0.4366 -0.8678
vn 0.2619 -0.5488 -0.7938
vn -0.2717 -0.5045 -0.8195
vn -0.2604 -0.6116 -0.7471
vn -0.7093 -0.4381 -0.5523
vn -0.7092 -0.5054 -0.4916
vn -0.9578 -0.2533 -0.1358
vn -0.9604 -0.2581 -0.1046
vn -0.7260 0.5572 0.4031
vn -0.9663 0.1628 0.1993
vn -0.3024 0.8090 0.5040
vn 0.1974 0.8562 0.4774
vn 0.6479 0.6866 0.3299
vn 0.9352 0.3405 0.0972
vn 0.9815 -0.0991 -0.1639
vn 0.7608 -0.5216 -0.3862
vn 0.3151 -0.8048 -0.5029
vn -0.2276 -0.8519 -0.4716
vn -0.6948 -0.6516 -0.3044
vn -0.9590 -0.2774 -0.0579
vn -0.7465 0.6546 0.1190
vn -0.9772 0.2049 0.0560
vn -0.3244 0.9338 0.1508
vn 0.1814 0.9730 0.1428
vn 0.6418 0.7607 0.0967
vn 0.9371 0.3482 0.0252
vn 0.9855 -0.1617 -0.0505
vn 0.7657 -0.6340 -0.1080
vn 0.3313 -0.9339 -0.1343
vn -0.1973 -0.9721 -0.1272
vn -0.6692 -0.7379 -0.0871
vn -0.9525 -0.3038 -0.0203
vn -0.7498 0.6418 -0.1609
vn -0.9598 0.1886 -0.2079
vn -0.3447 0.9360 -0.0720
vn 0.1630 0.9861 0.0314
vn 0.6387 0.7617 0.1087
vn 0.9360 0.3239 0.1382
vn 0.9704 -0.1964 0.1403
vn 0.7348 -0.6676 0.1201
vn 0.2919 -0.9549 0.0539
vn -0.2215 -0.9740 -0.0474
vn -0.6633 -0.7345 -0.1431
vn -0.9289 -0.3107 -0.2016
vn -0.5451 0.6408 -0.5406
vn -0.6970 0.1910 -0.6912
vn -0.2593 0.9309 -0.2571
vn 0.0913 0.9917 0.0905
vn 0.4266 0.7994 0.4231
vn 0.6619 0.3618 0.6564
vn 0.6914 -0.2275 0.6857
vn 0.4952 -0.7166 0.4911
vn 0.1755 -0.9690 0.1740
vn -0.1788 -0.9678 -0.1773
vn -0.4870 -0.7277 -0.4830
vn -0.6758 -0.3071 -0.6701
vn -0.1671 0.6433 -0.7471
vn -0.2152 0.1910 -0.9577
vn -0.0756 0.9369 -0.3414
vn 0.0317 0.9855 0.1668
vn 0.1132 0.7588 0.6414
vn 0.1454 0.3202 0.9361
vn 0.1477 -0.1990 0.9688
vn 0.1251 -0.6692 0.7325
vn 0.0550 -0.9559 0.2886
vn -0.0500 -0.9730 -0.2253
vn -0.1486 -0.7314 -0.6656
vn -0.2086 -0.3072 -0.9285
vn -0.0072 0.6586 -0.7525
vn -0.0100 0.1966 -0.9804
vn -0.0028 0.9472 -0.3208
vn 0.0010 0.9798 0.2002
vn 0.0029 0.7466 0.6653
vn 0.0033 0.3157 0.9489
vn 0.0034 -0.1964 0.9805
vn 0.0031 -0.6581 0.7529
vn 0.0016 -0.9470 0.3213
vn -0.0018 -0.9799 -0.1996
vn -0.0062 -0.7470 -0.6648
vn -0.0096 -0.3160 -0.9487
vn 0.0881 -0.9961 0.0000
vn -0.0881 0.9961 0.0000
vn 0.1809 -0.1829 0.9663
vn 0.3509 -0.3547 0.8666
vn 0.6088 -0.6156 0.5004
vn 0.6090 -0.6157 -0.5000
vn 0.3518 -0.3556 -0.8659
vn -0.1820 -0.1840 -0.9659
vn -0.3516 -0.3555 -0.8660
vn -0.6090 -0.6157 -0.5000
vn -0.6925 -0.7001 0.1739
vn -0.6088 -0.6156 0.5004
vn -0.6972 -0.7049 0.1306
vn -0.3509 -0.3547 0.8666
vn 0.1824 -0.1843 -0.9658
vn 0.3084 -0.3118 0.8987
vn 0.1579 -0.1597 0.9745
vn -0.1593 0.1611 0.9740
vn -0.3097 0.3131 0.8978
vn 0.3092 -0.3126 -0.8982
vn 0.1587 -0.1604 -0.9742
vn -0.1587 0.1605 -0.9742
vn -0.1809 -0.1829 0.9663
vn -0.3093 -0.3127 -0.8981
vn -0.1587 -0.1605 -0.9742
vn 0.1587 0.1605 -0.9742
vn 0.3093 0.3127 -0.8981
vn -0.3084 -0.3118 0.8987
vn -0.1579 -0.1597 0.9745
vn 0.1593 0.1611 0.9740
vn -0.7032 -0.7110 -0.0000
vn -0.6972 -0.7049 -0.1305
vn 0.7032 -0.7110 -0.0000
vn 0.6972 -0.7049 0.1306
vn 0.6972 -0.7049 -0.1305
vn -0.6078 -0.6145 0.5031
vn -0.4972 -0.5027 0.7071
vn -0.6078 -0.6145 0.5030
vn -0.4619 -0.4619 -0.7572
vn 0.3536 -0.3536 -0.8660
vn -0.1942 -0.7296 -0.6557
vn 0.6124 -0.6124 -0.5000
vn 0.0018 -0.9256 -0.3786
vn 0.0735 -0.9973 0.0000
vn 0.6124 -0.6124 0.5000
vn 0.0018 -0.9256 0.3786
vn 0.3536 -0.3536 0.8660
vn -0.1942 -0.7296 0.6557
vn -0.4619 -0.4619 0.7572
vn -0.3536 0.3536 0.8660
vn -0.7296 -0.1942 0.6557
vn -0.6124 0.6124 0.5000
vn -0.9256 0.0018 0.3786
vn -0.9973 0.0735 0.0000
vn -0.6124 0.6124 -0.5000
vn -0.9256 0.0018 -0.3786
vn -0.3535 0.3536 -0.8660
vn -0.7296 -0.1942 -0.6557
vn 0.1942 0.7296 0.6557
vn 0.4619 0.4619 0.7572
vn 0.7296 0.1942 0.6557
vn 0.9256 -0.0018 0.3786
vn 0.9973 -0.0735 0.0000
vn 0.9256 -0.0018 -0.3786
vn 0.7296 0.1942 -0.6557
vn 0.4619 0.4619 -0.7572
vn 0.1942 0.7296 -0.6557
vn -0.0018 0.9256 -0.3786
vn -0.0735 0.9973 0.0000
vn -0.0018 0.9256 0.3786
vn -0.3536 0.3536 -0.8660
vn 0.3535 -0.3536 0.8660
vn 0.3536 0.3536 0.8660
vn 0.3536 0.3536 -0.8660
vn -0.3536 -0.3536 -0.8660
vn -0.3535 -0.3536 0.8660
vn -0.3536 -0.3536 0.8660
vn 0.3535 0.3536 -0.8660
vn 0.3535 -0.3536 -0.8660
vn -0.3535 0.3535 -0.8660
vn 0.3535 -0.3535 -0.8660
vn -0.3536 0.3535 -0.8660
vn 0.3536 -0.3535 -0.8660
vn 0.3535 0.3536 0.8660
vn -0.3536 -0.3535 0.8660
vn 0.3536 0.3535 0.8660
vn 0.3097 0.3131 0.8978
vn -0.3093 0.3127 -0.8981
vn 0.7110 -0.7032 0.0000
vn 0.1223 0.1236 -0.9848
vn -0.0918 -0.0928 -0.9914
vn 0.0918 0.0928 -0.9914
vn 0.3510 -0.3549 0.8665
vn -0.3530 0.3569 0.8649
vn -0.1242 0.1256 0.9843
vn -0.0934 0.0945 0.9911
vn -0.3510 -0.3549 0.8665
vn -0.0911 -0.0921 0.9916
vn 0.0911 -0.0921 0.9916
vn 0.1242 0.1256 0.9843
vn 0.0934 0.0945 0.9911
vn 0.0918 -0.0928 -0.9914
vn -0.1223 0.1236 -0.9848
vn -0.0918 0.0928 -0.9914
vn 0.3516 -0.3555 -0.8660
vn -0.3516 0.3555 -0.8660
vn 0.7838 -0.6073 0.1295
vn 0.6974 -0.5173 0.4960
vn 0.3530 0.3569 0.8649
vn 0.2561 0.4466 0.8573
vn 0.0001 0.1852 0.9827
vn 0.7838 -0.6074 -0.1294
vn 0.1836 -0.0005 -0.9830
vn 0.4424 -0.2596 -0.8584
vn 0.6092 0.6159 0.4996
vn 0.5100 0.7033 0.4952
vn 0.6090 0.6157 -0.5000
vn 0.3516 0.3555 -0.8660
vn 0.2547 0.4452 -0.8584
vn 0.5098 0.7032 -0.4956
vn -0.2547 0.4452 -0.8584
vn 0.0016 0.1836 -0.9830
vn -0.0001 0.1852 0.9827
vn -0.2561 0.4466 0.8573
vn 0.4418 -0.2590 0.8589
vn 0.1829 0.0002 0.9831
vn -0.6090 0.6157 -0.5000
vn -0.5098 0.7032 -0.4956
vn -0.1836 -0.0005 -0.9830
vn -0.0016 0.1836 -0.9830
vn -0.7838 -0.6073 0.1295
vn -0.7838 -0.6074 -0.1294
vn -0.6972 0.7049 -0.1305
vn -0.6972 0.7049 0.1305
vn -0.6092 0.6159 0.4996
vn 0.6972 0.7049 -0.1305
vn 0.6972 0.7049 0.1305
vn -0.5695 0.4340 -0.6980
vn -0.4403 0.5647 -0.6980
vn 0.7557 0.2588 -0.6017
vn 0.9345 0.0780 -0.3474
vn 0.5695 0.4340 -0.6980
vn 0.7553 0.2592 0.6020
vn 0.5690 0.4345 0.6981
vn 0.9344 0.0782 0.3477
vn 0.9958 0.0031 -0.0919
vn 0.9958 0.0031 0.0919
vn 0.0881 0.9337 0.3471
vn 0.0140 0.9957 0.0919
vn 0.4392 0.5659 0.6977
vn -0.9345 0.0780 -0.3474
vn -0.7557 0.2588 -0.6017
vn -0.7553 0.2592 0.6020
vn -0.9344 0.0782 0.3476
vn -0.4392 0.5659 0.6977
vn -0.5690 0.4345 0.6981
vn -0.9958 0.0031 0.0919
vn -0.9958 0.0031 -0.0919
vn -0.2671 0.7528 -0.6017
vn -0.0883 0.9336 -0.3474
vn 0.4403 0.5647 -0.6980
vn -0.0881 0.9337 0.3471
vn -0.2660 0.7537 0.6010
vn -0.0140 0.9957 -0.0919
vn -0.0140 0.9957 0.0919
vn 0.0883 0.9336 -0.3474
vn 0.2671 0.7528 -0.6017
vn 0.2660 0.7537 0.6010
vn 0.0140 0.9957 -0.0919
vn -0.5100 0.7033 0.4952
vn -0.6138 0.7860 -0.0734
vn -0.6516 0.7478 -0.1272
vn -0.6911 0.7093 -0.1388
vn -0.7168 0.6833 -0.1388
vn -0.7549 0.6434 -0.1272
vn -0.7927 0.6051 -0.0734
vn -0.8016 0.5976 -0.0183
vn -0.8016 0.5976 0.0183
vn -0.7927 0.6052 0.0735
vn -0.7548 0.6434 0.1273
vn -0.7167 0.6834 0.1389
vn -0.6909 0.7095 0.1389
vn -0.6514 0.7480 0.1270
vn -0.6138 0.7860 0.0734
vn -0.6063 0.7950 0.0183
vn -0.6063 0.7950 -0.0183
vn 0.6975 -0.5175 -0.4956
vn -0.5987 0.7905 0.1294
vn -0.5987 0.7905 -0.1294
vn 0.5987 0.7905 0.1294
vn -0.6975 -0.5175 -0.4956
vn -0.4424 -0.2596 -0.8584
vn -0.1829 0.0002 0.9831
vn -0.4418 -0.2590 0.8589
vn -0.6974 -0.5173 0.4960
vn 0.5987 0.7905 -0.1294
vn -0.4308 0.2664 -0.8622
vn -0.2711 0.4278 -0.8622
vn -0.6574 0.5560 -0.5086
vn -0.5632 0.6512 -0.5086
vn -0.2526 0.9652 0.0669
vn -0.2526 0.9652 -0.0670
vn 0.2554 0.9602 0.1135
vn 0.2554 0.9602 -0.1135
vn 0.7549 0.6434 -0.1272
vn 0.7927 0.6051 -0.0734
vn 0.9239 0.2808 -0.2598
vn 0.7902 0.4161 -0.4500
vn 0.8804 -0.1890 -0.4350
vn 0.6565 0.0375 -0.7534
vn 0.7168 0.6833 -0.1388
vn 0.6574 0.5560 -0.5086
vn 0.4308 0.2664 -0.8622
vn 0.7548 0.6434 0.1273
vn 0.7167 0.6834 0.1389
vn 0.6570 0.5564 0.5087
vn 0.7899 0.4164 0.4503
vn 0.4302 0.2670 0.8624
vn 0.6560 0.0380 0.7538
vn 0.7927 0.6051 0.0735
vn 0.9238 0.2809 0.2601
vn 0.8802 -0.1888 0.4354
vn 0.8016 0.5976 -0.0183
vn 0.9680 0.2420 -0.0670
vn 0.9573 -0.2659 -0.1135
vn 0.8016 0.5976 0.0183
vn 0.9680 0.2420 0.0670
vn 0.9573 -0.2659 0.1136
vn -0.1794 0.8826 0.4346
vn -0.2554 0.9602 0.1135
vn 0.2909 0.9209 0.2596
vn 0.2526 0.9652 0.0669
vn 0.6138 0.7860 0.0734
vn 0.6063 0.7950 0.0183
vn 0.2697 0.4293 0.8620
vn 0.5623 0.6520 0.5086
vn 0.6909 0.7095 0.1389
vn -0.7902 0.4161 -0.4500
vn -0.9239 0.2808 -0.2598
vn -0.6565 0.0375 -0.7534
vn -0.8804 -0.1890 -0.4350
vn -0.9238 0.2809 0.2601
vn -0.7899 0.4164 0.4503
vn -0.8802 -0.1888 0.4354
vn -0.6560 0.0380 0.7538
vn -0.2697 0.4293 0.8620
vn -0.4302 0.2670 0.8624
vn -0.5623 0.6520 0.5086
vn -0.6570 0.5564 0.5087
vn -0.9680 0.2420 0.0670
vn -0.9573 -0.2659 0.1136
vn -0.9680 0.2420 -0.0670
vn -0.9573 -0.2659 -0.1135
vn -0.0447 0.6560 -0.7534
vn 0.1793 0.8824 -0.4350
vn -0.4247 0.7855 -0.4500
vn -0.2910 0.9208 -0.2598
vn 0.2711 0.4278 -0.8622
vn 0.5632 0.6512 -0.5086
vn 0.6911 0.7093 -0.1388
vn 0.1794 0.8826 0.4346
vn -0.0434 0.6572 0.7524
vn -0.2909 0.9209 0.2596
vn -0.4240 0.7863 0.4494
vn -0.1793 0.8824 -0.4350
vn 0.0447 0.6560 -0.7534
vn 0.2910 0.9208 -0.2598
vn 0.4247 0.7855 -0.4500
vn 0.6138 0.7860 -0.0734
vn 0.6516 0.7478 -0.1272
vn 0.0434 0.6572 0.7524
vn 0.4240 0.7863 0.4494
vn 0.6515 0.7480 0.1270
vn -0.2554 0.9602 -0.1135
vn 0.2526 0.9652 -0.0670
vn 0.6063 0.7950 -0.0183
vn 0.6077 -0.6145 0.5030
vn -0.6078 -0.6145 -0.5030
vn 0.6077 -0.6145 -0.5031
vn 0.4972 -0.5027 -0.7071
vn 0.6078 -0.6145 -0.5030
vn 0.4972 -0.5027 0.7071
vn 0.6077 -0.6145 -0.5030
vn 0.6078 -0.6145 -0.5031
vn 0.6078 -0.6145 0.5031
vn 0.6078 -0.6145 0.5030
vn -0.4972 -0.5027 -0.7071
vn 0.5000 0.5000 0.7071
vn -0.5000 -0.5000 0.7071
vn -0.5000 -0.5000 -0.7071
vn 0.5000 0.5000 -0.7071
vn -0.3535 0.3535 0.8660
vn 0.5000 -0.5000 -0.7071
vn -0.5000 0.5000 -0.7071
vn -0.5000 0.5000 0.7071
vn 0.5000 -0.5000 0.7071
vn 0.3535 -0.3535 0.8660
vn 0.6078 -0.6145 -0.5029
vn 0.6078 -0.6145 0.5029
vn -0.6078 -0.6145 0.5029
vn -0.6078 -0.6145 -0.5029
vn 0.6077 -0.6145 0.5031
vn -0.6077 -0.6145 0.5031
vn -0.6078 -0.6145 -0.5031
vn -0.7110 -0.7032 0.0000
vn 0.6925 -0.7002 -0.1739
vn 0.6925 -0.7001 0.1739
vn -0.6925 -0.7002 -0.1739
vn -0.7032 0.7110 0.0000
vn 0.6925 0.7002 -0.1739
vn 0.6792 0.6868 -0.2588
vn -0.6792 0.6868 -0.2588
vn -0.6925 0.7002 -0.1739
vn 0.7032 0.7110 0.0000
vn -0.6925 0.7002 0.1738
vn 0.6925 0.7002 0.1738
vn -0.9997 0.0226 0.0000
vn 0.9997 0.0226 0.0000
vn -0.7069 0.0160 0.7071
vn -0.7069 0.0160 -0.7071
vn 0.0000 -0.7071 -0.7071
vn 0.7069 0.0160 -0.7071
vn 0.7069 0.0160 0.7071
vn -0.3536 -0.3535 -0.8660
vn 0.6533 0.6533 0.3827
vn 0.2706 0.2706 -0.9239
vn -0.3536 0.3535 0.8660
vn 0.6793 0.6868 0.2587
vn 0.1846 0.1866 0.9649
vn -0.1846 0.1866 0.9649
vn -0.1820 0.1840 -0.9659
vn 0.1820 0.1840 -0.9659
vn -0.6793 0.6868 0.2587
vn 0.6533 0.6533 -0.3827
vn -0.5024 0.6899 0.5212
vn -0.3333 0.8074 0.4869
vn -0.3816 0.9243 0.0000
vn -0.5889 0.8076 0.0295
vn -0.2829 0.3894 0.8765
vn -0.1997 0.4835 0.8523
vn 0.0134 -0.0167 0.9998
vn -0.0123 0.0299 0.9995
vn 0.3078 -0.4198 0.8538
vn 0.1820 -0.4382 0.8803
vn 0.5196 -0.7090 0.4768
vn 0.3295 -0.7913 0.5151
vn 0.5907 -0.8064 -0.0282
vn 0.3848 -0.9230 -0.0000
vn 0.5019 -0.6869 -0.5256
vn 0.3295 -0.7913 -0.5151
vn 0.2771 -0.3815 -0.8818
vn 0.1820 -0.4382 -0.8803
vn -0.0220 0.0277 -0.9994
vn -0.0123 0.0299 -0.9995
vn -0.3138 0.4283 -0.8474
vn -0.1997 0.4835 -0.8523
vn -0.5205 0.7127 -0.4703
vn -0.3333 0.8074 -0.4869
vn 0.0000 0.8737 0.4865
vn 0.0000 0.5235 0.8521
vn -0.0000 0.0323 0.9995
vn -0.0000 -0.4750 0.8800
vn 0.0000 -0.8575 0.5145
vn -0.0000 -0.8575 -0.5145
vn -0.0000 -0.4750 -0.8800
vn -0.0000 0.0323 -0.9995
vn 0.0000 0.5235 -0.8521
vn 0.0000 0.8737 -0.4865
vn 0.3343 0.8072 0.4866
vn 0.2003 0.4836 0.8520
vn 0.0124 0.0299 0.9995
vn -0.1818 -0.4388 0.8800
vn -0.3282 -0.7922 0.5145
vn -0.3282 -0.7922 -0.5145
vn -0.1818 -0.4388 -0.8800
vn 0.0124 0.0299 -0.9995
vn 0.2003 0.4836 -0.8520
vn 0.3343 0.8072 -0.4866
vn 0.6178 0.6178 0.4866
vn 0.3701 0.3701 0.8520
vn 0.0229 0.0229 0.9995
vn -0.3359 -0.3359 0.8800
vn -0.6063 -0.6063 0.5145
vn -0.6064 -0.6064 -0.5145
vn -0.3359 -0.3359 -0.8800
vn 0.0229 0.0229 -0.9995
vn 0.3701 0.3701 -0.8520
vn 0.6178 0.6178 -0.4866
vn 0.8071 0.3343 0.4866
vn 0.4836 0.2003 0.8520
vn 0.0299 0.0124 0.9995
vn -0.4388 -0.1818 0.8800
vn -0.7922 -0.3282 0.5145
vn -0.7922 -0.3282 -0.5145
vn -0.4388 -0.1818 -0.8800
vn 0.0299 0.0124 -0.9995
vn 0.4836 0.2003 -0.8521
vn 0.8071 0.3343 -0.4866
vn 0.8736 -0.0014 0.4866
vn 1.0000 0.0000 0.0004
vn 0.5245 -0.0020 0.8514
vn 0.0347 -0.0011 0.9994
vn -0.4730 0.0011 0.8810
vn -0.8572 0.0020 0.5149
vn -1.0000 -0.0000 -0.0009
vn -0.8575 -0.0026 -0.5145
vn -0.4767 -0.0023 -0.8791
vn 0.0297 -0.0001 -0.9996
vn 0.5220 0.0014 -0.8529
vn 0.8735 0.0013 -0.4868
vn 0.7987 -0.3585 0.4832
vn 0.9242 -0.3820 -0.0028
vn 0.4690 -0.2435 0.8490
vn 0.0147 -0.0641 0.9978
vn -0.4482 0.1344 0.8838
vn -0.7946 0.2984 0.5287
vn -0.9243 0.3812 0.0217
vn -0.7912 0.3558 -0.4974
vn -0.4306 0.2284 -0.8732
vn 0.0452 0.0393 -0.9982
vn 0.4990 -0.1566 -0.8523
vn 0.8163 -0.3090 -0.4880
vn 0.5982 -0.6648 0.4475
vn 0.7097 -0.7034 -0.0407
vn 0.3341 -0.4573 0.8242
vn -0.0204 -0.1292 0.9914
vn -0.3758 0.2389 0.8954
vn -0.6323 0.5471 0.5486
vn -0.7096 0.7033 0.0429
vn -0.5843 0.6592 -0.4734
vn -0.2977 0.4299 -0.8524
vn 0.0665 0.0849 -0.9942
vn 0.4089 -0.2780 -0.8692
vn 0.6418 -0.5638 -0.5198
vn 0.3075 -0.8585 0.4103
vn 0.3896 -0.9173 -0.0820
vn 0.1468 -0.5807 0.8008
vn -0.0536 -0.1486 0.9874
vn -0.2424 0.3298 0.9124
vn -0.3671 0.7239 0.5841
vn -0.3897 0.9168 0.0874
vn -0.3015 0.8485 -0.4349
vn -0.1283 0.5416 -0.8308
vn 0.0784 0.0898 -0.9929
vn 0.2609 -0.3791 -0.8878
vn 0.3732 -0.7441 -0.5541
vn -0.0404 -0.9271 0.3725
vn 0.0133 -0.9923 -0.1228
vn -0.0839 -0.6257 0.7755
vn -0.1059 -0.1587 0.9816
vn -0.0995 0.3576 0.9286
vn -0.0658 0.7829 0.6187
vn -0.0138 0.9913 0.1308
vn 0.0419 0.9176 -0.3953
vn 0.0861 0.5851 -0.8064
vn 0.1064 0.0955 -0.9897
vn 0.0979 -0.4123 -0.9058
vn 0.0637 -0.8065 -0.5878
vn -0.3939 -0.8563 0.3342
vn -0.3611 -0.9181 -0.1633
vn -0.3266 -0.5766 0.7489
vn -0.1737 -0.1448 0.9741
vn 0.0280 0.3317 0.9430
vn 0.2248 0.7241 0.6520
vn 0.3598 0.9167 0.1740
vn 0.3922 0.8486 -0.3549
vn 0.3141 0.5407 -0.7804
vn 0.1505 0.0868 -0.9848
vn -0.0510 -0.3834 -0.9222
vn -0.2369 -0.7475 -0.6205
vn -0.6974 -0.6531 0.2951
vn -0.6770 -0.7072 -0.2040
vn -0.5405 -0.4321 0.7219
vn -0.2422 -0.0961 0.9655
vn 0.1236 0.2703 0.9548
vn 0.4601 0.5672 0.6831
vn 0.6726 0.7074 0.2174
vn 0.6954 0.6467 -0.3133
vn 0.5192 0.4030 -0.7537
vn 0.1998 0.0513 -0.9785
vn -0.1674 -0.3080 -0.9365
vn -0.4853 -0.5825 -0.6520
vn -0.8978 -0.3560 0.2593
vn -0.8916 -0.3828 -0.2419
vn -0.6764 -0.2390 0.6967
vn -0.2772 -0.0588 0.9590
vn 0.2043 0.1406 0.9688
vn 0.6381 0.3046 0.7072
vn 0.8921 0.3828 0.2399
vn 0.8894 0.3512 -0.2927
vn 0.6389 0.2219 -0.7366
vn 0.2180 0.0336 -0.9754
vn -0.2564 -0.1615 -0.9530
vn -0.6596 -0.3127 -0.6835
vn -0.9664 0.0007 0.2570
vn -0.9694 -0.0007 -0.2454
vn -0.7175 0.0015 0.6966
vn -0.2802 0.0009 0.9599
vn 0.2369 -0.0013 0.9715
vn 0.6957 -0.0029 0.7184
vn 0.9652 -0.0015 0.2616
vn 0.9619 0.0014 -0.2733
vn 0.6843 0.0019 -0.7292
vn 0.2194 -0.0001 -0.9756
vn -0.2963 -0.0018 -0.9551
vn -0.7272 -0.0018 -0.6864
vn -0.8928 0.3698 0.2572
vn -0.8957 0.3710 -0.2451
vn -0.6635 0.2748 0.6959
vn -0.2609 0.1081 0.9593
vn 0.2166 -0.0897 0.9721
vn 0.6421 -0.2660 0.7190
vn 0.8919 -0.3694 0.2608
vn 0.8886 -0.3681 -0.2736
vn 0.6333 -0.2623 -0.7281
vn 0.2050 -0.0849 -0.9751
vn -0.2721 0.1127 -0.9556
vn -0.6715 0.2782 -0.6868
vn -0.6833 0.6833 0.2572
vn -0.6855 0.6855 -0.2451
vn -0.5078 0.5078 0.6959
vn -0.1997 0.1997 0.9593
vn 0.1658 -0.1658 0.9721
vn 0.4914 -0.4914 0.7190
vn 0.6826 -0.6826 0.2608
vn 0.6801 -0.6801 -0.2736
vn 0.4847 -0.4847 -0.7281
vn 0.1569 -0.1569 -0.9751
vn -0.2083 0.2083 -0.9556
vn -0.5140 0.5140 -0.6868
vn -0.3698 0.8928 0.2572
vn -0.3710 0.8957 -0.2451
vn -0.2748 0.6635 0.6959
vn -0.1081 0.2609 0.9593
vn 0.0897 -0.2166 0.9721
vn 0.2660 -0.6421 0.7190
vn 0.3694 -0.8919 0.2608
vn 0.3681 -0.8886 -0.2736
vn 0.2623 -0.6333 -0.7281
vn 0.0849 -0.2050 -0.9751
vn -0.1127 0.2721 -0.9556
vn -0.2782 0.6715 -0.6868
vn 0.0000 0.9664 0.2572
vn 0.0000 0.9695 -0.2451
vn -0.0000 0.7182 0.6959
vn 0.0000 0.2824 0.9593
vn 0.0000 -0.2345 0.9721
vn -0.0000 -0.6950 0.7190
vn -0.0000 -0.9654 0.2608
vn -0.0000 -0.9618 -0.2736
vn -0.0000 -0.6855 -0.7281
vn -0.0000 -0.2219 -0.9751
vn -0.0000 0.2946 -0.9556
vn -0.0000 0.7269 -0.6868
vn 0.3687 0.8932 0.2574
vn 0.3699 0.8961 -0.2453
vn 0.2740 0.6635 0.6962
vn 0.1077 0.2607 0.9594
vn -0.0898 -0.2163 0.9722
vn -0.2667 -0.6412 0.7196
vn -0.3714 -0.8910 0.2612
vn -0.3700 -0.8877 -0.2741
vn -0.2630 -0.6324 -0.7286
vn -0.0849 -0.2046 -0.9751
vn 0.1124 0.2720 -0.9557
vn 0.2773 0.6715 -0.6871
vn 0.5740 0.7867 0.2274
vn 0.5644 0.7747 -0.2852
vn 0.4320 0.5908 0.6814
vn 0.1742 0.2362 0.9560
vn -0.1319 -0.1835 0.9741
vn -0.4032 -0.5536 0.7287
vn -0.5656 -0.7732 0.2868
vn -0.5749 -0.7846 -0.2320
vn -0.4285 -0.5845 -0.6891
vn -0.1661 -0.2256 -0.9600
vn 0.1397 0.1935 -0.9711
vn 0.4063 0.5587 -0.7231
vn 0.3309 0.8079 0.4877
vn 0.4794 0.7297 0.4875
vn 0.5485 0.8362 -0.0000
vn 0.3788 0.9255 -0.0000
vn 0.1982 0.4831 0.8528
vn 0.2855 0.4325 0.8552
vn 0.0120 0.0300 0.9995
vn 0.0094 0.0155 0.9998
vn -0.1825 -0.4367 0.8809
vn -0.2762 -0.4066 0.8708
vn -0.3324 -0.7892 0.5164
vn -0.4889 -0.7131 0.5025
vn -0.3759 -0.8895 0.2599
vn -0.5483 -0.7963 0.2556
vn -0.3324 -0.7892 -0.5164
vn -0.4889 -0.7131 -0.5025
vn -0.5483 -0.7963 -0.2556
vn -0.3759 -0.8895 -0.2599
vn -0.1825 -0.4367 -0.8809
vn -0.2762 -0.4066 -0.8708
vn 0.0120 0.0300 -0.9995
vn 0.0094 0.0155 -0.9998
vn 0.1982 0.4831 -0.8528
vn 0.2855 0.4325 -0.8552
vn 0.3309 0.8079 -0.4877
vn 0.4795 0.7297 -0.4875
vn 0.7283 0.4983 0.4704
vn 0.8061 0.3392 0.4849
vn 0.9216 0.3881 -0.0000
vn 0.8247 0.5655 0.0000
vn 0.4501 0.3062 0.8389
vn 0.4843 0.2034 0.8509
vn 0.0392 0.0277 0.9988
vn 0.0297 0.0130 0.9995
vn -0.3973 -0.2582 0.8806
vn -0.4426 -0.1804 0.8784
vn -0.7253 -0.4619 0.5104
vn -0.7977 -0.3202 0.5110
vn -0.8188 -0.5161 0.2513
vn -0.8979 -0.3576 0.2568
vn -0.7253 -0.4619 -0.5104
vn -0.7977 -0.3202 -0.5110
vn -0.8979 -0.3576 -0.2568
vn -0.8188 -0.5161 -0.2513
vn -0.3973 -0.2582 -0.8806
vn -0.4426 -0.1804 -0.8784
vn 0.0392 0.0277 -0.9988
vn 0.0297 0.0130 -0.9995
vn 0.4501 0.3062 -0.8389
vn 0.4843 0.2034 -0.8509
vn 0.7283 0.4983 -0.4704
vn 0.8061 0.3392 -0.4849
vn 0.8737 -0.0000 0.4866
vn 0.5235 -0.0000 0.8521
vn 0.0323 -0.0000 0.9995
vn -0.4750 -0.0000 0.8800
vn -0.8575 -0.0000 0.5145
vn -0.9659 -0.0000 0.2588
vn -0.8575 0.0000 -0.5145
vn -0.9659 0.0000 -0.2588
vn -0.4750 0.0000 -0.8800
vn 0.0323 0.0000 -0.9995
vn 0.5235 0.0000 -0.8521
vn 0.8737 0.0000 -0.4866
vn 0.8071 -0.3343 0.4866
vn 0.4836 -0.2003 0.8521
vn 0.0299 -0.0124 0.9995
vn -0.4388 0.1818 0.8800
vn -0.7922 0.3282 0.5145
vn -0.8924 0.3696 0.2588
vn -0.7922 0.3282 -0.5145
vn -0.8924 0.3696 -0.2588
vn -0.4388 0.1818 -0.8800
vn 0.0299 -0.0124 -0.9995
vn 0.4836 -0.2003 -0.8521
vn 0.8071 -0.3343 -0.4865
vn 0.6197 -0.6149 0.4877
vn 0.7100 -0.7042 0.0000
vn 0.3705 -0.3680 0.8528
vn 0.0231 -0.0225 0.9995
vn -0.3336 0.3358 0.8809
vn -0.6020 0.6091 0.5164
vn -0.6779 0.6877 0.2599
vn -0.6020 0.6091 -0.5164
vn -0.6779 0.6877 -0.2599
vn -0.3336 0.3357 -0.8809
vn 0.0231 -0.0225 -0.9995
vn 0.3705 -0.3680 -0.8528
vn 0.6197 -0.6149 -0.4877
vn 0.4907 -0.7222 0.4875
vn 0.5626 -0.8267 0.0000
vn 0.2903 -0.4293 0.8552
vn 0.0107 -0.0147 0.9998
vn -0.2700 0.4108 0.8708
vn -0.4717 0.7246 0.5025
vn -0.5258 0.8113 0.2556
vn -0.4717 0.7246 -0.5025
vn -0.5258 0.8113 -0.2556
vn -0.2700 0.4108 -0.8708
vn 0.0107 -0.0147 -0.9998
vn 0.2903 -0.4293 -0.8552
vn 0.4907 -0.7222 -0.4875
vn 0.1817 -0.8636 0.4704
vn 0.0049 -0.8746 0.4849
vn 0.0058 -1.0000 -0.0000
vn 0.2068 -0.9784 -0.0000
vn 0.1106 -0.5330 0.8389
vn 0.0025 -0.5253 0.8509
vn 0.0106 -0.0469 0.9988
vn 0.0006 -0.0324 0.9995
vn -0.0865 0.4659 0.8806
vn 0.0027 0.4779 0.8784
vn -0.1492 0.8469 0.5104
vn 0.0095 0.8596 0.5110
vn -0.1635 0.9540 0.2513
vn 0.0132 0.9664 0.2568
vn -0.1492 0.8469 -0.5104
vn 0.0095 0.8596 -0.5110
vn 0.0132 0.9664 -0.2568
vn -0.1635 0.9540 -0.2513
vn -0.0865 0.4659 -0.8806
vn 0.0027 0.4779 -0.8784
vn 0.0105 -0.0468 -0.9988
vn 0.0006 -0.0323 -0.9995
vn 0.1106 -0.5330 -0.8389
vn 0.0025 -0.5253 -0.8509
vn 0.1817 -0.8636 -0.4704
vn 0.0049 -0.8746 -0.4849
vn -0.3343 -0.8071 0.4865
vn -0.2003 -0.4836 0.8521
vn -0.0124 -0.0299 0.9995
vn 0.1818 0.4388 0.8800
vn 0.3282 0.7922 0.5145
vn 0.3696 0.8924 0.2588
vn 0.3282 0.7922 -0.5145
vn 0.3696 0.8924 -0.2588
vn 0.1818 0.4388 -0.8800
vn -0.0124 -0.0299 -0.9995
vn -0.2003 -0.4836 -0.8521
vn -0.3343 -0.8071 -0.4865
vn -0.6178 -0.6178 0.4866
vn -0.3701 -0.3701 0.8521
vn -0.0229 -0.0229 0.9995
vn 0.3359 0.3359 0.8800
vn 0.6063 0.6064 0.5145
vn 0.6830 0.6830 0.2588
vn 0.6064 0.6064 -0.5145
vn 0.6830 0.6830 -0.2588
vn 0.3359 0.3359 -0.8800
vn -0.0229 -0.0229 -0.9995
vn -0.3701 -0.3701 -0.8521
vn -0.6178 -0.6178 -0.4866
vn -0.8071 -0.3343 0.4866
vn -0.4836 -0.2003 0.8521
vn -0.0299 -0.0124 0.9995
vn 0.4388 0.1818 0.8800
vn 0.7922 0.3282 0.5145
vn 0.8924 0.3696 0.2588
vn 0.7922 0.3282 -0.5145
vn 0.8924 0.3696 -0.2588
vn 0.4388 0.1818 -0.8800
vn -0.0299 -0.0124 -0.9995
vn -0.4836 -0.2003 -0.8521
vn -0.8071 -0.3343 -0.4865
vn -0.8737 -0.0000 0.4866
vn -0.5235 -0.0000 0.8521
vn -0.0323 -0.0000 0.9995
vn 0.4750 -0.0000 0.8800
vn 0.8575 -0.0000 0.5145
vn 0.9659 -0.0000 0.2588
vn 0.8575 0.0000 -0.5145
vn 0.9659 0.0000 -0.2588
vn 0.4750 0.0000 -0.8800
vn -0.0323 0.0000 -0.9995
vn -0.5235 0.0000 -0.8521
vn -0.8737 0.0000 -0.4866
vn -0.8071 0.3343 0.4866
vn -0.4836 0.2003 0.8520
vn -0.0299 0.0124 0.9995
vn 0.4388 -0.1818 0.8800
vn 0.7922 -0.3282 0.5145
vn 0.8924 -0.3696 0.2588
vn 0.7922 -0.3282 -0.5145
vn 0.8924 -0.3696 -0.2588
vn 0.4388 -0.1818 -0.8800
vn -0.0299 0.0124 -0.9995
vn -0.4836 0.2003 -0.8521
vn -0.8071 0.3343 -0.4866
vn -0.6178 0.6178 0.4866
vn -0.3701 0.3701 0.8520
vn -0.0229 0.0229 0.9995
vn 0.3359 -0.3359 0.8800
vn 0.6064 -0.6064 0.5145
vn 0.6830 -0.6830 0.2588
vn 0.6064 -0.6064 -0.5145
vn 0.6830 -0.6830 -0.2588
vn 0.3359 -0.3359 -0.8800
vn -0.0229 0.0229 -0.9995
vn -0.3701 0.3701 -0.8521
vn -0.6178 0.6178 -0.4866
vn -0.3343 0.8071 0.4865
vn -0.2003 0.4836 0.8520
vn -0.0124 0.0299 0.9995
vn 0.1818 -0.4388 0.8800
vn 0.3282 -0.7922 0.5145
vn 0.3696 -0.8924 0.2588
vn 0.3282 -0.7922 -0.5145
vn 0.3696 -0.8924 -0.2588
vn 0.1818 -0.4388 -0.8800
vn -0.0124 0.0299 -0.9995
vn -0.2003 0.4836 -0.8521
vn -0.3343 0.8071 -0.4865
vn 0.0000 0.5235 0.8520
vn 0.0000 -0.9659 0.2588
vn 0.0000 -0.9659 -0.2588
vn 0.0070 1.0000 -0.0045
vn -0.3864 -0.9223 0.0026
vn -0.7043 0.7099 0.0026
vn -0.7211 -0.6929 -0.0022
vn -0.7086 -0.7056 -0.0016
vn -0.3642 0.9313 -0.0022
vn -0.3807 0.9247 -0.0016
vn -0.9265 -0.3762 -0.0045
vn -0.3864 -0.9223 -0.0006
vn -0.7043 0.7099 -0.0006
vn -0.7163 -0.6978 0.0005
vn -0.7134 -0.7007 0.0004
vn -0.3705 0.9288 0.0005
vn -0.3744 0.9273 0.0004
vn -0.9265 -0.3762 0.0011
vn 0.0070 1.0000 0.0011
vn 0.2908 -0.8054 0.5164
vn 0.0503 -0.9242 0.3786
vn 0.4170 -0.9078 0.0451
vn 0.4508 -0.8921 0.0312
vn 0.0563 -0.5139 0.8560
vn -0.3293 -0.7128 0.6192
vn -0.1888 -0.0974 0.9772
vn -0.6286 -0.3239 0.7071
vn -0.3862 0.3438 0.8560
vn -0.7716 0.1455 0.6192
vn -0.4878 0.7039 0.5163
vn -0.7234 0.5774 0.3786
vn -0.4657 0.8844 0.0311
vn -0.4972 0.8665 0.0451
vn -0.3272 0.8153 -0.4777
vn -0.1446 0.9420 -0.3029
vn -0.1183 0.5027 -0.8563
vn 0.2645 0.7660 -0.5859
vn 0.1164 0.0599 -0.9914
vn 0.6286 0.3239 -0.7071
vn 0.3412 -0.3880 -0.8562
vn 0.7773 -0.2293 -0.5859
vn 0.4747 -0.7393 -0.4775
vn 0.6831 -0.6645 -0.3029
vn -0.0722 -0.9912 0.1106
vn 0.4276 -0.9039 0.0083
vn -0.5407 -0.8206 0.1852
vn -0.8688 -0.4474 0.2120
vn -0.9819 0.0377 0.1854
vn -0.8469 0.5201 0.1108
vn -0.4830 0.8756 0.0083
vn 0.0262 0.9962 -0.0832
vn 0.5323 0.8372 -0.1258
vn 0.8814 0.4538 -0.1313
vn 0.9906 -0.0543 -0.1256
vn 0.8239 -0.5606 -0.0830
vn 0.7107 0.7034 0.0084
vn 0.7104 0.7038 -0.0027
vn 0.2484 0.9656 0.0768
vn 0.2555 0.9632 -0.0831
vn -0.0662 -0.9842 -0.1639
vn 0.4294 -0.9001 -0.0737
vn -0.5362 -0.8172 -0.2112
vn -0.8700 -0.4484 -0.2049
vn -0.9886 0.0344 -0.1463
vn -0.8537 0.5184 -0.0498
vn -0.4777 0.8772 0.0487
vn 0.0525 0.9951 0.0841
vn 0.5515 0.8328 0.0476
vn 0.8854 0.4616 0.0548
vn 0.9946 -0.0587 0.0853
vn 0.8227 -0.5677 0.0292
vn 0.0759 -0.8371 -0.5418
vn 0.4822 -0.8377 -0.2565
vn -0.3503 -0.6293 -0.6937
vn -0.6899 -0.2651 -0.6736
vn -0.8580 0.1643 -0.4866
vn -0.8142 0.5519 -0.1801
vn -0.5712 0.8032 0.1694
vn -0.1883 0.8581 0.4777
vn 0.2951 0.6684 0.6827
vn 0.7378 0.1838 0.6495
vn 0.8675 -0.2743 0.4150
vn 0.7690 -0.6328 0.0908
vn 0.3404 -0.5740 -0.7448
vn 0.6139 -0.7130 -0.3387
vn -0.0159 -0.2917 -0.9564
vn -0.3658 0.0636 -0.9285
vn -0.6246 0.4060 -0.6671
vn -0.7271 0.6475 -0.2280
vn -0.6467 0.7059 0.2890
vn -0.4172 0.5217 0.7442
vn -0.1129 0.1620 0.9803
vn 0.2489 -0.1848 0.9507
vn 0.5905 -0.4716 0.6550
vn 0.7199 -0.6725 0.1714
vn 0.4623 -0.4712 -0.7512
vn 0.6719 -0.6686 -0.3188
vn 0.1306 -0.1511 -0.9799
vn -0.2328 0.2095 -0.9497
vn -0.5350 0.5177 -0.6677
vn -0.6975 0.6872 -0.2031
vn -0.6763 0.6638 0.3194
vn -0.4780 0.4534 0.7523
vn -0.1572 0.1229 0.9799
vn 0.2063 -0.2345 0.9500
vn 0.5207 -0.5306 0.6689
vn 0.6945 -0.6902 0.2035
vn 0.3346 0.3618 0.8701
vn 0.5854 0.6343 0.5050
vn 0.5880 0.6371 0.4984
vn 0.3424 0.3702 0.8635
vn -0.0046 -0.0063 1.0000
vn 0.0058 0.0051 1.0000
vn -0.3418 -0.3714 0.8633
vn -0.3338 -0.3628 0.8700
vn -0.5880 -0.6378 0.4974
vn -0.5853 -0.6349 0.5042
vn -0.6780 -0.7351 -0.0007
vn -0.5876 -0.6375 -0.4983
vn -0.5849 -0.6346 -0.5052
vn -0.3414 -0.3712 -0.8635
vn -0.3335 -0.3626 -0.8702
vn -0.0045 -0.0062 -1.0000
vn 0.0059 0.0051 -1.0000
vn 0.3348 0.3621 -0.8700
vn 0.3425 0.3705 -0.8634
vn 0.5856 0.6347 -0.5042
vn 0.5882 0.6375 -0.4976
vn 0.6780 0.7351 0.0007
vn 0.6610 0.5439 0.5170
vn 0.8561 0.3517 0.3786
vn 0.7199 0.6926 0.0451
vn 0.6891 0.7240 0.0324
vn 0.4651 0.2251 0.8562
vn 0.7815 -0.0764 0.6192
vn 0.1548 -0.1454 0.9772
vn 0.5127 -0.4870 0.7071
vn -0.1947 -0.4793 0.8558
vn 0.1165 -0.7765 0.6192
vn -0.4998 -0.6959 0.5158
vn -0.3072 -0.8731 0.3786
vn -0.6769 -0.7355 0.0299
vn -0.6546 -0.7547 0.0451
vn -0.6575 -0.5813 -0.4793
vn -0.8419 -0.4465 -0.3029
vn -0.4326 -0.2789 -0.8574
vn -0.8104 -0.0024 -0.5859
vn -0.0941 0.0911 -0.9914
vn -0.5127 0.4870 -0.7071
vn 0.2521 0.4531 -0.8551
vn -0.0393 0.8094 -0.5859
vn 0.5376 0.6960 -0.4759
vn 0.4026 0.8638 -0.3029
vn 0.9593 0.2599 0.1107
vn 0.9530 -0.2399 0.1853
vn 0.7086 -0.6730 0.2120
vn 0.2888 -0.9393 0.1852
vn -0.2098 -0.9715 0.1107
vn -0.6655 -0.7464 0.0084
vn -0.9487 -0.3052 -0.0831
vn -0.9659 0.2265 -0.1257
vn -0.7188 0.6827 -0.1314
vn -0.2761 0.9529 -0.1257
vn 0.9598 0.2597 -0.1064
vn 0.9531 -0.2398 -0.1847
vn 0.7081 -0.6725 -0.2152
vn 0.2878 -0.9384 -0.1913
vn -0.2104 -0.9705 -0.1180
vn -0.6657 -0.7461 -0.0154
vn -0.9507 -0.3017 0.0709
vn -0.9677 0.2408 0.0742
vn -0.7239 0.6886 0.0434
vn -0.2931 0.9536 0.0689
vn 0.8651 0.3491 -0.3602
vn 0.7274 0.6858 -0.0239
vn 0.7899 -0.0747 -0.6086
vn 0.5188 -0.4809 -0.7068
vn 0.1188 -0.7679 -0.6295
vn -0.3097 -0.8642 -0.3966
vn -0.6608 -0.7476 -0.0668
vn -0.8492 -0.4489 0.2780
vn -0.8287 -0.0340 0.5586
vn -0.5269 0.4725 0.7065
vn -0.0140 0.8102 0.5859
vn 0.4128 0.8539 0.3169
vn 0.6925 0.5317 -0.4876
vn 0.7134 0.7007 0.0011
vn 0.4974 0.2237 -0.8382
vn 0.1785 -0.1369 -0.9744
vn -0.1859 -0.4618 -0.8673
vn -0.5074 -0.6719 -0.5396
vn -0.6982 -0.7132 -0.0622
vn -0.6802 -0.5771 0.4519
vn -0.4166 -0.3200 0.8509
vn -0.0435 0.0004 0.9991
vn 0.2885 0.3689 0.8836
vn 0.5577 0.6548 0.5100
vn 0.6286 0.6150 -0.4760
vn 0.7116 0.7018 0.0324
vn 0.3808 0.3594 -0.8520
vn 0.0338 0.0107 -0.9994
vn -0.3239 -0.3387 -0.8834
vn -0.5983 -0.5997 -0.5314
vn -0.7096 -0.7038 -0.0321
vn -0.6205 -0.6225 0.4770
vn -0.3587 -0.3795 0.8528
vn -0.0054 -0.0392 0.9992
vn 0.3452 0.3149 0.8841
vn 0.6071 0.5899 0.5324
vn -0.6185 -0.6021 0.5050
vn -0.5714 -0.6648 0.4812
vn -0.7175 -0.6959 -0.0306
vn -0.7120 -0.7022 0.0001
vn -0.3645 -0.3349 0.8689
vn -0.3066 -0.3912 0.8677
vn -0.0169 0.0171 0.9997
vn 0.0216 -0.0219 0.9995
vn 0.3389 0.3608 0.8689
vn 0.3945 0.3023 0.8677
vn 0.6088 0.6118 0.5050
vn 0.6711 0.5640 0.4812
vn 0.7100 0.7042 0.0001
vn 0.7038 0.7098 -0.0306
vn 0.6104 0.6111 -0.5040
vn 0.5236 0.6796 -0.5139
vn 0.3439 0.3579 -0.8681
vn 0.2076 0.4785 -0.8532
vn -0.0114 0.0115 -0.9999
vn -0.1568 0.1585 -0.9748
vn -0.3617 -0.3399 -0.8681
vn -0.4808 -0.2023 -0.8532
vn -0.6178 -0.6036 -0.5040
vn -0.6853 -0.5161 -0.5139
vn -0.4357 -0.8495 0.2976
vn -0.7414 -0.6695 -0.0454
vn -0.0148 -0.8198 0.5725
vn 0.8199 0.0057 0.5725
vn 0.8542 0.4263 0.2976
vn 0.6776 0.7340 -0.0454
vn 0.3343 0.8631 -0.3786
vn -0.0925 0.7797 -0.6193
vn -0.4972 0.5027 -0.7071
vn -0.7786 0.1010 -0.6193
vn -0.8667 -0.3248 -0.3786
vn -0.2803 -0.9571 0.0740
vn -0.7322 -0.6810 -0.0090
vn 0.2626 -0.9623 0.0716
vn 0.7033 -0.7095 0.0433
vn 0.9598 -0.2715 0.0717
vn 0.9599 0.2703 0.0741
vn 0.6889 0.7248 -0.0090
vn 0.2401 0.9642 -0.1123
vn -0.2595 0.9472 -0.1881
vn -0.6875 0.6935 -0.2153
vn -0.9448 0.2682 -0.1880
vn -0.9667 -0.2302 -0.1122
vn -0.2361 -0.9678 0.0877
vn -0.6867 -0.7267 -0.0159
vn 0.2643 -0.9493 0.1701
vn 0.6903 -0.6929 0.2084
vn 0.9444 -0.2656 0.1941
vn 0.9636 0.2335 0.1302
vn 0.7301 0.6825 0.0322
vn 0.2887 0.9550 -0.0674
vn -0.2397 0.9618 -0.1318
vn -0.6946 0.7030 -0.1529
vn -0.9564 0.2532 -0.1458
vn -0.9558 -0.2755 -0.1029
vn -0.3166 -0.8974 0.3074
vn -0.6477 -0.7610 -0.0370
vn 0.0921 -0.8125 0.5756
vn 0.4796 -0.5260 0.7024
vn 0.7483 -0.1083 0.6545
vn 0.8307 0.3348 0.4447
vn 0.7085 0.6944 0.1260
vn 0.4082 0.8841 -0.2273
vn -0.0138 0.8451 -0.5344
vn -0.4648 0.5417 -0.7004
vn -0.7709 0.0485 -0.6352
vn -0.8206 -0.4274 -0.3794
vn -0.5031 -0.7762 0.3800
vn -0.6288 -0.7678 -0.1233
vn -0.2457 -0.5853 0.7727
vn 0.0703 -0.2490 0.9660
vn 0.3678 0.1497 0.9178
vn 0.5742 0.5144 0.6370
vn 0.6352 0.7500 0.1842
vn 0.5318 0.7797 -0.3306
vn 0.2919 0.5795 -0.7609
vn -0.0220 0.2164 -0.9760
vn -0.3395 -0.1953 -0.9201
vn -0.5705 -0.5549 -0.6055
vn -0.6088 0.6118 0.5050
vn -0.6711 0.5640 0.4812
vn -0.7038 0.7098 -0.0306
vn -0.7100 0.7042 0.0001
vn -0.3389 0.3608 0.8689
vn -0.3945 0.3023 0.8677
vn 0.0169 0.0171 0.9997
vn -0.0216 -0.0219 0.9995
vn 0.3645 -0.3349 0.8689
vn 0.3066 -0.3912 0.8677
vn 0.6185 -0.6021 0.5050
vn 0.5714 -0.6648 0.4812
vn 0.7120 -0.7022 0.0001
vn 0.7175 -0.6959 -0.0306
vn 0.6178 -0.6036 -0.5040
vn 0.6853 -0.5161 -0.5139
vn 0.3617 -0.3399 -0.8681
vn 0.4808 -0.2023 -0.8532
vn 0.0114 0.0115 -0.9999
vn 0.1568 0.1585 -0.9748
vn -0.3439 0.3579 -0.8681
vn -0.2076 0.4785 -0.8532
vn -0.6104 0.6111 -0.5040
vn -0.5236 0.6796 -0.5139
vn -0.8542 0.4263 0.2976
vn -0.6776 0.7340 -0.0454
vn -0.8199 0.0057 0.5725
vn 0.0148 -0.8198 0.5725
vn 0.4357 -0.8495 0.2976
vn 0.7414 -0.6695 -0.0454
vn 0.8667 -0.3248 -0.3786
vn 0.7786 0.1010 -0.6193
vn 0.4972 0.5027 -0.7071
vn 0.0925 0.7797 -0.6193
vn -0.3343 0.8631 -0.3786
vn -0.9599 0.2703 0.0741
vn -0.6889 0.7248 -0.0090
vn -0.9598 -0.2715 0.0717
vn -0.7033 -0.7095 0.0433
vn -0.2626 -0.9622 0.0716
vn 0.2803 -0.9571 0.0740
vn 0.7322 -0.6810 -0.0090
vn 0.9667 -0.2302 -0.1122
vn 0.9448 0.2682 -0.1880
vn 0.6875 0.6935 -0.2153
vn 0.2595 0.9472 -0.1881
vn -0.2401 0.9642 -0.1123
vn -0.9636 0.2336 0.1303
vn -0.7301 0.6826 0.0324
vn -0.9443 -0.2655 0.1942
vn -0.6903 -0.6929 0.2084
vn -0.2643 -0.9493 0.1700
vn 0.2361 -0.9678 0.0875
vn 0.6867 -0.7267 -0.0160
vn 0.9558 -0.2755 -0.1030
vn 0.9564 0.2532 -0.1458
vn 0.6946 0.7030 -0.1529
vn 0.2397 0.9619 -0.1317
vn -0.2887 0.9551 -0.0673
vn -0.8305 0.3348 0.4452
vn -0.7082 0.6945 0.1266
vn -0.7481 -0.1084 0.6547
vn -0.4795 -0.5262 0.7023
vn -0.0921 -0.8128 0.5753
vn 0.3164 -0.8976 0.3069
vn 0.6475 -0.7611 -0.0376
vn 0.8203 -0.4275 -0.3799
vn 0.7706 0.0487 -0.6355
vn 0.4646 0.5420 -0.7003
vn 0.0138 0.8454 -0.5339
vn -0.4081 0.8844 -0.2267
vn -0.5985 0.5457 0.5866
vn -0.6411 0.7578 0.1213
vn -0.4047 0.1968 0.8930
vn -0.1104 -0.1986 0.9738
vn 0.2131 -0.5449 0.8110
vn 0.4864 -0.7559 0.4382
vn 0.6323 -0.7724 -0.0599
vn 0.5937 -0.5841 -0.5535
vn 0.3764 -0.2417 -0.8944
vn 0.0619 0.1662 -0.9842
vn -0.2604 0.5397 -0.8006
vn -0.5174 0.7617 -0.3901
vn -0.6157 -0.6090 0.5000
vn -0.3555 -0.3516 0.8660
vn 0.3555 0.3516 0.8660
vn 0.6157 0.6090 0.5000
vn 0.6157 0.6090 -0.5000
vn 0.3555 0.3516 -0.8660
vn -0.3555 -0.3516 -0.8660
vn -0.6157 -0.6090 -0.5000
vn -0.6157 0.6090 0.5000
vn -0.3555 0.3516 0.8660
vn 0.3555 -0.3516 0.8660
vn 0.6157 -0.6090 0.5000
vn 0.6157 -0.6090 -0.5000
vn 0.3555 -0.3516 -0.8660
vn -0.3555 0.3516 -0.8660
vn -0.6157 0.6090 -0.5000
vn 0.3398 0.3676 -0.8657
vn -0.3301 -0.3590 -0.8730
vn -0.5826 -0.6321 -0.5109
vn -0.6780 -0.7351 -0.0025
vn -0.5840 -0.6335 0.5075
vn -0.3312 -0.3599 0.8722
vn 0.0057 0.0049 1.0000
vn 0.3391 0.3666 0.8664
vn 0.5858 0.6347 0.5040
vn 0.6780 0.7351 0.0025
vn 0.4589 -0.8885 0.0002
vn 0.3957 -0.7666 0.5057
vn 0.5870 0.6362 -0.5008
vn 0.3968 -0.7687 0.5016
vn 0.4589 -0.8885 0.0000
vn 0.3968 -0.7689 0.5013
vn 0.3957 -0.7667 -0.5055
vn 0.2264 -0.4397 -0.8691
vn -0.0005 -0.0009 -1.0000
vn -0.2272 0.4383 -0.8696
vn -0.3960 0.7661 -0.5062
vn -0.4590 0.8885 -0.0002
vn -0.3961 0.7663 0.5059
vn -0.2272 0.4385 0.8695
vn -0.0005 -0.0008 1.0000
vn 0.2264 -0.4397 0.8691
vn 0.3968 -0.7687 -0.5016
vn 0.3969 -0.7689 -0.5013
vn 0.2280 -0.4429 -0.8671
vn 0.2283 -0.4435 -0.8667
vn -0.0010 0.0001 -1.0000
vn -0.2296 0.4430 -0.8666
vn -0.2292 0.4422 -0.8671
vn -0.3973 0.7687 -0.5012
vn -0.3972 0.7684 -0.5018
vn -0.4590 0.8885 -0.0000
vn -0.3974 0.7687 0.5011
vn -0.3972 0.7685 0.5017
vn -0.2296 0.4431 0.8666
vn -0.2292 0.4423 0.8671
vn -0.0010 0.0001 1.0000
vn -0.0005 -0.0009 1.0000
vn 0.2280 -0.4430 0.8671
vn 0.2284 -0.4436 0.8667
vn 0.0706 0.5505 0.8318
vn 0.3098 0.8163 0.4875
vn 0.3118 0.8184 0.4827
vn 0.0770 0.5575 0.8266
vn 0.0706 0.5509 0.8316
vn 0.3099 0.8165 0.4871
vn 0.3119 0.8187 0.4822
vn 0.0771 0.5580 0.8263
vn 0.0707 0.5513 0.8313
vn 0.3100 0.8167 0.4867
vn 0.3120 0.8189 0.4817
vn 0.0771 0.5584 0.8260
vn 0.0707 0.5517 0.8310
vn 0.3101 0.8169 0.4863
vn 0.3121 0.8192 0.4812
vn 0.0772 0.5589 0.8256
vn 0.0707 0.5521 0.8308
vn 0.3101 0.8172 0.4859
vn 0.3122 0.8194 0.4807
vn 0.0773 0.5593 0.8253
vn 0.0707 0.5525 0.8305
vn 0.3102 0.8174 0.4854
vn 0.3123 0.8197 0.4802
vn 0.0773 0.5598 0.8250
vn -0.2485 0.1998 0.9478
vn -0.2390 0.2102 0.9480
vn -0.2487 0.2000 0.9477
vn -0.2392 0.2104 0.9479
vn -0.2489 0.2002 0.9476
vn -0.2395 0.2106 0.9478
vn -0.2492 0.2005 0.9475
vn -0.2397 0.2108 0.9477
vn -0.2494 0.2007 0.9474
vn -0.2399 0.2110 0.9476
vn -0.2496 0.2009 0.9473
vn -0.2402 0.2112 0.9475
vn -0.5633 -0.1424 0.8139
vn -0.5554 -0.1339 0.8207
vn -0.5636 -0.1425 0.8137
vn -0.5558 -0.1340 0.8204
vn -0.5639 -0.1425 0.8134
vn -0.5562 -0.1341 0.8202
vn -0.5643 -0.1425 0.8132
vn -0.5566 -0.1342 0.8199
vn -0.5646 -0.1426 0.8130
vn -0.5569 -0.1343 0.8196
vn -0.5649 -0.1426 0.8128
vn -0.5573 -0.1344 0.8194
vn -0.7932 -0.3903 0.4674
vn -0.7904 -0.3873 0.4746
vn -0.7933 -0.3904 0.4672
vn -0.7905 -0.3874 0.4743
vn -0.7934 -0.3904 0.4670
vn -0.7907 -0.3875 0.4740
vn -0.7935 -0.3905 0.4667
vn -0.7908 -0.3876 0.4737
vn -0.7936 -0.3905 0.4665
vn -0.7910 -0.3877 0.4734
vn -0.7937 -0.3906 0.4663
vn -0.7911 -0.3877 0.4731
vn -0.8769 -0.4806 -0.0020
vn -0.8769 -0.4806 -0.0022
vn -0.8769 -0.4806 -0.0018
vn -0.8769 -0.4807 -0.0017
vn -0.8769 -0.4807 -0.0019
vn -0.8769 -0.4807 -0.0016
vn -0.8769 -0.4807 -0.0014
vn -0.8769 -0.4807 -0.0013
vn -0.7918 -0.3898 -0.4703
vn -0.7889 -0.3867 -0.4777
vn -0.7920 -0.3899 -0.4699
vn -0.7891 -0.3868 -0.4771
vn -0.7922 -0.3900 -0.4695
vn -0.7894 -0.3869 -0.4766
vn -0.7924 -0.3901 -0.4690
vn -0.7896 -0.3871 -0.4761
vn -0.7926 -0.3901 -0.4686
vn -0.7899 -0.3872 -0.4756
vn -0.7928 -0.3902 -0.4682
vn -0.7901 -0.3874 -0.4751
vn -0.5619 -0.1420 -0.8149
vn -0.5542 -0.1336 -0.8216
vn -0.5623 -0.1421 -0.8146
vn -0.5547 -0.1338 -0.8212
vn -0.5628 -0.1421 -0.8143
vn -0.5552 -0.1339 -0.8209
vn -0.5632 -0.1422 -0.8140
vn -0.5556 -0.1340 -0.8206
vn -0.5636 -0.1423 -0.8137
vn -0.5561 -0.1341 -0.8202
vn -0.5640 -0.1423 -0.8134
vn -0.5565 -0.1342 -0.8199
vn -0.2480 0.2002 -0.9478
vn -0.2389 0.2101 -0.9480
vn -0.2483 0.2003 -0.9477
vn -0.2392 0.2103 -0.9479
vn -0.2486 0.2005 -0.9476
vn -0.2394 0.2105 -0.9478
vn -0.2488 0.2007 -0.9475
vn -0.2397 0.2108 -0.9477
vn -0.2491 0.2009 -0.9474
vn -0.2399 0.2110 -0.9476
vn -0.2493 0.2011 -0.9473
vn -0.2401 0.2112 -0.9475
vn 0.0708 0.5516 -0.8311
vn 0.0770 0.5584 -0.8260
vn 0.0708 0.5519 -0.8309
vn 0.0770 0.5588 -0.8257
vn 0.0708 0.5522 -0.8307
vn 0.0771 0.5592 -0.8254
vn 0.0708 0.5526 -0.8305
vn 0.0772 0.5596 -0.8252
vn 0.0708 0.5529 -0.8302
vn 0.0772 0.5600 -0.8249
vn 0.0708 0.5532 -0.8300
vn 0.0773 0.5604 -0.8246
vn 0.3102 0.8177 -0.4849
vn 0.3122 0.8199 -0.4799
vn 0.3102 0.8178 -0.4847
vn 0.3122 0.8201 -0.4796
vn 0.3103 0.8179 -0.4845
vn 0.3123 0.8202 -0.4793
vn 0.3103 0.8181 -0.4842
vn 0.3124 0.8204 -0.4790
vn 0.3104 0.8182 -0.4840
vn 0.3125 0.8205 -0.4787
vn 0.3104 0.8183 -0.4837
vn 0.3125 0.8207 -0.4784
vn 0.3993 0.9168 0.0019
vn 0.3993 0.9168 0.0022
vn 0.3993 0.9168 0.0018
vn 0.3993 0.9168 0.0020
vn 0.3994 0.9168 0.0017
vn 0.3994 0.9168 0.0019
vn 0.3994 0.9168 0.0015
vn 0.3994 0.9168 0.0014
vn 0.3994 0.9168 0.0016
vn 0.3994 0.9168 0.0013
vn 0.7075 -0.7067 0.0001
vn 0.6467 -0.5917 -0.4813
vn 0.6465 -0.5914 -0.4820
vn 0.6469 -0.5919 -0.4809
vn 0.6467 -0.5915 -0.4816
vn 0.6470 -0.5920 -0.4806
vn 0.6469 -0.5917 -0.4811
vn 0.6472 -0.5921 -0.4802
vn 0.6470 -0.5918 -0.4807
vn 0.6473 -0.5922 -0.4799
vn 0.6472 -0.5920 -0.4803
vn 0.6474 -0.5923 -0.4796
vn 0.6474 -0.5921 -0.4799
vn 0.4834 -0.2812 -0.8290
vn 0.4832 -0.2808 -0.8293
vn 0.4837 -0.2813 -0.8288
vn 0.4835 -0.2810 -0.8290
vn 0.4841 -0.2815 -0.8285
vn 0.4839 -0.2812 -0.8287
vn 0.4844 -0.2816 -0.8283
vn 0.4843 -0.2814 -0.8284
vn 0.4848 -0.2818 -0.8280
vn 0.4847 -0.2817 -0.8281
vn 0.4851 -0.2819 -0.8278
vn 0.2650 0.1385 -0.9542
vn 0.2655 0.1376 -0.9542
vn 0.2653 0.1386 -0.9541
vn 0.2658 0.1378 -0.9541
vn 0.2656 0.1388 -0.9540
vn 0.2661 0.1379 -0.9540
vn 0.2659 0.1389 -0.9539
vn 0.2664 0.1381 -0.9539
vn 0.2662 0.1391 -0.9538
vn 0.2666 0.1382 -0.9538
vn 0.2665 0.1392 -0.9537
vn 0.2669 0.1384 -0.9537
vn 0.0493 0.5586 -0.8280
vn 0.0501 0.5570 -0.8290
vn 0.0493 0.5590 -0.8277
vn 0.0501 0.5574 -0.8287
vn 0.0494 0.5594 -0.8274
vn 0.0502 0.5579 -0.8284
vn 0.0495 0.5597 -0.8272
vn 0.0502 0.5583 -0.8281
vn 0.0496 0.5601 -0.8269
vn 0.0503 0.5588 -0.8278
vn 0.0497 0.5605 -0.8267
vn 0.0503 0.5592 -0.8275
vn -0.1091 0.8703 -0.4803
vn -0.1086 0.8695 -0.4819
vn -0.1091 0.8705 -0.4799
vn -0.1087 0.8697 -0.4814
vn -0.1091 0.8707 -0.4796
vn -0.1087 0.8700 -0.4810
vn -0.1091 0.8709 -0.4792
vn -0.1087 0.8702 -0.4806
vn -0.1091 0.8711 -0.4789
vn -0.1088 0.8704 -0.4801
vn -0.1091 0.8713 -0.4785
vn -0.1088 0.8707 -0.4797
vn -0.1674 0.9859 -0.0002
vn -0.1674 0.9859 -0.0001
vn -0.1091 0.8705 0.4800
vn -0.1087 0.8696 0.4816
vn -0.1091 0.8706 0.4797
vn -0.1087 0.8699 0.4812
vn -0.1091 0.8708 0.4794
vn -0.1087 0.8701 0.4807
vn -0.1091 0.8710 0.4790
vn -0.1088 0.8703 0.4803
vn -0.1091 0.8712 0.4787
vn -0.1088 0.8705 0.4799
vn -0.1091 0.8714 0.4784
vn -0.1088 0.8708 0.4795
vn 0.0492 0.5588 0.8278
vn 0.0501 0.5572 0.8289
vn 0.0493 0.5592 0.8276
vn 0.0501 0.5576 0.8286
vn 0.0494 0.5595 0.8273
vn 0.0502 0.5580 0.8283
vn 0.0495 0.5599 0.8271
vn 0.0502 0.5585 0.8280
vn 0.0496 0.5603 0.8268
vn 0.0503 0.5589 0.8277
vn 0.0497 0.5606 0.8266
vn 0.0503 0.5593 0.8274
vn 0.2651 0.1385 0.9542
vn 0.2655 0.1377 0.9542
vn 0.2654 0.1387 0.9541
vn 0.2658 0.1378 0.9541
vn 0.2657 0.1388 0.9540
vn 0.2661 0.1380 0.9540
vn 0.2659 0.1390 0.9539
vn 0.2664 0.1381 0.9539
vn 0.2662 0.1391 0.9538
vn 0.2667 0.1382 0.9538
vn 0.2665 0.1393 0.9537
vn 0.2670 0.1384 0.9537
vn 0.4834 -0.2812 0.8290
vn 0.4832 -0.2809 0.8292
vn 0.4837 -0.2814 0.8288
vn 0.4836 -0.2811 0.8289
vn 0.4841 -0.2815 0.8285
vn 0.4840 -0.2813 0.8286
vn 0.4844 -0.2816 0.8283
vn 0.4843 -0.2815 0.8283
vn 0.4848 -0.2818 0.8280
vn 0.4847 -0.2817 0.8280
vn 0.4851 -0.2819 0.8277
vn 0.4851 -0.2819 0.8278
vn 0.6466 -0.5917 0.4814
vn 0.6464 -0.5914 0.4821
vn 0.6468 -0.5919 0.4810
vn 0.6466 -0.5915 0.4816
vn 0.6469 -0.5920 0.4807
vn 0.6468 -0.5917 0.4812
vn 0.6471 -0.5921 0.4803
vn 0.6470 -0.5918 0.4808
vn 0.6473 -0.5922 0.4800
vn 0.6472 -0.5920 0.4804
vn 0.6474 -0.5923 0.4796
vn 0.6473 -0.5921 0.4799
vn 0.1083 -0.8708 0.4796
vn 0.1673 -0.9859 0.0001
vn 0.1086 -0.8713 0.4786
vn 0.1083 -0.8705 0.4800
vn 0.1672 -0.9859 0.0001
vn 0.1086 -0.8711 0.4790
vn 0.1083 -0.8703 0.4805
vn 0.1086 -0.8709 0.4793
vn 0.1082 -0.8701 0.4809
vn 0.1086 -0.8707 0.4797
vn 0.1082 -0.8698 0.4813
vn 0.1085 -0.8705 0.4800
vn 0.1082 -0.8696 0.4818
vn 0.1085 -0.8703 0.4804
vn -0.0514 -0.5596 0.8272
vn -0.0509 -0.5607 0.8264
vn -0.0514 -0.5592 0.8275
vn -0.0508 -0.5604 0.8267
vn -0.0513 -0.5587 0.8278
vn -0.0507 -0.5600 0.8270
vn -0.0513 -0.5583 0.8281
vn -0.0506 -0.5596 0.8272
vn -0.0512 -0.5579 0.8284
vn -0.0505 -0.5592 0.8275
vn -0.0512 -0.5574 0.8287
vn -0.0504 -0.5589 0.8277
vn -0.2683 -0.1391 0.9533
vn -0.2678 -0.1399 0.9532
vn -0.2680 -0.1389 0.9533
vn -0.2676 -0.1398 0.9533
vn -0.2677 -0.1388 0.9535
vn -0.2673 -0.1396 0.9535
vn -0.2674 -0.1386 0.9536
vn -0.2670 -0.1395 0.9536
vn -0.2671 -0.1385 0.9537
vn -0.2667 -0.1393 0.9537
vn -0.2668 -0.1383 0.9538
vn -0.2664 -0.1392 0.9538
vn -0.4861 0.2812 0.8274
vn -0.4860 0.2810 0.8275
vn -0.4857 0.2810 0.8277
vn -0.4856 0.2809 0.8278
vn -0.4853 0.2808 0.8280
vn -0.4849 0.2806 0.8283
vn -0.4845 0.2804 0.8286
vn -0.4846 0.2805 0.8285
vn -0.4842 0.2802 0.8289
vn -0.4842 0.2803 0.8288
vn -0.6477 0.5918 0.4798
vn -0.6477 0.5919 0.4797
vn -0.6475 0.5917 0.4802
vn -0.6476 0.5918 0.4800
vn -0.6474 0.5915 0.4806
vn -0.6474 0.5917 0.4803
vn -0.6472 0.5914 0.4810
vn -0.6473 0.5916 0.4807
vn -0.6470 0.5912 0.4814
vn -0.6469 0.5911 0.4819
vn -0.6470 0.5914 0.4813
vn -0.7076 0.7066 -0.0001
vn -0.7076 0.7066 -0.0002
vn -0.6476 0.5917 -0.4800
vn -0.6477 0.5918 -0.4799
vn -0.6475 0.5916 -0.4804
vn -0.6475 0.5917 -0.4802
vn -0.6473 0.5914 -0.4809
vn -0.6474 0.5916 -0.4806
vn -0.6471 0.5913 -0.4813
vn -0.6472 0.5915 -0.4809
vn -0.6470 0.5911 -0.4817
vn -0.6468 0.5909 -0.4822
vn -0.6469 0.5912 -0.4816
vn -0.4860 0.2811 -0.8275
vn -0.4859 0.2809 -0.8276
vn -0.4856 0.2809 -0.8278
vn -0.4855 0.2808 -0.8279
vn -0.4852 0.2807 -0.8281
vn -0.4852 0.2806 -0.8281
vn -0.4848 0.2804 -0.8284
vn -0.4848 0.2805 -0.8284
vn -0.4844 0.2802 -0.8287
vn -0.4845 0.2803 -0.8287
vn -0.4840 0.2800 -0.8291
vn -0.4841 0.2802 -0.8289
vn -0.2683 -0.1391 -0.9533
vn -0.2678 -0.1399 -0.9533
vn -0.2680 -0.1389 -0.9534
vn -0.2675 -0.1398 -0.9534
vn -0.2677 -0.1388 -0.9535
vn -0.2672 -0.1396 -0.9535
vn -0.2674 -0.1386 -0.9536
vn -0.2670 -0.1395 -0.9536
vn -0.2671 -0.1385 -0.9537
vn -0.2667 -0.1393 -0.9537
vn -0.2668 -0.1383 -0.9538
vn -0.2664 -0.1392 -0.9538
vn -0.0515 -0.5596 -0.8272
vn -0.0509 -0.5607 -0.8265
vn -0.0514 -0.5591 -0.8275
vn -0.0508 -0.5603 -0.8267
vn -0.0514 -0.5587 -0.8278
vn -0.0507 -0.5600 -0.8270
vn -0.0513 -0.5582 -0.8281
vn -0.0507 -0.5596 -0.8272
vn -0.0513 -0.5578 -0.8284
vn -0.0506 -0.5592 -0.8275
vn -0.0513 -0.5573 -0.8287
vn -0.0505 -0.5588 -0.8277
vn 0.1083 -0.8708 -0.4796
vn 0.1085 -0.8713 -0.4786
vn 0.1083 -0.8706 -0.4800
vn 0.1085 -0.8711 -0.4789
vn 0.1082 -0.8703 -0.4804
vn 0.1085 -0.8709 -0.4793
vn 0.1082 -0.8701 -0.4808
vn 0.1085 -0.8707 -0.4796
vn 0.1082 -0.8699 -0.4812
vn 0.1085 -0.8706 -0.4799
vn 0.1082 -0.8697 -0.4816
vn 0.1085 -0.8704 -0.4803
vn 0.7904 0.3869 0.4750
vn 0.8769 0.4807 0.0015
vn 0.8769 0.4807 0.0013
vn 0.7930 0.3898 0.4683
vn 0.7901 0.3868 0.4755
vn 0.8769 0.4806 0.0016
vn 0.8769 0.4806 0.0015
vn 0.7928 0.3897 0.4687
vn 0.7899 0.3867 0.4760
vn 0.8769 0.4806 0.0018
vn 0.7926 0.3896 0.4691
vn 0.7896 0.3865 0.4765
vn 0.8769 0.4806 0.0019
vn 0.8769 0.4806 0.0017
vn 0.7924 0.3895 0.4696
vn 0.7894 0.3864 0.4770
vn 0.8769 0.4806 0.0021
vn 0.7922 0.3894 0.4700
vn 0.7891 0.3863 0.4775
vn 0.8769 0.4806 0.0022
vn 0.8769 0.4806 0.0020
vn 0.7919 0.3893 0.4704
vn 0.7913 0.3874 -0.4731
vn 0.7938 0.3902 -0.4665
vn 0.7911 0.3874 -0.4734
vn 0.7937 0.3902 -0.4667
vn 0.7910 0.3873 -0.4737
vn 0.7936 0.3901 -0.4669
vn 0.7908 0.3872 -0.4740
vn 0.7935 0.3901 -0.4672
vn 0.7907 0.3871 -0.4743
vn 0.7934 0.3900 -0.4674
vn 0.7905 0.3870 -0.4746
vn 0.7933 0.3899 -0.4676
vn 0.5579 0.1335 -0.8191
vn 0.5653 0.1416 -0.8127
vn 0.5575 0.1334 -0.8194
vn 0.5650 0.1415 -0.8129
vn 0.5571 0.1333 -0.8197
vn 0.5646 0.1415 -0.8131
vn 0.5567 0.1332 -0.8199
vn 0.5643 0.1414 -0.8134
vn 0.5563 0.1331 -0.8202
vn 0.5640 0.1414 -0.8136
vn 0.5560 0.1330 -0.8205
vn 0.5637 0.1414 -0.8138
vn 0.2413 -0.2121 -0.9470
vn 0.2506 -0.2019 -0.9468
vn 0.2410 -0.2119 -0.9471
vn 0.2504 -0.2016 -0.9469
vn 0.2408 -0.2117 -0.9472
vn 0.2502 -0.2014 -0.9470
vn 0.2406 -0.2115 -0.9473
vn 0.2499 -0.2012 -0.9471
vn 0.2403 -0.2113 -0.9474
vn 0.2497 -0.2010 -0.9472
vn 0.2401 -0.2111 -0.9475
vn 0.2495 -0.2008 -0.9473
vn -0.0762 -0.5603 -0.8248
vn -0.0695 -0.5529 -0.8304
vn -0.0761 -0.5598 -0.8251
vn -0.0694 -0.5525 -0.8306
vn -0.0760 -0.5593 -0.8254
vn -0.0694 -0.5521 -0.8309
vn -0.0760 -0.5589 -0.8258
vn -0.0694 -0.5517 -0.8312
vn -0.0759 -0.5584 -0.8261
vn -0.0694 -0.5513 -0.8314
vn -0.0758 -0.5580 -0.8264
vn -0.0694 -0.5508 -0.8317
vn -0.3118 -0.8198 -0.4803
vn -0.3096 -0.8175 -0.4857
vn -0.3116 -0.8196 -0.4808
vn -0.3095 -0.8172 -0.4862
vn -0.3115 -0.8193 -0.4813
vn -0.3094 -0.8170 -0.4866
vn -0.3114 -0.8191 -0.4818
vn -0.3093 -0.8168 -0.4870
vn -0.3113 -0.8188 -0.4824
vn -0.3093 -0.8165 -0.4875
vn -0.3112 -0.8185 -0.4829
vn -0.3092 -0.8163 -0.4879
vn -0.3994 -0.9168 -0.0015
vn -0.3994 -0.9168 -0.0013
vn -0.3994 -0.9168 -0.0016
vn -0.3993 -0.9168 -0.0018
vn -0.3993 -0.9168 -0.0016
vn -0.3993 -0.9168 -0.0019
vn -0.3993 -0.9168 -0.0017
vn -0.3993 -0.9168 -0.0021
vn -0.3993 -0.9168 -0.0023
vn -0.3993 -0.9168 -0.0020
vn -0.3123 -0.8208 0.4783
vn -0.3101 -0.8184 0.4839
vn -0.3122 -0.8207 0.4786
vn -0.3100 -0.8182 0.4841
vn -0.3121 -0.8205 0.4789
vn -0.3100 -0.8181 0.4843
vn -0.3121 -0.8204 0.4792
vn -0.3099 -0.8180 0.4846
vn -0.3120 -0.8202 0.4795
vn -0.3099 -0.8179 0.4848
vn -0.3119 -0.8201 0.4798
vn -0.3098 -0.8178 0.4851
vn -0.0765 -0.5610 0.8243
vn -0.0698 -0.5536 0.8298
vn -0.0764 -0.5606 0.8245
vn -0.0698 -0.5533 0.8300
vn -0.0763 -0.5603 0.8248
vn -0.0698 -0.5530 0.8302
vn -0.0763 -0.5599 0.8251
vn -0.0698 -0.5527 0.8305
vn -0.0762 -0.5595 0.8253
vn -0.0698 -0.5524 0.8307
vn -0.0762 -0.5591 0.8256
vn -0.0698 -0.5521 0.8309
vn 0.2412 -0.2122 0.9470
vn 0.2505 -0.2021 0.9468
vn 0.2410 -0.2120 0.9471
vn 0.2502 -0.2019 0.9469
vn 0.2407 -0.2118 0.9472
vn 0.2499 -0.2017 0.9470
vn 0.2405 -0.2116 0.9473
vn 0.2497 -0.2015 0.9471
vn 0.2403 -0.2114 0.9474
vn 0.2494 -0.2013 0.9472
vn 0.2400 -0.2112 0.9475
vn 0.2492 -0.2012 0.9473
vn 0.5573 0.1333 0.8195
vn 0.5646 0.1413 0.8132
vn 0.5569 0.1332 0.8199
vn 0.5642 0.1412 0.8135
vn 0.5564 0.1331 0.8202
vn 0.5638 0.1412 0.8137
vn 0.5560 0.1330 0.8205
vn 0.5634 0.1411 0.8140
vn 0.5555 0.1328 0.8208
vn 0.5630 0.1410 0.8143
vn 0.5551 0.1327 0.8212
vn 0.5626 0.1410 0.8146
vn -0.8639 0.5037 -0.0041
vn -0.8809 0.4657 0.0848
vn -0.9996 -0.0289 -0.0052
vn -1.0000 0.0001 -0.0009
vn -0.4961 0.8682 -0.0106
vn -0.5174 0.8418 0.1537
vn 0.0000 0.9999 -0.0140
vn 0.0000 0.9837 0.1799
vn 0.4961 0.8682 -0.0106
vn 0.5174 0.8418 0.1537
vn 0.8639 0.5037 -0.0041
vn 0.8809 0.4657 0.0848
vn 1.0000 0.0001 -0.0009
vn 0.9996 -0.0289 -0.0052
vn 0.8642 -0.5032 -0.0034
vn 0.8552 -0.5100 -0.0922
vn 0.4969 -0.8678 -0.0083
vn 0.4907 -0.8575 -0.1549
vn 0.0000 -0.9999 -0.0107
vn 0.0000 -0.9841 -0.1777
vn -0.4969 -0.8678 -0.0083
vn -0.4907 -0.8575 -0.1549
vn -0.8642 -0.5032 -0.0034
vn -0.8552 -0.5100 -0.0922
vn -0.8637 0.4701 0.1815
vn -1.0000 -0.0003 0.0010
vn -0.4959 0.8085 0.3168
vn 0.0000 0.9303 0.3669
vn 0.4959 0.8085 0.3168
vn 0.8637 0.4701 0.1815
vn 1.0000 -0.0003 0.0010
vn 0.8641 -0.4726 -0.1730
vn 0.4969 -0.8159 -0.2957
vn 0.0000 -0.9406 -0.3396
vn -0.4969 -0.8159 -0.2957
vn -0.8641 -0.4726 -0.1730
vn 0.4609 -0.7982 -0.3879
vn 0.4609 -0.7982 0.3879
vn -0.4957 0.8586 -0.1309
vn -0.4957 0.8586 0.1309
vn 0.3002 -0.5200 0.7997
vn 0.1867 -0.3233 0.9277
vn -0.3973 0.6881 -0.6071
vn -0.0690 0.1196 -0.9904
vn -0.0690 0.1196 0.9904
vn 0.3002 -0.5200 -0.7997
vn 0.1867 -0.3234 -0.9277
vn -0.3973 0.6881 0.6072
vn -0.3973 0.6881 0.6071
vn 0.4330 -0.7500 0.5000
vn -0.4330 0.7500 0.5000
vn -0.4330 0.7500 -0.5000
vn 0.4330 -0.7500 -0.5000
vn -0.4246 -0.4246 -0.7997
vn -0.2640 -0.2640 -0.9277
vn 0.0976 0.0976 0.9904
vn 0.5619 0.5619 0.6071
vn 0.7010 0.7010 -0.1309
vn 0.5619 0.5619 -0.6071
vn -0.6518 -0.6517 0.3879
vn -0.4246 -0.4246 0.7997
vn 0.7010 0.7010 0.1309
vn 0.0976 0.0977 -0.9904
vn 0.0977 0.0977 -0.9904
vn -0.6518 -0.6518 -0.3879
vn -0.2640 -0.2640 0.9277
vn 0.6124 0.6123 -0.5000
vn 0.1867 -0.3234 0.9277
vn -0.3973 0.6882 -0.6071
vn -0.0691 0.1196 -0.9904
vn 0.4331 -0.7500 -0.5000
vn -0.6517 -0.6518 0.3879
vn 0.0976 0.0976 -0.9904
vn -0.6517 -0.6518 -0.3879
vn 0.3879 -0.9217 -0.0000
vn 0.6071 0.7946 0.0000
vn 0.7997 -0.6004 -0.0000
vn -0.6072 0.7946 0.0000
vn -1.0000 0.0001 0.0000
vn -0.8787 0.4772 0.0163
vn -0.8751 0.4836 0.0164
vn -1.0000 0.0006 0.0070
vn -1.0000 -0.0025 0.0070
vn -0.5015 0.8648 0.0259
vn -0.4982 0.8667 0.0260
vn -0.0000 0.9996 0.0291
vn 0.5015 0.8648 0.0259
vn 0.4982 0.8667 0.0260
vn 0.8787 0.4772 0.0163
vn 0.8751 0.4836 0.0164
vn 1.0000 -0.0025 0.0070
vn 1.0000 0.0006 0.0070
vn 0.8766 -0.4812 0.0052
vn 0.8766 -0.4813 0.0052
vn 0.5000 -0.8660 0.0058
vn 0.0000 -1.0000 0.0058
vn -0.5000 -0.8660 0.0058
vn -0.8766 -0.4813 0.0052
vn -0.8765 -0.4813 0.0052
vn -0.8766 -0.4812 0.0052
vn -0.8677 -0.4791 -0.1326
vn -1.0000 0.0007 -0.0024
vn -0.9772 0.0559 -0.2051
vn -0.8552 -0.4181 -0.3064
vn -0.8677 0.4801 0.1289
vn -0.8552 0.5158 -0.0517
vn 0.5036 -0.8333 -0.2281
vn 0.0005 -0.9647 -0.2633
vn -0.0308 -0.9621 -0.2710
vn 0.4757 -0.8668 -0.1495
vn 1.0000 0.0007 -0.0026
vn 0.8680 -0.4785 -0.1326
vn 0.8541 -0.5201 -0.0071
vn 0.9904 -0.0364 0.1335
vn 0.0005 0.9648 0.2629
vn 0.5036 0.8337 0.2265
vn 0.4757 0.8227 0.3113
vn -0.0309 0.9665 0.2549
vn 0.8680 0.4796 0.1287
vn 0.8541 0.4517 0.2579
vn 0.0000 -0.2631 0.9648
vn -0.0001 -0.2632 0.9647
vn -0.0000 0.2631 -0.9648
vn -0.0001 -0.2630 0.9648
vn -0.8472 -0.4173 -0.3288
vn -0.9782 0.0546 -0.2001
vn -0.8472 -0.4172 -0.3288
vn 0.8468 -0.4179 -0.3291
vn 0.4882 -0.7632 -0.4233
vn -0.8541 0.4517 0.2579
vn -0.5871 0.3831 0.7131
vn -0.7071 -0.1861 0.6822
vn -0.9904 -0.0364 0.1335
vn -0.4757 0.8227 0.3113
vn -0.3037 0.7914 0.5306
vn 0.0309 0.9665 0.2550
vn 0.0450 0.9747 0.2191
vn 0.5148 0.8493 0.1168
vn 0.3786 0.9145 -0.1430
vn 0.8552 0.5158 -0.0517
vn 0.6192 0.6288 -0.4704
vn 0.9772 0.0559 -0.2051
vn 0.7071 0.1861 -0.6822
vn 0.8552 -0.4181 -0.3064
vn 0.6192 -0.3029 -0.7244
vn 0.5148 -0.7910 -0.3305
vn 0.3786 -0.7152 -0.5875
vn 0.0309 -0.9621 -0.2710
vn 0.0450 -0.9510 -0.3060
vn -0.4757 -0.8668 -0.1495
vn -0.3037 -0.9512 0.0554
vn -0.8541 -0.5201 -0.0071
vn -0.5871 -0.6921 0.4198
vn -0.1310 0.2593 0.9569
vn -0.1397 -0.2605 0.9553
vn -0.0842 0.7184 0.6905
vn 0.0082 0.9725 0.2328
vn 0.1104 0.9550 -0.2752
vn 0.1847 0.6906 -0.6993
vn 0.2113 0.2572 -0.9430
vn 0.1847 -0.2399 -0.9531
vn 0.1104 -0.6831 -0.7219
vn 0.0082 -0.9560 -0.2931
vn -0.0842 -0.9695 0.2302
vn -0.1310 -0.7092 0.6928
vn 0.2744 0.9616 0.0000
vn -0.2431 0.9700 0.0000
vn -0.7185 -0.6956 -0.0000
vn -0.2744 -0.9616 -0.0000
vn -0.9700 -0.2431 -0.0000
vn 0.7185 0.6956 0.0000
vn -0.6956 0.7185 0.0000
vn 0.6956 -0.7185 -0.0000
vn 0.9616 -0.2744 -0.0000
vn 0.1310 -0.7092 0.6928
vn 0.1397 -0.2605 0.9553
vn 0.1310 0.2593 0.9569
vn 0.0842 0.7184 0.6905
vn -0.0082 0.9725 0.2328
vn -0.1104 0.9550 -0.2752
vn -0.1847 -0.2399 -0.9531
vn -0.1104 -0.6831 -0.7219
vn -0.0082 -0.9560 -0.2931
vn 0.0842 -0.9695 0.2302
vn 0.2431 -0.9700 -0.0000
vn -0.9616 0.2744 0.0000
vn 0.9700 0.2431 0.0000
vn -0.1847 0.6906 -0.6993
vn -0.2113 0.2572 -0.9430
vn 0.4894 0.8717 0.0227
vn 0.8472 0.5264 -0.0715
vn 0.4895 0.8717 0.0227
vn -0.9782 0.0546 -0.2003
vn -0.8468 0.5271 -0.0714
vn 0.0001 -0.2632 0.9647
vn -0.5028 0.8341 0.2267
vn -0.5148 0.8493 0.1168
vn 0.0008 -0.8892 -0.4576
vn -0.4882 -0.7632 -0.4233
vn 0.0009 -0.8892 -0.4576
vn -0.6192 0.6288 -0.4704
vn -0.7071 0.1861 -0.6822
vn -0.3786 0.9145 -0.1430
vn -0.0450 0.9747 0.2191
vn 0.3037 0.7914 0.5306
vn 0.5871 0.3831 0.7131
vn 0.7071 -0.1861 0.6822
vn 0.5871 -0.6921 0.4198
vn 0.3037 -0.9512 0.0554
vn -0.0450 -0.9510 -0.3060
vn -0.5148 -0.7910 -0.3305
vn -0.3786 -0.7152 -0.5875
vn -0.6192 -0.3029 -0.7244
vn 0.0000 0.5000 -0.8660
vn 0.0000 0.5000 0.8660
vn 0.0000 -0.5000 0.8660
vn 0.0000 -0.8660 0.5000
vn 0.0000 -0.8660 -0.5000
vn 0.0000 -0.5000 -0.8660
vn -0.0008 0.9984 0.0572
vn 0.4882 0.8724 0.0228
vn -0.0009 0.9984 0.0572
vn 0.0001 -0.2630 0.9648
vn -0.8472 0.5264 -0.0715
vn -0.0008 -0.8892 -0.4576
vn -0.0009 -0.8892 -0.4576
vn -0.8468 -0.4179 -0.3291
vn -0.4882 0.8724 0.0228
vn 0.0001 -0.2631 0.9648
vn 0.9782 0.0546 -0.2003
vn 0.9782 0.0546 -0.2001
vn 0.8472 -0.4173 -0.3288
vn 0.8472 -0.4172 -0.3288
vn -0.5028 -0.8337 -0.2282
vn -0.4894 -0.7626 -0.4230
vn -0.4895 -0.7625 -0.4230
vn -0.4894 0.8717 0.0227
vn -0.4895 0.8717 0.0227
vn -0.8680 0.4796 0.1287
vn -0.5036 0.8337 0.2265
vn -0.0005 0.9648 0.2629
vn 0.5028 0.8341 0.2267
vn 0.8677 0.4801 0.1289
vn 1.0000 0.0007 -0.0024
vn 0.8677 -0.4791 -0.1326
vn 0.5028 -0.8337 -0.2282
vn -0.0005 -0.9647 -0.2633
vn -0.5036 -0.8333 -0.2281
vn -0.8680 -0.4785 -0.1326
vn -1.0000 0.0007 -0.0026
vn 0.4991 -0.8360 -0.2280
vn 0.8657 -0.4830 -0.1317
vn 0.8656 -0.4830 -0.1317
vn -0.8657 -0.4830 -0.1317
vn -0.8656 -0.4830 -0.1317
vn -0.5004 0.8353 0.2278
vn -0.8661 0.4823 0.1315
vn -0.5003 0.8353 0.2278
vn 0.8661 0.4823 0.1315
vn -0.4991 -0.8360 -0.2280
vn 0.0009 -0.9648 -0.2631
vn -0.8661 -0.4823 -0.1316
vn -0.5004 -0.8353 -0.2278
vn -0.5003 -0.8353 -0.2278
vn -0.0009 -0.9648 -0.2631
vn 0.8657 0.4830 0.1317
vn 0.4991 0.8360 0.2280
vn 0.8656 0.4830 0.1318
vn 0.5004 -0.8353 -0.2278
vn 0.8661 -0.4823 -0.1316
vn -0.4991 0.8360 0.2280
vn -0.8657 0.4830 0.1317
vn -0.8656 0.4830 0.1318
vn 0.0009 0.9648 0.2631
vn 0.5004 0.8353 0.2278
vn 0.5003 0.8353 0.2278
vn -0.0009 0.9648 0.2631
vn 0.4894 -0.7626 -0.4230
vn 0.4895 -0.7625 -0.4230
vn 0.0000 -0.2632 0.9647
vn 0.0008 0.9984 0.0572
vn 0.0009 0.9984 0.0572
vn 0.8468 0.5271 -0.0714
vn -0.0001 -0.2631 0.9648
vn 0.3597 0.3692 0.8569
vn 0.4010 0.1640 0.9013
vn -0.0569 -0.0240 0.9981
vn -0.0012 0.0017 1.0000
vn 0.6046 0.6327 0.4839
vn 0.7753 0.3141 0.5480
vn 0.6880 0.7258 0.0000
vn 0.9274 0.3741 0.0000
vn 0.6046 0.6327 -0.4839
vn 0.7753 0.3141 -0.5480
vn 0.3597 0.3692 -0.8569
vn 0.4010 0.1640 -0.9013
vn -0.0012 0.0017 -1.0000
vn -0.0569 -0.0240 -0.9981
vn -0.3703 -0.3552 -0.8583
vn -0.4903 -0.2046 -0.8472
vn -0.6341 -0.6004 -0.4874
vn -0.8058 -0.3368 -0.4871
vn -0.7278 -0.6857 0.0000
vn -0.9226 -0.3858 0.0000
vn -0.6341 -0.6004 0.4873
vn -0.8058 -0.3368 0.4871
vn -0.3703 -0.3552 0.8583
vn -0.4903 -0.2046 0.8472
vn 0.5169 -0.0118 0.8560
vn 0.0005 -0.0029 1.0000
vn 0.8756 -0.0330 0.4819
vn 0.9990 -0.0440 0.0000
vn 0.8756 -0.0330 -0.4819
vn 0.5169 -0.0118 -0.8560
vn 0.0005 -0.0029 -1.0000
vn -0.5133 -0.0130 -0.8581
vn -0.8728 -0.0295 -0.4872
vn -0.9993 -0.0370 0.0000
vn -0.8728 -0.0295 0.4872
vn -0.5133 -0.0130 0.8581
vn 0.3597 0.3693 0.8569
vn -0.5168 -0.0118 0.8560
vn -0.4009 0.1640 0.9013
vn 0.0569 -0.0240 0.9981
vn -0.0005 -0.0029 1.0000
vn -0.8756 -0.0330 0.4819
vn -0.7753 0.3141 0.5480
vn -0.9990 -0.0440 0.0000
vn -0.9274 0.3741 0.0000
vn -0.8756 -0.0330 -0.4819
vn -0.7753 0.3141 -0.5480
vn -0.5168 -0.0118 -0.8560
vn -0.4010 0.1640 -0.9013
vn -0.0005 -0.0029 -1.0000
vn 0.0569 -0.0240 -0.9981
vn 0.5133 -0.0130 -0.8581
vn 0.4902 -0.2046 -0.8472
vn 0.8728 -0.0295 -0.4872
vn 0.8058 -0.3368 -0.4871
vn 0.9993 -0.0370 0.0000
vn 0.9226 -0.3858 0.0000
vn 0.8728 -0.0295 0.4872
vn 0.8058 -0.3368 0.4871
vn 0.5133 -0.0130 0.8581
vn 0.4903 -0.2046 0.8472
vn -0.3597 0.3692 0.8569
vn 0.0012 0.0017 1.0000
vn -0.6046 0.6327 0.4839
vn -0.6880 0.7258 0.0000
vn -0.6046 0.6327 -0.4839
vn -0.3597 0.3692 -0.8569
vn 0.0012 0.0017 -1.0000
vn 0.3703 -0.3552 -0.8583
vn 0.6341 -0.6004 -0.4874
vn 0.7278 -0.6857 0.0000
vn 0.6341 -0.6004 0.4874
vn 0.3703 -0.3552 0.8583
vn -0.3597 0.3693 -0.8569
vn -0.3597 0.3693 0.8569
vn -0.4010 0.1640 0.9013
vn 0.4903 -0.2046 -0.8472
vn 0.4009 0.1640 0.9013
vn 0.3597 0.3693 -0.8569
vn 0.4009 0.1640 -0.9013
vn -0.6341 -0.6004 0.4874
vn 0.5168 -0.0118 0.8560
vn 0.5168 -0.0118 -0.8560
vn -0.0006 0.0066 1.0000
vn 0.1607 0.0744 0.9842
vn -0.9253 -0.3790 0.0117
vn -1.0000 0.0066 -0.0000
vn 1.0000 0.0062 0.0000
vn 0.9232 0.3842 -0.0114
vn -0.0006 0.0066 -1.0000
vn 0.1446 0.0580 -0.9878
vn -0.1176 0.2506 0.9609
vn -0.5509 -0.8140 0.1841
vn 0.5181 0.8549 0.0257
vn 0.2292 -0.0762 -0.9704
vn -0.4449 0.3148 0.8385
vn -0.3350 -0.9194 0.2062
vn 0.2950 0.9466 -0.1301
vn 0.4542 -0.2885 -0.8429
vn -0.6274 0.3683 0.6861
vn -0.2161 -0.9250 0.3126
vn 0.1375 0.9641 -0.2271
vn 0.6484 -0.2480 -0.7197
vn -0.6323 0.4924 0.5981
vn 0.3011 -0.8215 0.4841
vn -0.1903 0.7608 -0.6204
vn 0.5575 -0.2246 -0.7992
vn -0.4550 0.4569 0.7644
vn 0.5410 -0.5392 0.6455
vn -0.5391 0.5409 -0.6456
vn 0.4569 -0.4551 -0.7643
vn 0.1362 0.0512 0.9894
vn -0.9268 -0.3750 -0.0200
vn 0.9240 0.3819 0.0196
vn 0.1640 0.0794 -0.9833
vn 0.3354 -0.2032 0.9199
vn -0.6156 -0.7414 -0.2672
vn 0.5251 0.8496 -0.0487
vn -0.2380 0.3440 -0.9083
vn 0.5412 -0.4033 0.7378
vn -0.3633 -0.9022 -0.2325
vn 0.3928 0.8785 0.2720
vn -0.5142 0.4652 -0.7205
vn 0.5000 -0.3312 0.8002
vn -0.1296 -0.8975 -0.4214
vn 0.1251 0.9011 0.4151
vn -0.4751 0.5100 -0.7171
vn 0.4290 -0.3372 0.8380
vn 0.3240 -0.7363 -0.5940
vn -0.3108 0.7248 0.6149
vn -0.5100 0.5255 -0.6810
vn 0.4507 -0.4498 0.7711
vn 0.5456 -0.5448 -0.6368
vn -0.5448 0.5456 0.6368
vn -0.4498 0.4507 -0.7711
vn 0.1540 0.0666 0.9858
vn -0.9245 -0.3811 0.0000
vn 0.9227 0.3855 0.0000
vn 0.1540 0.0666 -0.9858
vn 0.0584 0.0966 0.9936
vn -0.5131 -0.8583 0.0024
vn 0.5148 0.8573 -0.0024
vn 0.0570 0.0920 -0.9941
vn -0.0664 0.0600 0.9960
vn -0.2078 -0.9771 0.0458
vn 0.2029 0.9789 0.0235
vn 0.0821 0.0139 -0.9965
vn -0.2382 0.1254 0.9631
vn 0.0863 -0.9914 0.0987
vn -0.1042 0.9943 -0.0243
vn 0.2185 0.0714 -0.9732
vn -0.2625 0.1464 0.9538
vn 0.5249 -0.8460 0.0940
vn -0.5035 0.8415 -0.1958
vn 0.1558 0.0305 -0.9873
vn -0.1166 0.1172 0.9862
vn 0.6977 -0.6970 0.1656
vn -0.6970 0.6977 -0.1657
vn 0.1172 -0.1166 -0.9862
vn -0.9246 -0.3810 0.0000
vn 0.0575 0.0934 0.9940
vn -0.5130 -0.8584 -0.0010
vn 0.5147 0.8574 0.0010
vn 0.0581 0.0954 -0.9937
vn 0.0401 0.0287 0.9988
vn -0.2023 -0.9791 -0.0199
vn 0.2015 0.9794 -0.0101
vn -0.0240 0.0484 -0.9985
vn 0.0872 0.0908 0.9920
vn 0.1128 -0.9926 -0.0441
vn -0.1163 0.9932 0.0111
vn -0.1110 0.1131 -0.9874
vn 0.0386 0.0579 0.9976
vn 0.5358 -0.8433 -0.0408
vn -0.5316 0.8427 0.0856
vn -0.1425 0.1070 -0.9840
vn 0.0506 -0.0501 0.9975
vn 0.7055 -0.7051 -0.0713
vn -0.7051 0.7055 0.0713
vn -0.0501 0.0506 -0.9975
vn 0.0006 0.0066 1.0000
vn -0.1566 0.0694 0.9852
vn -0.9228 0.3853 -0.0040
vn -1.0000 0.0062 -0.0000
vn 1.0000 0.0066 0.0000
vn 0.9246 -0.3808 0.0041
vn 0.0006 0.0066 -1.0000
vn -0.1510 0.0637 -0.9865
vn 0.0044 0.1529 0.9882
vn -0.5154 0.8569 0.0074
vn 0.5182 -0.8523 0.0711
vn -0.1194 0.0339 -0.9923
vn 0.2291 0.1587 0.9604
vn -0.2210 0.9747 -0.0317
vn 0.2435 -0.9619 0.1247
vn -0.2429 -0.1017 -0.9647
vn 0.4514 0.2204 0.8647
vn 0.0298 0.9923 -0.1202
vn 0.0232 -0.9747 0.2222
vn -0.4493 -0.0531 -0.8918
vn 0.4706 0.2950 0.8315
vn 0.3903 0.8211 -0.4165
vn -0.4580 -0.8476 0.2681
vn -0.3630 -0.0771 -0.9286
vn 0.2759 0.2771 0.9204
vn 0.6501 0.6512 -0.3916
vn -0.6512 -0.6501 0.3917
vn -0.2771 -0.2760 -0.9204
vn -0.1522 0.0648 0.9862
vn -0.9227 0.3854 0.0024
vn 0.9246 -0.3810 -0.0025
vn -0.1556 0.0683 -0.9855
vn -0.0952 0.0588 0.9937
vn -0.5149 0.8572 -0.0050
vn 0.5148 -0.8563 -0.0426
vn -0.0202 0.1294 -0.9914
vn -0.1382 -0.0376 0.9897
vn -0.2074 0.9779 0.0249
vn 0.2131 -0.9745 -0.0701
vn 0.1225 0.1098 -0.9864
vn -0.2297 0.0234 0.9730
vn 0.0934 0.9925 0.0785
vn -0.0792 -0.9878 -0.1343
vn 0.2473 0.1721 -0.9535
vn -0.1669 -0.0112 0.9859
vn 0.4977 0.8364 0.2296
vn -0.5158 -0.8437 -0.1491
vn 0.2730 0.1885 -0.9434
vn -0.1474 -0.1468 0.9781
vn 0.6913 0.6919 0.2083
vn -0.6919 -0.6913 -0.2082
vn 0.1468 0.1474 -0.9781
vn -0.1478 0.0607 0.9872
vn -0.9229 0.3849 0.0079
vn 0.9249 -0.3801 -0.0081
vn -0.1589 0.0721 -0.9847
vn -0.1783 -0.0207 0.9838
vn -0.5158 0.8565 -0.0187
vn 0.5310 -0.8372 -0.1312
vn 0.0644 0.2031 -0.9770
vn -0.3213 -0.1786 0.9300
vn -0.2450 0.9638 0.1050
vn 0.2614 -0.9527 -0.1548
vn 0.3063 0.2342 -0.9227
vn -0.4470 -0.1208 0.8863
vn 0.0013 0.9801 0.1984
vn 0.0352 -0.9627 -0.2683
vn 0.4452 0.2902 -0.8471
vn -0.3630 -0.1375 0.9216
vn 0.3837 0.8047 0.4530
vn -0.4344 -0.8323 -0.3443
vn 0.4662 0.3485 -0.8131
vn -0.3121 -0.3111 0.8977
vn 0.6341 0.6351 0.4410
vn -0.6351 -0.6342 -0.4410
vn 0.3110 0.3120 -0.8977
vn -0.1321 0.0482 0.9901
vn -0.9245 0.3804 0.0233
vn 0.9277 -0.3725 -0.0235
vn -0.1651 0.0815 -0.9829
vn -0.3703 -0.2720 0.8882
vn -0.5358 0.8425 -0.0554
vn 0.6553 -0.6973 -0.2906
vn 0.2856 0.3872 -0.8767
vn -0.6231 -0.4987 0.6025
vn -0.4776 0.8397 0.2586
vn 0.4604 -0.8538 -0.2430
vn 0.6017 0.5363 -0.5919
vn -0.6492 -0.4384 0.6216
vn -0.2987 0.8660 0.4010
vn 0.3245 -0.8453 -0.4245
vn 0.6008 0.5742 -0.5562
vn -0.5815 -0.4058 0.7052
vn 0.1107 0.6657 0.7380
vn -0.1505 -0.6987 -0.6994
vn 0.6220 0.6345 -0.4588
vn -0.5614 -0.5598 0.6095
vn 0.4301 0.4316 0.7929
vn -0.4317 -0.4301 -0.7929
vn 0.5597 0.5613 -0.6097
usemtl None
s 1
f 1/1/1 2/2/1 3/3/1 4/4/1
f 5/5/2 6/6/3 7/7/4 8/8/5
f 9/9/6 10/10/6 11/11/6 12/12/6 13/13/6 14/14/6 15/15/6 16/16/6
f 17/17/7 18/18/7 19/19/8 20/20/9
f 21/21/10 8/22/10 7/23/10 22/24/10 23/25/10 24/26/10
f 25/27/11 6/6/3 5/5/2 26/28/12 27/29/13 28/30/13
f 6/6/3 25/27/11 29/31/14 30/32/15
f 20/20/9 19/19/8 26/33/12 5/5/2
f 30/32/15 22/34/16 7/7/4 6/6/3
f 21/21/17 20/20/9 5/5/2 8/8/5
f 25/35/1 31/36/1 32/37/1 33/38/1 34/39/1 35/40/1 36/41/1 37/42/1 29/31/1
f 38/43/18 39/44/19 40/45/20 41/46/21
f 42/47/13 43/48/13 44/49/13 45/50/13
f 43/48/13 46/51/13 47/52/13 44/49/13
f 42/47/22 48/53/22 49/54/22 45/50/22
f 50/55/13 51/56/13 52/57/13 53/58/13 54/59/13 55/60/13 56/61/13 57/62/13 58/63/13 59/64/13
f 46/51/13 60/65/13 61/66/13 47/52/13
f 60/65/13 62/67/13 63/68/13 61/66/13
f 64/69/23 65/70/24 44/49/24 47/52/23
f 65/70/24 66/71/25 45/50/25 44/49/24
f 67/72/26 68/73/27 69/74/27 70/75/26
f 71/76/28 72/77/29 73/78/29 74/79/28
f 72/77/29 67/72/26 70/75/26 73/78/29
f 68/73/27 75/80/30 76/81/30 69/74/27
f 75/80/30 77/82/31 63/68/31 76/81/30
f 77/82/31 78/83/32 61/66/32 63/68/31
f 78/83/32 64/69/23 47/52/23 61/66/32
f 79/84/13 80/85/13 70/75/13 69/74/13
f 81/86/13 82/87/13 74/79/13 73/78/13
f 80/85/13 81/86/13 73/78/13 70/75/13
f 83/88/13 79/84/13 69/74/13 76/81/13
f 84/89/33 42/47/33 45/50/33 66/71/33
f 62/67/13 83/88/13 76/81/13 63/68/13
f 85/90/34 66/71/35 45/50/35 49/54/34
f 86/91/36 85/90/34 49/54/34 87/92/36
f 48/53/22 88/93/22 87/92/22 49/54/22
f 89/94/37 82/87/37 81/86/38 90/95/38
f 80/85/39 91/96/39 90/95/38 81/86/38
f 79/84/40 92/97/40 91/96/39 80/85/39
f 83/88/41 93/98/41 92/97/40 79/84/40
f 62/67/42 94/99/42 93/98/41 83/88/41
f 62/67/42 60/65/43 95/100/43 94/99/42
f 95/100/43 60/65/43 46/51/44 96/101/44
f 96/101/44 46/51/44 43/48/45 97/102/45
f 97/102/45 43/48/45 42/47/46 84/89/46
f 42/47/47 84/89/47 98/103/48 48/53/48
f 99/104/49 88/93/49 48/53/48 98/103/48
f 88/93/22 100/105/22 58/63/22 59/64/22 87/92/22
f 101/106/43 50/55/43 59/64/50 102/107/50
f 82/87/13 103/108/13 51/56/13 50/55/13 74/79/13
f 50/55/43 101/106/43 71/76/28 74/79/28
f 59/64/51 102/107/51 86/91/36 87/92/36
f 101/106/13 102/107/13 86/91/13 85/90/13 66/71/13 65/70/13 64/69/13 78/83/13 77/82/13 75/80/13 68/73/13 67/72/13 72/77/13 71/76/13
f 104/109/52 105/110/53 106/111/54 107/112/55 108/113/56 109/114/57 110/115/58 111/116/59 112/117/60
f 113/118/61 114/119/62 115/120/63 116/121/64 117/122/65 118/123/66 119/124/67 120/125/68 121/126/69
f 3/3/70 4/4/71 122/127/72 123/128/73
f 124/129/74 125/130/75 123/128/73 122/127/72
f 41/46/21 40/45/20 126/131/76 127/132/77
f 128/133/78 129/134/79 125/130/75 124/129/74
f 127/132/77 126/131/76 130/135/80 131/136/81
f 131/136/81 130/135/80 132/137/82 133/138/83
f 104/109/10 4/139/10 1/140/10
f 3/3/10 114/141/10 2/2/10
f 38/43/10 105/142/10 134/143/10
f 113/118/10 39/144/10 135/145/10
f 119/124/67 118/123/66 132/137/82 130/135/80
f 118/123/66 117/122/65 129/134/79 132/137/82
f 110/115/58 109/114/57 133/138/83 128/133/78
f 111/116/59 110/115/58 128/133/78 124/129/74
f 117/122/65 116/121/64 125/130/75 129/134/79
f 112/117/60 111/116/59 124/129/74 122/127/72
f 116/121/64 115/120/63 123/128/73 125/130/75
f 107/112/55 106/111/54 41/46/21 127/132/77
f 121/126/69 120/125/68 126/131/76 40/45/20
f 108/113/56 107/112/55 127/132/77 131/136/81
f 120/125/68 119/124/67 130/135/80 126/131/76
f 109/114/57 108/113/56 131/136/81 133/138/83
f 122/127/72 4/4/84 104/109/52 112/117/60
f 38/43/18 41/46/21 106/111/54 105/110/53
f 115/120/63 114/119/62 3/3/70 123/128/73
f 40/45/20 39/44/85 113/118/61 121/126/69
f 1/146/10 134/143/10 105/110/10 104/109/10
f 129/134/79 128/133/78 133/138/83 132/137/82
f 136/147/10 137/148/44 138/149/44 139/150/10
f 140/151/86 141/152/87 142/153/87 143/154/86
f 144/155/13 145/156/13 146/157/13 147/158/13
f 145/156/13 148/159/13 149/160/13 146/157/13
f 148/159/13 150/161/13 151/162/13 149/160/13
f 150/161/13 152/163/13 153/164/13 151/162/13
f 152/163/13 154/165/13 155/166/13 153/164/13
f 154/165/13 156/167/13 157/168/13 155/166/13
f 156/167/13 158/169/13 159/170/13 157/168/13
f 158/169/13 160/171/13 161/172/13 159/170/13
f 160/171/13 162/173/13 136/147/13 161/172/13
f 162/173/13 163/174/13 137/148/13 136/147/13
f 163/174/13 164/175/13 165/176/13 137/148/13
f 164/175/13 166/177/13 167/178/13 165/176/13
f 166/177/13 168/179/13 169/180/13 167/178/13
f 168/179/13 170/181/13 171/182/13 169/180/13
f 170/181/13 172/183/13 173/184/13 171/182/13
f 172/183/13 144/155/13 147/158/13 173/184/13
f 174/185/22 175/186/22 141/152/22 140/151/22
f 175/186/22 176/187/22 177/188/22 141/152/22
f 176/187/22 178/189/22 179/190/22 177/188/22
f 178/189/22 180/191/22 181/192/22 179/190/22
f 180/191/22 182/193/22 183/194/22 181/192/22
f 182/193/22 184/195/22 185/196/22 183/194/22
f 184/195/22 186/197/22 187/198/22 185/196/22
f 186/197/22 188/199/22 189/200/22 187/198/22
f 188/199/22 190/201/22 191/202/22 189/200/22
f 190/201/22 192/203/22 193/204/22 191/202/22
f 192/203/22 194/205/22 195/206/22 193/204/22
f 194/205/22 196/207/22 197/208/22 195/206/22
f 196/207/22 198/209/22 199/210/22 197/208/22
f 198/209/22 200/211/22 201/212/22 199/210/22
f 200/211/22 202/213/22 203/214/22 201/212/22
f 202/213/22 174/185/22 140/151/22 203/214/22
f 149/160/23 151/162/32 204/215/32 205/216/23
f 137/148/44 165/176/43 206/217/43 138/149/44
f 151/162/32 153/164/31 207/218/31 204/215/32
f 165/176/43 167/178/42 208/219/42 206/217/43
f 153/164/31 155/166/88 209/220/88 207/218/31
f 167/178/42 169/180/50 210/221/50 208/219/42
f 155/166/88 157/168/89 211/222/89 209/220/88
f 169/180/50 171/182/90 212/223/90 210/221/50
f 157/168/89 159/170/91 213/224/91 211/222/89
f 147/158/86 146/157/1 214/225/1 215/226/86
f 171/182/90 173/184/87 216/227/87 212/223/90
f 159/170/91 161/172/92 217/228/92 213/224/91
f 173/184/87 147/158/86 215/226/86 216/227/87
f 161/172/92 136/147/10 139/150/10 217/228/92
f 146/157/1 149/160/23 205/216/23 214/225/1
f 142/153/13 218/229/13 219/230/13 220/231/13
f 201/212/23 203/214/1 221/232/1 222/233/23
f 187/198/10 189/200/92 223/234/92 224/235/10
f 203/214/1 140/151/86 143/154/86 221/232/1
f 189/200/92 191/202/91 225/236/91 223/234/92
f 141/152/87 177/188/90 218/229/90 142/153/87
f 191/202/91 193/204/89 226/237/89 225/236/91
f 177/188/90 179/190/50 227/238/50 218/229/90
f 193/204/89 195/206/88 228/239/88 226/237/89
f 179/190/50 181/192/42 229/240/42 227/238/50
f 195/206/88 197/208/31 230/241/31 228/239/88
f 181/192/42 183/194/43 231/242/43 229/240/42
f 197/208/31 199/210/32 232/243/32 230/241/31
f 183/194/43 185/196/44 233/244/44 231/242/43
f 199/210/32 201/212/23 222/233/23 232/243/32
f 185/196/44 187/198/10 224/235/10 233/244/44
f 234/245/88 235/246/31 236/247/31 237/248/88
f 225/236/13 226/237/13 238/249/13 239/250/13
f 218/229/13 227/238/13 240/251/13 219/230/13
f 226/237/13 228/239/13 234/245/13 238/249/13
f 227/238/13 229/240/13 241/252/13 240/251/13
f 228/239/13 230/241/13 235/246/13 234/245/13
f 229/240/13 231/242/13 242/253/13 241/252/13
f 230/241/13 232/243/13 243/254/13 235/246/13
f 231/242/13 233/244/13 244/255/13 242/253/13
f 232/243/13 222/233/13 245/256/13 243/254/13
f 233/244/13 224/235/13 246/257/13 244/255/13
f 143/154/13 142/153/13 220/231/13 247/258/13
f 222/233/13 221/232/13 248/259/13 245/256/13
f 224/235/13 223/234/13 249/260/13 246/257/13
f 221/232/13 143/154/13 247/258/13 248/259/13
f 223/234/13 225/236/13 239/250/13 249/260/13
f 250/261/10 251/262/92 252/263/92 253/264/10
f 241/252/42 242/253/43 254/265/43 255/266/42
f 235/246/31 243/254/32 256/267/32 236/247/31
f 242/253/43 244/255/44 257/268/44 254/265/43
f 243/254/32 245/256/23 258/269/23 256/267/32
f 244/255/44 246/257/10 259/270/10 257/268/44
f 247/258/86 220/231/87 260/271/87 261/272/86
f 245/256/23 248/259/1 262/273/1 258/269/23
f 246/257/10 249/260/92 263/274/92 259/270/10
f 248/259/1 247/258/86 261/272/86 262/273/1
f 249/260/92 239/250/91 264/275/91 263/274/92
f 220/231/87 219/230/90 265/276/90 260/271/87
f 239/250/91 238/249/89 266/277/89 264/275/91
f 219/230/90 240/251/50 267/278/50 265/276/90
f 238/249/89 234/245/88 237/248/88 266/277/89
f 240/251/50 241/252/42 255/266/42 267/278/50
f 261/272/22 260/271/22 268/279/22 251/262/22
f 260/271/22 265/276/22 269/280/22 268/279/22
f 265/276/22 267/278/22 270/281/22 269/280/22
f 267/278/22 255/266/22 271/282/22 270/281/22
f 255/266/22 254/265/22 272/283/22 271/282/22
f 254/265/22 257/268/22 273/284/22 272/283/22
f 257/268/22 259/270/22 274/285/22 273/284/22
f 259/270/22 263/274/22 275/286/22 274/285/22
f 263/274/22 264/275/22 276/287/22 275/286/22
f 264/275/22 266/277/22 277/288/22 276/287/22
f 266/277/22 237/248/22 278/289/22 277/288/22
f 237/248/22 236/247/22 279/290/22 278/289/22
f 236/247/22 256/267/22 280/291/22 279/290/22
f 256/267/22 258/269/22 281/292/22 280/291/22
f 258/269/22 262/273/22 250/261/22 281/292/22
f 262/273/22 261/272/22 251/262/22 250/261/22
f 282/293/31 283/294/32 284/295/32 285/296/31
f 275/286/86 276/287/87 286/297/87 287/298/86
f 268/279/91 269/280/89 288/299/89 289/300/91
f 276/287/87 277/288/90 290/301/90 286/297/87
f 269/280/89 270/281/88 291/302/88 288/299/89
f 277/288/90 278/289/50 292/303/50 290/301/90
f 270/281/88 271/282/31 293/304/31 291/302/88
f 278/289/50 279/290/42 294/305/42 292/303/50
f 271/282/31 272/283/32 295/306/32 293/304/31
f 279/290/42 280/291/43 296/307/43 294/305/42
f 272/283/32 273/284/23 297/308/23 295/306/32
f 280/291/43 281/292/44 298/309/44 296/307/43
f 273/284/23 274/285/1 299/310/1 297/308/23
f 251/262/92 268/279/91 289/300/91 252/263/92
f 281/292/44 250/261/10 253/264/10 298/309/44
f 274/285/1 275/286/86 287/298/86 299/310/1
f 252/263/22 289/300/22 300/311/22 301/312/22
f 289/300/22 288/299/22 302/313/22 300/311/22
f 288/299/22 291/302/22 303/314/22 302/313/22
f 291/302/22 293/304/22 304/315/22 303/314/22
f 293/304/22 295/306/22 305/316/22 304/315/22
f 295/306/22 297/308/22 306/317/22 305/316/22
f 297/308/22 299/310/22 307/318/22 306/317/22
f 299/310/22 287/298/22 308/319/22 307/318/22
f 287/298/22 286/297/22 309/320/22 308/319/22
f 286/297/22 290/301/22 310/321/22 309/320/22
f 290/301/22 292/303/22 311/322/22 310/321/22
f 292/303/22 294/305/22 282/293/22 311/322/22
f 294/305/22 296/307/22 283/294/22 282/293/22
f 296/307/22 298/309/22 312/323/22 283/294/22
f 298/309/22 253/264/22 313/324/22 312/323/22
f 253/264/22 252/263/22 301/312/22 313/324/22
f 314/325/22 315/326/22 316/327/22 317/328/22 318/329/22 319/330/22 320/331/22 321/332/22 322/333/22 323/334/22 324/335/22 325/336/22 285/296/22 284/295/22 326/337/22 327/338/22
f 305/316/43 306/317/44 320/331/44 319/330/43
f 283/294/32 312/323/23 326/337/23 284/295/32
f 306/317/44 307/318/10 321/332/10 320/331/44
f 301/312/86 300/311/87 315/326/87 314/325/86
f 312/323/23 313/324/1 327/338/1 326/337/23
f 307/318/10 308/319/92 322/333/92 321/332/10
f 313/324/1 301/312/86 314/325/86 327/338/1
f 308/319/92 309/320/91 323/334/91 322/333/92
f 300/311/87 302/313/90 316/327/90 315/326/87
f 309/320/91 310/321/89 324/335/89 323/334/91
f 302/313/90 303/314/50 317/328/50 316/327/90
f 310/321/89 311/322/88 325/336/88 324/335/89
f 303/314/50 304/315/42 318/329/42 317/328/50
f 311/322/88 282/293/31 285/296/31 325/336/88
f 304/315/42 305/316/43 319/330/43 318/329/42
f 328/339/93 329/340/93 330/341/93 331/342/93
f 331/342/50 330/341/50 332/343/50 333/344/50
f 333/344/94 332/343/94 334/345/94 335/346/94
f 335/346/95 334/345/95 336/347/95 337/348/95
f 337/348/88 336/347/88 338/349/88 339/350/88
f 339/350/96 338/349/96 329/351/96 328/352/96
f 328/353/13 331/354/13 333/355/13 335/356/13 337/357/13 339/358/13
f 340/359/93 341/360/93 342/361/93 343/362/93
f 343/362/50 342/361/50 344/363/50 345/364/50
f 345/364/94 344/363/94 346/365/94 347/366/94
f 347/366/95 346/365/95 348/367/95 349/368/95
f 349/368/88 348/367/88 350/369/88 351/370/88
f 351/370/96 350/369/96 341/371/96 340/372/96
f 340/373/13 343/374/13 345/375/13 347/376/13 349/377/13 351/378/13
f 352/379/93 353/380/93 354/381/93 355/382/93
f 355/382/50 354/381/50 356/383/50 357/384/50
f 357/384/94 356/383/94 358/385/94 359/386/94
f 359/386/95 358/385/95 360/387/95 361/388/95
f 361/388/88 360/387/88 362/389/88 363/390/88
f 363/390/96 362/389/96 353/391/96 352/392/96
f 352/393/13 355/394/13 357/395/13 359/396/13 361/397/13 363/398/13
f 364/399/93 365/400/93 366/401/93 367/402/93
f 367/402/50 366/401/50 368/403/50 369/404/50
f 369/404/94 368/403/94 370/405/94 371/406/94
f 371/406/95 370/405/95 372/407/95 373/408/95
f 373/408/88 372/407/88 374/409/88 375/410/88
f 375/410/96 374/409/96 365/411/96 364/412/96
f 364/413/13 367/414/13 369/415/13 371/416/13 373/417/13 375/418/13
f 376/419/93 377/420/93 378/421/93 379/422/93
f 379/422/50 378/421/50 380/423/50 381/424/50
f 381/424/94 380/423/94 382/425/94 383/426/94
f 383/426/95 382/425/95 384/427/95 385/428/95
f 385/428/88 384/427/88 386/429/88 387/430/88
f 387/430/96 386/429/96 377/431/96 376/432/96
f 376/433/13 379/434/13 381/435/13 383/436/13 385/437/13 387/438/13
f 388/439/93 389/440/93 390/441/93 391/442/93
f 391/442/50 390/441/50 392/443/50 393/444/50
f 393/444/94 392/443/94 394/445/94 395/446/94
f 395/446/95 394/445/95 396/447/95 397/448/95
f 397/448/88 396/447/88 398/449/88 399/450/88
f 399/450/96 398/449/96 389/451/96 388/452/96
f 388/453/13 391/454/13 393/455/13 395/456/13 397/457/13 399/458/13
f 400/459/93 401/460/93 402/461/93 403/462/93
f 403/462/50 402/461/50 404/463/50 405/464/50
f 405/464/94 404/463/94 406/465/94 407/466/94
f 407/466/95 406/465/95 408/467/95 409/468/95
f 409/468/88 408/467/88 410/469/88 411/470/88
f 411/470/96 410/469/96 401/471/96 400/472/96
f 400/473/13 403/474/13 405/475/13 407/476/13 409/477/13 411/478/13
f 412/479/93 413/480/93 414/481/93 415/482/93
f 415/482/50 414/481/50 416/483/50 417/484/50
f 417/484/94 416/483/94 418/485/94 419/486/94
f 419/486/95 418/485/95 420/487/95 421/488/95
f 421/488/88 420/487/88 422/489/88 423/490/88
f 423/490/96 422/489/96 413/491/96 412/492/96
f 412/493/13 415/494/13 417/495/13 419/496/13 421/497/13 423/498/13
f 424/499/93 425/500/93 426/501/93 427/502/93
f 427/502/50 426/501/50 428/503/50 429/504/50
f 429/504/94 428/503/94 430/505/94 431/506/94
f 431/506/95 430/505/95 432/507/95 433/508/95
f 433/508/88 432/507/88 434/509/88 435/510/88
f 435/510/96 434/509/96 425/511/96 424/512/96
f 424/513/13 427/514/13 429/515/13 431/516/13 433/517/13 435/518/13
f 436/519/43 437/520/43 438/521/10 439/522/10
f 440/523/13 441/524/13 442/525/13 443/526/13 444/527/13 445/528/13 446/529/13 447/530/13
f 448/531/1 449/532/1 450/533/87 451/534/87
f 452/535/91 444/536/91 443/537/88 453/538/88
f 451/534/87 450/533/87 454/539/50 455/540/50
f 456/541/91 457/542/91 458/543/88 459/544/88
f 460/545/10 445/546/10 444/536/91 452/535/91
f 455/540/50 454/539/50 461/547/43 462/548/43
f 463/549/13 464/550/13 465/551/13 458/552/13 457/553/13 438/554/13 437/555/13 466/556/13
f 467/557/43 446/558/43 445/546/10 460/545/10
f 462/548/43 461/547/43 468/559/10 469/560/10
f 470/561/50 447/562/50 446/558/43 467/557/43
f 469/560/10 468/559/10 471/563/91 472/564/91
f 473/565/32 442/566/32 441/567/1 474/568/1
f 475/569/87 440/570/87 447/562/50 470/561/50
f 472/564/91 471/563/91 476/571/88 477/572/88
f 450/573/13 449/574/13 478/575/13 476/576/13 471/577/13 468/578/13 461/579/13 454/580/13
f 474/581/1 441/582/1 440/570/87 475/569/87
f 477/572/88 476/571/88 478/583/32 479/584/32
f 439/522/10 438/521/10 457/542/91 456/541/91
f 453/538/88 443/537/88 442/566/32 473/565/32
f 479/584/32 478/583/32 449/585/1 448/586/1
f 480/587/50 466/588/50 437/520/43 436/519/43
f 481/589/32 465/590/32 464/591/1 482/592/1
f 483/593/87 463/594/87 466/588/50 480/587/50
f 482/595/1 464/596/1 463/594/87 483/593/87
f 459/544/88 458/543/88 465/590/32 481/589/32
f 484/597/43 485/598/43 486/599/10 487/600/10
f 488/601/91 489/602/91 490/603/88 491/604/88
f 492/605/13 493/606/13 494/607/13 490/608/13 489/609/13 486/610/13 485/611/13 495/612/13
f 487/600/10 486/599/10 489/602/91 488/601/91
f 496/613/50 495/614/50 485/598/43 484/597/43
f 497/615/32 494/616/32 493/617/1 498/618/1
f 499/619/87 492/620/87 495/614/50 496/613/50
f 498/621/1 493/622/1 492/620/87 499/619/87
f 491/604/88 490/603/88 494/616/32 497/615/32
f 500/623/43 501/624/43 502/625/10 503/626/10
f 504/627/91 505/628/91 506/629/88 507/630/88
f 508/631/13 509/632/13 510/633/13 506/634/13 505/635/13 502/636/13 501/637/13 511/638/13
f 503/626/10 502/625/10 505/628/91 504/627/91
f 512/639/50 511/640/50 501/624/43 500/623/43
f 513/641/32 510/642/32 509/643/1 514/644/1
f 515/645/87 508/646/87 511/640/50 512/639/50
f 514/647/1 509/648/1 508/646/87 515/645/87
f 507/630/88 506/629/88 510/642/32 513/641/32
f 516/649/43 517/650/43 518/651/10 519/652/10
f 520/653/91 521/654/91 522/655/88 523/656/88
f 524/657/13 525/658/13 526/659/13 522/660/13 521/661/13 518/662/13 517/663/13 527/664/13
f 519/652/10 518/651/10 521/654/91 520/653/91
f 528/665/50 527/666/50 517/650/43 516/649/43
f 529/667/32 526/668/32 525/669/1 530/670/1
f 531/671/87 524/672/87 527/666/50 528/665/50
f 530/673/1 525/674/1 524/672/87 531/671/87
f 523/656/88 522/655/88 526/668/32 529/667/32
f 532/675/43 533/676/43 534/677/10 535/678/10
f 536/679/91 537/680/91 538/681/88 539/682/88
f 540/683/13 541/684/13 542/685/13 538/686/13 537/687/13 534/688/13 533/689/13 543/690/13
f 535/678/10 534/677/10 537/680/91 536/679/91
f 544/691/50 543/692/50 533/676/43 532/675/43
f 545/693/32 542/694/32 541/695/1 546/696/1
f 547/697/87 540/698/87 543/692/50 544/691/50
f 546/699/1 541/700/1 540/698/87 547/697/87
f 539/682/88 538/681/88 542/694/32 545/693/32
f 548/701/43 549/702/43 550/703/10 551/704/10
f 552/705/91 553/706/91 554/707/88 555/708/88
f 556/709/13 557/710/13 558/711/13 554/712/13 553/713/13 550/714/13 549/715/13 559/716/13
f 551/704/10 550/703/10 553/706/91 552/705/91
f 560/717/50 559/718/50 549/702/43 548/701/43
f 561/719/32 558/720/32 557/721/1 562/722/1
f 563/723/87 556/724/87 559/718/50 560/717/50
f 562/725/1 557/726/1 556/724/87 563/723/87
f 555/708/88 554/707/88 558/720/32 561/719/32
f 82/87/37 89/94/37 564/727/97 103/108/97
f 84/89/22 98/103/22 99/104/22 565/728/22 566/729/22 567/730/22 568/731/22 569/732/22 570/733/22 571/734/22 564/727/22 89/94/22 90/95/22 91/96/22 92/97/22 93/98/22 94/99/22 95/100/22 96/101/22 97/102/22
f 51/56/13 103/108/13 52/57/13
f 58/63/22 100/105/22 57/62/22
f 88/93/49 99/104/49 565/728/98 100/105/98
f 566/729/99 565/728/100 100/105/100 57/62/99
f 567/730/101 566/729/99 57/62/99 56/61/101
f 568/731/102 567/730/101 56/61/101 55/60/102
f 568/731/102 55/60/102 54/59/103 569/732/103
f 570/733/104 569/732/103 54/59/103 53/58/104
f 570/733/104 53/58/104 52/57/105 571/734/105
f 564/727/97 571/734/105 52/57/105 103/108/97
f 572/735/22 573/736/22 574/737/22 575/738/22 576/739/22
f 577/740/22 578/741/22 579/742/22 580/743/22 581/744/22
f 582/745/22 583/746/22 584/747/22 573/736/22 572/735/22
f 585/748/22 586/749/22 587/750/22 578/741/22 577/740/22
f 585/748/22 588/751/22 589/752/22 590/753/22 586/749/22
f 591/754/22 592/755/22 593/756/22 583/746/22 582/745/22
f 576/739/22 575/738/22 594/757/22 589/752/22 588/751/22
f 581/744/22 580/743/22 595/758/22 592/755/22 591/754/22
f 575/738/32 574/737/31 596/759/31 597/760/32
f 580/743/43 579/742/42 598/761/42 599/762/43
f 574/737/31 573/736/88 600/763/88 596/759/31
f 579/742/42 578/741/50 601/764/50 598/761/42
f 573/736/88 584/747/89 602/765/89 600/763/88
f 578/741/50 587/750/90 603/766/90 601/764/50
f 584/747/89 583/746/91 604/767/91 602/765/89
f 590/753/86 589/752/1 605/768/1 606/769/86
f 587/750/90 586/749/87 607/770/87 603/766/90
f 583/746/91 593/756/92 608/771/92 604/767/91
f 586/749/87 590/753/86 606/769/86 607/770/87
f 593/756/92 592/755/10 609/772/10 608/771/92
f 589/752/1 594/757/23 610/773/23 605/768/1
f 592/755/10 595/758/44 611/774/44 609/772/10
f 594/757/23 575/738/32 597/760/32 610/773/23
f 595/758/44 580/743/43 599/762/43 611/774/44
f 606/769/13 605/768/13 612/775/13 613/776/13
f 605/768/13 610/773/13 614/777/13 612/775/13
f 610/773/13 597/760/13 615/778/13 614/777/13
f 597/760/13 596/759/13 616/779/13 615/778/13
f 596/759/13 600/763/13 617/780/13 616/779/13
f 600/763/13 602/765/13 618/781/13 617/780/13
f 602/765/13 604/767/13 619/782/13 618/781/13
f 604/767/13 608/771/13 620/783/13 619/782/13
f 608/771/13 609/772/13 621/784/13 620/783/13
f 609/772/13 611/774/13 622/785/13 621/784/13
f 611/774/13 599/762/13 623/786/13 622/785/13
f 599/762/13 598/761/13 624/787/13 623/786/13
f 598/761/13 601/764/13 625/788/13 624/787/13
f 601/764/13 603/766/13 626/789/13 625/788/13
f 603/766/13 607/770/13 627/790/13 626/789/13
f 607/770/13 606/769/13 613/776/13 627/790/13
f 628/791/106 629/792/107 630/793/108 631/794/109 632/795/110 633/796/111 634/797/112 635/798/113 636/799/114 637/800/115 638/801/116 639/802/117 640/803/118 641/804/119 642/805/120 643/806/121
f 644/807/122 645/808/123 646/809/124 647/810/125
f 647/810/125 646/809/124 648/811/126 649/812/127
f 649/812/127 648/811/126 629/792/107 628/791/106
f 650/813/128 644/807/122 647/810/125 651/814/129
f 651/814/129 647/810/125 649/812/127 652/815/130
f 652/815/130 649/812/127 628/791/106 643/806/121
f 645/808/123 653/816/131 654/817/132 646/809/124
f 646/809/124 654/817/132 655/818/133 648/811/126
f 648/811/126 655/818/133 630/793/108 629/792/107
f 653/816/131 656/819/134 657/820/135 654/817/132
f 654/817/132 657/820/135 658/821/136 655/818/133
f 655/818/133 658/821/136 631/794/109 630/793/108
f 656/819/134 659/822/137 660/823/138 657/820/135
f 657/820/135 660/823/138 661/824/139 658/821/136
f 658/821/136 661/824/139 632/795/110 631/794/109
f 659/822/137 662/825/140 663/826/141 660/823/138
f 660/823/138 663/826/141 664/827/142 661/824/139
f 661/824/139 664/827/142 633/796/111 632/795/110
f 662/825/140 665/828/143 666/829/144 663/826/141
f 663/826/141 666/829/144 667/830/145 664/827/142
f 664/827/142 667/830/145 634/797/112 633/796/111
f 665/828/143 668/831/146 669/832/147 666/829/144
f 666/829/144 669/832/147 670/833/148 667/830/145
f 667/830/145 670/833/148 635/798/113 634/797/112
f 668/831/146 671/834/149 672/835/150 669/832/147
f 669/832/147 672/835/150 673/836/151 670/833/148
f 670/833/148 673/836/151 636/799/114 635/798/113
f 671/834/149 674/837/152 675/838/153 672/835/150
f 672/835/150 675/838/153 676/839/154 673/836/151
f 673/836/151 676/839/154 637/800/115 636/799/114
f 674/837/152 677/840/155 678/841/156 675/838/153
f 675/838/153 678/841/156 679/842/157 676/839/154
f 676/839/154 679/842/157 638/801/116 637/800/115
f 677/840/155 680/843/158 681/844/159 678/841/156
f 678/841/156 681/844/159 682/845/160 679/842/157
f 679/842/157 682/845/160 639/802/117 638/801/116
f 680/843/158 683/846/161 684/847/162 681/844/159
f 681/844/159 684/847/162 685/848/163 682/845/160
f 682/845/160 685/848/163 640/803/118 639/802/117
f 683/846/161 686/849/164 687/850/165 684/847/162
f 684/847/162 687/850/165 688/851/166 685/848/163
f 685/848/163 688/851/166 641/804/119 640/803/118
f 686/849/164 689/852/167 690/853/168 687/850/165
f 687/850/165 690/853/168 691/854/169 688/851/166
f 688/851/166 691/854/169 642/805/120 641/804/119
f 689/852/167 650/813/128 651/814/129 690/853/168
f 690/853/168 651/814/129 652/815/130 691/854/169
f 691/854/169 652/815/130 643/806/121 642/805/120
f 644/807/122 650/813/128 627/790/87 613/776/86
f 650/813/128 689/852/167 626/789/90 627/790/87
f 689/852/167 686/849/164 625/788/50 626/789/90
f 686/849/164 683/846/161 624/787/42 625/788/50
f 683/846/161 680/843/158 623/786/43 624/787/42
f 680/843/158 677/840/155 622/785/44 623/786/43
f 677/840/155 674/837/152 621/784/10 622/785/44
f 674/837/152 671/834/149 620/783/92 621/784/10
f 671/834/149 668/831/146 619/782/91 620/783/92
f 668/831/146 665/828/143 618/781/89 619/782/91
f 665/828/143 662/825/140 617/780/88 618/781/89
f 662/825/140 659/822/137 616/779/31 617/780/88
f 659/822/137 656/819/134 615/778/32 616/779/31
f 656/819/134 653/816/131 614/777/23 615/778/32
f 653/816/131 645/808/123 612/775/1 614/777/23
f 645/808/123 644/807/122 613/776/86 612/775/1
f 692/855/22 693/856/22 694/857/22 695/858/22 696/859/22 697/860/22 698/861/22 699/862/22 700/863/22 701/864/22 702/865/22 703/866/22 704/867/22 705/868/22 706/869/22 707/870/22
f 708/871/22 709/872/22 710/873/22 711/874/22
f 709/872/22 712/875/22 713/876/22 710/873/22
f 712/875/22 714/877/22 715/878/22 713/876/22
f 714/877/22 716/879/22 717/880/22 715/878/22
f 716/879/22 718/881/22 719/882/22 717/880/22
f 718/881/22 720/883/22 721/884/22 719/882/22
f 720/883/22 722/885/22 723/886/22 721/884/22
f 722/885/22 724/887/22 725/888/22 723/886/22
f 724/887/22 726/889/22 727/890/22 725/888/22
f 726/889/22 728/891/22 729/892/22 727/890/22
f 728/891/22 730/893/22 731/894/22 729/892/22
f 730/893/22 732/895/22 733/896/22 731/894/22
f 732/895/22 734/897/22 735/898/22 733/896/22
f 734/897/22 736/899/22 737/900/22 735/898/22
f 736/899/22 738/901/22 739/902/22 737/900/22
f 738/901/22 708/871/22 711/874/22 739/902/22
f 740/903/90 741/904/87 693/856/87 694/857/90
f 721/884/23 719/882/32 742/905/32 743/906/23
f 737/900/44 735/898/43 744/907/43 745/908/44
f 723/886/1 721/884/23 743/906/23 746/909/1
f 710/873/91 711/874/92 747/910/92 748/911/91
f 739/902/10 737/900/44 745/908/44 749/912/10
f 725/888/86 723/886/1 746/909/1 750/913/86
f 711/874/92 739/902/10 749/912/10 747/910/92
f 727/890/87 725/888/86 750/913/86 751/914/87
f 713/876/89 710/873/91 748/911/91 752/915/89
f 729/892/90 727/890/87 751/914/87 753/916/90
f 715/878/88 713/876/89 752/915/89 754/917/88
f 731/894/50 729/892/90 753/916/90 755/918/50
f 717/880/31 715/878/88 754/917/88 756/919/31
f 733/896/42 731/894/50 755/918/50 757/920/42
f 719/882/32 717/880/31 756/919/31 742/905/32
f 735/898/43 733/896/42 757/920/42 744/907/43
f 748/911/13 747/910/13 758/921/13 741/904/13
f 747/910/13 749/912/13 759/922/13 758/921/13
f 749/912/13 745/908/13 760/923/13 759/922/13
f 745/908/13 744/907/13 761/924/13 760/923/13
f 744/907/13 757/920/13 762/925/13 761/924/13
f 757/920/13 755/918/13 763/926/13 762/925/13
f 755/918/13 753/916/13 764/927/13 763/926/13
f 753/916/13 751/914/13 765/928/13 764/927/13
f 751/914/13 750/913/13 766/929/13 765/928/13
f 750/913/13 746/909/13 767/930/13 766/929/13
f 746/909/13 743/906/13 768/931/13 767/930/13
f 743/906/13 742/905/13 769/932/13 768/931/13
f 742/905/13 756/919/13 770/933/13 769/932/13
f 756/919/13 754/917/13 771/934/13 770/933/13
f 754/917/13 752/915/13 740/903/13 771/934/13
f 752/915/13 748/911/13 741/904/13 740/903/13
f 765/928/91 766/929/92 700/863/92 701/864/91
f 758/921/86 759/922/1 707/870/1 692/855/86
f 766/929/92 767/930/10 699/862/10 700/863/92
f 759/922/1 760/923/23 706/869/23 707/870/1
f 767/930/10 768/931/44 698/861/44 699/862/10
f 760/923/23 761/924/32 705/868/32 706/869/23
f 768/931/44 769/932/43 697/860/43 698/861/44
f 761/924/32 762/925/31 704/867/31 705/868/32
f 769/932/43 770/933/42 696/859/42 697/860/43
f 762/925/31 763/926/88 703/866/88 704/867/31
f 770/933/42 771/934/50 695/858/50 696/859/42
f 763/926/88 764/927/89 702/865/89 703/866/88
f 741/904/87 758/921/86 692/855/86 693/856/87
f 771/934/50 740/903/90 694/857/90 695/858/50
f 764/927/89 765/928/91 701/864/91 702/865/89
f 772/935/170 773/936/171 774/937/13
f 774/937/13 773/936/171 775/938/172
f 774/937/13 776/939/173 777/940/174
f 777/940/174 772/935/170 774/937/13
f 775/938/172 778/941/175 774/937/13
f 778/941/175 776/939/173 774/937/13
f 779/942/170 780/943/171 781/944/13
f 781/944/13 780/943/171 782/945/176
f 781/944/13 783/946/173 784/947/174
f 784/947/174 779/942/170 781/944/13
f 782/945/176 785/948/175 781/944/13
f 785/948/175 783/946/173 781/944/13
f 786/949/170 787/950/171 788/951/13
f 788/951/13 787/950/171 789/952/172
f 788/951/13 790/953/173 791/954/174
f 791/954/174 786/949/170 788/951/13
f 789/952/172 792/955/175 788/951/13
f 792/955/175 790/953/173 788/951/13
f 793/956/170 794/957/171 795/958/13
f 795/958/13 794/957/171 796/959/176
f 795/958/13 797/960/173 798/961/174
f 798/961/174 793/956/170 795/958/13
f 796/959/176 799/962/175 795/958/13
f 799/962/175 797/960/173 795/958/13
f 800/963/170 801/964/171 802/965/13
f 802/965/13 801/964/171 803/966/172
f 802/965/13 804/967/173 805/968/174
f 805/968/174 800/963/170 802/965/13
f 803/966/172 806/969/175 802/965/13
f 806/969/175 804/967/173 802/965/13
f 807/970/170 808/971/171 809/972/13
f 809/972/13 808/971/171 810/973/172
f 809/972/13 811/974/173 812/975/174
f 812/975/174 807/970/170 809/972/13
f 810/973/172 813/976/175 809/972/13
f 813/976/175 811/974/173 809/972/13
f 814/977/88 815/978/88 816/979/88 817/980/88
f 817/980/13 816/979/13 818/981/13 819/982/13
f 820/983/22 821/984/22 815/985/22 814/986/22
f 817/987/1 819/982/1 820/983/1 814/988/1
f 818/981/10 816/989/10 815/990/10 821/984/10
f 822/991/13 823/992/13 824/993/13 825/994/13 826/995/13 827/996/13 828/997/13 829/998/13 830/999/13 831/1000/13 832/1001/13 833/1002/13 834/1003/13 835/1004/13 836/1005/13 837/1006/13
f 838/1007/13 839/1008/13 840/1009/13 841/1010/13
f 834/1003/31 833/1002/32 842/1011/32 843/1012/31
f 826/995/42 825/994/43 844/1013/43 845/1014/42
f 833/1002/32 832/1001/23 846/1015/23 842/1011/32
f 825/994/43 824/993/44 847/1016/44 844/1013/43
f 832/1001/23 831/1000/1 848/1017/1 846/1015/23
f 823/992/10 822/991/92 849/1018/92 850/1019/10
f 824/993/44 823/992/10 850/1019/10 847/1016/44
f 831/1000/1 830/999/86 851/1020/86 848/1017/1
f 822/991/92 837/1006/91 852/1021/91 849/1018/92
f 830/999/86 829/998/87 853/1022/87 851/1020/86
f 837/1006/91 836/1005/89 854/1023/89 852/1021/91
f 829/998/87 828/997/90 838/1007/90 853/1022/87
f 836/1005/89 835/1004/88 855/1024/88 854/1023/89
f 828/997/90 827/996/50 839/1008/50 838/1007/90
f 835/1004/88 834/1003/31 843/1012/31 855/1024/88
f 827/996/50 826/995/42 845/1014/42 839/1008/50
f 856/1025/86 857/1026/87 858/1027/87 859/1028/86
f 855/1024/13 843/1012/13 860/1029/13 861/1030/13
f 839/1008/13 845/1014/13 862/1031/13 840/1009/13
f 843/1012/13 842/1011/13 863/1032/13 860/1029/13
f 845/1014/13 844/1013/13 864/1033/13 862/1031/13
f 842/1011/13 846/1015/13 865/1034/13 863/1032/13
f 844/1013/13 847/1016/13 866/1035/13 864/1033/13
f 846/1015/13 848/1017/13 867/1036/13 865/1034/13
f 850/1019/13 849/1018/13 868/1037/13 869/1038/13
f 847/1016/13 850/1019/13 869/1038/13 866/1035/13
f 848/1017/13 851/1020/13 856/1025/13 867/1036/13
f 849/1018/13 852/1021/13 870/1039/13 868/1037/13
f 851/1020/13 853/1022/13 857/1026/13 856/1025/13
f 852/1021/13 854/1023/13 871/1040/13 870/1039/13
f 853/1022/13 838/1007/13 841/1010/13 857/1026/13
f 854/1023/13 855/1024/13 861/1030/13 871/1040/13
f 872/1041/22 873/1042/22 874/1043/22 875/1044/22
f 870/1039/91 871/1040/89 876/1045/89 877/1046/91
f 857/1026/87 841/1010/90 878/1047/90 858/1027/87
f 871/1040/89 861/1030/88 879/1048/88 876/1045/89
f 841/1010/90 840/1009/50 880/1049/50 878/1047/90
f 861/1030/88 860/1029/31 881/1050/31 879/1048/88
f 840/1009/50 862/1031/42 882/1051/42 880/1049/50
f 860/1029/31 863/1032/32 883/1052/32 881/1050/31
f 862/1031/42 864/1033/43 872/1041/43 882/1051/42
f 863/1032/32 865/1034/23 884/1053/23 883/1052/32
f 864/1033/43 866/1035/44 873/1042/44 872/1041/43
f 865/1034/23 867/1036/1 885/1054/1 884/1053/23
f 869/1038/10 868/1037/92 886/1055/92 887/1056/10
f 866/1035/44 869/1038/10 887/1056/10 873/1042/44
f 867/1036/1 856/1025/86 859/1028/86 885/1054/1
f 868/1037/92 870/1039/91 877/1046/91 886/1055/92
f 888/1057/87 889/1058/90 890/1059/90 891/1060/87
f 884/1053/22 885/1054/22 892/1061/22 893/1062/22
f 887/1056/22 886/1055/22 894/1063/22 895/1064/22
f 873/1042/22 887/1056/22 895/1064/22 874/1043/22
f 885/1054/22 859/1028/22 896/1065/22 892/1061/22
f 886/1055/22 877/1046/22 897/1066/22 894/1063/22
f 859/1028/22 858/1027/22 888/1057/22 896/1065/22
f 877/1046/22 876/1045/22 898/1067/22 897/1066/22
f 858/1027/22 878/1047/22 889/1058/22 888/1057/22
f 876/1045/22 879/1048/22 899/1068/22 898/1067/22
f 878/1047/22 880/1049/22 900/1069/22 889/1058/22
f 879/1048/22 881/1050/22 901/1070/22 899/1068/22
f 880/1049/22 882/1051/22 902/1071/22 900/1069/22
f 881/1050/22 883/1052/22 903/1072/22 901/1070/22
f 882/1051/22 872/1041/22 875/1044/22 902/1071/22
f 883/1052/22 884/1053/22 893/1062/22 903/1072/22
f 904/1073/22 905/1074/22 906/1075/22 907/1076/22
f 898/1067/89 899/1068/88 908/1077/88 909/1078/89
f 889/1058/90 900/1069/50 910/1079/50 890/1059/90
f 899/1068/88 901/1070/31 911/1080/31 908/1077/88
f 900/1069/50 902/1071/42 912/1081/42 910/1079/50
f 901/1070/31 903/1072/32 913/1082/32 911/1080/31
f 902/1071/42 875/1044/43 914/1083/43 912/1081/42
f 903/1072/32 893/1062/23 915/1084/23 913/1082/32
f 875/1044/43 874/1043/44 904/1073/44 914/1083/43
f 893/1062/23 892/1061/1 916/1085/1 915/1084/23
f 895/1064/10 894/1063/92 917/1086/92 905/1074/10
f 874/1043/44 895/1064/10 905/1074/10 904/1073/44
f 892/1061/1 896/1065/86 918/1087/86 916/1085/1
f 894/1063/92 897/1066/91 919/1088/91 917/1086/92
f 896/1065/86 888/1057/87 891/1060/87 918/1087/86
f 897/1066/91 898/1067/89 909/1078/89 919/1088/91
f 920/1089/90 921/1090/90 922/1091/87 923/1092/87
f 916/1085/22 918/1087/22 924/1093/22 925/1094/22
f 917/1086/22 919/1088/22 926/1095/22 927/1096/22
f 918/1087/22 891/1060/22 923/1092/22 924/1093/22
f 919/1088/22 909/1078/22 928/1097/22 926/1095/22
f 891/1060/22 890/1059/22 920/1089/22 923/1092/22
f 909/1078/22 908/1077/22 929/1098/22 928/1097/22
f 890/1059/22 910/1079/22 930/1099/22 920/1089/22
f 908/1077/22 911/1080/22 931/1100/22 929/1098/22
f 910/1079/22 912/1081/22 932/1101/22 930/1099/22
f 911/1080/22 913/1082/22 933/1102/22 931/1100/22
f 912/1081/22 914/1083/22 934/1103/22 932/1101/22
f 913/1082/22 915/1084/22 935/1104/22 933/1102/22
f 914/1083/22 904/1073/22 907/1076/22 934/1103/22
f 915/1084/22 916/1085/22 925/1094/22 935/1104/22
f 905/1074/22 917/1086/22 927/1096/22 906/1075/22
f 928/1097/89 936/1105/89 937/1106/91 926/1095/91
f 930/1099/50 938/1107/50 921/1090/90 920/1089/90
f 931/1100/31 939/1108/31 940/1109/88 929/1098/88
f 932/1101/42 941/1110/42 938/1107/50 930/1099/50
f 933/1102/32 942/1111/32 939/1108/31 931/1100/31
f 934/1103/43 943/1112/43 941/1110/42 932/1101/42
f 935/1104/23 944/1113/23 942/1111/32 933/1102/32
f 907/1076/44 945/1114/44 943/1112/43 934/1103/43
f 925/1094/1 946/1115/1 944/1113/23 935/1104/23
f 906/1075/10 947/1116/10 945/1114/44 907/1076/44
f 924/1093/86 948/1117/86 946/1115/1 925/1094/1
f 923/1092/87 922/1091/87 948/1117/86 924/1093/86
f 929/1098/88 940/1109/88 936/1105/89 928/1097/89
f 926/1095/91 937/1106/91 949/1118/92 927/1096/92
f 950/1119/13 951/1120/13 952/1121/13 953/1122/13
f 954/1123/177 955/1124/178 956/1125/178 957/1126/177
f 958/1127/179 959/1128/180 960/1129/180 961/1130/179
f 955/1124/178 962/1131/181 963/1132/181 956/1125/178
f 959/1128/180 964/1133/182 965/1134/182 960/1129/180
f 962/1131/181 966/1135/183 967/1136/183 963/1132/181
f 968/1137/184 969/1138/185 970/1139/185 971/1140/184
f 964/1133/182 968/1137/184 971/1140/184 965/1134/182
f 966/1135/183 972/1141/186 973/1142/186 967/1136/183
f 969/1138/185 974/1143/96 975/1144/96 970/1139/185
f 972/1141/186 976/1145/94 977/1146/94 973/1142/186
f 974/1143/96 978/1147/187 979/1148/187 975/1144/96
f 976/1145/94 980/1149/188 950/1119/188 977/1146/94
f 978/1147/187 981/1150/189 982/1151/189 979/1148/187
f 980/1149/188 983/1152/190 951/1120/190 950/1119/188
f 981/1150/189 954/1123/177 957/1126/177 982/1151/189
f 983/1152/190 958/1127/179 961/1130/179 951/1120/190
f 984/1153/186 985/1154/191 986/1155/191 987/1156/186
f 982/1151/13 957/1126/13 988/1157/13 989/1158/13
f 951/1120/13 961/1130/13 990/1159/13 952/1121/13
f 957/1126/13 956/1125/13 991/1160/13 988/1157/13
f 961/1130/13 960/1129/13 992/1161/13 990/1159/13
f 956/1125/13 963/1132/13 993/1162/13 991/1160/13
f 960/1129/13 965/1134/13 994/1163/13 992/1161/13
f 963/1132/13 967/1136/13 995/1164/13 993/1162/13
f 971/1140/13 970/1139/13 996/1165/13 997/1166/13
f 965/1134/13 971/1140/13 997/1166/13 994/1163/13
f 967/1136/13 973/1142/13 984/1153/13 995/1164/13
f 970/1139/13 975/1144/13 998/1167/13 996/1165/13
f 973/1142/13 977/1146/13 985/1154/13 984/1153/13
f 975/1144/13 979/1148/13 999/1168/13 998/1167/13
f 977/1146/13 950/1119/13 953/1122/13 985/1154/13
f 979/1148/13 982/1151/13 989/1158/13 999/1168/13
f 1000/1169/22 1001/1170/22 1002/1171/22 1003/1172/22
f 998/1167/96 999/1168/187 1004/1173/187 1005/1174/96
f 985/1154/192 953/1122/188 1006/1175/188 986/1155/192
f 999/1168/187 989/1158/189 1007/1176/189 1004/1173/187
f 953/1122/188 952/1121/190 1008/1177/190 1006/1175/188
f 989/1158/189 988/1157/177 1009/1178/177 1007/1176/189
f 952/1121/190 990/1159/179 1010/1179/179 1008/1177/190
f 988/1157/177 991/1160/193 1011/1180/193 1009/1178/177
f 990/1159/179 992/1161/180 1000/1169/180 1010/1179/179
f 991/1160/194 993/1162/181 1012/1181/181 1011/1180/194
f 992/1161/180 994/1163/182 1001/1170/182 1000/1169/180
f 993/1162/181 995/1164/183 1013/1182/183 1012/1181/181
f 997/1166/184 996/1165/185 1014/1183/185 1015/1184/184
f 994/1163/182 997/1166/184 1015/1184/184 1001/1170/182
f 995/1164/183 984/1153/186 987/1156/186 1013/1182/183
f 996/1165/185 998/1167/96 1005/1174/96 1014/1183/185
f 1016/1185/94 1017/1186/188 1018/1187/188 1019/1188/94
f 1012/1181/22 1013/1182/22 1020/1189/22 1021/1190/22
f 1015/1184/22 1014/1183/22 1022/1191/22 1023/1192/22
f 1001/1170/22 1015/1184/22 1023/1192/22 1002/1171/22
f 1013/1182/22 987/1156/22 1024/1193/22 1020/1189/22
f 1014/1183/22 1005/1174/22 1025/1194/22 1022/1191/22
f 987/1156/22 986/1155/22 1016/1185/22 1024/1193/22
f 1005/1174/22 1004/1173/22 1026/1195/22 1025/1194/22
f 986/1155/22 1006/1175/22 1017/1186/22 1016/1185/22
f 1004/1173/22 1007/1176/22 1027/1196/22 1026/1195/22
f 1006/1175/22 1008/1177/22 1028/1197/22 1017/1186/22
f 1007/1176/22 1009/1178/22 1029/1198/22 1027/1196/22
f 1008/1177/22 1010/1179/22 1030/1199/22 1028/1197/22
f 1009/1178/22 1011/1180/22 1031/1200/22 1029/1198/22
f 1010/1179/22 1000/1169/22 1003/1172/22 1030/1199/22
f 1011/1180/22 1012/1181/22 1021/1190/22 1031/1200/22
f 1026/1195/187 1027/1196/189 1032/1201/189 1033/1202/187
f 1017/1186/188 1028/1197/190 1034/1203/190 1018/1187/188
f 1027/1196/189 1029/1198/177 1035/1204/177 1032/1201/189
f 1028/1197/190 1030/1199/179 1036/1205/179 1034/1203/190
f 1029/1198/177 1031/1200/178 1037/1206/178 1035/1204/177
f 1030/1199/179 1003/1172/180 1038/1207/180 1036/1205/179
f 1031/1200/178 1021/1190/181 1039/1208/181 1037/1206/178
f 1003/1172/180 1002/1171/182 1040/1209/182 1038/1207/180
f 1021/1190/181 1020/1189/183 1041/1210/183 1039/1208/181
f 1023/1192/184 1022/1191/185 1042/1211/185 1043/1212/184
f 1002/1171/182 1023/1192/184 1043/1212/184 1040/1209/182
f 1020/1189/183 1024/1193/186 1044/1213/186 1041/1210/183
f 1022/1191/185 1025/1194/96 1045/1214/96 1042/1211/185
f 1024/1193/186 1016/1185/94 1019/1188/94 1044/1213/186
f 1025/1194/96 1026/1195/187 1033/1202/187 1045/1214/96
f 1046/1215/185 1047/1216/96 1048/1217/96 1049/1218/185
f 1047/1216/96 1050/1219/187 1051/1220/187 1048/1217/96
f 1050/1219/187 1052/1221/195 1053/1222/195 1051/1220/187
f 1054/1223/196 1055/1224/179 1056/1225/179 1057/1226/196
f 1055/1224/179 1058/1227/180 1059/1228/180 1056/1225/179
f 1058/1227/180 1060/1229/182 1061/1230/182 1059/1228/180
f 1062/1231/184 1046/1215/185 1049/1218/185 1063/1232/184
f 1060/1229/182 1062/1231/184 1063/1232/184 1061/1230/182
f 1062/1231/13 1060/1229/13 1058/1227/13 1055/1224/13 1054/1223/13 1052/1221/13 1050/1219/13 1047/1216/13 1046/1215/13
f 1036/1205/197 1038/1207/198 1064/1233/198 1065/1234/197
f 1035/1204/199 1037/1206/200 1066/1235/200 1067/1236/199
f 1034/1203/201 1036/1205/197 1065/1234/197 1068/1237/201
f 1032/1201/202 1035/1204/199 1067/1236/199 1069/1238/202
f 1018/1187/203 1034/1203/201 1068/1237/201 1070/1239/203
f 1033/1202/204 1032/1201/202 1069/1238/202 1071/1240/204
f 1019/1188/205 1018/1187/203 1070/1239/203 1072/1241/205
f 1045/1214/206 1033/1202/204 1071/1240/204 1073/1242/206
f 1044/1213/207 1019/1188/205 1072/1241/205 1074/1243/207
f 1042/1211/208 1045/1214/206 1073/1242/206 1075/1244/208
f 1041/1210/209 1044/1213/207 1074/1243/207 1076/1245/209
f 1040/1209/210 1043/1212/211 1077/1246/211 1078/1247/210
f 1043/1212/211 1042/1211/208 1075/1244/208 1077/1246/211
f 1039/1208/212 1041/1210/209 1076/1245/209 1079/1248/212
f 1038/1207/198 1040/1209/210 1078/1247/210 1064/1233/198
f 1037/1206/200 1039/1208/212 1079/1248/212 1066/1235/200
f 1057/1226/189 1054/1223/189 1080/1249/189 1081/1250/189
f 1054/1223/22 1052/1221/22 1082/1251/22 1080/1249/22
f 1052/1221/190 1053/1222/190 1083/1252/190 1082/1251/190
f 1053/1222/13 1057/1226/13 1081/1250/13 1083/1252/13
f 1063/1232/22 1049/1218/22 1048/1217/22 1051/1220/22 1053/1222/22 1057/1226/22 1056/1225/22 1059/1228/22 1061/1230/22
f 1084/1253/213 1085/1254/214 1086/1255/215 1087/1256/216
f 1088/1257/217 1089/1258/218 1090/1259/219 1091/1260/220
f 1091/1260/220 1090/1259/219 1092/1261/221 1093/1262/222
f 1093/1262/222 1092/1261/221 1094/1263/223 1095/1264/224
f 1095/1264/224 1094/1263/223 1096/1265/225 1097/1266/226
f 1097/1266/226 1096/1265/225 1085/1254/214 1084/1253/213
f 1098/1267/227 1099/1268/228 1089/1258/218 1088/1257/217
f 1100/1269/229 1101/1270/230 1102/1271/231 1103/1272/232 1104/1273/233 1105/1274/234 1106/1275/235 1107/1276/236
f 1087/1277/216 1086/1278/215 1099/1268/228 1098/1267/227
f 1087/1277/216 1098/1267/227 1108/1279/237 1109/1280/238
f 1099/1268/228 1086/1278/215 1101/1281/230 1100/1282/229
f 1098/1267/227 1088/1257/217 1110/1283/239 1108/1284/237
f 1089/1258/218 1099/1268/228 1100/1285/229 1107/1286/236
f 1088/1257/217 1091/1260/220 1111/1287/240 1110/1288/239
f 1090/1259/219 1089/1258/218 1107/1289/236 1106/1290/235
f 1091/1260/220 1093/1262/222 1112/1291/241 1111/1292/240
f 1092/1261/221 1090/1259/219 1106/1293/235 1105/1294/234
f 1093/1262/222 1095/1264/224 1113/1295/242 1112/1296/241
f 1094/1263/223 1092/1261/221 1105/1297/234 1104/1298/233
f 1095/1264/224 1097/1266/226 1114/1299/243 1113/1300/242
f 1096/1265/225 1094/1263/223 1104/1301/233 1103/1302/232
f 1097/1266/226 1084/1253/213 1115/1303/244 1114/1304/243
f 1085/1254/214 1096/1265/225 1103/1305/232 1102/1306/231
f 1084/1253/213 1087/1256/216 1109/1307/238 1115/1308/244
f 1086/1255/215 1085/1254/214 1102/1309/231 1101/1310/230
f 1109/1311/238 1108/1312/237 1110/1313/239 1111/1314/240 1112/1315/241 1113/1316/242 1114/1317/243 1115/1318/244
f 1116/1319/245 1117/1320/245 1118/1321/245 1119/1322/245
f 1120/1323/246 1121/1324/246 1122/1325/246 1123/1326/246
f 1116/1327/88 1124/1328/88 1125/1329/88 1117/1320/88
f 1118/1321/10 1117/1330/10 1125/1331/10 1126/1332/10
f 1127/1333/245 1128/1334/245 1129/1335/245 1130/1336/245
f 1131/1337/246 1132/1338/246 1133/1339/246 1134/1340/246
f 1127/1341/88 1123/1342/88 1122/1343/88 1128/1334/88
f 1129/1335/10 1128/1344/10 1122/1345/10 1121/1324/10
f 1135/1346/245 1136/1347/245 1137/1348/245 1138/1349/245
f 1139/1350/246 1140/1351/246 1141/1352/246 1142/1353/246
f 1135/1354/88 1134/1355/88 1133/1356/88 1136/1347/88
f 1137/1348/10 1136/1357/10 1133/1358/10 1132/1338/10
f 1143/1359/245 1144/1360/245 1145/1361/245 1146/1362/245
f 1147/1363/246 1148/1364/246 1149/1365/246 1150/1366/246
f 1143/1367/88 1142/1368/88 1141/1369/88 1144/1360/88
f 1145/1361/10 1144/1370/10 1141/1371/10 1140/1351/10
f 1147/1372/50 1151/1373/50 1152/1374/50 1148/1364/50
f 1153/1375/246 1154/1376/246 1155/1377/246 1156/1378/246
f 1157/1379/245 1158/1380/245 1152/1374/245 1151/1373/245
f 1152/1374/10 1158/1381/10 1149/1382/10 1148/1364/10
f 1153/1383/50 1159/1384/50 1160/1385/50 1154/1376/50
f 1161/1386/246 1162/1387/246 1163/1388/246 1164/1389/246
f 1165/1390/245 1166/1391/245 1160/1385/245 1159/1384/245
f 1160/1385/10 1166/1392/10 1155/1393/10 1154/1376/10
f 1161/1394/50 1167/1395/50 1168/1396/50 1162/1387/50
f 1169/1397/246 1170/1398/246 1171/1399/246 1172/1400/246
f 1173/1401/245 1174/1402/245 1168/1396/245 1167/1395/245
f 1168/1396/10 1174/1403/10 1163/1404/10 1162/1387/10
f 1175/1405/245 1176/1406/245 1177/1407/245 1178/1408/245
f 1169/1409/50 1178/1408/50 1177/1407/50 1170/1398/50
f 1177/1407/10 1176/1410/10 1171/1411/10 1170/1398/10
f 1179/1412/247 1180/1413/214 1181/1414/215 1182/1415/216
f 1183/1416/248 1184/1417/249 1185/1418/250 1186/1419/220
f 1186/1419/220 1185/1418/250 1187/1420/221 1188/1421/222
f 1188/1421/222 1187/1420/221 1189/1422/251 1190/1423/224
f 1190/1423/224 1189/1422/251 1191/1424/252 1192/1425/253
f 1192/1425/253 1191/1424/252 1180/1413/214 1179/1412/247
f 1193/1426/254 1194/1427/228 1184/1417/249 1183/1416/248
f 1195/1428/229 1196/1429/230 1197/1430/231 1198/1431/232 1199/1432/233 1200/1433/234 1201/1434/235 1202/1435/236
f 1182/1436/216 1181/1437/215 1194/1427/228 1193/1426/254
f 1182/1436/216 1193/1426/254 1203/1438/237 1204/1439/238
f 1194/1427/228 1181/1437/215 1196/1440/230 1195/1441/229
f 1193/1426/254 1183/1416/248 1205/1442/239 1203/1443/237
f 1184/1417/249 1194/1427/228 1195/1444/229 1202/1445/236
f 1183/1416/248 1186/1419/220 1206/1446/240 1205/1447/239
f 1185/1418/250 1184/1417/249 1202/1448/236 1201/1449/235
f 1186/1419/220 1188/1421/222 1207/1450/241 1206/1451/240
f 1187/1420/221 1185/1418/250 1201/1452/235 1200/1453/234
f 1188/1421/222 1190/1423/224 1208/1454/242 1207/1455/241
f 1189/1422/251 1187/1420/221 1200/1456/234 1199/1457/233
f 1190/1423/224 1192/1425/253 1209/1458/243 1208/1459/242
f 1191/1424/252 1189/1422/251 1199/1460/233 1198/1461/232
f 1192/1425/253 1179/1412/247 1210/1462/244 1209/1463/243
f 1180/1413/214 1191/1424/252 1198/1464/232 1197/1465/231
f 1179/1412/247 1182/1415/216 1204/1466/238 1210/1467/244
f 1181/1414/215 1180/1413/214 1197/1468/231 1196/1469/230
f 1204/1470/238 1203/1471/237 1205/1472/239 1206/1473/240 1207/1474/241 1208/1475/242 1209/1476/243 1210/1477/244
f 1116/1319/1 1119/1322/1 1211/1478/1 1124/1479/1
f 1127/1333/1 1130/1336/1 1120/1480/1 1123/1481/1
f 1135/1346/1 1138/1349/1 1131/1482/1 1134/1483/1
f 1143/1359/1 1146/1362/1 1139/1484/1 1142/1485/1
f 1157/1379/1 1151/1373/1 1147/1486/1 1150/1487/1
f 1165/1390/1 1159/1384/1 1153/1488/1 1156/1489/1
f 1173/1401/1 1167/1395/1 1161/1490/1 1164/1491/1
f 1175/1405/1 1178/1408/1 1169/1492/1 1172/1493/1
f 1211/1494/246 1126/1332/246 1125/1495/246 1124/1496/246
f 976/1145/13 972/1141/13 966/1135/13 962/1131/13 955/1124/13 954/1123/13 981/1150/13 978/1147/13 974/1143/13 969/1138/13 968/1137/13 964/1133/13 959/1128/13 958/1127/13 983/1152/13 980/1149/13
f 1212/1497/87 1213/1498/1 588/751/1 585/748/87
f 1214/1499/32 576/739/32 588/751/1 1213/1498/1
f 1215/1500/88 572/735/88 576/739/32 1214/1499/32
f 1216/1501/91 582/745/91 572/735/88 1215/1500/88
f 1217/1502/10 591/754/10 582/745/91 1216/1501/91
f 1218/1503/43 581/744/43 591/754/10 1217/1502/10
f 1219/1504/50 577/740/50 581/744/43 1218/1503/43
f 1212/1497/87 585/748/87 577/740/50 1219/1504/50
f 1220/1505/13 1212/1497/13 1219/1504/13 1221/1506/13 1222/1507/13
f 1223/1508/13 1224/1509/13 1213/1498/13 1212/1497/13 1220/1505/13
f 1225/1510/13 1214/1499/13 1213/1498/13 1224/1509/13 1226/1511/13
f 1227/1512/13 1215/1500/13 1214/1499/13 1225/1510/13 1228/1513/13
f 1229/1514/13 1216/1501/13 1215/1500/13 1227/1512/13 1230/1515/13
f 1231/1516/13 1217/1502/13 1216/1501/13 1229/1514/13 1232/1517/13
f 1233/1518/13 1218/1503/13 1217/1502/13 1231/1516/13 1234/1519/13
f 1221/1506/13 1219/1504/13 1218/1503/13 1233/1518/13 1235/1520/13
f 1233/1518/43 1234/1519/44 1236/1521/44 1237/1522/43
f 172/183/87 170/181/90 1238/1523/90 1239/1524/87
f 1234/1519/44 1231/1516/10 1240/1525/10 1236/1521/44
f 170/181/90 168/179/50 1241/1526/50 1238/1523/90
f 1231/1516/10 1232/1517/92 1242/1527/92 1240/1525/10
f 168/179/50 166/177/42 1243/1528/42 1241/1526/50
f 1232/1517/92 1229/1514/91 1244/1529/91 1242/1527/92
f 166/177/42 164/175/43 1245/1530/43 1243/1528/42
f 1229/1514/91 1230/1515/89 1246/1531/89 1244/1529/91
f 164/175/43 163/174/44 1247/1532/44 1245/1530/43
f 1230/1515/89 1227/1512/88 1248/1533/88 1246/1531/89
f 163/174/44 162/173/10 1249/1534/10 1247/1532/44
f 1227/1512/88 1228/1513/31 1250/1535/31 1248/1533/88
f 162/173/10 160/171/92 1251/1536/92 1249/1534/10
f 1228/1513/31 1225/1510/32 1252/1537/32 1250/1535/31
f 160/171/92 158/169/91 1253/1538/91 1251/1536/92
f 1224/1509/1 1223/1508/86 1254/1539/86 1255/1540/1
f 1225/1510/32 1226/1511/23 1256/1541/23 1252/1537/32
f 158/169/91 156/167/89 1257/1542/89 1253/1538/91
f 1223/1508/86 1220/1505/87 1258/1543/87 1254/1539/86
f 1226/1511/23 1224/1509/1 1255/1540/1 1256/1541/23
f 156/167/89 154/165/88 1259/1544/88 1257/1542/89
f 1220/1505/87 1222/1507/90 1260/1545/90 1258/1543/87
f 154/165/88 152/163/31 1261/1546/31 1259/1544/88
f 1222/1507/90 1221/1506/50 1262/1547/50 1260/1545/90
f 152/163/31 150/161/32 1263/1548/32 1261/1546/31
f 1221/1506/50 1235/1520/42 1264/1549/42 1262/1547/50
f 145/156/1 144/155/86 1265/1550/86 1266/1551/1
f 150/161/32 148/159/23 1267/1552/23 1263/1548/32
f 1235/1520/42 1233/1518/43 1237/1522/43 1264/1549/42
f 144/155/86 172/183/87 1239/1524/87 1265/1550/86
f 148/159/23 145/156/1 1266/1551/1 1267/1552/23
f 1268/1553/1 1269/1554/86 1270/1555/86 1271/1556/1
f 1272/1557/23 1268/1553/1 1271/1556/1 1273/1558/23
f 1274/1559/32 1272/1557/23 1273/1558/23 1275/1560/32
f 1276/1561/31 1274/1559/32 1275/1560/32 1277/1562/31
f 1278/1563/88 1276/1561/31 1277/1562/31 1279/1564/88
f 1280/1565/89 1278/1563/88 1279/1564/88 1281/1566/89
f 1282/1567/91 1280/1565/89 1281/1566/89 1283/1568/91
f 1284/1569/92 1282/1567/91 1283/1568/91 1285/1570/92
f 1286/1571/10 1284/1569/92 1285/1570/92 1287/1572/10
f 1288/1573/44 1286/1571/10 1287/1572/10 1289/1574/44
f 1290/1575/43 1288/1573/44 1289/1574/44 1291/1576/43
f 1292/1577/42 1290/1575/43 1291/1576/43 1293/1578/42
f 1294/1579/50 1292/1577/42 1293/1578/42 1295/1580/50
f 1296/1581/90 1294/1579/50 1295/1580/50 1297/1582/90
f 1298/1583/87 1296/1581/90 1297/1582/90 1299/1584/87
f 1269/1554/86 1298/1583/87 1299/1584/87 1270/1555/86
f 1300/1585/23 1301/1586/1 1302/1587/1 1303/1588/23
f 1304/1589/10 1305/1590/92 1306/1591/92 1307/1592/10
f 1308/1593/86 1309/1594/87 1310/1595/87 1311/1596/86
f 1305/1590/92 1312/1597/91 1313/1598/91 1306/1591/92
f 1309/1594/87 1314/1599/90 1315/1600/90 1310/1595/87
f 1312/1597/91 1316/1601/89 1317/1602/89 1313/1598/91
f 1314/1599/90 1318/1603/50 1319/1604/50 1315/1600/90
f 1316/1601/89 1320/1605/88 1321/1606/88 1317/1602/89
f 1318/1603/50 1322/1607/42 1323/1608/42 1319/1604/50
f 1320/1605/88 1324/1609/31 1325/1610/31 1321/1606/88
f 1322/1607/42 1326/1611/43 1327/1612/43 1323/1608/42
f 1324/1609/31 1328/1613/32 1329/1614/32 1325/1610/31
f 1326/1611/43 1330/1615/44 1331/1616/44 1327/1612/43
f 1328/1613/32 1300/1585/23 1303/1588/23 1329/1614/32
f 1330/1615/44 1304/1589/10 1307/1592/10 1331/1616/44
f 1301/1586/1 1308/1593/86 1311/1596/86 1302/1587/1
f 1332/1617/88 1333/1618/31 1334/1619/31 1335/1620/88
f 1336/1621/42 1337/1622/43 1338/1623/43 1339/1624/42
f 1333/1618/31 1340/1625/32 1341/1626/32 1334/1619/31
f 1337/1622/43 1342/1627/44 1343/1628/44 1338/1623/43
f 1340/1625/32 1344/1629/23 1345/1630/23 1341/1626/32
f 1342/1627/44 1346/1631/10 1347/1632/10 1343/1628/44
f 1348/1633/1 1349/1634/86 1350/1635/86 1351/1636/1
f 1344/1629/23 1348/1633/1 1351/1636/1 1345/1630/23
f 1346/1631/10 1352/1637/92 1353/1638/92 1347/1632/10
f 1349/1634/86 1354/1639/87 1355/1640/87 1350/1635/86
f 1352/1637/92 1356/1641/91 1357/1642/91 1353/1638/92
f 1354/1639/87 1358/1643/90 1359/1644/90 1355/1640/87
f 1356/1641/91 1360/1645/89 1361/1646/89 1357/1642/91
f 1358/1643/90 1362/1647/50 1363/1648/50 1359/1644/90
f 1360/1645/89 1332/1617/88 1335/1620/88 1361/1646/89
f 1362/1647/50 1336/1621/42 1339/1624/42 1363/1648/50
f 1364/1649/87 1365/1650/90 1366/1651/90 1367/1652/87
f 1368/1653/91 1369/1654/89 1370/1655/89 1371/1656/91
f 1365/1650/90 1372/1657/50 1373/1658/50 1366/1651/90
f 1369/1654/89 1374/1659/88 1375/1660/88 1370/1655/89
f 1372/1657/50 1376/1661/42 1377/1662/42 1373/1658/50
f 1374/1659/88 1378/1663/31 1379/1664/31 1375/1660/88
f 1376/1661/42 1380/1665/43 1381/1666/43 1377/1662/42
f 1378/1663/31 1382/1667/32 1383/1668/32 1379/1664/31
f 1380/1665/43 1384/1669/44 1385/1670/44 1381/1666/43
f 1382/1667/32 1386/1671/23 1387/1672/23 1383/1668/32
f 1384/1669/44 1388/1673/10 1389/1674/10 1385/1670/44
f 1390/1675/1 1391/1676/86 1392/1677/86 1393/1678/1
f 1386/1671/23 1390/1675/1 1393/1678/1 1387/1672/23
f 1388/1673/10 1394/1679/92 1395/1680/92 1389/1674/10
f 1391/1676/86 1364/1649/87 1367/1652/87 1392/1677/86
f 1394/1679/92 1368/1653/91 1371/1656/91 1395/1680/92
f 1396/1681/91 1397/1682/89 1398/1683/89 1399/1684/91
f 1400/1685/90 1401/1686/50 1402/1687/50 1403/1688/90
f 1397/1682/89 1404/1689/88 1405/1690/88 1398/1683/89
f 1401/1686/50 1406/1691/42 1407/1692/42 1402/1687/50
f 1404/1689/88 1408/1693/31 1409/1694/31 1405/1690/88
f 1406/1691/42 1410/1695/43 1411/1696/43 1407/1692/42
f 1408/1693/31 1412/1697/32 1413/1698/32 1409/1694/31
f 1410/1695/43 1414/1699/44 1415/1700/44 1411/1696/43
f 1412/1697/32 1416/1701/23 1417/1702/23 1413/1698/32
f 1414/1699/44 1418/1703/10 1419/1704/10 1415/1700/44
f 1420/1705/1 1421/1706/86 1422/1707/86 1423/1708/1
f 1416/1701/23 1420/1705/1 1423/1708/1 1417/1702/23
f 1418/1703/10 1424/1709/92 1425/1710/92 1419/1704/10
f 1421/1706/86 1426/1711/87 1427/1712/87 1422/1707/86
f 1424/1709/92 1396/1681/91 1399/1684/91 1425/1710/92
f 1426/1711/87 1400/1685/90 1403/1688/90 1427/1712/87
f 1428/1713/23 1429/1714/1 1430/1715/1 1431/1716/23
f 1432/1717/10 1433/1718/92 1434/1719/92 1435/1720/10
f 1436/1721/86 1437/1722/87 1438/1723/87 1439/1724/86
f 1433/1718/92 1440/1725/91 1441/1726/91 1434/1719/92
f 1437/1722/87 1442/1727/90 1443/1728/90 1438/1723/87
f 1440/1725/91 1444/1729/89 1445/1730/89 1441/1726/91
f 1442/1727/90 1446/1731/50 1447/1732/50 1443/1728/90
f 1444/1729/89 1448/1733/88 1449/1734/88 1445/1730/89
f 1446/1731/50 1450/1735/42 1451/1736/42 1447/1732/50
f 1448/1733/88 1452/1737/31 1453/1738/31 1449/1734/88
f 1450/1735/42 1454/1739/43 1455/1740/43 1451/1736/42
f 1452/1737/31 1456/1741/32 1457/1742/32 1453/1738/31
f 1454/1739/43 1458/1743/44 1459/1744/44 1455/1740/43
f 1456/1741/32 1428/1713/23 1431/1716/23 1457/1742/32
f 1458/1743/44 1432/1717/10 1435/1720/10 1459/1744/44
f 1429/1714/1 1436/1721/86 1439/1724/86 1430/1715/1
f 1460/1745/88 1461/1746/31 1462/1747/31 1463/1748/88
f 1464/1749/42 1465/1750/43 1466/1751/43 1467/1752/42
f 1461/1746/31 1468/1753/32 1469/1754/32 1462/1747/31
f 1465/1750/43 1470/1755/44 1471/1756/44 1466/1751/43
f 1468/1753/32 1472/1757/23 1473/1758/23 1469/1754/32
f 1470/1755/44 1474/1759/10 1475/1760/10 1471/1756/44
f 1476/1761/1 1477/1762/86 1478/1763/86 1479/1764/1
f 1472/1757/23 1476/1761/1 1479/1764/1 1473/1758/23
f 1474/1759/10 1480/1765/92 1481/1766/92 1475/1760/10
f 1477/1762/86 1482/1767/87 1483/1768/87 1478/1763/86
f 1480/1765/92 1484/1769/91 1485/1770/91 1481/1766/92
f 1482/1767/87 1486/1771/90 1487/1772/90 1483/1768/87
f 1484/1769/91 1488/1773/89 1489/1774/89 1485/1770/91
f 1486/1771/90 1490/1775/50 1491/1776/50 1487/1772/90
f 1488/1773/89 1460/1745/88 1463/1748/88 1489/1774/89
f 1490/1775/50 1464/1749/42 1467/1752/42 1491/1776/50
f 1492/1777/86 1493/1778/87 175/186/87 174/185/86
f 1493/1778/87 1494/1779/90 176/187/90 175/186/87
f 1494/1779/90 1495/1780/50 178/189/50 176/187/90
f 1495/1780/50 1496/1781/42 180/191/42 178/189/50
f 1496/1781/42 1497/1782/43 182/193/43 180/191/42
f 1497/1782/43 1498/1783/44 184/195/44 182/193/43
f 1498/1783/44 1499/1784/10 186/197/10 184/195/44
f 1499/1784/10 1500/1785/92 188/199/92 186/197/10
f 1500/1785/92 1501/1786/91 190/201/91 188/199/92
f 1501/1786/91 1502/1787/89 192/203/89 190/201/91
f 1502/1787/89 1503/1788/88 194/205/88 192/203/89
f 1503/1788/88 1504/1789/31 196/207/31 194/205/88
f 1504/1789/31 1505/1790/32 198/209/32 196/207/31
f 1505/1790/32 1506/1791/23 200/211/23 198/209/32
f 1506/1791/23 1507/1792/1 202/213/1 200/211/23
f 1507/1792/1 1492/1777/86 174/185/86 202/213/1
f 1508/1793/31 1509/1794/32 1510/1795/32 1511/1796/31
f 1512/1797/43 1513/1798/44 1514/1799/44 1515/1800/43
f 1509/1794/32 1516/1801/23 1517/1802/23 1510/1795/32
f 1513/1798/44 1518/1803/10 1519/1804/10 1514/1799/44
f 1520/1805/1 1521/1806/86 1522/1807/86 1523/1808/1
f 1516/1801/23 1520/1805/1 1523/1808/1 1517/1802/23
f 1518/1803/10 1524/1809/92 1525/1810/92 1519/1804/10
f 1521/1806/86 1526/1811/87 1527/1812/87 1522/1807/86
f 1524/1809/92 1528/1813/91 1529/1814/91 1525/1810/92
f 1526/1811/87 1530/1815/90 1531/1816/90 1527/1812/87
f 1528/1813/91 1532/1817/89 1533/1818/89 1529/1814/91
f 1530/1815/90 1534/1819/50 1535/1820/50 1531/1816/90
f 1532/1817/89 1536/1821/88 1537/1822/88 1533/1818/89
f 1534/1819/50 1538/1823/42 1539/1824/42 1535/1820/50
f 1536/1821/88 1508/1793/31 1511/1796/31 1537/1822/88
f 1538/1823/42 1512/1797/43 1515/1800/43 1539/1824/42
f 1540/1825/43 1541/1826/44 1542/1827/44 1543/1828/43
f 1544/1829/32 1545/1830/23 1546/1831/23 1547/1832/32
f 1541/1826/44 1548/1833/10 1549/1834/10 1542/1827/44
f 1550/1835/1 1551/1836/86 1552/1837/86 1553/1838/1
f 1545/1830/23 1550/1835/1 1553/1838/1 1546/1831/23
f 1548/1833/10 1554/1839/92 1555/1840/92 1549/1834/10
f 1551/1836/86 1556/1841/87 1557/1842/87 1552/1837/86
f 1554/1839/92 1558/1843/91 1559/1844/91 1555/1840/92
f 1556/1841/87 1560/1845/90 1561/1846/90 1557/1842/87
f 1558/1843/91 1562/1847/89 1563/1848/89 1559/1844/91
f 1560/1845/90 1564/1849/50 1565/1850/50 1561/1846/90
f 1562/1847/89 1566/1851/88 1567/1852/88 1563/1848/89
f 1564/1849/50 1568/1853/42 1569/1854/42 1565/1850/50
f 1566/1851/88 1570/1855/31 1571/1856/31 1567/1852/88
f 1568/1853/42 1540/1825/43 1543/1828/43 1569/1854/42
f 1570/1855/31 1544/1829/32 1547/1832/32 1571/1856/31
f 1572/1857/50 1573/1858/42 1574/1859/42 1575/1860/50
f 1576/1861/92 1577/1862/91 1578/1863/91 1579/1864/92
f 1573/1858/42 1580/1865/43 1581/1866/43 1574/1859/42
f 1577/1862/91 1582/1867/89 1583/1868/89 1578/1863/91
f 1580/1865/43 1584/1869/44 1585/1870/44 1581/1866/43
f 1582/1867/89 1586/1871/88 1587/1872/88 1583/1868/89
f 1584/1869/44 1588/1873/10 1589/1874/10 1585/1870/44
f 1590/1875/1 1591/1876/86 1592/1877/86 1593/1878/1
f 1586/1871/88 1594/1879/31 1595/1880/31 1587/1872/88
f 1594/1879/31 1596/1881/32 1597/1882/32 1595/1880/31
f 1591/1876/86 1598/1883/87 1599/1884/87 1592/1877/86
f 1596/1881/32 1600/1885/23 1601/1886/23 1597/1882/32
f 1598/1883/87 1602/1887/90 1603/1888/90 1599/1884/87
f 1600/1885/23 1590/1875/1 1593/1878/1 1601/1886/23
f 1602/1887/90 1572/1857/50 1575/1860/50 1603/1888/90
f 1588/1873/10 1576/1861/92 1579/1864/92 1589/1874/10
f 1604/1889/43 1605/1890/44 720/883/44 718/881/43
f 1606/1891/32 1607/1892/23 736/899/23 734/897/32
f 1605/1890/44 1608/1893/10 722/885/10 720/883/44
f 1609/1894/1 1610/1895/86 708/871/86 738/901/1
f 1607/1892/23 1609/1894/1 738/901/1 736/899/23
f 1608/1893/10 1611/1896/92 724/887/92 722/885/10
f 1610/1895/86 1612/1897/87 709/872/87 708/871/86
f 1611/1896/92 1613/1898/91 726/889/91 724/887/92
f 1612/1897/87 1614/1899/90 712/875/90 709/872/87
f 1613/1898/91 1615/1900/89 728/891/89 726/889/91
f 1614/1899/90 1616/1901/50 714/877/50 712/875/90
f 1615/1900/89 1617/1902/88 730/893/88 728/891/89
f 1616/1901/50 1618/1903/42 716/879/42 714/877/50
f 1617/1902/88 1619/1904/31 732/895/31 730/893/88
f 1618/1903/42 1604/1889/43 718/881/43 716/879/42
f 1619/1904/31 1606/1891/32 734/897/32 732/895/31
f 1620/1905/22 1621/1906/22 1266/1551/22 1265/1550/22
f 1622/1907/22 1620/1905/22 1265/1550/22 1239/1524/22
f 1623/1908/22 1622/1907/22 1239/1524/22 1238/1523/22
f 1624/1909/22 1623/1908/22 1238/1523/22 1241/1526/22
f 1625/1910/22 1624/1909/22 1241/1526/22 1243/1528/22
f 1626/1911/22 1625/1910/22 1243/1528/22 1245/1530/22
f 1627/1912/22 1626/1911/22 1245/1530/22 1247/1532/22
f 1628/1913/22 1627/1912/22 1247/1532/22 1249/1534/22
f 1629/1914/22 1628/1913/22 1249/1534/22 1251/1536/22
f 1630/1915/22 1629/1914/22 1251/1536/22 1253/1538/22
f 1631/1916/22 1630/1915/22 1253/1538/22 1257/1542/22
f 1632/1917/22 1631/1916/22 1257/1542/22 1259/1544/22
f 1633/1918/22 1632/1917/22 1259/1544/22 1261/1546/22
f 1634/1919/22 1633/1918/22 1261/1546/22 1263/1548/22
f 1635/1920/22 1634/1919/22 1263/1548/22 1267/1552/22
f 1621/1906/22 1635/1920/22 1267/1552/22 1266/1551/22
f 1521/1806/22 1520/1805/22 1255/1540/22 1254/1539/22
f 1526/1811/22 1521/1806/22 1254/1539/22 1258/1543/22
f 1530/1815/22 1526/1811/22 1258/1543/22 1260/1545/22
f 1534/1819/22 1530/1815/22 1260/1545/22 1262/1547/22
f 1538/1823/22 1534/1819/22 1262/1547/22 1264/1549/22
f 1512/1797/22 1538/1823/22 1264/1549/22 1237/1522/22
f 1513/1798/22 1512/1797/22 1237/1522/22 1236/1521/22
f 1518/1803/22 1513/1798/22 1236/1521/22 1240/1525/22
f 1524/1809/22 1518/1803/22 1240/1525/22 1242/1527/22
f 1528/1813/22 1524/1809/22 1242/1527/22 1244/1529/22
f 1532/1817/22 1528/1813/22 1244/1529/22 1246/1531/22
f 1536/1821/22 1532/1817/22 1246/1531/22 1248/1533/22
f 1508/1793/22 1536/1821/22 1248/1533/22 1250/1535/22
f 1509/1794/22 1508/1793/22 1250/1535/22 1252/1537/22
f 1516/1801/22 1509/1794/22 1252/1537/22 1256/1541/22
f 1520/1805/22 1516/1801/22 1256/1541/22 1255/1540/22
f 1271/1556/13 1270/1555/13 1308/1593/13 1301/1586/13
f 1270/1555/13 1299/1584/13 1309/1594/13 1308/1593/13
f 1299/1584/13 1297/1582/13 1314/1599/13 1309/1594/13
f 1297/1582/13 1295/1580/13 1318/1603/13 1314/1599/13
f 1295/1580/13 1293/1578/13 1322/1607/13 1318/1603/13
f 1293/1578/13 1291/1576/13 1326/1611/13 1322/1607/13
f 1291/1576/13 1289/1574/13 1330/1615/13 1326/1611/13
f 1289/1574/13 1287/1572/13 1304/1589/13 1330/1615/13
f 1287/1572/13 1285/1570/13 1305/1590/13 1304/1589/13
f 1285/1570/13 1283/1568/13 1312/1597/13 1305/1590/13
f 1283/1568/13 1281/1566/13 1316/1601/13 1312/1597/13
f 1281/1566/13 1279/1564/13 1320/1605/13 1316/1601/13
f 1279/1564/13 1277/1562/13 1324/1609/13 1320/1605/13
f 1277/1562/13 1275/1560/13 1328/1613/13 1324/1609/13
f 1275/1560/13 1273/1558/13 1300/1585/13 1328/1613/13
f 1273/1558/13 1271/1556/13 1301/1586/13 1300/1585/13
f 1349/1634/22 1348/1633/22 1302/1587/22 1311/1596/22
f 1354/1639/22 1349/1634/22 1311/1596/22 1310/1595/22
f 1358/1643/22 1354/1639/22 1310/1595/22 1315/1600/22
f 1362/1647/22 1358/1643/22 1315/1600/22 1319/1604/22
f 1336/1621/22 1362/1647/22 1319/1604/22 1323/1608/22
f 1337/1622/22 1336/1621/22 1323/1608/22 1327/1612/22
f 1342/1627/22 1337/1622/22 1327/1612/22 1331/1616/22
f 1346/1631/22 1342/1627/22 1331/1616/22 1307/1592/22
f 1352/1637/22 1346/1631/22 1307/1592/22 1306/1591/22
f 1356/1641/22 1352/1637/22 1306/1591/22 1313/1598/22
f 1360/1645/22 1356/1641/22 1313/1598/22 1317/1602/22
f 1332/1617/22 1360/1645/22 1317/1602/22 1321/1606/22
f 1333/1618/22 1332/1617/22 1321/1606/22 1325/1610/22
f 1340/1625/22 1333/1618/22 1325/1610/22 1329/1614/22
f 1344/1629/22 1340/1625/22 1329/1614/22 1303/1588/22
f 1348/1633/22 1344/1629/22 1303/1588/22 1302/1587/22
f 1351/1636/13 1350/1635/13 1391/1676/13 1390/1675/13
f 1350/1635/13 1355/1640/13 1364/1649/13 1391/1676/13
f 1355/1640/13 1359/1644/13 1365/1650/13 1364/1649/13
f 1359/1644/13 1363/1648/13 1372/1657/13 1365/1650/13
f 1363/1648/13 1339/1624/13 1376/1661/13 1372/1657/13
f 1339/1624/13 1338/1623/13 1380/1665/13 1376/1661/13
f 1338/1623/13 1343/1628/13 1384/1669/13 1380/1665/13
f 1343/1628/13 1347/1632/13 1388/1673/13 1384/1669/13
f 1347/1632/13 1353/1638/13 1394/1679/13 1388/1673/13
f 1353/1638/13 1357/1642/13 1368/1653/13 1394/1679/13
f 1357/1642/13 1361/1646/13 1369/1654/13 1368/1653/13
f 1361/1646/13 1335/1620/13 1374/1659/13 1369/1654/13
f 1335/1620/13 1334/1619/13 1378/1663/13 1374/1659/13
f 1334/1619/13 1341/1626/13 1382/1667/13 1378/1663/13
f 1341/1626/13 1345/1630/13 1386/1671/13 1382/1667/13
f 1345/1630/13 1351/1636/13 1390/1675/13 1386/1671/13
f 1421/1706/22 1420/1705/22 1393/1678/22 1392/1677/22
f 1426/1711/22 1421/1706/22 1392/1677/22 1367/1652/22
f 1400/1685/22 1426/1711/22 1367/1652/22 1366/1651/22
f 1401/1686/22 1400/1685/22 1366/1651/22 1373/1658/22
f 1406/1691/22 1401/1686/22 1373/1658/22 1377/1662/22
f 1410/1695/22 1406/1691/22 1377/1662/22 1381/1666/22
f 1414/1699/22 1410/1695/22 1381/1666/22 1385/1670/22
f 1418/1703/22 1414/1699/22 1385/1670/22 1389/1674/22
f 1424/1709/22 1418/1703/22 1389/1674/22 1395/1680/22
f 1396/1681/22 1424/1709/22 1395/1680/22 1371/1656/22
f 1397/1682/22 1396/1681/22 1371/1656/22 1370/1655/22
f 1404/1689/22 1397/1682/22 1370/1655/22 1375/1660/22
f 1408/1693/22 1404/1689/22 1375/1660/22 1379/1664/22
f 1412/1697/22 1408/1693/22 1379/1664/22 1383/1668/22
f 1416/1701/22 1412/1697/22 1383/1668/22 1387/1672/22
f 1420/1705/22 1416/1701/22 1387/1672/22 1393/1678/22
f 1423/1708/13 1422/1707/13 1436/1721/13 1429/1714/13
f 1422/1707/13 1427/1712/13 1437/1722/13 1436/1721/13
f 1427/1712/13 1403/1688/13 1442/1727/13 1437/1722/13
f 1403/1688/13 1402/1687/13 1446/1731/13 1442/1727/13
f 1402/1687/13 1407/1692/13 1450/1735/13 1446/1731/13
f 1407/1692/13 1411/1696/13 1454/1739/13 1450/1735/13
f 1411/1696/13 1415/1700/13 1458/1743/13 1454/1739/13
f 1415/1700/13 1419/1704/13 1432/1717/13 1458/1743/13
f 1419/1704/13 1425/1710/13 1433/1718/13 1432/1717/13
f 1425/1710/13 1399/1684/13 1440/1725/13 1433/1718/13
f 1399/1684/13 1398/1683/13 1444/1729/13 1440/1725/13
f 1398/1683/13 1405/1690/13 1448/1733/13 1444/1729/13
f 1405/1690/13 1409/1694/13 1452/1737/13 1448/1733/13
f 1409/1694/13 1413/1698/13 1456/1741/13 1452/1737/13
f 1413/1698/13 1417/1702/13 1428/1713/13 1456/1741/13
f 1417/1702/13 1423/1708/13 1429/1714/13 1428/1713/13
f 1477/1762/22 1476/1761/22 1430/1715/22 1439/1724/22
f 1482/1767/22 1477/1762/22 1439/1724/22 1438/1723/22
f 1486/1771/22 1482/1767/22 1438/1723/22 1443/1728/22
f 1490/1775/22 1486/1771/22 1443/1728/22 1447/1732/22
f 1464/1749/22 1490/1775/22 1447/1732/22 1451/1736/22
f 1465/1750/22 1464/1749/22 1451/1736/22 1455/1740/22
f 1470/1755/22 1465/1750/22 1455/1740/22 1459/1744/22
f 1474/1759/22 1470/1755/22 1459/1744/22 1435/1720/22
f 1480/1765/22 1474/1759/22 1435/1720/22 1434/1719/22
f 1484/1769/22 1480/1765/22 1434/1719/22 1441/1726/22
f 1488/1773/22 1484/1769/22 1441/1726/22 1445/1730/22
f 1460/1745/22 1488/1773/22 1445/1730/22 1449/1734/22
f 1461/1746/22 1460/1745/22 1449/1734/22 1453/1738/22
f 1468/1753/22 1461/1746/22 1453/1738/22 1457/1742/22
f 1472/1757/22 1468/1753/22 1457/1742/22 1431/1716/22
f 1476/1761/22 1472/1757/22 1431/1716/22 1430/1715/22
f 1479/1764/13 1478/1763/13 1492/1777/13 1507/1792/13
f 1478/1763/13 1483/1768/13 1493/1778/13 1492/1777/13
f 1483/1768/13 1487/1772/13 1494/1779/13 1493/1778/13
f 1487/1772/13 1491/1776/13 1495/1780/13 1494/1779/13
f 1491/1776/13 1467/1752/13 1496/1781/13 1495/1780/13
f 1467/1752/13 1466/1751/13 1497/1782/13 1496/1781/13
f 1466/1751/13 1471/1756/13 1498/1783/13 1497/1782/13
f 1471/1756/13 1475/1760/13 1499/1784/13 1498/1783/13
f 1475/1760/13 1481/1766/13 1500/1785/13 1499/1784/13
f 1481/1766/13 1485/1770/13 1501/1786/13 1500/1785/13
f 1485/1770/13 1489/1774/13 1502/1787/13 1501/1786/13
f 1489/1774/13 1463/1748/13 1503/1788/13 1502/1787/13
f 1463/1748/13 1462/1747/13 1504/1789/13 1503/1788/13
f 1462/1747/13 1469/1754/13 1505/1790/13 1504/1789/13
f 1469/1754/13 1473/1758/13 1506/1791/13 1505/1790/13
f 1473/1758/13 1479/1764/13 1507/1792/13 1506/1791/13
f 1523/1808/13 1522/1807/13 1551/1836/13 1550/1835/13
f 1522/1807/13 1527/1812/13 1556/1841/13 1551/1836/13
f 1527/1812/13 1531/1816/13 1560/1845/13 1556/1841/13
f 1531/1816/13 1535/1820/13 1564/1849/13 1560/1845/13
f 1535/1820/13 1539/1824/13 1568/1853/13 1564/1849/13
f 1539/1824/13 1515/1800/13 1540/1825/13 1568/1853/13
f 1515/1800/13 1514/1799/13 1541/1826/13 1540/1825/13
f 1514/1799/13 1519/1804/13 1548/1833/13 1541/1826/13
f 1519/1804/13 1525/1810/13 1554/1839/13 1548/1833/13
f 1525/1810/13 1529/1814/13 1558/1843/13 1554/1839/13
f 1529/1814/13 1533/1818/13 1562/1847/13 1558/1843/13
f 1533/1818/13 1537/1822/13 1566/1851/13 1562/1847/13
f 1537/1822/13 1511/1796/13 1570/1855/13 1566/1851/13
f 1511/1796/13 1510/1795/13 1544/1829/13 1570/1855/13
f 1510/1795/13 1517/1802/13 1545/1830/13 1544/1829/13
f 1517/1802/13 1523/1808/13 1550/1835/13 1545/1830/13
f 1591/1876/22 1590/1875/22 1553/1838/22 1552/1837/22
f 1598/1883/22 1591/1876/22 1552/1837/22 1557/1842/22
f 1602/1887/22 1598/1883/22 1557/1842/22 1561/1846/22
f 1572/1857/22 1602/1887/22 1561/1846/22 1565/1850/22
f 1573/1858/22 1572/1857/22 1565/1850/22 1569/1854/22
f 1580/1865/22 1573/1858/22 1569/1854/22 1543/1828/22
f 1584/1869/22 1580/1865/22 1543/1828/22 1542/1827/22
f 1588/1873/22 1584/1869/22 1542/1827/22 1549/1834/22
f 1576/1861/22 1588/1873/22 1549/1834/22 1555/1840/22
f 1577/1862/22 1576/1861/22 1555/1840/22 1559/1844/22
f 1582/1867/22 1577/1862/22 1559/1844/22 1563/1848/22
f 1586/1871/22 1582/1867/22 1563/1848/22 1567/1852/22
f 1594/1879/22 1586/1871/22 1567/1852/22 1571/1856/22
f 1596/1881/22 1594/1879/22 1571/1856/22 1547/1832/22
f 1600/1885/22 1596/1881/22 1547/1832/22 1546/1831/22
f 1590/1875/22 1600/1885/22 1546/1831/22 1553/1838/22
f 1593/1878/13 1592/1877/13 1610/1895/13 1609/1894/13
f 1592/1877/13 1599/1884/13 1612/1897/13 1610/1895/13
f 1599/1884/13 1603/1888/13 1614/1899/13 1612/1897/13
f 1603/1888/13 1575/1860/13 1616/1901/13 1614/1899/13
f 1575/1860/13 1574/1859/13 1618/1903/13 1616/1901/13
f 1574/1859/13 1581/1866/13 1604/1889/13 1618/1903/13
f 1581/1866/13 1585/1870/13 1605/1890/13 1604/1889/13
f 1585/1870/13 1589/1874/13 1608/1893/13 1605/1890/13
f 1589/1874/13 1579/1864/13 1611/1896/13 1608/1893/13
f 1579/1864/13 1578/1863/13 1613/1898/13 1611/1896/13
f 1578/1863/13 1583/1868/13 1615/1900/13 1613/1898/13
f 1583/1868/13 1587/1872/13 1617/1902/13 1615/1900/13
f 1587/1872/13 1595/1880/13 1619/1904/13 1617/1902/13
f 1595/1880/13 1597/1882/13 1606/1891/13 1619/1904/13
f 1597/1882/13 1601/1886/13 1607/1892/13 1606/1891/13
f 1601/1886/13 1593/1878/13 1609/1894/13 1607/1892/13
f 1636/1921/255 1637/1922/256 1638/1923/256 1639/1924/256 1640/1925/256 1641/1926/255
f 1642/1927/257 1643/1928/258 1644/1929/259 1645/1930/257
f 1646/1931/260 1647/1932/261 1648/1933/261 1649/1934/260
f 1644/1929/259 1643/1928/258 1650/1935/262 1651/1936/262
f 1651/1936/262 1650/1935/262 1652/1937/263 1653/1938/263
f 1653/1939/263 1652/1940/263 1654/1941/264 1655/1942/264
f 1655/1942/264 1654/1941/264 1656/1943/265 1657/1944/265
f 1658/1945/266 1659/1946/266 1660/1947/267 1661/1948/267
f 1661/1948/267 1660/1947/267 1662/1949/268 1663/1950/268
f 1663/1950/268 1662/1949/268 1664/1951/269 1665/1952/269
f 1665/1952/269 1664/1951/269 1640/1925/256 1639/1924/256
f 1666/1953/270 1667/1954/270 1668/1955/270 1669/1956/262 1670/1957/262
f 1670/1957/262 1669/1956/262 1671/1958/263 1672/1959/263
f 1672/1960/263 1671/1961/263 1673/1962/264 1674/1963/264
f 1674/1963/264 1673/1962/264 1675/1964/265 1676/1965/265
f 1668/1955/270 1677/1966/270 1644/1929/259 1651/1936/262 1669/1956/262
f 1669/1956/262 1651/1936/262 1653/1938/263 1671/1958/263
f 1671/1961/263 1653/1939/263 1655/1942/264 1673/1962/264
f 1673/1962/264 1655/1942/264 1657/1944/265 1675/1964/265
f 1678/1967/271 1679/1968/272 1680/1969/267 1681/1970/267
f 1681/1970/267 1680/1969/267 1682/1971/268 1683/1972/268
f 1683/1972/268 1682/1971/268 1684/1973/269 1685/1974/269
f 1685/1974/269 1684/1973/269 1638/1923/256 1637/1922/256
f 1679/1968/272 1686/1975/266 1658/1945/266 1661/1948/267 1680/1969/267
f 1680/1969/267 1661/1948/267 1663/1950/268 1682/1971/268
f 1682/1971/268 1663/1950/268 1665/1952/269 1684/1973/269
f 1684/1973/269 1665/1952/269 1639/1924/256 1638/1923/256
f 1642/1927/257 1645/1930/257 1687/1976/273 1688/1977/273
f 1688/1977/273 1687/1976/273 1689/1978/10 1690/1979/10
f 1690/1979/10 1689/1978/10 1691/1980/274 1692/1981/274
f 1692/1981/274 1691/1980/274 1693/1982/275 1694/1983/275
f 1678/1967/271 1694/1983/275 1693/1982/275 1679/1968/272
f 1687/1976/13 1645/1930/13 1644/1929/13 1695/1984/276 1696/1985/277 1679/1968/13 1693/1982/13 1691/1980/13 1689/1978/13
f 1697/1986/18 1698/1987/50 1699/1988/50 1700/1989/19 1701/1990/19 1702/1991/18
f 1703/1992/10 1704/1993/10 1705/1994/10 1706/1995/10 1707/1996/10
f 1708/1997/53 1709/1998/278 1710/1999/53
f 1711/2000/88 1703/1992/88 1712/2001/70 1713/2002/70
f 1714/2003/10 1715/2004/10 1702/2005/10 1701/2006/10
f 1716/2007/61 1717/2008/62 1718/2009/62 1719/2010/61
f 1720/2011/50 1721/2012/50 1722/2013/50 1723/2014/50
f 1720/2015/10 1714/2016/10 1719/2010/10 1718/2009/10
f 1715/2017/10 1721/2012/10 1707/1996/10 1708/2018/10
f 1720/2019/10 1712/2001/10 1703/1992/10
f 1721/2012/10 1720/2011/10 1703/1992/10 1707/1996/10
f 1724/2020/10 1723/2014/10 1722/2013/10 1725/2021/10
f 1715/2017/88 1714/2003/88 1724/2020/88 1725/2021/88
f 1714/2003/22 1720/2015/22 1723/2022/22 1724/2020/22
f 1721/2012/13 1715/2017/13 1725/2021/13 1722/2013/13
f 1701/2006/10 1719/2023/10 1714/2016/10
f 1708/1997/10 1702/2024/10 1715/2025/10
f 1718/2009/10 1712/2001/10 1720/2019/10
f 1701/1990/19 1700/1989/19 1716/2026/61 1719/2027/61
f 1706/1995/71 1726/2028/71 1727/2029/52 1707/2030/52
f 1728/2031/70 1705/1994/70 1704/2032/62 1729/2033/62
f 1708/1997/53 1710/1999/53 1697/2034/18 1702/2024/18
f 1713/2002/70 1712/2001/70 1718/2009/62 1717/2008/62
f 1728/2031/70 1726/2028/71 1706/1995/71 1705/1994/70
f 1658/1945/50 1686/2035/19 1730/2036/19 1731/2037/50
f 1695/2038/276 1732/2039/62 1733/2040/13 1734/2041/13
f 1677/2042/70 1668/1955/88 1735/2043/88 1736/2044/70
f 1737/2045/70 1738/2046/71 1739/2047/71 1740/2048/70
f 1741/2049/279 1731/2037/280 1742/2050/281 1743/2051/282
f 1743/2051/18 1742/2050/19 1744/2052/19 1745/2053/18
f 1746/2054/52 1747/2055/53 1709/1998/278 1748/2056/283
f 1749/2057/61 1750/2058/62 1751/2059/276 1711/2000/13 1752/2060/61
f 1731/2037/280 1730/2036/284 1742/2061/281
f 1736/2044/285 1737/2045/286 1750/2058/287 1732/2062/288
f 1730/2036/284 1753/2063/289 1749/2057/290 1742/2061/281
f 1677/2042/70 1736/2044/70 1732/2062/62 1695/2038/276
f 1730/2036/19 1686/2035/19 1696/2064/277 1753/2063/61
f 1743/2051/18 1745/2053/18 1709/2065/278 1747/2066/53
f 1739/2047/71 1738/2046/71 1746/2067/52 1748/2068/283
f 1744/2052/19 1742/2050/19 1749/2069/61 1752/2070/61
f 1751/2059/276 1750/2058/62 1737/2071/70 1740/2072/70
f 1732/2062/288 1750/2058/287 1749/2057/290 1753/2073/289
f 1754/2074/291 1755/2075/292 1746/2054/293 1738/2046/294
f 1735/2043/295 1754/2074/291 1738/2046/294
f 1755/2075/292 1756/2076/296 1747/2055/297 1746/2054/293
f 1756/2076/296 1741/2049/279 1743/2051/282 1747/2055/297
f 1736/2044/285 1735/2043/295 1737/2045/286
f 1757/2077/42 1758/2078/42 1759/2079/42 1760/2080/42
f 1761/2081/42 1762/2082/42 1763/2083/90 1764/2084/90
f 1646/1931/260 1649/1934/260 1765/2085/298 1766/2086/298
f 1766/2087/298 1765/2088/298 1767/2089/299 1768/2090/299
f 1648/1933/261 1647/1932/261 1769/2091/300 1770/2092/300
f 1770/2092/300 1769/2091/300 1636/1921/255 1641/1926/255
f 1767/2089/299 1676/1965/265 1675/1964/265 1657/1944/265 1656/1943/265 1768/2090/299
f 1771/2093/301 1772/2094/301 1773/2095/301 1774/2096/301
f 1774/2096/10 1773/2095/10 1775/2097/10 1776/2098/10
f 1776/2098/180 1775/2097/180 1777/2099/180 1778/2100/180
f 1778/2100/302 1777/2099/302 1779/2101/302 1780/2102/302
f 1780/2102/1 1779/2101/1 1781/2103/1 1782/2104/1
f 1782/2104/178 1781/2103/178 1772/2105/178 1771/2106/178
f 1771/2107/13 1774/2108/13 1776/2109/13 1778/2110/13 1780/2111/13 1782/2112/13
f 1783/2113/301 1784/2114/301 1785/2115/301 1786/2116/301
f 1786/2116/10 1785/2115/10 1787/2117/10 1788/2118/10
f 1788/2118/180 1787/2117/180 1789/2119/180 1790/2120/180
f 1790/2120/302 1789/2119/302 1791/2121/302 1792/2122/302
f 1792/2122/1 1791/2121/1 1793/2123/1 1794/2124/1
f 1794/2124/178 1793/2123/178 1784/2125/178 1783/2126/178
f 1783/2127/13 1786/2128/13 1788/2129/13 1790/2130/13 1792/2131/13 1794/2132/13
f 1795/2133/303 1796/2134/303 1797/2135/303 1798/2136/303
f 1798/2136/304 1797/2135/304 1799/2137/304 1800/2138/304
f 1800/2138/305 1799/2137/305 1801/2139/305 1802/2140/305
f 1802/2140/306 1801/2139/306 1803/2141/306 1804/2142/306
f 1804/2142/307 1803/2141/307 1805/2143/307 1806/2144/307
f 1806/2144/308 1805/2143/308 1796/2145/308 1795/2146/308
f 1795/2147/13 1798/2148/13 1800/2149/13 1802/2150/13 1804/2151/13 1806/2152/13
f 1807/2153/309 1808/2154/309 1809/2155/309 1810/2156/309
f 1810/2156/310 1809/2155/310 1811/2157/310 1812/2158/310
f 1812/2158/311 1811/2157/311 1813/2159/311 1814/2160/311
f 1814/2160/312 1813/2159/312 1815/2161/312 1816/2162/312
f 1816/2162/313 1815/2161/313 1817/2163/313 1818/2164/313
f 1818/2164/314 1817/2163/314 1808/2165/314 1807/2166/314
f 1807/2167/13 1810/2168/13 1812/2169/13 1814/2170/13 1816/2171/13 1818/2172/13
f 1819/2173/315 1820/2174/316 1821/2175/316 1822/2176/1 1823/2177/315
f 1824/2178/317 1825/2179/318 1826/2180/318 1827/2181/317
f 1828/2182/319 1829/2183/320 1830/2184/320 1831/2185/319
f 1832/2186/321 1833/2187/322 1834/2188/322 1835/2189/321
f 1829/2183/320 1836/2190/323 1837/2191/323 1830/2184/320
f 1838/2192/324 1819/2193/315 1823/2194/315 1839/2195/324
f 1833/2196/322 1840/2197/325 1841/2198/325 1834/2199/322
f 1842/2200/326 1826/2180/318 1825/2179/318 1843/2201/326
f 1820/2174/316 1828/2182/319 1831/2185/319 1821/2175/316
f 1844/2202/13 1843/2201/13 1825/2179/13 1824/2178/13 1835/2203/13 1834/2204/13 1841/2198/13 1839/2205/13 1823/2206/13 1822/2207/13 1821/2208/13 1831/2185/13 1830/2184/13 1837/2191/13
f 1827/2181/317 1832/2186/321 1835/2189/321 1824/2209/317
f 1836/2190/323 1842/2200/326 1843/2201/326 1844/2202/327 1837/2191/323
f 1845/2210/1 1846/2211/1 1847/2212/178 1848/2213/178
f 1848/2213/178 1847/2212/178 1849/2214/301 1850/2215/301
f 1850/2215/301 1849/2214/301 1851/2216/10 1852/2217/10
f 1852/2217/10 1851/2216/10 1853/2218/180 1854/2219/180
f 1854/2219/180 1853/2218/180 1855/2220/302 1856/2221/302
f 1856/2221/302 1855/2220/302 1846/2222/1 1845/2223/1
f 1845/2224/13 1848/2225/13 1850/2226/13 1852/2227/13 1854/2228/13 1856/2229/13
f 1857/2230/10 1858/2231/10 1859/2232/91 1860/2233/91
f 1860/2233/91 1859/2232/91 1861/2234/88 1862/2235/88
f 1862/2235/88 1861/2234/88 1863/2236/32 1864/2237/32
f 1864/2237/32 1863/2236/32 1865/2238/1 1866/2239/1
f 1866/2239/1 1865/2238/1 1867/2240/87 1868/2241/87
f 1868/2241/87 1867/2240/87 1869/2242/50 1870/2243/50
f 1859/2244/13 1858/2245/13 1871/2246/13 1869/2247/13 1867/2248/13 1865/2249/13 1863/2250/13 1861/2251/13
f 1870/2243/50 1869/2242/50 1871/2252/43 1872/2253/43
f 1872/2253/43 1871/2252/43 1858/2254/10 1857/2255/10
f 1873/2256/1 1874/2257/1 1875/2258/178 1876/2259/178
f 1876/2259/178 1875/2258/178 1877/2260/301 1878/2261/301
f 1878/2261/301 1877/2260/301 1879/2262/10 1880/2263/10
f 1880/2263/10 1879/2262/10 1881/2264/180 1882/2265/180
f 1882/2265/180 1881/2264/180 1883/2266/302 1884/2267/302
f 1884/2267/302 1883/2266/302 1874/2268/1 1873/2269/1
f 1873/2270/13 1876/2271/13 1878/2272/13 1880/2273/13 1882/2274/13 1884/2275/13
f 1885/2276/10 1886/2277/10 1887/2278/91 1888/2279/91
f 1888/2279/91 1887/2278/91 1889/2280/88 1890/2281/88
f 1890/2281/88 1889/2280/88 1891/2282/32 1892/2283/32
f 1892/2283/32 1891/2282/32 1893/2284/1 1894/2285/1
f 1894/2285/1 1893/2284/1 1895/2286/87 1896/2287/87
f 1896/2287/87 1895/2286/87 1897/2288/50 1898/2289/50
f 1887/2290/13 1886/2291/13 1899/2292/13 1897/2293/13 1895/2294/13 1893/2295/13 1891/2296/13 1889/2297/13
f 1898/2289/50 1897/2288/50 1899/2298/43 1900/2299/43
f 1900/2299/43 1899/2298/43 1886/2300/10 1885/2301/10
f 1901/2302/1 1902/2303/1 1903/2304/178 1904/2305/178
f 1904/2305/178 1903/2304/178 1905/2306/301 1906/2307/301
f 1906/2307/301 1905/2306/301 1907/2308/10 1908/2309/10
f 1908/2309/10 1907/2308/10 1909/2310/180 1910/2311/180
f 1910/2311/180 1909/2310/180 1911/2312/302 1912/2313/302
f 1912/2313/302 1911/2312/302 1902/2314/1 1901/2315/1
f 1901/2316/13 1904/2317/13 1906/2318/13 1908/2319/13 1910/2320/13 1912/2321/13
f 1913/2322/10 1914/2323/10 1915/2324/91 1916/2325/91
f 1916/2325/91 1915/2324/91 1917/2326/88 1918/2327/88
f 1918/2327/88 1917/2326/88 1919/2328/32 1920/2329/32
f 1920/2329/32 1919/2328/32 1921/2330/1 1922/2331/1
f 1922/2331/1 1921/2330/1 1923/2332/87 1924/2333/87
f 1924/2333/87 1923/2332/87 1925/2334/50 1926/2335/50
f 1915/2336/13 1914/2337/13 1927/2338/13 1925/2339/13 1923/2340/13 1921/2341/13 1919/2342/13 1917/2343/13
f 1926/2335/50 1925/2334/50 1927/2344/43 1928/2345/43
f 1928/2345/43 1927/2344/43 1914/2346/10 1913/2347/10
f 1839/2205/324 1841/2198/325 1840/2197/325 1838/2192/324
f 1929/2348/328 1930/2349/32 1931/2350/32 1932/2351/328
f 1933/2352/329 1934/2353/330 1935/2354/331 1936/2355/332
f 1937/2356/333 1938/2357/334 1934/2353/330 1933/2352/329
f 1939/2358/335 1940/2359/336 1938/2357/334 1937/2356/333
f 1941/2360/337 1942/2361/338 1940/2359/336 1939/2358/335
f 1943/2362/339 1944/2363/340 1942/2361/338 1941/2360/337
f 1945/2364/341 1946/2365/342 1944/2363/340 1943/2362/339
f 1947/2366/343 1948/2367/344 1946/2365/342 1945/2364/341
f 1949/2368/345 1950/2369/346 1948/2367/344 1947/2366/343
f 1951/2370/347 1952/2371/348 1950/2369/346 1949/2368/345
f 1953/2372/349 1954/2373/350 1952/2371/348 1951/2370/347
f 1955/2374/351 1956/2375/352 1954/2373/350 1953/2372/349
f 1936/2355/332 1935/2354/331 1956/2375/352 1955/2374/351
f 1934/2353/330 1957/2376/353 1958/2377/354 1935/2354/331
f 1938/2357/334 1959/2378/355 1957/2376/353 1934/2353/330
f 1940/2359/336 1960/2379/356 1959/2378/355 1938/2357/334
f 1942/2361/338 1961/2380/357 1960/2379/356 1940/2359/336
f 1944/2363/340 1962/2381/358 1961/2380/357 1942/2361/338
f 1946/2365/342 1963/2382/359 1962/2381/358 1944/2363/340
f 1948/2367/344 1964/2383/360 1963/2382/359 1946/2365/342
f 1950/2369/346 1965/2384/361 1964/2383/360 1948/2367/344
f 1952/2371/348 1966/2385/362 1965/2384/361 1950/2369/346
f 1954/2373/350 1967/2386/363 1966/2385/362 1952/2371/348
f 1956/2375/352 1968/2387/364 1967/2386/363 1954/2373/350
f 1935/2354/331 1958/2377/354 1968/2387/364 1956/2375/352
f 1957/2376/353 1969/2388/365 1970/2389/366 1958/2377/354
f 1959/2378/355 1971/2390/367 1969/2388/365 1957/2376/353
f 1960/2379/356 1972/2391/368 1971/2390/367 1959/2378/355
f 1961/2380/357 1973/2392/369 1972/2391/368 1960/2379/356
f 1962/2381/358 1974/2393/370 1973/2392/369 1961/2380/357
f 1963/2382/359 1975/2394/371 1974/2393/370 1962/2381/358
f 1964/2383/360 1976/2395/372 1975/2394/371 1963/2382/359
f 1965/2384/361 1977/2396/373 1976/2395/372 1964/2383/360
f 1966/2385/362 1978/2397/374 1977/2396/373 1965/2384/361
f 1967/2386/363 1979/2398/375 1978/2397/374 1966/2385/362
f 1968/2387/364 1980/2399/376 1979/2398/375 1967/2386/363
f 1958/2377/354 1970/2389/366 1980/2399/376 1968/2387/364
f 1969/2388/365 1981/2400/377 1982/2401/378 1970/2389/366
f 1971/2390/367 1983/2402/379 1981/2400/377 1969/2388/365
f 1972/2391/368 1984/2403/380 1983/2402/379 1971/2390/367
f 1973/2392/369 1985/2404/381 1984/2403/380 1972/2391/368
f 1974/2393/370 1986/2405/382 1985/2404/381 1973/2392/369
f 1975/2394/371 1987/2406/383 1986/2405/382 1974/2393/370
f 1976/2395/372 1988/2407/384 1987/2406/383 1975/2394/371
f 1977/2396/373 1989/2408/385 1988/2407/384 1976/2395/372
f 1978/2397/374 1990/2409/386 1989/2408/385 1977/2396/373
f 1979/2398/375 1991/2410/387 1990/2409/386 1978/2397/374
f 1980/2399/376 1992/2411/388 1991/2410/387 1979/2398/375
f 1970/2389/366 1982/2401/378 1992/2411/388 1980/2399/376
f 1981/2400/377 1993/2412/389 1994/2413/390 1982/2401/378
f 1983/2402/379 1995/2414/391 1993/2412/389 1981/2400/377
f 1984/2403/380 1996/2415/392 1995/2414/391 1983/2402/379
f 1985/2404/381 1997/2416/393 1996/2415/392 1984/2403/380
f 1986/2405/382 1998/2417/394 1997/2416/393 1985/2404/381
f 1987/2406/383 1999/2418/395 1998/2417/394 1986/2405/382
f 1988/2407/384 2000/2419/396 1999/2418/395 1987/2406/383
f 1989/2408/385 2001/2420/397 2000/2419/396 1988/2407/384
f 1990/2409/386 2002/2421/398 2001/2420/397 1989/2408/385
f 1991/2410/387 2003/2422/399 2002/2421/398 1990/2409/386
f 1992/2411/388 2004/2423/400 2003/2422/399 1991/2410/387
f 1982/2401/378 1994/2413/390 2004/2423/400 1992/2411/388
f 1949/2368/87 1947/2366/87 2005/2424/87 2006/2425/87
f 1936/2355/87 1955/2374/87 2007/2426/87 2008/2427/87
f 1939/2358/87 1937/2356/87 2009/2428/87 2010/2429/87
f 1953/2372/87 1951/2370/87 2011/2430/87 2012/2431/87
f 1943/2362/87 1941/2360/87 2013/2432/87 2014/2433/87
f 1947/2366/87 1945/2364/87 2015/2434/87 2005/2424/87
f 1937/2356/87 1933/2352/87 2016/2435/87 2009/2428/87
f 1951/2370/87 1949/2368/87 2006/2425/87 2011/2430/87
f 1933/2352/87 1936/2355/87 2008/2427/87 2016/2435/87
f 1941/2360/87 1939/2358/87 2010/2429/87 2013/2432/87
f 1955/2374/87 1953/2372/87 2012/2431/87 2007/2426/87
f 1945/2364/87 1943/2362/87 2014/2433/87 2015/2434/87
f 2005/2424/401 2015/2434/43 2017/2436/43 2018/2437/401
f 2013/2432/402 2010/2429/13 2019/2438/13 2020/2439/402
f 2007/2426/403 2012/2431/404 2021/2440/404 2022/2441/403
f 2016/2435/405 2008/2427/32 2023/2442/32 2024/2443/405
f 2006/2425/406 2005/2424/401 2018/2437/401 2025/2444/406
f 2014/2433/407 2013/2432/402 2020/2439/402 2026/2445/407
f 2008/2427/32 2007/2426/403 2022/2441/403 2023/2442/32
f 2009/2428/408 2016/2435/405 2024/2443/405 2027/2446/408
f 2011/2430/22 2006/2425/406 2025/2444/406 2028/2447/22
f 2015/2434/43 2014/2433/407 2026/2445/407 2017/2436/43
f 2010/2429/13 2009/2428/408 2027/2446/408 2019/2438/13
f 2012/2431/404 2011/2430/22 2028/2447/22 2021/2440/404
f 2021/2440/91 2028/2447/91 2029/2448/91 2030/2449/91
f 2018/2437/91 2017/2436/91 2031/2450/91 2032/2451/91
f 2020/2439/91 2019/2438/91 2033/2452/91 2034/2453/91
f 2022/2441/91 2021/2440/91 2030/2449/91 2035/2454/91
f 2024/2443/91 2023/2442/91 2036/2455/91 2037/2456/91
f 2025/2444/91 2018/2437/91 2032/2451/91 2038/2457/91
f 2026/2445/91 2020/2439/91 2034/2453/91 2039/2458/91
f 2023/2442/91 2022/2441/91 2035/2454/91 2036/2455/91
f 2027/2446/91 2024/2443/91 2037/2456/91 2040/2459/91
f 2028/2447/91 2025/2444/91 2038/2457/91 2029/2448/91
f 2017/2436/91 2026/2445/91 2039/2458/91 2031/2450/91
f 2019/2438/91 2027/2446/91 2040/2459/91 2033/2452/91
f 2031/2450/43 2039/2458/407 2041/2460/407 2042/2461/43
f 2033/2452/13 2040/2459/408 2043/2462/408 2044/2463/13
f 2030/2449/404 2029/2448/22 2045/2464/22 2046/2465/404
f 2032/2451/401 2031/2450/43 2042/2461/43 2047/2466/401
f 2034/2453/402 2033/2452/13 2044/2463/13 2048/2467/402
f 2035/2454/403 2030/2449/404 2046/2465/404 2049/2468/403
f 2037/2456/405 2036/2455/32 2050/2469/32 2051/2470/405
f 2038/2457/406 2032/2451/401 2047/2466/401 2052/2471/406
f 2039/2458/407 2034/2453/402 2048/2467/402 2041/2460/407
f 2036/2455/32 2035/2454/403 2049/2468/403 2050/2469/32
f 2040/2459/408 2037/2456/405 2051/2470/405 2043/2462/408
f 2029/2448/22 2038/2457/406 2052/2471/406 2045/2464/22
f 2042/2461/409 2041/2460/410 2053/2472/410 2054/2473/409
f 2044/2463/411 2043/2462/412 2055/2474/412 2056/2475/411
f 2046/2465/413 2045/2464/414 2057/2476/414 2058/2477/413
f 2047/2466/415 2042/2461/409 2054/2473/409 2059/2478/415
f 2048/2467/416 2044/2463/411 2056/2475/411 2060/2479/416
f 2049/2468/417 2046/2465/413 2058/2477/413 2061/2480/417
f 2051/2470/418 2050/2469/419 2062/2481/419 2063/2482/418
f 2052/2471/420 2047/2466/415 2059/2478/415 2064/2483/420
f 2041/2460/410 2048/2467/416 2060/2479/416 2053/2472/410
f 2050/2469/419 2049/2468/417 2061/2480/417 2062/2481/419
f 2043/2462/412 2051/2470/418 2063/2482/418 2055/2474/412
f 2045/2464/414 2052/2471/420 2064/2483/420 2057/2476/414
f 2058/2477/404 2057/2476/22 2065/2484/22 2066/2485/404
f 2059/2478/401 2054/2473/43 2067/2486/43 2068/2487/401
f 2060/2479/402 2056/2475/13 2069/2488/13 2070/2489/402
f 2061/2480/403 2058/2477/404 2066/2485/404 2071/2490/403
f 2063/2482/405 2062/2481/32 2072/2491/32 2073/2492/405
f 2064/2483/406 2059/2478/401 2068/2487/401 2074/2493/406
f 2053/2472/407 2060/2479/402 2070/2489/402 2075/2494/407
f 2062/2481/32 2061/2480/403 2071/2490/403 2072/2491/32
f 2055/2474/408 2063/2482/405 2073/2492/405 2076/2495/408
f 2057/2476/22 2064/2483/406 2074/2493/406 2065/2484/22
f 2054/2473/43 2053/2472/407 2075/2494/407 2067/2486/43
f 2056/2475/13 2055/2474/408 2076/2495/408 2069/2488/13
f 2069/2488/91 2076/2495/91 2077/2496/91 2078/2497/91
f 2066/2485/91 2065/2484/91 2079/2498/91 2080/2499/91
f 2068/2487/91 2067/2486/91 2081/2500/91 2082/2501/91
f 2070/2489/91 2069/2488/91 2078/2497/91 2083/2502/91
f 2071/2490/91 2066/2485/91 2080/2499/91 2084/2503/91
f 2073/2492/91 2072/2491/91 2085/2504/91 2086/2505/91
f 2074/2493/91 2068/2487/91 2082/2501/91 2087/2506/91
f 2075/2494/91 2070/2489/91 2083/2502/91 2088/2507/91
f 2072/2491/91 2071/2490/91 2084/2503/91 2085/2504/91
f 2076/2495/91 2073/2492/91 2086/2505/91 2077/2496/91
f 2065/2484/91 2074/2493/91 2087/2506/91 2079/2498/91
f 2067/2486/91 2075/2494/91 2088/2507/91 2081/2500/91
f 2078/2497/13 2077/2496/408 2089/2508/408 2090/2509/13
f 2080/2499/404 2079/2498/22 2091/2510/22 2092/2511/404
f 2082/2501/401 2081/2500/43 2093/2512/43 2094/2513/401
f 2083/2502/402 2078/2497/13 2090/2509/13 2095/2514/402
f 2084/2503/403 2080/2499/404 2092/2511/404 2096/2515/403
f 2086/2505/405 2085/2504/32 2097/2516/32 2098/2517/405
f 2087/2506/406 2082/2501/401 2094/2513/401 2099/2518/406
f 2088/2507/407 2083/2502/402 2095/2514/402 2100/2519/407
f 2085/2504/32 2084/2503/403 2096/2515/403 2097/2516/32
f 2077/2496/408 2086/2505/405 2098/2517/405 2089/2508/408
f 2079/2498/22 2087/2506/406 2099/2518/406 2091/2510/22
f 2081/2500/43 2088/2507/407 2100/2519/407 2093/2512/43
f 2093/2512/421 2100/2519/422 2101/2520/422 2102/2521/421
f 2090/2509/423 2089/2508/424 2103/2522/424 2104/2523/423
f 2092/2511/425 2091/2510/426 2105/2524/426 2106/2525/425
f 2094/2513/427 2093/2512/421 2102/2521/421 2107/2526/428
f 2095/2514/429 2090/2509/423 2104/2523/423 2108/2527/429
f 2096/2515/430 2092/2511/425 2106/2525/425 2109/2528/430
f 2098/2517/431 2097/2516/432 2110/2529/432 2111/2530/431
f 2099/2518/433 2094/2513/427 2107/2526/428 2112/2531/434
f 2100/2519/422 2095/2514/429 2108/2527/429 2101/2520/422
f 2097/2516/432 2096/2515/430 2109/2528/430 2110/2529/432
f 2089/2508/424 2098/2517/431 2111/2530/431 2103/2522/424
f 2091/2510/426 2099/2518/433 2112/2531/434 2105/2524/426
f 2113/2532/91 2114/2533/91 2115/2534/435 2116/2535/436
f 2117/2536/91 2118/2537/91 2119/2538/437 2120/2539/438
f 2121/2540/91 2122/2541/91 2123/2542/439 2124/2543/440
f 2114/2533/91 2125/2544/91 2126/2545/441 2115/2534/435
f 2118/2537/91 2127/2546/91 2128/2547/442 2119/2538/437
f 1929/2348/91 2129/2548/91 2130/2549/443 2131/2550/444
f 2125/2544/91 2132/2551/91 2133/2552/445 2126/2545/441
f 2127/2546/91 2113/2532/91 2116/2535/436 2128/2547/442
f 2129/2548/91 2117/2536/91 2120/2539/438 2130/2549/443
f 2111/2530/405 2110/2529/32 2134/2553/446 2135/2554/447
f 2132/2551/91 2121/2540/91 2124/2543/440 2133/2552/445
f 2103/2522/408 2111/2530/405 2135/2554/447 2136/2555/448
f 2122/2541/91 1930/2349/91 2137/2556/449 2123/2542/439
f 2104/2523/13 2103/2522/408 2136/2555/448 2138/2557/450
f 2108/2527/402 2104/2523/13 2138/2557/450 2139/2558/451
f 2101/2520/407 2108/2527/402 2139/2558/451 2140/2559/452
f 2102/2521/43 2101/2520/407 2140/2559/452 2141/2560/453
f 2107/2526/401 2102/2521/43 2141/2560/453 2142/2561/454
f 2112/2531/406 2107/2526/401 2142/2561/454 2143/2562/455
f 2105/2524/22 2112/2531/406 2143/2562/455 2144/2563/456
f 2106/2525/404 2105/2524/22 2144/2563/456 2145/2564/457
f 2109/2528/403 2106/2525/404 2145/2564/457 2146/2565/458
f 2110/2529/32 2109/2528/403 2146/2565/458 2134/2553/446
f 1931/2350/91 2147/2566/91 2148/2567/91 2149/2568/91 2150/2569/91 2151/2570/91 2152/2571/91 2153/2572/91 2154/2573/91 2155/2574/91 2156/2575/91 1932/2351/91
f 2125/2544/406 2114/2533/401 2151/2570/401 2150/2569/406
f 2127/2546/407 2118/2537/402 2154/2573/402 2153/2572/407
f 1930/2349/32 2122/2541/459 2147/2566/403 1931/2350/32
f 2129/2548/408 1929/2348/328 1932/2351/328 2156/2575/408
f 2132/2551/22 2125/2544/406 2150/2569/406 2149/2568/22
f 2113/2532/43 2127/2546/407 2153/2572/407 2152/2571/43
f 2117/2536/13 2129/2548/408 2156/2575/408 2155/2574/13
f 2121/2540/404 2132/2551/22 2149/2568/22 2148/2567/404
f 2114/2533/401 2113/2532/43 2152/2571/43 2151/2570/401
f 2118/2537/402 2117/2536/13 2155/2574/13 2154/2573/402
f 2122/2541/459 2121/2540/404 2148/2567/404 2147/2566/403
f 2135/2554/447 2134/2553/446 2137/2556/449 2131/2550/444
f 2131/2550/444 2130/2549/443 2136/2555/448 2135/2554/447
f 2130/2549/443 2120/2539/438 2138/2557/450 2136/2555/448
f 2120/2539/438 2119/2538/437 2139/2558/451 2138/2557/450
f 2119/2538/437 2128/2547/442 2140/2559/452 2139/2558/451
f 2128/2547/442 2116/2535/436 2141/2560/453 2140/2559/452
f 2116/2535/436 2115/2534/435 2142/2561/454 2141/2560/453
f 2115/2534/435 2126/2545/441 2143/2562/455 2142/2561/454
f 2126/2545/441 2133/2552/445 2144/2563/456 2143/2562/455
f 2133/2552/445 2124/2543/440 2145/2564/457 2144/2563/456
f 2124/2543/440 2123/2542/439 2146/2565/458 2145/2564/457
f 2123/2542/439 2137/2556/449 2134/2553/446 2146/2565/458
f 1930/2349/91 1929/2348/91 2131/2550/444 2137/2556/449
f 2157/2576/460 2158/2577/461 2159/2578/461 2160/2579/460
f 2161/2580/462 2162/2581/463 2163/2582/463 2164/2583/462
f 2165/2584/464 2166/2585/465 2167/2586/465 2168/2587/464
f 2169/2588/466 2170/2589/467 2171/2590/467 2172/2591/466
f 2173/2592/468 2174/2593/469 2175/2594/469 2176/2595/468
f 2162/2581/463 2177/2596/470 2178/2597/470 2163/2582/463
f 2166/2585/465 2179/2598/471 2180/2599/471 2167/2586/465
f 2177/2596/470 2157/2576/460 2160/2579/460 2178/2597/470
f 2170/2589/467 2161/2580/462 2164/2583/462 2171/2590/467
f 2158/2577/461 2165/2584/464 2168/2587/464 2159/2578/461
f 2174/2593/469 2169/2588/466 2172/2591/466 2175/2594/469
f 2179/2598/471 2173/2592/468 2176/2595/468 2180/2599/471
f 2181/2600/50 2182/2601/472 2174/2593/472 2173/2592/50
f 2183/2602/473 2184/2603/474 2158/2577/474 2157/2576/473
f 2185/2604/475 2186/2605/13 2170/2589/13 2169/2588/475
f 2187/2606/476 2188/2607/88 2177/2596/88 2162/2581/476
f 2189/2608/22 2190/2609/477 2166/2585/477 2165/2584/22
f 2191/2610/478 2187/2606/476 2162/2581/476 2161/2580/478
f 2192/2611/479 2181/2600/50 2173/2592/50 2179/2598/479
f 2182/2601/472 2185/2604/475 2169/2588/475 2174/2593/472
f 2184/2603/474 2189/2608/22 2165/2584/22 2158/2577/474
f 2186/2605/13 2191/2610/478 2161/2580/478 2170/2589/13
f 2188/2607/88 2183/2602/473 2157/2576/473 2177/2596/88
f 2190/2609/477 2192/2611/479 2179/2598/479 2166/2585/477
f 2187/2606/480 2193/2612/481 2194/2613/482 2188/2607/482
f 2191/2610/483 2195/2614/484 2193/2612/481 2187/2606/480
f 2186/2605/485 2196/2615/485 2195/2614/484 2191/2610/483
f 2185/2604/486 2197/2616/487 2196/2615/485 2186/2605/485
f 2182/2601/488 2198/2617/489 2197/2616/487 2185/2604/486
f 2181/2600/490 2199/2618/490 2198/2617/489 2182/2601/488
f 2192/2611/491 2200/2619/492 2199/2618/490 2181/2600/490
f 2190/2609/493 2201/2620/494 2200/2619/492 2192/2611/491
f 2189/2608/495 2202/2621/495 2201/2620/494 2190/2609/493
f 2184/2603/496 2203/2622/497 2202/2621/495 2189/2608/495
f 2183/2602/498 2204/2623/499 2203/2622/497 2184/2603/496
f 2188/2607/482 2194/2613/482 2204/2623/499 2183/2602/498
f 2193/2612/500 2205/2624/501 2206/2625/502 2194/2613/503
f 2195/2614/504 2207/2626/505 2205/2624/501 2193/2612/500
f 2196/2615/506 2208/2627/507 2207/2626/505 2195/2614/504
f 2197/2616/508 2209/2628/509 2208/2627/507 2196/2615/506
f 2198/2617/510 2210/2629/511 2209/2628/509 2197/2616/508
f 2199/2618/512 2211/2630/513 2210/2629/511 2198/2617/510
f 2200/2619/514 2212/2631/515 2211/2630/513 2199/2618/512
f 2201/2620/516 2213/2632/517 2212/2631/515 2200/2619/514
f 2202/2621/518 2214/2633/519 2213/2632/517 2201/2620/516
f 2203/2622/520 2215/2634/521 2214/2633/519 2202/2621/518
f 2204/2623/522 2216/2635/523 2215/2634/521 2203/2622/520
f 2194/2613/503 2206/2625/502 2216/2635/523 2204/2623/522
f 2205/2624/501 2217/2636/524 2218/2637/525 2206/2625/502
f 2207/2626/505 2219/2638/526 2217/2636/524 2205/2624/501
f 2208/2627/507 2220/2639/527 2219/2638/526 2207/2626/505
f 2209/2628/509 2221/2640/528 2220/2639/527 2208/2627/507
f 2210/2629/511 2222/2641/529 2221/2640/528 2209/2628/509
f 2211/2630/513 2223/2642/530 2222/2641/529 2210/2629/511
f 2212/2631/515 2224/2643/531 2223/2642/530 2211/2630/513
f 2213/2632/517 2225/2644/532 2224/2643/531 2212/2631/515
f 2214/2633/519 2226/2645/533 2225/2644/532 2213/2632/517
f 2215/2634/521 2227/2646/534 2226/2645/533 2214/2633/519
f 2216/2635/523 2228/2647/535 2227/2646/534 2215/2634/521
f 2206/2625/502 2218/2637/525 2228/2647/535 2216/2635/523
f 2217/2636/524 2229/2648/536 2230/2649/537 2218/2637/525
f 2219/2638/526 2231/2650/538 2229/2648/536 2217/2636/524
f 2220/2639/527 2232/2651/539 2231/2650/538 2219/2638/526
f 2221/2640/528 2233/2652/540 2232/2651/539 2220/2639/527
f 2222/2641/529 2234/2653/541 2233/2652/540 2221/2640/528
f 2223/2642/530 2235/2654/542 2234/2653/541 2222/2641/529
f 2224/2643/531 2236/2655/543 2235/2654/542 2223/2642/530
f 2225/2644/532 2237/2656/544 2236/2655/543 2224/2643/531
f 2226/2645/533 2238/2657/545 2237/2656/544 2225/2644/532
f 2227/2646/534 2239/2658/546 2238/2657/545 2226/2645/533
f 2228/2647/535 2240/2659/547 2239/2658/546 2227/2646/534
f 2218/2637/525 2230/2649/537 2240/2659/547 2228/2647/535
f 2229/2648/536 2241/2660/548 2242/2661/549 2230/2649/537
f 2231/2650/538 2243/2662/550 2241/2660/548 2229/2648/536
f 2232/2651/539 2244/2663/551 2243/2662/550 2231/2650/538
f 2233/2652/540 2245/2664/552 2244/2663/551 2232/2651/539
f 2234/2653/541 2246/2665/553 2245/2664/552 2233/2652/540
f 2235/2654/542 2247/2666/554 2246/2665/553 2234/2653/541
f 2236/2655/543 2248/2667/555 2247/2666/554 2235/2654/542
f 2237/2656/544 2249/2668/556 2248/2667/555 2236/2655/543
f 2238/2657/545 2250/2669/557 2249/2668/556 2237/2656/544
f 2239/2658/546 2251/2670/558 2250/2669/557 2238/2657/545
f 2240/2659/547 2252/2671/559 2251/2670/558 2239/2658/546
f 2230/2649/537 2242/2661/549 2252/2671/559 2240/2659/547
f 2180/2599/479 2176/2595/50 2253/2672/50 2254/2673/479
f 2172/2591/475 2171/2590/13 2255/2674/13 2256/2675/475
f 2160/2579/473 2159/2578/474 2257/2676/474 2258/2677/473
f 2163/2582/476 2178/2597/88 2259/2678/88 2260/2679/476
f 2167/2586/477 2180/2599/479 2254/2673/479 2261/2680/477
f 2175/2594/472 2172/2591/475 2256/2675/475 2262/2681/472
f 2178/2597/88 2160/2579/473 2258/2677/473 2259/2678/88
f 2164/2583/478 2163/2582/476 2260/2679/476 2263/2682/478
f 2168/2587/22 2167/2586/477 2261/2680/477 2264/2683/22
f 2176/2595/50 2175/2594/472 2262/2681/472 2253/2672/50
f 2171/2590/13 2164/2583/478 2263/2682/478 2255/2674/13
f 2159/2578/474 2168/2587/22 2264/2683/22 2257/2676/474
f 2255/2674/1 2263/2682/1 2265/2684/1 2266/2685/1
f 2257/2676/1 2264/2683/1 2267/2686/1 2268/2687/1
f 2254/2673/1 2253/2672/1 2269/2688/1 2270/2689/1
f 2256/2675/1 2255/2674/1 2266/2685/1 2271/2690/1
f 2258/2677/1 2257/2676/1 2268/2687/1 2272/2691/1
f 2260/2679/1 2259/2678/1 2273/2692/1 2274/2693/1
f 2261/2680/1 2254/2673/1 2270/2689/1 2275/2694/1
f 2262/2681/1 2256/2675/1 2271/2690/1 2276/2695/1
f 2259/2678/1 2258/2677/1 2272/2691/1 2273/2692/1
f 2263/2682/1 2260/2679/1 2274/2693/1 2265/2684/1
f 2264/2683/1 2261/2680/1 2275/2694/1 2267/2686/1
f 2253/2672/1 2262/2681/1 2276/2695/1 2269/2688/1
f 2266/2685/13 2265/2684/478 2277/2696/478 2278/2697/13
f 2268/2687/474 2267/2686/22 2279/2698/22 2280/2699/474
f 2270/2689/479 2269/2688/50 2281/2700/50 2282/2701/479
f 2271/2690/475 2266/2685/13 2278/2697/13 2283/2702/475
f 2272/2691/473 2268/2687/474 2280/2699/474 2284/2703/473
f 2274/2693/476 2273/2692/88 2285/2704/88 2286/2705/476
f 2275/2694/477 2270/2689/479 2282/2701/479 2287/2706/477
f 2276/2695/472 2271/2690/475 2283/2702/475 2288/2707/472
f 2273/2692/88 2272/2691/473 2284/2703/473 2285/2704/88
f 2265/2684/478 2274/2693/476 2286/2705/476 2277/2696/478
f 2267/2686/22 2275/2694/477 2287/2706/477 2279/2698/22
f 2269/2688/50 2276/2695/472 2288/2707/472 2281/2700/50
f 2281/2700/10 2288/2707/10 2289/2708/10 2290/2709/10
f 2278/2697/10 2277/2696/10 2291/2710/10 2292/2711/10
f 2280/2699/10 2279/2698/10 2293/2712/10 2294/2713/10
f 2282/2701/10 2281/2700/10 2290/2709/10 2295/2714/10
f 2283/2702/10 2278/2697/10 2292/2711/10 2296/2715/10
f 2284/2703/10 2280/2699/10 2294/2713/10 2297/2716/10
f 2286/2705/10 2285/2704/10 2298/2717/10 2299/2718/10
f 2287/2706/10 2282/2701/10 2295/2714/10 2300/2719/10
f 2288/2707/10 2283/2702/10 2296/2715/10 2289/2708/10
f 2285/2704/10 2284/2703/10 2297/2716/10 2298/2717/10
f 2277/2696/10 2286/2705/10 2299/2718/10 2291/2710/10
f 2279/2698/10 2287/2706/10 2300/2719/10 2293/2712/10
f 2294/2713/560 2293/2712/561 2301/2720/561 2302/2721/560
f 2295/2714/562 2290/2709/563 2303/2722/563 2304/2723/562
f 2296/2715/564 2292/2711/565 2305/2724/565 2306/2725/564
f 2297/2716/566 2294/2713/560 2302/2721/560 2307/2726/566
f 2299/2718/567 2298/2717/568 2308/2727/568 2309/2728/567
f 2300/2719/569 2295/2714/562 2304/2723/562 2310/2729/569
f 2289/2708/570 2296/2715/564 2306/2725/564 2311/2730/570
f 2298/2717/568 2297/2716/566 2307/2726/566 2308/2727/568
f 2291/2710/571 2299/2718/567 2309/2728/567 2312/2731/571
f 2293/2712/561 2300/2719/569 2310/2729/569 2301/2720/561
f 2290/2709/563 2289/2708/570 2311/2730/570 2303/2722/563
f 2292/2711/565 2291/2710/571 2312/2731/571 2305/2724/565
f 2305/2724/13 2312/2731/478 2313/2732/572 2314/2733/573
f 2302/2721/474 2301/2720/22 2315/2734/574 2316/2735/575
f 2304/2723/479 2303/2722/50 2317/2736/576 2318/2737/577
f 2306/2725/475 2305/2724/13 2314/2733/573 2319/2738/578
f 2307/2726/473 2302/2721/474 2316/2735/575 2320/2739/579
f 2309/2728/476 2308/2727/88 2321/2740/580 2322/2741/581
f 2310/2729/477 2304/2723/479 2318/2737/577 2323/2742/582
f 2311/2730/472 2306/2725/475 2319/2738/578 2324/2743/583
f 2308/2727/88 2307/2726/473 2320/2739/579 2321/2740/580
f 2312/2731/478 2309/2728/476 2322/2741/581 2313/2732/572
f 2301/2720/22 2310/2729/477 2323/2742/582 2315/2734/574
f 2303/2722/50 2311/2730/472 2324/2743/583 2317/2736/576
f 2322/2741/581 2321/2740/580 2325/2744/584 2326/2745/585
f 2326/2745/585 2325/2744/584 2327/2746/586 2328/2747/587
f 2328/2747/587 2327/2746/586 2329/2748/588 2330/2749/589
f 2330/2749/589 2329/2748/588 2331/2750/590 2332/2751/591
f 2332/2751/591 2333/2752/592 2334/2753/593 2330/2749/589
f 2330/2749/589 2334/2753/593 2335/2754/594 2328/2747/587
f 2328/2747/587 2335/2754/594 2336/2755/595 2326/2745/585
f 2326/2745/585 2336/2755/595 2313/2732/572 2322/2741/581
f 2333/2752/592 2337/2756/596 2338/2757/597 2334/2753/593
f 2334/2753/593 2338/2757/597 2339/2758/598 2335/2754/594
f 2335/2754/594 2339/2758/598 2340/2759/599 2336/2755/595
f 2336/2755/595 2340/2759/599 2314/2733/573 2313/2732/572
f 2337/2756/596 2341/2760/600 2342/2761/601 2338/2757/597
f 2338/2757/597 2342/2761/601 2343/2762/602 2339/2758/598
f 2339/2758/598 2343/2762/602 2344/2763/603 2340/2759/599
f 2340/2759/599 2344/2763/603 2319/2738/578 2314/2733/573
f 2341/2760/600 2345/2764/604 2346/2765/605 2342/2761/601
f 2342/2761/601 2346/2765/605 2347/2766/606 2343/2762/602
f 2343/2762/602 2347/2766/606 2348/2767/607 2344/2763/603
f 2344/2763/603 2348/2767/607 2324/2743/583 2319/2738/578
f 2345/2764/604 2349/2768/608 2350/2769/609 2346/2765/605
f 2346/2765/605 2350/2769/609 2351/2770/610 2347/2766/606
f 2347/2766/606 2351/2770/610 2352/2771/611 2348/2767/607
f 2348/2767/607 2352/2771/611 2317/2736/576 2324/2743/583
f 2349/2768/608 2353/2772/612 2354/2773/613 2350/2769/609
f 2350/2769/609 2354/2773/613 2355/2774/614 2351/2770/610
f 2351/2770/610 2355/2774/614 2356/2775/615 2352/2771/611
f 2352/2771/611 2356/2775/615 2318/2737/577 2317/2736/576
f 2353/2772/612 2357/2776/616 2358/2777/617 2354/2773/613
f 2354/2773/613 2358/2777/617 2359/2778/618 2355/2774/614
f 2355/2774/614 2359/2778/618 2360/2779/619 2356/2775/615
f 2356/2775/615 2360/2779/619 2323/2742/582 2318/2737/577
f 2357/2776/616 2361/2780/620 2362/2781/621 2358/2777/617
f 2358/2777/617 2362/2781/621 2363/2782/622 2359/2778/618
f 2359/2778/618 2363/2782/622 2364/2783/623 2360/2779/619
f 2360/2779/619 2364/2783/623 2315/2734/574 2323/2742/582
f 2361/2780/620 2365/2784/624 2366/2785/625 2362/2781/621
f 2362/2781/621 2366/2785/625 2367/2786/626 2363/2782/622
f 2363/2782/622 2367/2786/626 2368/2787/627 2364/2783/623
f 2364/2783/623 2368/2787/627 2316/2735/575 2315/2734/574
f 2365/2784/624 2369/2788/628 2370/2789/629 2366/2785/625
f 2366/2785/625 2370/2789/629 2371/2790/630 2367/2786/626
f 2367/2786/626 2371/2790/630 2372/2791/631 2368/2787/627
f 2368/2787/627 2372/2791/631 2320/2739/579 2316/2735/575
f 2369/2788/628 2331/2750/590 2329/2748/588 2370/2789/629
f 2370/2789/629 2329/2748/588 2327/2746/586 2371/2790/630
f 2371/2790/630 2327/2746/586 2325/2744/584 2372/2791/631
f 2372/2791/631 2325/2744/584 2321/2740/580 2320/2739/579
f 2331/2750/590 2369/2788/628 2365/2784/624 2361/2780/620 2357/2776/616 2353/2772/612 2349/2768/608 2345/2764/604 2341/2760/600 2337/2756/596 2333/2752/592 2332/2751/591
f 2373/2792/10 2374/2793/10 2375/2794/10 2376/2795/10 2377/2796/10 2378/2797/10
f 2353/2772/50 2345/2764/50 2377/2796/50 2376/2795/50
f 2337/2756/478 2332/2751/478 2373/2792/478 2378/2797/478
f 2332/2751/88 2369/2788/88 2374/2793/88 2373/2792/88
f 2361/2780/477 2353/2772/477 2376/2795/477 2375/2794/477
f 2345/2764/475 2337/2756/475 2378/2797/475 2377/2796/475
f 2369/2788/474 2361/2780/474 2375/2794/474 2374/2793/474
f 2379/2798/10 2380/2799/10 2381/2800/10 2382/2801/10 2383/2802/10 2384/2803/10 2385/2804/10 2386/2805/10
f 2387/2806/88 2388/2807/632 2383/2802/632 2382/2801/88
f 2389/2808/633 2390/2809/13 2380/2799/13 2379/2798/633
f 2391/2810/50 2389/2808/633 2379/2798/633 2386/2805/50
f 2392/2811/634 2387/2806/88 2382/2801/88 2381/2800/634
f 2393/2812/635 2391/2810/50 2386/2805/50 2385/2804/635
f 2394/2813/22 2393/2812/635 2385/2804/635 2384/2803/22
f 2388/2807/632 2394/2813/22 2384/2803/22 2383/2802/632
f 2390/2809/13 2392/2811/634 2381/2800/634 2380/2799/13
f 1696/2814/277 2395/2815/13 2396/2816/13 1753/2063/61
f 2396/2816/13 1733/2040/13 1732/2039/62 1753/2073/61
f 1696/2814/277 1695/2817/276 1734/2041/13 2395/2815/13
f 1733/2040/10 2396/2816/10 2397/2818/10 2398/2819/10
f 2399/2820/636 2400/2821/637 2401/2822/638 2402/2823/639
f 1734/2041/88 1733/2040/88 2398/2819/88 2403/2824/88
f 2395/2815/1 1734/2041/1 2403/2824/1 2404/2825/1
f 2396/2816/50 2395/2815/50 2404/2825/50 2397/2818/50
f 2397/2818/22 2404/2825/22 2405/2826/22 2406/2827/22 2407/2828/22 2408/2829/22 2409/2830/22 2410/2831/22 2411/2832/22 2412/2833/22 2413/2834/22 2414/2835/22 2415/2836/22 2416/2837/22 2417/2838/22 2418/2839/22 2419/2840/22 2420/2841/22 2421/2842/22 2422/2843/22 2403/2824/22 2398/2819/22
f 2400/2821/640 2399/2820/641 2406/2827/642 2405/2826/643
f 2423/2844/644 2424/2845/645 2425/2846/646 2426/2847/646
f 2422/2843/647 2421/2842/648 2427/2848/649 2428/2849/650
f 2419/2840/651 2418/2839/652 2425/2850/653 2424/2851/654
f 2429/2852/655 2430/2853/656 2431/2854/657 2432/2855/657
f 2433/2856/658 2434/2857/659 2435/2858/659 2436/2859/658
f 2414/2835/660 2413/2834/661 2437/2860/662 2438/2861/660
f 2438/2861/10 2437/2860/10 2439/2862/10 2440/2863/10
f 2441/2864/663 2411/2865/664 2432/2855/663 2431/2854/663
f 2441/2864/665 2439/2862/665 2437/2860/665 2411/2865/665
f 2410/2831/664 2432/2855/663 2411/2832/664
f 2409/2830/666 2432/2855/666 2410/2831/666
f 2412/2833/665 2411/2832/665 2437/2860/665
f 2437/2860/662 2413/2834/661 2412/2833/667
f 2440/2863/668 2442/2866/668 2416/2867/668 2438/2861/668
f 2414/2835/669 2438/2861/669 2415/2836/669
f 2415/2836/668 2438/2861/668 2416/2837/668
f 2442/2866/670 2426/2847/670 2425/2846/670 2416/2867/670
f 2425/2846/670 2417/2838/670 2416/2867/670
f 2417/2838/671 2425/2850/653 2418/2839/652
f 2429/2852/672 2432/2855/673 2409/2830/673 2408/2829/674
f 2429/2852/672 2408/2829/674 2407/2828/675 2443/2868/676
f 2443/2868/676 2407/2828/675 2406/2827/642 2399/2820/641
f 2419/2840/651 2424/2851/654 2444/2869/677 2420/2841/678
f 2420/2841/678 2444/2869/677 2427/2848/649 2421/2842/648
f 2430/2853/656 2429/2852/655 2443/2868/679 2445/2870/680
f 2445/2870/680 2443/2868/679 2399/2820/636 2402/2823/639
f 2424/2845/645 2423/2844/644 2446/2871/681 2444/2872/682
f 2444/2872/682 2446/2871/681 2447/2873/683 2427/2848/684
f 2428/2849/685 2427/2848/684 2447/2873/683 2448/2874/686
f 2403/2824/22 2422/2843/22 2405/2826/22 2404/2825/22
f 2433/2856/658 2436/2859/658 2449/2875/687 2450/2876/688
f 2450/2876/688 2449/2875/687 2401/2822/638 2400/2821/637
f 2428/2849/685 2448/2874/686 2451/2877/689 2452/2878/690
f 2452/2878/690 2451/2877/689 2435/2858/659 2434/2857/659
f 2453/2879/691 2454/2880/692 2455/2881/692 2456/2882/691
f 2457/2883/13 2458/2884/13 2442/2866/13 2440/2863/13
f 2459/2885/13 2460/2886/13 2441/2864/13 2431/2854/13
f 2460/2886/13 2461/2887/13 2439/2862/13 2441/2864/13
f 2458/2884/13 2462/2888/13 2426/2847/13 2442/2866/13
f 2461/2887/13 2457/2883/13 2440/2863/13 2439/2862/13
f 2453/2879/13 2463/2889/13 2430/2853/13 2445/2870/13
f 2454/2880/13 2453/2879/13 2445/2870/13 2402/2823/13
f 2464/2890/13 2465/2891/13 2446/2871/13 2423/2844/13
f 2465/2891/13 2466/2892/13 2447/2873/13 2446/2871/13
f 2463/2889/13 2459/2885/13 2431/2854/13 2430/2853/13
f 2462/2888/13 2464/2890/13 2423/2844/13 2426/2847/13
f 2467/2893/13 2468/2894/13 2449/2875/13 2436/2859/13
f 2468/2894/13 2469/2895/13 2401/2822/13 2449/2875/13
f 2470/2896/13 2471/2897/13 2451/2877/13 2448/2874/13
f 2471/2897/13 2472/2898/13 2435/2858/13 2451/2877/13
f 2469/2895/13 2454/2880/13 2402/2823/13 2401/2822/13
f 2472/2898/13 2467/2893/13 2436/2859/13 2435/2858/13
f 2466/2892/13 2470/2896/13 2448/2874/13 2447/2873/13
f 2473/2899/13 2474/2900/13 2475/2901/13 2476/2902/13 2477/2903/13 2478/2904/13
f 2465/2891/693 2464/2890/694 2477/2903/694 2476/2902/693
f 2454/2880/692 2469/2895/695 2479/2905/695 2455/2881/692
f 2466/2892/696 2465/2891/693 2476/2902/693 2475/2901/696
f 2467/2893/10 2472/2898/10 2480/2906/10 2481/2907/10
f 2459/2885/697 2463/2889/698 2482/2908/698 2483/2909/697
f 2470/2896/699 2466/2892/696 2475/2901/696 2474/2900/699
f 2464/2890/694 2462/2888/700 2478/2904/700 2477/2903/694
f 2457/2883/701 2461/2887/702 2484/2910/702 2485/2911/701
f 2469/2895/695 2468/2894/703 2486/2912/703 2479/2905/695
f 2463/2889/698 2453/2879/691 2456/2882/691 2482/2908/698
f 2471/2897/704 2470/2896/699 2474/2900/699 2473/2899/704
f 2479/2905/13 2486/2912/13 2483/2909/13 2482/2908/13 2456/2882/13 2455/2881/13
f 2458/2884/13 2472/2898/13 2471/2897/13 2462/2888/13
f 2481/2907/13 2480/2906/13 2485/2911/13 2484/2910/13
f 2473/2899/705 2478/2904/700 2462/2888/700 2471/2897/705
f 2457/2883/13 2472/2898/13 2458/2884/13
f 2480/2906/706 2472/2898/706 2457/2883/701 2485/2911/701
f 2459/2885/697 2483/2909/697 2486/2912/707 2468/2894/707
f 2459/2885/13 2468/2894/13 2467/2893/13 2460/2886/13
f 2460/2886/13 2467/2893/13 2461/2887/13
f 2467/2893/708 2481/2907/708 2484/2910/702 2461/2887/702
f 2487/2913/10 2488/2914/10 2489/2915/180 2490/2916/180
f 2490/2916/180 2489/2915/180 2491/2917/302 2492/2918/302
f 2492/2918/302 2491/2917/302 2493/2919/1 2494/2920/1
f 2494/2920/1 2493/2919/1 2495/2921/178 2496/2922/178
f 2496/2922/178 2495/2921/178 2497/2923/301 2498/2924/301
f 2498/2924/301 2497/2923/301 2488/2925/10 2487/2926/10
f 2487/2927/13 2490/2928/13 2492/2929/13 2494/2930/13 2496/2931/13 2498/2932/13
f 2499/2933/1 2500/2934/1 2501/2935/87 2502/2936/87
f 2502/2936/87 2501/2935/87 2503/2937/50 2504/2938/50
f 2504/2938/50 2503/2937/50 2505/2939/43 2506/2940/43
f 2506/2940/43 2505/2939/43 2507/2941/10 2508/2942/10
f 2508/2942/10 2507/2941/10 2509/2943/91 2510/2944/91
f 2510/2944/91 2509/2943/91 2511/2945/88 2512/2946/88
f 2501/2947/13 2500/2948/13 2513/2949/13 2511/2950/13 2509/2951/13 2507/2952/13 2505/2953/13 2503/2954/13
f 2512/2946/88 2511/2945/88 2513/2955/32 2514/2956/32
f 2514/2956/32 2513/2955/32 2500/2957/1 2499/2958/1
f 2515/2959/93 2516/2960/93 2517/2961/93 2518/2962/93
f 2518/2962/50 2517/2961/50 2519/2963/50 2520/2964/50
f 2520/2964/94 2519/2963/94 2521/2965/94 2522/2966/94
f 2522/2966/95 2521/2965/95 2523/2967/95 2524/2968/95
f 2524/2968/88 2523/2967/88 2525/2969/88 2526/2970/88
f 2526/2970/96 2525/2969/96 2516/2971/96 2515/2972/96
f 2515/2973/13 2518/2974/13 2520/2975/13 2522/2976/13 2524/2977/13 2526/2978/13
f 2527/2979/1 2528/2980/1 2529/2981/87 2530/2982/87
f 2530/2982/87 2529/2981/87 2531/2983/50 2532/2984/50
f 2532/2984/50 2531/2983/50 2533/2985/43 2534/2986/43
f 2534/2986/43 2533/2985/43 2535/2987/10 2536/2988/10
f 2536/2988/10 2535/2987/10 2537/2989/91 2538/2990/91
f 2538/2990/91 2537/2989/91 2539/2991/88 2540/2992/88
f 2529/2993/13 2528/2994/13 2541/2995/13 2539/2996/13 2537/2997/13 2535/2998/13 2533/2999/13 2531/3000/13
f 2540/2992/88 2539/2991/88 2541/3001/32 2542/3002/32
f 2542/3002/32 2541/3001/32 2528/3003/1 2527/3004/1
f 2543/3005/87 2544/3006/90 2545/3007/90 2546/3008/87
f 2547/3009/91 2548/3010/89 2549/3011/89 2550/3012/91
f 2544/3006/90 2551/3013/50 2552/3014/50 2545/3007/90
f 2548/3010/89 2553/3015/88 2554/3016/88 2549/3011/89
f 2551/3013/50 2555/3017/42 2556/3018/42 2552/3014/50
f 2553/3015/88 2557/3019/31 2558/3020/31 2554/3016/88
f 2555/3017/42 2559/3021/43 2560/3022/43 2556/3018/42
f 2557/3019/31 2561/3023/32 2562/3024/32 2558/3020/31
f 2559/3021/43 2563/3025/44 2564/3026/44 2560/3022/43
f 2561/3023/32 2565/3027/23 2566/3028/23 2562/3024/32
f 2563/3025/44 2567/3029/10 2568/3030/10 2564/3026/44
f 2569/3031/1 2570/3032/86 2571/3033/86 2572/3034/1
f 2565/3027/23 2569/3031/1 2572/3034/1 2566/3028/23
f 2567/3029/10 2573/3035/92 2574/3036/92 2568/3030/10
f 2570/3032/86 2543/3005/87 2546/3008/87 2571/3033/86
f 2573/3035/92 2547/3009/91 2550/3012/91 2574/3036/92
f 2575/3037/91 2576/3038/89 2577/3039/89 2578/3040/91
f 2579/3041/90 2580/3042/50 2581/3043/50 2582/3044/90
f 2576/3038/89 2583/3045/88 2584/3046/88 2577/3039/89
f 2580/3042/50 2585/3047/42 2586/3048/42 2581/3043/50
f 2583/3045/88 2587/3049/31 2588/3050/31 2584/3046/88
f 2585/3047/42 2589/3051/43 2590/3052/43 2586/3048/42
f 2587/3049/31 2591/3053/32 2592/3054/32 2588/3050/31
f 2589/3051/43 2593/3055/44 2594/3056/44 2590/3052/43
f 2591/3053/32 2595/3057/23 2596/3058/23 2592/3054/32
f 2593/3055/44 2597/3059/10 2598/3060/10 2594/3056/44
f 2599/3061/1 2600/3062/86 2601/3063/86 2602/3064/1
f 2595/3057/23 2599/3061/1 2602/3064/1 2596/3058/23
f 2597/3059/10 2603/3065/92 2604/3066/92 2598/3060/10
f 2600/3062/86 2605/3067/87 2606/3068/87 2601/3063/86
f 2603/3065/92 2575/3037/91 2578/3040/91 2604/3066/92
f 2605/3067/87 2579/3041/90 2582/3044/90 2606/3068/87
f 2607/3069/23 2608/3070/1 2609/3071/1 2610/3072/23
f 2611/3073/10 2612/3074/92 2613/3075/92 2614/3076/10
f 2615/3077/86 2616/3078/87 2617/3079/87 2618/3080/86
f 2612/3074/92 2619/3081/91 2620/3082/91 2613/3075/92
f 2616/3078/87 2621/3083/90 2622/3084/90 2617/3079/87
f 2619/3081/91 2623/3085/89 2624/3086/89 2620/3082/91
f 2621/3083/90 2625/3087/50 2626/3088/50 2622/3084/90
f 2623/3085/89 2627/3089/88 2628/3090/88 2624/3086/89
f 2625/3087/50 2629/3091/42 2630/3092/42 2626/3088/50
f 2627/3089/88 2631/3093/31 2632/3094/31 2628/3090/88
f 2629/3091/42 2633/3095/43 2634/3096/43 2630/3092/42
f 2631/3093/31 2635/3097/32 2636/3098/32 2632/3094/31
f 2633/3095/43 2637/3099/44 2638/3100/44 2634/3096/43
f 2635/3097/32 2607/3069/23 2610/3072/23 2636/3098/32
f 2637/3099/44 2611/3073/10 2614/3076/10 2638/3100/44
f 2608/3070/1 2615/3077/86 2618/3080/86 2609/3071/1
f 2639/3101/92 2640/3102/10 2641/3103/10 2642/3104/92
f 2600/3062/22 2599/3061/22 2572/3034/22 2571/3033/22
f 2605/3067/22 2600/3062/22 2571/3033/22 2546/3008/22
f 2579/3041/22 2605/3067/22 2546/3008/22 2545/3007/22
f 2580/3042/22 2579/3041/22 2545/3007/22 2552/3014/22
f 2585/3047/22 2580/3042/22 2552/3014/22 2556/3018/22
f 2589/3051/22 2585/3047/22 2556/3018/22 2560/3022/22
f 2593/3055/22 2589/3051/22 2560/3022/22 2564/3026/22
f 2597/3059/22 2593/3055/22 2564/3026/22 2568/3030/22
f 2603/3065/22 2597/3059/22 2568/3030/22 2574/3036/22
f 2575/3037/22 2603/3065/22 2574/3036/22 2550/3012/22
f 2576/3038/22 2575/3037/22 2550/3012/22 2549/3011/22
f 2583/3045/22 2576/3038/22 2549/3011/22 2554/3016/22
f 2587/3049/22 2583/3045/22 2554/3016/22 2558/3020/22
f 2591/3053/22 2587/3049/22 2558/3020/22 2562/3024/22
f 2595/3057/22 2591/3053/22 2562/3024/22 2566/3028/22
f 2599/3061/22 2595/3057/22 2566/3028/22 2572/3034/22
f 2602/3064/13 2601/3063/13 2615/3077/13 2608/3070/13
f 2601/3063/13 2606/3068/13 2616/3078/13 2615/3077/13
f 2606/3068/13 2582/3044/13 2621/3083/13 2616/3078/13
f 2582/3044/13 2581/3043/13 2625/3087/13 2621/3083/13
f 2581/3043/13 2586/3048/13 2629/3091/13 2625/3087/13
f 2586/3048/13 2590/3052/13 2633/3095/13 2629/3091/13
f 2590/3052/13 2594/3056/13 2637/3099/13 2633/3095/13
f 2594/3056/13 2598/3060/13 2611/3073/13 2637/3099/13
f 2598/3060/13 2604/3066/13 2612/3074/13 2611/3073/13
f 2604/3066/13 2578/3040/13 2619/3081/13 2612/3074/13
f 2578/3040/13 2577/3039/13 2623/3085/13 2619/3081/13
f 2577/3039/13 2584/3046/13 2627/3089/13 2623/3085/13
f 2584/3046/13 2588/3050/13 2631/3093/13 2627/3089/13
f 2588/3050/13 2592/3054/13 2635/3097/13 2631/3093/13
f 2592/3054/13 2596/3058/13 2607/3069/13 2635/3097/13
f 2596/3058/13 2602/3064/13 2608/3070/13 2607/3069/13
f 2643/3105/1 2644/3106/23 2645/3107/23 2646/3108/1
f 2647/3109/86 2643/3105/1 2646/3108/1 2648/3110/86
f 2640/3102/10 2649/3111/44 2650/3112/44 2641/3103/10
f 2644/3106/23 2651/3113/32 2652/3114/32 2645/3107/23
f 2653/3115/23 2654/3116/1 2655/3117/1 2656/3118/23
f 2657/3119/10 2658/3120/92 2659/3121/92 2660/3122/10
f 2661/3123/86 2662/3124/87 2663/3125/87 2664/3126/86
f 2658/3120/92 2665/3127/91 2666/3128/91 2659/3121/92
f 2662/3124/87 2667/3129/90 2668/3130/90 2663/3125/87
f 2665/3127/91 2669/3131/89 2670/3132/89 2666/3128/91
f 2667/3129/90 2671/3133/50 2672/3134/50 2668/3130/90
f 2669/3131/89 2673/3135/88 2674/3136/88 2670/3132/89
f 2671/3133/50 2675/3137/42 2676/3138/42 2672/3134/50
f 2673/3135/88 2677/3139/31 2678/3140/31 2674/3136/88
f 2675/3137/42 2679/3141/43 2680/3142/43 2676/3138/42
f 2677/3139/31 2681/3143/32 2682/3144/32 2678/3140/31
f 2679/3141/43 2683/3145/44 2684/3146/44 2680/3142/43
f 2681/3143/32 2653/3115/23 2656/3118/23 2682/3144/32
f 2683/3145/44 2657/3119/10 2660/3122/10 2684/3146/44
f 2654/3116/1 2661/3123/86 2664/3126/86 2655/3117/1
f 2643/3105/13 2647/3109/13 2661/3123/13 2654/3116/13
f 2647/3109/13 2685/3147/13 2662/3124/13 2661/3123/13
f 2685/3147/13 2686/3148/13 2667/3129/13 2662/3124/13
f 2686/3148/13 2687/3149/13 2671/3133/13 2667/3129/13
f 2687/3149/13 2688/3150/13 2675/3137/13 2671/3133/13
f 2688/3150/13 2689/3151/13 2679/3141/13 2675/3137/13
f 2689/3151/13 2649/3111/13 2683/3145/13 2679/3141/13
f 2649/3111/13 2640/3102/13 2657/3119/13 2683/3145/13
f 2640/3102/13 2639/3101/13 2658/3120/13 2657/3119/13
f 2639/3101/13 2690/3152/13 2665/3127/13 2658/3120/13
f 2690/3152/13 2691/3153/13 2669/3131/13 2665/3127/13
f 2691/3153/13 2692/3154/13 2673/3135/13 2669/3131/13
f 2692/3154/13 2693/3155/13 2677/3139/13 2673/3135/13
f 2693/3155/13 2651/3113/13 2681/3143/13 2677/3139/13
f 2651/3113/13 2644/3106/13 2653/3115/13 2681/3143/13
f 2644/3106/13 2643/3105/13 2654/3116/13 2653/3115/13
f 2694/3156/13 2695/3157/13 2696/3158/13 2697/3159/13 2698/3160/13
f 2685/3147/87 2647/3109/86 2648/3110/86 2699/3161/87
f 2690/3152/91 2639/3101/92 2642/3104/92 2700/3162/91
f 2686/3148/90 2685/3147/87 2699/3161/87 2701/3163/90
f 2691/3153/89 2690/3152/91 2700/3162/91 2702/3164/89
f 2687/3149/50 2686/3148/90 2701/3163/90 2703/3165/50
f 2692/3154/88 2691/3153/89 2702/3164/89 2704/3166/88
f 2688/3150/42 2687/3149/50 2703/3165/50 2705/3167/42
f 2693/3155/31 2692/3154/88 2704/3166/88 2706/3168/31
f 2689/3151/43 2688/3150/42 2705/3167/42 2707/3169/43
f 2651/3113/32 2693/3155/31 2706/3168/31 2652/3114/32
f 2649/3111/44 2689/3151/43 2707/3169/43 2650/3112/44
f 2646/3108/22 2645/3107/22 2610/3072/22 2609/3071/22
f 2645/3107/22 2652/3114/22 2636/3098/22 2610/3072/22
f 2652/3114/22 2706/3168/22 2632/3094/22 2636/3098/22
f 2706/3168/22 2704/3166/22 2628/3090/22 2632/3094/22
f 2704/3166/22 2702/3164/22 2624/3086/22 2628/3090/22
f 2702/3164/22 2700/3162/22 2620/3082/22 2624/3086/22
f 2700/3162/22 2642/3104/22 2613/3075/22 2620/3082/22
f 2642/3104/22 2641/3103/22 2614/3076/22 2613/3075/22
f 2641/3103/22 2650/3112/22 2638/3100/22 2614/3076/22
f 2650/3112/22 2707/3169/22 2634/3096/22 2638/3100/22
f 2707/3169/22 2705/3167/22 2630/3092/22 2634/3096/22
f 2705/3167/22 2703/3165/22 2626/3088/22 2630/3092/22
f 2703/3165/22 2701/3163/22 2622/3084/22 2626/3088/22
f 2701/3163/22 2699/3161/22 2617/3079/22 2622/3084/22
f 2699/3161/22 2648/3110/22 2618/3080/22 2617/3079/22
f 2648/3110/22 2646/3108/22 2609/3071/22 2618/3080/22
f 2708/3170/50 2709/3171/42 2710/3172/42 2711/3173/50
f 2712/3174/31 2713/3175/32 2714/3176/32 2715/3177/31
f 2709/3171/42 2716/3178/43 2717/3179/43 2710/3172/42
f 2713/3175/32 2718/3180/23 2719/3181/23 2714/3176/32
f 2716/3178/43 2720/3182/44 2721/3183/44 2717/3179/43
f 2718/3180/23 2722/3184/1 2723/3185/1 2719/3181/23
f 2724/3186/10 2725/3187/92 2726/3188/92 2727/3189/10
f 2720/3182/44 2724/3186/10 2727/3189/10 2721/3183/44
f 2722/3184/1 2728/3190/86 2729/3191/86 2723/3185/1
f 2725/3187/92 2730/3192/91 2731/3193/91 2726/3188/92
f 2728/3190/86 2732/3194/87 2733/3195/87 2729/3191/86
f 2730/3192/91 2734/3196/89 2735/3197/89 2731/3193/91
f 2732/3194/87 2736/3198/90 2737/3199/90 2733/3195/87
f 2734/3196/89 2738/3200/88 2739/3201/88 2735/3197/89
f 2736/3198/90 2708/3170/50 2711/3173/50 2737/3199/90
f 2738/3200/88 2712/3174/31 2715/3177/31 2739/3201/88
f 2543/3005/13 2730/3192/13 2734/3196/13 2544/3006/13
f 2544/3006/13 2734/3196/13 2738/3200/13 2551/3013/13
f 2551/3013/13 2738/3200/13 2712/3174/13 2555/3017/13
f 2555/3017/13 2712/3174/13 2713/3175/13 2559/3021/13
f 2559/3021/13 2713/3175/13 2718/3180/13 2563/3025/13
f 2563/3025/13 2718/3180/13 2722/3184/13 2567/3029/13
f 2567/3029/13 2722/3184/13 2728/3190/13 2573/3035/13
f 2573/3035/13 2728/3190/13 2732/3194/13 2547/3009/13
f 2547/3009/13 2732/3194/13 2736/3198/13 2548/3010/13
f 2548/3010/13 2736/3198/13 2708/3170/13 2553/3015/13
f 2553/3015/13 2708/3170/13 2709/3171/13 2557/3019/13
f 2557/3019/13 2709/3171/13 2716/3178/13 2561/3023/13
f 2561/3023/13 2716/3178/13 2720/3182/13 2565/3027/13
f 2565/3027/13 2720/3182/13 2724/3186/13 2569/3031/13
f 2569/3031/13 2724/3186/13 2725/3187/13 2570/3032/13
f 2570/3032/13 2725/3187/13 2730/3192/13 2543/3005/13
f 2740/3202/23 2741/3203/1 2742/3204/1 2743/3205/23
f 2744/3206/10 2745/3207/92 2746/3208/92 2747/3209/10
f 2748/3210/44 2744/3206/10 2747/3209/10 2749/3211/44
f 2741/3203/1 2750/3212/86 2751/3213/86 2742/3204/1
f 2745/3207/92 2752/3214/91 2753/3215/91 2746/3208/92
f 2750/3212/86 2754/3216/87 2755/3217/87 2751/3213/86
f 2752/3214/91 2756/3218/89 2757/3219/89 2753/3215/91
f 2754/3216/87 2758/3220/90 2759/3221/90 2755/3217/87
f 2756/3218/89 2760/3222/88 2761/3223/88 2757/3219/89
f 2758/3220/90 2762/3224/50 2763/3225/50 2759/3221/90
f 2760/3222/88 2764/3226/31 2765/3227/31 2761/3223/88
f 2762/3224/50 2766/3228/42 2767/3229/42 2763/3225/50
f 2764/3226/31 2768/3230/32 2769/3231/32 2765/3227/31
f 2766/3228/42 2770/3232/43 2771/3233/43 2767/3229/42
f 2768/3230/32 2740/3202/23 2743/3205/23 2769/3231/32
f 2770/3232/43 2748/3210/44 2749/3211/44 2771/3233/43
f 2744/3206/13 2748/3210/13 2721/3183/13 2727/3189/13
f 2748/3210/13 2770/3232/13 2717/3179/13 2721/3183/13
f 2770/3232/13 2766/3228/13 2710/3172/13 2717/3179/13
f 2766/3228/13 2762/3224/13 2711/3173/13 2710/3172/13
f 2762/3224/13 2758/3220/13 2737/3199/13 2711/3173/13
f 2758/3220/13 2754/3216/13 2733/3195/13 2737/3199/13
f 2754/3216/13 2750/3212/13 2729/3191/13 2733/3195/13
f 2750/3212/13 2741/3203/13 2723/3185/13 2729/3191/13
f 2741/3203/13 2740/3202/13 2719/3181/13 2723/3185/13
f 2740/3202/13 2768/3230/13 2714/3176/13 2719/3181/13
f 2768/3230/13 2764/3226/13 2715/3177/13 2714/3176/13
f 2764/3226/13 2760/3222/13 2739/3201/13 2715/3177/13
f 2760/3222/13 2756/3218/13 2735/3197/13 2739/3201/13
f 2756/3218/13 2752/3214/13 2731/3193/13 2735/3197/13
f 2752/3214/13 2745/3207/13 2726/3188/13 2731/3193/13
f 2745/3207/13 2744/3206/13 2727/3189/13 2726/3188/13
f 2772/3234/709 2773/3235/23 2774/3236/710 2775/3237/710 2776/3238/23 2777/3239/709
f 2778/3240/22 2779/3241/22 2747/3209/22 2746/3208/22
f 2780/3242/22 2778/3240/22 2746/3208/22 2753/3215/22
f 2781/3243/22 2780/3242/22 2753/3215/22 2757/3219/22
f 2782/3244/22 2781/3243/22 2757/3219/22 2761/3223/22
f 2783/3245/22 2782/3244/22 2761/3223/22 2765/3227/22
f 2772/3234/22 2783/3245/22 2765/3227/22 2769/3231/22
f 2773/3235/22 2772/3234/22 2769/3231/22 2743/3205/22
f 2774/3236/22 2773/3235/22 2743/3205/22 2742/3204/22
f 2784/3246/22 2774/3236/22 2742/3204/22 2751/3213/22
f 2785/3247/22 2784/3246/22 2751/3213/22 2755/3217/22
f 2786/3248/22 2785/3247/22 2755/3217/22 2759/3221/22
f 2787/3249/22 2786/3248/22 2759/3221/22 2763/3225/22
f 2788/3250/22 2787/3249/22 2763/3225/22 2767/3229/22
f 2789/3251/22 2788/3250/22 2767/3229/22 2771/3233/22
f 2790/3252/22 2789/3251/22 2771/3233/22 2749/3211/22
f 2779/3241/22 2790/3252/22 2749/3211/22 2747/3209/22
f 2791/3253/22 2655/3117/22 2664/3126/22 2663/3125/22 2792/3254/22
f 2792/3254/22 2663/3125/22 2668/3130/22 2672/3134/22 2793/3255/22
f 2793/3255/22 2672/3134/22 2676/3138/22 2680/3142/22 2794/3256/22
f 2794/3256/22 2680/3142/22 2684/3146/22 2660/3122/22 2795/3257/22
f 2795/3257/22 2660/3122/22 2659/3121/22 2666/3128/22 2796/3258/22
f 2796/3258/22 2666/3128/22 2670/3132/22 2674/3136/22 2797/3259/22
f 2798/3260/22 2797/3259/22 2674/3136/22 2678/3140/22 2682/3144/22
f 2798/3260/22 2682/3144/22 2656/3118/22 2655/3117/22 2791/3253/22
f 2799/3261/13 2698/3160/13 2697/3159/13 2800/3262/13 2801/3263/13
f 2802/3264/13 2803/3265/13 2804/3266/13 2805/3267/13 2806/3268/13
f 2807/3269/13 2808/3270/13 2809/3271/13 2695/3157/13 2694/3156/13
f 2810/3272/13 2811/3273/13 2812/3274/13 2808/3270/13 2807/3269/13
f 2799/3261/13 2801/3263/13 2813/3275/13 2803/3265/13 2802/3264/13
f 2814/3276/13 2815/3277/13 2816/3278/13 2811/3273/13 2810/3272/13
f 2790/3252/44 2779/3241/10 2817/3279/10 2818/3280/44
f 2776/3238/13 2775/3237/13 2819/3281/13 2820/3282/13
f 2778/3240/92 2780/3242/91 2821/3283/91 2822/3284/92
f 2784/3246/86 2785/3247/87 2823/3285/87 2824/3286/86
f 2781/3243/89 2782/3244/88 2825/3287/88 2826/3288/89
f 2786/3248/90 2787/3249/50 2827/3289/50 2828/3290/90
f 2783/3245/31 2772/3234/709 2777/3239/709 2829/3291/31
f 2788/3250/42 2789/3251/43 2830/3292/43 2831/3293/42
f 2817/3279/13 2822/3284/13 2832/3294/13 2833/3295/13
f 2818/3280/13 2817/3279/13 2833/3295/13 2834/3296/13
f 2775/3237/13 2824/3286/13 2835/3297/13 2819/3281/13
f 2822/3284/13 2821/3283/13 2836/3298/13 2832/3294/13
f 2824/3286/13 2823/3285/13 2837/3299/13 2835/3297/13
f 2821/3283/13 2826/3288/13 2838/3300/13 2836/3298/13
f 2823/3285/13 2828/3290/13 2839/3301/13 2837/3299/13
f 2826/3288/13 2825/3287/13 2840/3302/13 2838/3300/13
f 2828/3290/13 2827/3289/13 2841/3303/13 2839/3301/13
f 2825/3287/13 2829/3291/13 2842/3304/13 2840/3302/13
f 2827/3289/13 2831/3293/13 2843/3305/13 2841/3303/13
f 2829/3291/13 2777/3239/13 2844/3306/13 2842/3304/13
f 2831/3293/13 2830/3292/13 2845/3307/13 2843/3305/13
f 2777/3239/13 2776/3238/13 2820/3282/13 2844/3306/13
f 2830/3292/13 2818/3280/13 2834/3296/13 2845/3307/13
f 2839/3301/711 2846/3308/711 2847/3309/712 2837/3299/712
f 2832/3294/713 2848/3310/713 2849/3311/714 2833/3295/714
f 2840/3302/715 2850/3312/715 2851/3313/716 2838/3300/716
f 2841/3303/717 2852/3314/717 2846/3308/711 2839/3301/711
f 2842/3304/718 2853/3315/718 2850/3312/715 2840/3302/715
f 2843/3305/719 2854/3316/719 2852/3314/717 2841/3303/717
f 2844/3306/720 2855/3317/720 2853/3315/718 2842/3304/718
f 2845/3307/721 2856/3318/721 2854/3316/719 2843/3305/719
f 2820/3282/722 2857/3319/722 2855/3317/720 2844/3306/720
f 2845/3307/721 2834/3296/723 2858/3320/723 2856/3318/721
f 2819/3281/724 2859/3321/724 2857/3319/722 2820/3282/722
f 2833/3295/714 2849/3311/714 2858/3320/723 2834/3296/723
f 2835/3297/725 2860/3322/725 2859/3321/724 2819/3281/724
f 2836/3298/726 2861/3323/726 2848/3310/713 2832/3294/713
f 2837/3299/712 2847/3309/712 2860/3322/725 2835/3297/725
f 2838/3300/716 2851/3313/716 2861/3323/726 2836/3298/726
f 2862/3324/22 2863/3325/22 2849/3311/22 2848/3310/22
f 2864/3326/22 2862/3324/22 2848/3310/22 2861/3323/22
f 2865/3327/22 2864/3326/22 2861/3323/22 2851/3313/22
f 2866/3328/22 2865/3327/22 2851/3313/22 2850/3312/22
f 2867/3329/22 2866/3328/22 2850/3312/22 2853/3315/22
f 2868/3330/22 2867/3329/22 2853/3315/22 2855/3317/22
f 2869/3331/22 2868/3330/22 2855/3317/22 2857/3319/22
f 2870/3332/22 2869/3331/22 2857/3319/22 2859/3321/22
f 2871/3333/22 2870/3332/22 2859/3321/22 2860/3322/22
f 2872/3334/22 2871/3333/22 2860/3322/22 2847/3309/22
f 2873/3335/22 2872/3334/22 2847/3309/22 2846/3308/22
f 2874/3336/22 2873/3335/22 2846/3308/22 2852/3314/22
f 2875/3337/22 2874/3336/22 2852/3314/22 2854/3316/22
f 2876/3338/22 2875/3337/22 2854/3316/22 2856/3318/22
f 2877/3339/22 2876/3338/22 2856/3318/22 2858/3320/22
f 2863/3325/22 2877/3339/22 2858/3320/22 2849/3311/22
f 26/3340/1 19/19/1 18/3341/1 2878/3342/1 2879/3343/1
f 2880/3344/727 2881/3345/728 2882/3346/729 2883/3347/730
f 31/3348/731 2884/3349/732 2885/3350/733 2886/3351/734 2887/3352/735 32/3353/736
f 2888/3354/737 2889/3355/738 2890/3356/739 2891/3357/740
f 2892/3358/741 2893/3359/742 2894/3360/743 2895/3361/744
f 2889/3355/738 2888/3354/737 2896/3362/745 2897/3363/746
f 2898/3364/747 2899/3365/748 2900/3366/749 2879/3367/750 2878/3368/751 2901/3369/752
f 2896/3362/745 2902/3370/753 2903/3371/754 2904/3372/755
f 2901/3369/752 2905/3373/756 2903/3374/754 2902/3375/753
f 2883/3347/730 2904/3376/755 2903/3377/754 2905/3373/756
f 2882/3346/729 2906/3378/757 2907/3379/758 2908/3380/759
f 2887/3352/735 2909/3381/760 2907/3382/758 2906/3383/757
f 2897/3363/746 2908/3384/759 2907/3385/758 2909/3386/760
f 2891/3357/740 2910/3387/761 2911/3388/762 2912/3389/763
f 2894/3360/743 2913/3390/764 2911/3391/762 2910/3387/761
f 2899/3365/748 2912/3392/763 2911/3393/762 2913/3394/764
f 2890/3356/739 2914/3395/765 2915/3396/766 2916/3397/767
f 2885/3350/733 2917/3398/768 2915/3399/766 2914/3400/765
f 2895/3361/744 2916/3397/767 2915/3401/766 2917/3402/768
f 2884/3349/732 2918/3403/769 2919/3404/770 2920/3405/771
f 2921/3406/772 2922/3407/773 2919/3408/770 2918/3409/769
f 2892/3358/741 2920/3410/771 2919/3411/770 2922/3412/773
f 2900/3366/749 2923/3413/774 2924/3414/775 2925/3415/776
f 2893/3359/742 2926/3416/777 2924/3417/775 2923/3418/774
f 2927/3419/778 2925/3420/776 2924/3421/775 2926/3422/777
f 2896/3362/745 2888/3354/737 2928/3423/779 2902/3370/753
f 2902/3375/753 2928/3424/779 2898/3364/747 2901/3369/752
f 2880/3344/727 2883/3347/730 2905/3373/756 2929/3425/635
f 2929/3425/635 2905/3373/756 2901/3369/752 2878/3368/751
f 2882/3346/729 2881/3345/728 2930/3426/632 2906/3378/757
f 2906/3383/757 2930/3427/632 32/3353/736 2887/3352/735
f 2889/3355/738 2897/3363/746 2909/3386/760 2931/3428/780
f 2931/3429/780 2909/3381/760 2887/3352/735 2886/3351/734
f 2897/3363/746 2896/3362/745 2904/3372/755 2908/3384/759
f 2908/3380/759 2904/3376/755 2883/3347/730 2882/3346/729
f 2891/3357/740 2890/3356/739 2916/3397/767 2910/3387/761
f 2910/3387/761 2916/3397/767 2895/3361/744 2894/3360/743
f 2892/3358/741 2895/3361/744 2917/3402/768 2920/3410/771
f 2920/3405/771 2917/3398/768 2885/3350/733 2884/3349/732
f 2894/3360/743 2893/3359/742 2923/3418/774 2913/3390/764
f 2913/3394/764 2923/3413/774 2900/3366/749 2899/3365/748
f 2893/3359/742 2892/3358/741 2922/3412/773 2926/3416/777
f 2926/3422/777 2922/3407/773 2921/3406/772 2927/3419/778
f 2886/3351/734 2885/3350/733 2914/3400/765 2931/3429/780
f 2931/3428/780 2914/3395/765 2890/3356/739 2889/3355/738
f 2899/3365/748 2898/3364/747 2928/3424/779 2912/3392/763
f 2912/3389/763 2928/3423/779 2888/3354/737 2891/3357/740
f 2927/3419/778 27/3430/781 2932/3431/633 2925/3420/776
f 2925/3415/776 2932/3432/633 2879/3367/750 2900/3366/749
f 2884/3349/732 31/3348/731 2933/3433/634 2918/3403/769
f 2918/3409/769 2933/3434/634 28/3435/782 2921/3406/772
f 27/3430/781 2927/3419/778 2921/3406/772 28/3435/782
f 18/3341/1 2880/3436/1 2929/3425/1 2878/3368/1
f 33/3437/1 32/37/1 2930/3427/1 2881/3345/1
f 25/27/1 28/30/1 2933/3434/1 31/3348/1
f 27/29/1 26/28/1 2879/3343/1 2932/3432/1
f 15/3438/13 2934/3439/13 17/3440/13 14/3441/13
f 24/3442/783 20/20/9 21/21/17
f 37/3443/784 2935/3444/785 2936/3445/785 10/10/784 9/9/786 30/32/15 29/31/14
f 17/3446/13 18/3447/13 2880/3436/13 2881/3448/13 33/3449/13 14/3441/13
f 1/1/787 15/3438/787 2934/3439/787 134/3450/787
f 2/3451/13 135/3452/13 24/26/13 23/3453/13 16/16/13
f 1667/3454/71 1754/2074/71 1735/2043/88 1668/1955/88
f 2937/3455/18 1658/1945/50 1731/2037/50 1741/2049/18
f 2938/3456/52 1755/3457/52 1754/2074/71 1667/3454/71
f 2939/3458/53 2937/3455/18 1741/2049/18 1756/2076/53
f 2938/3456/52 2939/3458/53 1756/2076/53 1755/3457/52
f 2/3459/1 135/145/1 113/118/1 114/119/1
f 135/3460/1 134/143/1 38/43/1 39/44/1
f 2004/2423/13 2940/3461/13 2941/3462/13 2003/2422/13
f 2003/2422/13 2941/3462/13 2942/3463/13 2002/2421/13
f 2002/2421/13 2942/3463/13 2943/3464/13 2001/2420/13
f 2001/2420/13 2943/3464/13 2944/3465/13 2000/2419/13
f 1999/2418/13 2000/2419/13 2944/3465/13 2945/3466/13
f 1999/2418/13 2945/3466/13 2946/3467/13 1998/2417/13
f 1998/2417/13 2946/3467/13 2947/3468/13 1997/2416/13
f 1997/2416/13 2947/3468/13 2948/3469/13 1996/2415/13
f 1996/2415/13 2948/3469/13 2949/3470/13 1995/2414/13
f 1995/2414/13 2949/3470/13 2950/3471/13 1993/2412/13
f 1993/2412/13 2950/3471/13 2951/3472/13 1994/2413/13
f 1994/2413/13 2951/3472/13 2940/3461/13 2004/2423/13
f 2947/3468/788 2946/3467/789 2952/3473/789 2953/3474/788
f 2945/3466/790 2944/3465/791 2954/3475/791 2955/3476/790
f 2950/3471/792 2949/3470/793 2956/3477/793 2957/3478/792
f 2941/3462/794 2940/3461/795 2958/3479/795 2959/3480/794
f 2946/3467/789 2945/3466/790 2955/3476/790 2952/3473/789
f 2944/3465/791 2943/3464/796 2960/3481/796 2954/3475/791
f 2949/3470/793 2948/3469/797 2961/3482/797 2956/3477/793
f 2940/3461/795 2951/3472/798 2962/3483/798 2958/3479/795
f 2943/3464/796 2942/3463/799 2963/3484/799 2960/3481/796
f 2948/3469/797 2947/3468/788 2953/3474/788 2961/3482/797
f 2951/3472/798 2950/3471/792 2957/3478/792 2962/3483/798
f 2942/3463/799 2941/3462/794 2959/3480/794 2963/3484/799
f 2964/3485/86 2965/3486/86 2966/3487/23 2967/3488/23
f 2968/3489/13 2969/3490/13 2970/3491/13 2971/3492/13 2972/3493/13 1759/2079/13 1758/2078/13 2973/3494/13 2974/3495/13 1761/2081/13 1764/2084/13 2964/3485/13 2967/3488/13 2975/3496/13 2976/3497/13 2977/3498/13
f 2969/3490/89 2978/3499/89 2979/3500/89 2970/3491/89
f 2980/3501/92 2981/3502/92 2968/3489/92 2977/3498/92
f 2982/3503/44 2983/3504/44 2974/3495/44 2973/3494/44
f 2971/3492/92 2984/3505/92 2985/3506/44 2972/3493/44
f 2974/3495/44 2983/3504/44 1762/2082/42 1761/2081/42
f 2980/3501/92 2977/3498/92 2976/3497/89 2986/3507/89
f 2968/3489/92 2981/3502/92 2978/3499/89 2969/3490/89
f 2982/3503/44 2973/3494/44 1758/2078/42 1757/2077/42
f 2970/3491/89 2979/3500/89 2984/3505/92 2971/3492/92
f 1760/2080/42 1759/2079/42 2972/3493/44 2985/3506/44
f 1764/2084/90 1763/2083/90 2965/3486/86 2964/3485/86
f 2987/3508/31 2975/3496/31 2967/3488/23 2966/3487/23
f 2986/3507/89 2976/3497/89 2975/3496/31 2987/3508/31
f 1656/1943/13 1654/3509/13 1652/3510/13 1650/3511/13 1643/3512/13 1642/3513/13 1688/1977/13 1690/1979/13 1692/1981/13 1694/3514/13 1678/3515/13 1681/1970/13 1683/1972/13 1685/1974/13 1637/1922/13 1636/1921/13 1769/2091/13 1647/3516/13 1646/3517/13 1766/3518/13 1768/2090/13
f 1728/2031/1 1740/2048/1 1739/2047/1 1726/2028/1
f 1729/2033/1 1751/2059/1 1740/2072/1 1728/2031/1
f 1726/2028/1 1739/2047/1 1748/2068/1 1727/2029/1
f 1729/2033/62 1704/1993/62 1703/1992/13 1751/2059/276
f 1751/2059/276 1703/1992/13 1711/2000/13
f 1727/2029/52 1748/2068/283 1707/1996/52
f 1707/1996/52 1748/2068/283 1709/1998/278 1708/2018/53
f 1697/1986/1 1745/2053/1 1744/2052/1 1700/1989/1 1699/1988/1 1698/1987/1
f 1700/1989/1 1744/2052/1 1752/2070/1 1716/2026/1
f 1752/2070/1 1711/2000/1 1717/2008/1 1716/2026/1
f 1717/2008/1 1711/2000/1 1713/2002/1
f 1710/1999/1 1709/2065/1 1745/2053/1 1697/1986/1
f 986/1155/189 985/1154/189 2988/3519/189 2989/3520/189
f 991/1160/190 1011/1180/190 2990/3521/190 2991/3522/190
f 995/1164/22 993/1162/22 991/1160/22 2991/3522/22 2988/3519/22 985/1154/22 984/1153/22
f 1013/1182/22 1012/1181/22 1011/1180/22 2990/3521/22 2989/3520/22 986/1155/22 987/1156/22
f 2992/3523/10 2993/3524/10 2994/3525/10 2995/3526/10
f 2996/3527/10 2997/3528/10 2998/3529/10 2999/3530/10
f 2992/3523/22 2995/3526/22 2999/3530/22 2996/3527/22
f 2994/3525/13 2993/3524/13 2997/3528/13 2998/3529/13
f 940/1109/22 939/1108/22 942/1111/22 944/1113/22 946/1115/22 948/1117/22 922/1091/22 921/1090/22 938/1107/22 941/1110/22 943/1112/22 945/1114/22 947/1116/22 949/1118/22 937/1106/22 936/1105/22
f 927/1096/92 949/1118/92 947/1116/10 906/1075/10
f 24/26/800 135/3452/800 134/143/800 2934/3439/800
f 15/3438/801 1/1/801 2/2/801 16/16/801
f 33/3531/786 14/14/786 13/13/784 3000/3532/785 3001/3533/785 34/3534/784
f 3002/3535/802 2935/3444/785 37/3443/784 36/3536/803
f 3001/3533/785 3003/3537/802 35/3538/803 34/3534/784
f 3003/3537/802 3002/3535/802 36/3536/803 35/3538/803
f 12/12/803 11/11/803 3004/3539/802 3005/3540/802
f 3005/3540/802 3004/3539/802 3002/3535/802 3003/3537/802
f 13/13/784 12/12/803 3005/3540/802 3000/3532/785
f 11/11/803 10/10/784 2936/3445/785 3004/3539/802
f 3006/3541/50 3007/3542/50 3008/3543/50 3009/3544/50
f 3010/3545/50 3011/3546/50 3012/3547/50 3013/3548/50
f 3014/3549/804 3015/3550/805 3007/3542/806 3016/3551/807
f 3017/3552/50 3018/3553/50 3019/3554/50 3020/3555/50
f 3021/3556/808 3022/3557/809 3023/3558/810 3024/3559/811
f 3011/3546/50 3025/3560/50 3026/3561/50 3012/3547/50
f 3027/3562/50 3028/3563/50 3029/3564/50 3030/3565/50
f 3028/3563/50 3031/3566/50 3032/3567/50 3029/3564/50
f 3018/3553/50 3033/3568/50 3034/3569/50 3019/3554/50
f 3035/3570/50 3017/3552/50 3020/3555/50 3036/3571/50
f 3037/3572/50 3027/3562/50 3030/3565/50 3038/3573/50
f 3023/3558/50 3024/3559/50 3039/3574/50 3040/3575/50
f 3041/3576/50 3042/3577/50 3043/3578/50 3044/3579/50
f 3033/3568/50 3045/3580/50 3046/3581/50 3034/3569/50
f 3047/3582/50 3037/3572/50 3038/3573/50 3048/3583/50
f 3049/3584/50 3010/3545/50 3013/3548/50 3050/3585/50
f 3042/3577/50 3051/3586/50 3052/3587/50 3043/3578/50
f 3053/3588/50 3049/3584/50 3050/3585/50 3054/3589/50
f 3031/3566/50 3055/3590/50 3056/3591/50 3032/3567/50
f 3025/3560/50 3057/3592/50 3058/3593/50 3026/3561/50
f 3007/3542/50 3016/3551/50 3059/3594/50 3008/3543/50
f 3060/3595/50 3041/3576/50 3044/3579/50 3061/3596/50
f 3062/3597/50 3006/3541/50 3009/3544/50 3063/3598/50
f 3057/3592/50 3060/3595/50 3061/3596/50 3058/3593/50
f 3024/3559/50 3064/3599/50 3065/3600/50 3039/3574/50
f 3066/3601/50 3067/3602/50 3068/3603/50 3069/3604/50
f 3070/3605/50 3023/3558/50 3040/3575/50 3071/3606/50
f 3067/3602/50 3062/3597/50 3063/3598/50 3068/3603/50
f 3064/3599/50 3072/3607/50 3073/3608/50 3065/3600/50
f 3045/3580/50 3047/3582/50 3048/3583/50 3046/3581/50
f 3055/3590/50 3070/3605/50 3071/3606/50 3056/3591/50
f 3072/3607/50 3035/3570/50 3036/3571/50 3073/3608/50
f 3016/3551/50 3053/3588/50 3054/3589/50 3059/3594/50
f 3051/3586/50 3066/3601/50 3069/3604/50 3052/3587/50
f 3063/3609/812 3009/3610/813 3074/3611/813 3075/3612/812
f 3054/3589/814 3076/3613/814 3077/3614/815 3059/3615/815
f 3058/3616/816 3061/3617/817 3078/3618/817 3079/3619/816
f 3069/3620/818 3068/3621/819 3080/3622/819 3081/3623/818
f 3050/3585/820 3082/3624/820 3076/3613/814 3054/3589/814
f 3039/3625/819 3065/3626/812 3083/3627/812 3084/3628/819
f 3058/3616/816 3079/3619/816 3085/3629/821 3026/3561/821
f 3068/3621/819 3063/3609/812 3075/3612/812 3080/3622/819
f 3069/3620/818 3081/3623/818 3086/3630/822 3052/3587/822
f 3052/3587/822 3086/3630/822 3087/3631/823 3043/3578/823
f 3043/3578/823 3087/3631/823 3088/3632/824 3044/3579/824
f 3026/3561/821 3085/3629/821 3089/3633/825 3012/3547/825
f 3044/3579/824 3088/3632/824 3078/3618/817 3061/3617/817
f 3008/3634/826 3090/3635/826 3074/3611/813 3009/3610/813
f 3030/3565/816 3091/3636/816 3092/3637/821 3038/3573/821
f 3020/3555/815 3093/3638/815 3094/3639/826 3036/3571/826
f 3019/3554/814 3095/3640/814 3093/3638/815 3020/3555/815
f 3038/3573/821 3092/3637/821 3096/3641/825 3048/3583/825
f 3048/3583/825 3096/3641/825 3097/3642/827 3046/3581/827
f 3012/3547/825 3089/3633/825 3098/3643/827 3013/3548/827
f 3056/3591/823 3099/3644/823 3100/3645/824 3032/3567/824
f 3013/3548/827 3098/3643/827 3082/3624/820 3050/3585/820
f 3071/3606/822 3101/3646/822 3099/3644/823 3056/3591/823
f 3040/3575/818 3102/3647/818 3101/3646/822 3071/3606/822
f 3039/3625/819 3084/3628/819 3102/3647/818 3040/3575/818
f 3034/3569/820 3103/3648/820 3095/3640/814 3019/3554/814
f 3008/3634/826 3059/3615/815 3077/3614/815 3090/3635/826
f 3073/3608/813 3104/3649/813 3083/3627/812 3065/3626/812
f 3036/3571/826 3094/3639/826 3104/3649/813 3073/3608/813
f 3046/3581/827 3097/3642/827 3103/3648/820 3034/3569/820
f 3105/3650/828 3106/3651/829 3047/3582/830 3037/3572/831
f 3107/3652/832 3108/3653/833 3033/3568/834 3045/3580/835
f 3109/3654/836 3110/3655/837 3064/3599/838 3072/3607/839
f 3111/3656/804 3112/3657/805 3035/3570/806 3017/3552/807
f 3113/3658/840 3114/3659/841 3031/3566/842 3055/3590/843
f 3115/3660/844 3116/3661/845 3117/3662/846 3118/3663/847 3119/3664/848 3120/3665/849 3121/3666/850 3122/3667/851 3123/3668/852 3124/3669/853 3125/3670/854 3126/3671/855 3127/3672/856 3128/3673/857 3129/3674/858 3130/3675/859
f 3112/3657/805 3109/3654/836 3072/3607/839 3035/3570/806
f 3131/3676/860 3014/3549/804 3016/3551/807 3053/3588/861
f 3114/3659/841 3132/3677/862 3028/3563/863 3031/3566/842
f 3022/3557/809 3133/3678/864 3070/3605/865 3023/3558/810
f 3134/3679/866 3105/3650/828 3037/3572/831 3027/3562/867
f 3132/3677/862 3134/3679/866 3027/3562/867 3028/3563/863
f 3108/3653/833 3135/3680/860 3018/3553/861 3033/3568/834
f 3106/3651/829 3107/3652/832 3045/3580/835 3047/3582/830
f 3133/3678/864 3113/3658/840 3055/3590/843 3070/3605/865
f 3136/3681/837 3137/3682/808 3067/3602/811 3062/3597/838
f 3138/3683/866 3139/3684/828 3025/3560/831 3057/3592/867
f 3140/3685/841 3141/3686/862 3060/3595/863 3041/3576/842
f 3142/3687/840 3140/3685/841 3041/3576/842 3042/3577/843
f 3141/3686/862 3138/3683/866 3057/3592/867 3060/3595/863
f 3143/3688/809 3144/3689/864 3051/3586/865 3066/3601/810
f 3145/3690/829 3146/3691/832 3010/3545/835 3011/3546/830
f 3139/3684/828 3145/3690/829 3011/3546/830 3025/3560/831
f 3147/3692/844 3148/3693/845 3149/3694/846 3150/3695/847 3151/3696/848 3152/3697/849 3153/3698/850 3154/3699/851 3155/3700/852 3156/3701/853 3157/3702/854 3158/3703/855 3159/3704/856 3160/3705/857 3161/3706/858 3162/3707/859
f 3146/3691/832 3163/3708/833 3049/3584/834 3010/3545/835
f 3164/3709/836 3136/3681/837 3062/3597/838 3006/3541/839
f 3135/3680/860 3111/3656/804 3017/3552/807 3018/3553/861
f 3015/3550/805 3164/3709/836 3006/3541/839 3007/3542/806
f 3144/3689/864 3142/3687/840 3042/3577/843 3051/3586/865
f 3163/3708/833 3131/3676/860 3053/3588/861 3049/3584/834
f 2936/3445/785 2935/3444/785 3002/3535/802 3004/3539/802
f 3001/3533/785 3000/3532/785 3005/3540/802 3003/3537/802
f 3137/3682/808 3143/3688/809 3066/3601/810 3067/3602/811
f 2934/3710/868 17/17/868 20/20/868 24/3442/868
f 16/16/13 23/3453/13 9/9/13
f 3122/3667/851 3121/3666/850 3108/3653/833 3107/3652/832
f 3121/3666/850 3120/3665/849 3135/3680/860 3108/3653/833
f 3120/3665/849 3119/3664/848 3111/3656/804 3135/3680/860
f 3116/3661/845 3115/3660/844 3021/3556/808 3110/3655/837
f 3117/3662/846 3116/3661/845 3110/3655/837 3109/3654/836
f 3118/3663/847 3117/3662/846 3109/3654/836 3112/3657/805
f 3162/3707/859 3161/3706/858 3144/3689/864 3143/3688/809
f 3161/3706/858 3160/3705/857 3142/3687/840 3144/3689/864
f 3160/3705/857 3159/3704/856 3140/3685/841 3142/3687/840
f 3156/3701/853 3155/3700/852 3145/3690/829 3139/3684/828
f 3157/3702/854 3156/3701/853 3139/3684/828 3138/3683/866
f 3158/3703/855 3157/3702/854 3138/3683/866 3141/3686/862
f 3130/3675/859 3129/3674/858 3133/3678/864 3022/3557/809
f 3129/3674/858 3128/3673/857 3113/3658/840 3133/3678/864
f 3128/3673/857 3127/3672/856 3114/3659/841 3113/3658/840
f 3124/3669/853 3123/3668/852 3106/3651/829 3105/3650/828
f 3125/3670/854 3124/3669/853 3105/3650/828 3134/3679/866
f 3126/3671/855 3125/3670/854 3134/3679/866 3132/3677/862
f 3150/3695/847 3149/3694/846 3164/3709/836 3015/3550/805
f 3149/3694/846 3148/3693/845 3136/3681/837 3164/3709/836
f 3148/3693/845 3147/3692/844 3137/3682/808 3136/3681/837
f 3152/3697/849 3151/3696/848 3014/3549/804 3131/3676/860
f 3153/3698/850 3152/3697/849 3131/3676/860 3163/3708/833
f 3154/3699/851 3153/3698/850 3163/3708/833 3146/3691/832
f 3115/3660/844 3130/3675/859 3022/3557/809 3021/3556/808
f 3119/3664/848 3118/3663/847 3112/3657/805 3111/3656/804
f 3127/3672/856 3126/3671/855 3132/3677/862 3114/3659/841
f 3155/3700/852 3154/3699/851 3146/3691/832 3145/3690/829
f 3151/3696/848 3150/3695/847 3015/3550/805 3014/3549/804
f 3159/3704/856 3158/3703/855 3141/3686/862 3140/3685/841
f 3147/3692/844 3162/3707/859 3143/3688/809 3137/3682/808
f 3123/3668/852 3122/3667/851 3107/3652/832 3106/3651/829
f 3110/3655/837 3021/3556/808 3024/3559/811 3064/3599/838
f 9/9/869 23/3453/869 22/24/16 30/32/15
f 3165/3711/475 3166/3712/475 3167/3713/475 3168/3714/475
f 3168/3714/50 3167/3713/50 3169/3715/50 3170/3716/50
f 3170/3716/477 3169/3715/477 3171/3717/477 3172/3718/477
f 3172/3718/474 3171/3717/474 3173/3719/474 3174/3720/474
f 3174/3720/88 3173/3719/88 3175/3721/88 3176/3722/88
f 3176/3722/478 3175/3721/478 3166/3723/478 3165/3724/478
f 3165/3725/1 3168/3726/1 3170/3727/1 3172/3728/1 3174/3729/1 3176/3730/1
f 3177/3731/870 3178/3732/871 3179/3733/478 3180/3734/13
f 3181/3735/872 3182/3736/873 3183/3737/22 3184/3738/474
f 3185/3739/874 3186/3740/875 3187/3741/50 3188/3742/479
f 3189/3743/876 3177/3731/870 3180/3734/13 3190/3744/475
f 3191/3745/877 3181/3735/872 3184/3738/474 3192/3746/473
f 3193/3747/878 3194/3748/879 3195/3749/88 3196/3750/476
f 3197/3751/880 3185/3739/874 3188/3742/479 3198/3752/477
f 3199/3753/881 3189/3743/876 3190/3744/475 3200/3754/472
f 3194/3748/879 3191/3745/877 3192/3746/473 3195/3749/88
f 3178/3732/871 3193/3747/878 3196/3750/476 3179/3733/478
f 3182/3736/873 3197/3751/880 3198/3752/477 3183/3737/22
f 3186/3740/875 3199/3753/881 3200/3754/472 3187/3741/50
f 3201/3755/882 3202/3756/883 3203/3757/1
f 3204/3758/884 3205/3759/885 3206/3760/886 3207/3761/887
f 3207/3761/887 3206/3760/886 3194/3748/879 3193/3747/878
f 3193/3747/878 3178/3732/871 3208/3762/888 3207/3761/887
f 3207/3761/887 3208/3762/888 3209/3763/889 3204/3758/884
f 3178/3732/871 3177/3731/870 3210/3764/890 3208/3762/888
f 3208/3762/888 3210/3764/890 3211/3765/891 3209/3763/889
f 3177/3731/870 3189/3743/876 3212/3766/892 3210/3764/890
f 3210/3764/890 3212/3766/892 3213/3767/893 3211/3765/891
f 3189/3743/876 3199/3753/881 3214/3768/894 3212/3766/892
f 3212/3766/892 3214/3768/894 3215/3769/895 3213/3767/893
f 3199/3753/881 3186/3740/875 3216/3770/896 3214/3768/894
f 3214/3768/894 3216/3770/896 3217/3771/897 3215/3769/895
f 3186/3740/875 3185/3739/874 3218/3772/898 3216/3770/896
f 3216/3770/896 3218/3772/898 3219/3773/899 3217/3771/897
f 3185/3739/874 3197/3751/880 3220/3774/900 3218/3772/898
f 3218/3772/898 3220/3774/900 3201/3755/882 3219/3773/899
f 3197/3751/880 3182/3736/873 3221/3775/901 3220/3774/900
f 3220/3774/900 3221/3775/901 3202/3756/883 3201/3755/882
f 3182/3736/873 3181/3735/872 3222/3776/902 3221/3775/901
f 3221/3775/901 3222/3776/902 3223/3777/903 3202/3756/883
f 3181/3735/872 3191/3745/877 3224/3778/904 3222/3776/902
f 3222/3776/902 3224/3778/904 3225/3779/905 3223/3777/903
f 3191/3745/877 3194/3748/879 3206/3760/886 3224/3778/904
f 3224/3778/904 3206/3760/886 3205/3759/885 3225/3779/905
f 3203/3757/1 3223/3777/903 3225/3779/905
f 3202/3756/883 3223/3777/903 3203/3757/1
f 3203/3757/1 3213/3767/893 3215/3769/895
f 3215/3769/895 3217/3771/897 3203/3757/1
f 3217/3771/897 3219/3773/899 3203/3757/1
f 3219/3773/899 3201/3755/882 3203/3757/1
f 3225/3779/905 3205/3759/885 3203/3757/1
f 3205/3759/885 3204/3758/884 3203/3757/1
f 3204/3758/884 3209/3763/889 3203/3757/1
f 3209/3763/889 3211/3765/891 3203/3757/1
f 3211/3765/891 3213/3767/893 3203/3757/1
f 3190/3744/1 3226/3780/1 3227/3781/1 3200/3754/1
f 3200/3754/1 3227/3781/1 3228/3782/1 3187/3741/1
f 3187/3741/1 3228/3782/1 3229/3783/1 3188/3742/1
f 3188/3742/1 3229/3783/1 3230/3784/1 3198/3752/1
f 3198/3752/1 3230/3784/1 3231/3785/1 3183/3737/1
f 3183/3737/1 3231/3785/1 3232/3786/1 3184/3738/1
f 3184/3738/1 3232/3786/1 3233/3787/1 3192/3746/1
f 3192/3746/1 3233/3787/1 3234/3788/1 3195/3749/1
f 3195/3749/1 3234/3788/1 3235/3789/1 3196/3750/1
f 3196/3750/1 3235/3789/1 3236/3790/1 3179/3733/1
f 3179/3733/1 3236/3790/1 3237/3791/1 3180/3734/1
f 3180/3734/1 3237/3791/1 3226/3780/1 3190/3744/1
f 3229/3783/479 3228/3782/50 3238/3792/50 3239/3793/479
f 3236/3790/478 3235/3789/476 3240/3794/476 3241/3795/478
f 3228/3782/50 3227/3781/472 3242/3796/472 3238/3792/50
f 3237/3791/13 3236/3790/478 3241/3795/478 3243/3797/13
f 3226/3780/475 3237/3791/13 3243/3797/13 3244/3798/475
f 3230/3784/477 3229/3783/479 3239/3793/479 3245/3799/477
f 3232/3786/474 3231/3785/22 3246/3800/22 3247/3801/474
f 3235/3789/476 3234/3788/88 3248/3802/88 3240/3794/476
f 3227/3781/472 3226/3780/475 3244/3798/475 3242/3796/472
f 3233/3787/473 3232/3786/474 3247/3801/474 3249/3803/473
f 3234/3788/88 3233/3787/473 3249/3803/473 3248/3802/88
f 3231/3785/22 3230/3784/477 3245/3799/477 3246/3800/22
f 3250/3804/906 3251/3805/907 3252/3806/10
f 3238/3792/908 3242/3796/909 3253/3807/910 3254/3808/911
f 3254/3808/911 3253/3807/910 3255/3809/912 3256/3810/913
f 3247/3801/914 3246/3800/915 3257/3811/916 3258/3812/917
f 3258/3812/917 3257/3811/916 3259/3813/918 3251/3805/907
f 3249/3803/919 3247/3801/914 3258/3812/917 3260/3814/920
f 3260/3814/920 3258/3812/917 3251/3805/907 3250/3804/906
f 3239/3793/921 3238/3792/908 3254/3808/911 3261/3815/922
f 3261/3815/922 3254/3808/911 3256/3810/913 3262/3816/923
f 3244/3798/924 3243/3797/925 3263/3817/926 3264/3818/927
f 3264/3818/927 3263/3817/926 3265/3819/928 3266/3820/929
f 3242/3796/909 3244/3798/924 3264/3818/927 3253/3807/910
f 3253/3807/910 3264/3818/927 3266/3820/929 3255/3809/912
f 3246/3800/915 3245/3799/930 3267/3821/931 3257/3811/916
f 3257/3811/916 3267/3821/931 3268/3822/932 3259/3813/918
f 3243/3797/925 3241/3795/933 3269/3823/934 3263/3817/926
f 3263/3817/926 3269/3823/934 3270/3824/935 3265/3819/928
f 3240/3794/936 3248/3802/937 3271/3825/938 3272/3826/939
f 3272/3826/939 3271/3825/938 3273/3827/940 3274/3828/941
f 3248/3802/937 3249/3803/919 3260/3814/920 3271/3825/938
f 3271/3825/938 3260/3814/920 3250/3804/906 3273/3827/940
f 3241/3795/933 3240/3794/936 3272/3826/939 3269/3823/934
f 3269/3823/934 3272/3826/939 3274/3828/941 3270/3824/935
f 3245/3799/930 3239/3793/921 3261/3815/922 3267/3821/931
f 3267/3821/931 3261/3815/922 3262/3816/923 3268/3822/932
f 3275/3829/22 3276/3830/22 3277/3831/22 3278/3832/22 3279/3833/22 3280/3834/22 3281/3835/22 3282/3836/22 3283/3837/22 3284/3838/22 3285/3839/22 3286/3840/22 3287/3841/22 3288/3842/22 3289/3843/22 3290/3844/22
f 3262/3816/923 3252/3806/10 3268/3822/932
f 3251/3805/907 3259/3813/918 3252/3806/10
f 3252/3806/10 3265/3819/928 3270/3824/935
f 3270/3824/935 3274/3828/941 3252/3806/10
f 3274/3828/941 3273/3827/940 3252/3806/10
f 3273/3827/940 3250/3804/906 3252/3806/10
f 3262/3816/923 3256/3810/913 3252/3806/10
f 3256/3810/913 3255/3809/912 3252/3806/10
f 3255/3809/912 3266/3820/929 3252/3806/10
f 3266/3820/929 3265/3819/928 3252/3806/10
f 3252/3806/10 3259/3813/918 3268/3822/932
f 3291/3845/10 3292/3846/10 3293/3847/10 3294/3848/10 3295/3849/10 3296/3850/10
f 3297/3851/479 3298/3852/472 3295/3849/472 3294/3848/479
f 3299/3853/13 3300/3854/476 3291/3845/476 3296/3850/13
f 3300/3854/476 3301/3855/473 3292/3846/473 3291/3845/476
f 3302/3856/22 3297/3851/479 3294/3848/479 3293/3847/22
f 3298/3852/472 3299/3853/13 3296/3850/13 3295/3849/472
f 3301/3855/473 3302/3856/22 3293/3847/22 3292/3846/473
f 3303/3857/10 3304/3858/10 3305/3859/10 3306/3860/10 3307/3861/10 3308/3862/10
f 3309/3863/479 3310/3864/472 3307/3861/472 3306/3860/479
f 3311/3865/13 3312/3866/476 3303/3857/476 3308/3862/13
f 3312/3866/476 3313/3867/473 3304/3858/473 3303/3857/476
f 3314/3868/22 3309/3863/479 3306/3860/479 3305/3859/22
f 3310/3864/472 3311/3865/13 3308/3862/13 3307/3861/472
f 3313/3867/473 3314/3868/22 3305/3859/22 3304/3858/473
f 3315/3869/10 3316/3870/10 3317/3871/10 3318/3872/10 3319/3873/10 3320/3874/10
f 3321/3875/942 3322/3876/943 3319/3873/472 3318/3872/479
f 3323/3877/478 3324/3878/944 3315/3869/476 3320/3874/13 3325/3879/13
f 3324/3878/944 3326/3880/945 3316/3870/473 3315/3869/476
f 3327/3881/477 3321/3875/942 3318/3872/479 3317/3871/22 3328/3882/22
f 3322/3876/943 3323/3877/475 3325/3879/13 3320/3874/13 3319/3873/472
f 3326/3880/945 3327/3881/474 3328/3882/22 3317/3871/22 3316/3870/473
f 3329/3883/50 3330/3884/50 3331/3885/50 3332/3886/50
f 3325/3879/946 3332/3886/946 3333/3887/13 3323/3877/13
f 3325/3879/946 3334/3888/947 3329/3883/947 3332/3886/946
f 3334/3888/947 3335/3889/948 3330/3884/948 3329/3883/947
f 3335/3889/948 3328/3882/949 3331/3885/949 3330/3884/948
f 3332/3886/50 3331/3885/50 3336/3890/50 3333/3887/50
f 3331/3885/949 3328/3882/949 3327/3881/22 3336/3890/22
f 3337/3891/1 3338/3892/1 3339/3893/1 3340/3894/1
f 3338/3892/50 3337/3891/50 3341/3895/50 3342/3896/50
f 3341/3895/22 3337/3891/22 3343/3897/22 3344/3898/22 3345/3899/22
f 3338/3892/13 3342/3896/13 3346/3900/13 3347/3901/950 3348/3902/13
f 3342/3896/1 3341/3895/1 3345/3899/1 3346/3900/1
f 3344/3903/10 3347/3904/950 3349/3905/951 3350/3906/10
f 3351/3907/88 3352/3908/88 3350/3909/88 3349/3910/88
f 3347/3901/950 3346/3900/13 3351/3907/13 3349/3910/951
f 3345/3899/22 3344/3898/22 3350/3909/22 3352/3908/22
f 3346/3900/1 3345/3899/1 3352/3908/1 3351/3907/1
f 3347/3904/88 3344/3903/88 3343/3897/88 3348/3902/88
f 3340/3894/50 3339/3893/50 3353/3911/50 3354/3912/50
f 3348/3902/10 3343/3897/10 3355/3913/10 3356/3914/10
f 3354/3912/10 3353/3911/10 3356/3914/10 3355/3913/10
f 3343/3897/22 3337/3891/22 3355/3913/22
f 3348/3902/13 3356/3914/13 3338/3892/13
f 3338/3892/952 3356/3914/952 3353/3911/952 3339/3893/952
f 3337/3891/953 3340/3894/953 3354/3912/953 3355/3913/953
f 2800/3262/89 2697/3159/88 3357/3915/88 3358/3916/89
f 2814/3276/13 2806/3268/13 2805/3267/13 3359/3917/13 2815/3277/13
f 3360/3918/43 3361/3919/44 3362/3920/44 3363/3921/43
f 2815/3277/50 3359/3917/42 3364/3922/42 3365/3923/50
f 2697/3159/88 2696/3158/31 3366/3924/31 3357/3915/88
f 3359/3917/42 2805/3267/43 3367/3925/43 3364/3922/42
f 2696/3158/31 2695/3157/32 3368/3926/32 3366/3924/31
f 2805/3267/43 2804/3266/44 3369/3927/44 3367/3925/43
f 2695/3157/32 2809/3271/23 3370/3928/23 3368/3926/32
f 2804/3266/44 2803/3265/10 3371/3929/10 3369/3927/44
f 2808/3270/1 2812/3274/86 3372/3930/86 3373/3931/1
f 2809/3271/23 2808/3270/1 3373/3931/1 3370/3928/23
f 2803/3265/10 2813/3275/92 3374/3932/92 3371/3929/10
f 2812/3274/86 2811/3273/87 3375/3933/87 3372/3930/86
f 2813/3275/92 2801/3263/91 3376/3934/91 3374/3932/92
f 2811/3273/87 2816/3278/90 3377/3935/90 3375/3933/87
f 2801/3263/91 2800/3262/89 3358/3916/89 3376/3934/91
f 2816/3278/90 2815/3277/50 3365/3923/50 3377/3935/90
f 3378/3936/22 3379/3937/22 3373/3931/22 3372/3930/22
f 3380/3938/22 3378/3936/22 3372/3930/22 3375/3933/22
f 3381/3939/22 3380/3938/22 3375/3933/22 3377/3935/22
f 3382/3940/22 3381/3939/22 3377/3935/22 3365/3923/22
f 3383/3941/22 3382/3940/22 3365/3923/22 3364/3922/22
f 3384/3942/22 3383/3941/22 3364/3922/22 3367/3925/22
f 3385/3943/22 3384/3942/22 3367/3925/22 3369/3927/22
f 3386/3944/22 3385/3943/22 3369/3927/22 3371/3929/22
f 3387/3945/22 3386/3944/22 3371/3929/22 3374/3932/22
f 3388/3946/22 3387/3945/22 3374/3932/22 3376/3934/22
f 3389/3947/22 3388/3946/22 3376/3934/22 3358/3916/22
f 3390/3948/22 3389/3947/22 3358/3916/22 3357/3915/22
f 3391/3949/22 3390/3948/22 3357/3915/22 3366/3924/22
f 3360/3918/22 3391/3949/22 3366/3924/22 3368/3926/22
f 3361/3919/22 3360/3918/22 3368/3926/22 3370/3928/22
f 3379/3937/22 3361/3919/22 3370/3928/22 3373/3931/22
f 3392/3950/32 3393/3951/23 3394/3952/23 3395/3953/32
f 3385/3943/23 3386/3944/1 3396/3954/1 3397/3955/23
f 3379/3937/10 3378/3936/92 3398/3956/92 3399/3957/10
f 3361/3919/44 3379/3937/10 3399/3957/10 3362/3920/44
f 3386/3944/1 3387/3945/86 3400/3958/86 3396/3954/1
f 3378/3936/92 3380/3938/91 3401/3959/91 3398/3956/92
f 3387/3945/86 3388/3946/87 3402/3960/87 3400/3958/86
f 3380/3938/91 3381/3939/89 3403/3961/89 3401/3959/91
f 3388/3946/87 3389/3947/90 3404/3962/90 3402/3960/87
f 3381/3939/89 3382/3940/88 3405/3963/88 3403/3961/89
f 3389/3947/90 3390/3948/50 3406/3964/50 3404/3962/90
f 3382/3940/88 3383/3941/31 3407/3965/31 3405/3963/88
f 3390/3948/50 3391/3949/42 3408/3966/42 3406/3964/50
f 3383/3941/31 3384/3942/32 3409/3967/32 3407/3965/31
f 3391/3949/42 3360/3918/43 3363/3921/43 3408/3966/42
f 3384/3942/32 3385/3943/23 3397/3955/23 3409/3967/32
f 3410/3968/22 3411/3969/22 3399/3957/22 3398/3956/22
f 3412/3970/22 3410/3968/22 3398/3956/22 3401/3959/22
f 3413/3971/22 3412/3970/22 3401/3959/22 3403/3961/22
f 3414/3972/22 3413/3971/22 3403/3961/22 3405/3963/22
f 3415/3973/22 3414/3972/22 3405/3963/22 3407/3965/22
f 3416/3974/22 3415/3973/22 3407/3965/22 3409/3967/22
f 3417/3975/22 3416/3974/22 3409/3967/22 3397/3955/22
f 3418/3976/22 3417/3975/22 3397/3955/22 3396/3954/22
f 3419/3977/22 3418/3976/22 3396/3954/22 3400/3958/22
f 3420/3978/22 3419/3977/22 3400/3958/22 3402/3960/22
f 3421/3979/22 3420/3978/22 3402/3960/22 3404/3962/22
f 3422/3980/22 3421/3979/22 3404/3962/22 3406/3964/22
f 3423/3981/22 3422/3980/22 3406/3964/22 3408/3966/22
f 3392/3950/22 3423/3981/22 3408/3966/22 3363/3921/22
f 3393/3951/22 3392/3950/22 3363/3921/22 3362/3920/22
f 3411/3969/22 3393/3951/22 3362/3920/22 3399/3957/22
f 3424/3982/22 3425/3983/22 3426/3984/22 3427/3985/22 3428/3986/22 3429/3987/22 3430/3988/22 3431/3989/22 3432/3990/22 3433/3991/22 3434/3992/22 3435/3993/22 3436/3994/22 3437/3995/22 3395/3953/22 3394/3952/22
f 3417/3975/44 3418/3976/10 3432/3990/10 3431/3989/44
f 3411/3969/1 3410/3968/86 3425/3983/86 3424/3982/1
f 3393/3951/23 3411/3969/1 3424/3982/1 3394/3952/23
f 3418/3976/10 3419/3977/92 3433/3991/92 3432/3990/10
f 3410/3968/86 3412/3970/87 3426/3984/87 3425/3983/86
f 3419/3977/92 3420/3978/91 3434/3992/91 3433/3991/92
f 3412/3970/87 3413/3971/90 3427/3985/90 3426/3984/87
f 3420/3978/91 3421/3979/89 3435/3993/89 3434/3992/91
f 3413/3971/90 3414/3972/50 3428/3986/50 3427/3985/90
f 3421/3979/89 3422/3980/88 3436/3994/88 3435/3993/89
f 3414/3972/50 3415/3973/42 3429/3987/42 3428/3986/50
f 3422/3980/88 3423/3981/31 3437/3995/31 3436/3994/88
f 3415/3973/42 3416/3974/43 3430/3988/43 3429/3987/42
f 3423/3981/31 3392/3950/32 3395/3953/32 3437/3995/31
f 3416/3974/43 3417/3975/44 3431/3989/44 3430/3988/43
f 3438/3996/93 3439/3997/93 3440/3998/93 3441/3999/93
f 3441/3999/50 3440/3998/50 3442/4000/50 3443/4001/50
f 3443/4001/94 3442/4000/94 3444/4002/94 3445/4003/94
f 3445/4003/95 3444/4002/95 3446/4004/95 3447/4005/95
f 3447/4005/88 3446/4004/88 3448/4006/88 3449/4007/88
f 3449/4007/96 3448/4006/96 3439/4008/96 3438/4009/96
f 3438/4010/13 3441/4011/13 3443/4012/13 3445/4013/13 3447/4014/13 3449/4015/13
f 3450/4016/10 3451/4017/92 3452/4018/92 3453/4019/10
f 3454/4020/23 3455/4021/1 3456/4022/1 3457/4023/23
f 3458/4024/42 3459/4025/43 3460/4026/43 3461/4027/42
f 3462/4028/954 3454/4020/23 3457/4023/23 3463/4029/954
f 3464/4030/50 3458/4024/42 3461/4027/42 3465/4031/50
f 3466/4032/31 3462/4028/955 3463/4029/955 3467/4033/31
f 3468/4034/90 3464/4030/50 3465/4031/50 3469/4035/90
f 3470/4036/88 3466/4032/31 3467/4033/31 3471/4037/88
f 3472/4038/956 3468/4034/90 3469/4035/90 3473/4039/956
f 3474/4040/89 3470/4036/88 3471/4037/88 3475/4041/89
f 3476/4042/86 3472/4038/957 3473/4039/957 3477/4043/86
f 3478/4044/91 3474/4040/89 3475/4041/89 3479/4045/91
f 3455/4021/1 3476/4042/86 3477/4043/86 3456/4022/1
f 3480/4046/44 3450/4016/10 3453/4019/10 3481/4047/44
f 3451/4017/92 3478/4044/91 3479/4045/91 3452/4018/92
f 3459/4025/43 3480/4046/44 3481/4047/44 3460/4026/43
f 3475/4041/89 3471/4037/88 3482/4048/88 3483/4049/89
f 3278/3832/958 3277/3831/958 3484/4050/958 3485/4051/958
f 3484/4050/13 3486/4052/13 3487/4053/13 3488/4054/13 3489/4055/13 3490/4056/13 3491/4057/13 3492/4058/13 3493/4059/13 3494/4060/13 3495/4061/13 3496/4062/13 3497/4063/13 3498/4064/13 3499/4065/13 3485/4051/13
f 3285/3839/959 3284/3838/959 3494/4060/959 3493/4059/959
f 3275/3829/960 3290/3844/960 3488/4054/960 3487/4053/960
f 3284/3838/961 3283/3837/961 3495/4061/961 3494/4060/961
f 3290/3844/962 3289/3843/962 3489/4055/962 3488/4054/962
f 3283/3837/963 3282/3836/963 3496/4062/963 3495/4061/963
f 3289/3843/964 3288/3842/964 3490/4056/964 3489/4055/964
f 3282/3836/965 3281/3835/965 3497/4063/965 3496/4062/965
f 3288/3842/966 3287/3841/966 3491/4057/966 3490/4056/966
f 3281/3835/967 3280/3834/967 3498/4064/967 3497/4063/967
f 3287/3841/968 3286/3840/968 3492/4058/968 3491/4057/968
f 3280/3834/969 3279/3833/969 3499/4065/969 3498/4064/969
f 3286/3840/970 3285/3839/970 3493/4059/970 3492/4058/970
f 3277/3831/971 3276/3830/971 3486/4052/971 3484/4050/971
f 3279/3833/972 3278/3832/972 3485/4051/972 3499/4065/972
f 3276/3830/973 3275/3829/973 3487/4053/973 3486/4052/973
f 3500/4066/43 3501/4067/43 3502/4068/10 3503/4069/10
f 3504/4070/50 3505/4071/50 3501/4067/43 3500/4066/43
f 3506/4072/87 3507/4073/87 3505/4071/50 3504/4070/50
f 3508/4074/1 3509/4075/1 3507/4073/87 3506/4072/87
f 3510/4076/32 3511/4077/32 3509/4075/1 3508/4074/1
f 3512/4078/88 3513/4079/88 3511/4077/32 3510/4076/32
f 3514/4080/91 3515/4081/91 3513/4079/88 3512/4078/88
f 3503/4069/10 3502/4068/10 3515/4081/91 3514/4080/91
f 3516/4082/13 3503/4069/13 3514/4080/13 3517/4083/13 3518/4084/13
f 3519/4085/13 3500/4066/13 3503/4069/13 3516/4082/13 3520/4086/13
f 3521/4087/13 3504/4070/13 3500/4066/13 3519/4085/13 3522/4088/13
f 3523/4089/13 3506/4072/13 3504/4070/13 3521/4087/13 3524/4090/13
f 3525/4091/13 3508/4074/13 3506/4072/13 3523/4089/13 3526/4092/13
f 3527/4093/13 3510/4076/13 3508/4074/13 3525/4091/13 3528/4094/13
f 3529/4095/13 3512/4078/13 3510/4076/13 3527/4093/13 3530/4096/13
f 3517/4083/13 3514/4080/13 3512/4078/13 3529/4095/13 3531/4097/13
f 3532/4098/13 3533/4099/13 3534/4100/13 3535/4101/13 3536/4102/13 3537/4103/13 3538/4104/13 3539/4105/13 3540/4106/13 3541/4107/13 3542/4108/13 3543/4109/13 3544/4110/13 3545/4111/13 3546/4112/13 3547/4113/13
f 3548/4114/22 3549/4115/22 3550/4116/22 3551/4117/22 3552/4118/22 3553/4119/22 3554/4120/22 3555/4121/22 3556/4122/22 3557/4123/22 3558/4124/22 3559/4125/22 3560/4126/22 3561/4127/22 3562/4128/22 3563/4129/22
f 3539/4105/92 3538/4104/91 3558/4124/91 3557/4123/92
f 3547/4113/86 3546/4112/87 3550/4116/87 3549/4115/86
f 3540/4106/10 3539/4105/92 3557/4123/92 3556/4122/10
f 3533/4099/23 3532/4098/1 3548/4114/1 3563/4129/23
f 3532/4098/1 3547/4113/86 3549/4115/86 3548/4114/1
f 3541/4107/44 3540/4106/10 3556/4122/10 3555/4121/44
f 3534/4100/32 3533/4099/23 3563/4129/23 3562/4128/32
f 3542/4108/43 3541/4107/44 3555/4121/44 3554/4120/43
f 3535/4101/31 3534/4100/32 3562/4128/32 3561/4127/31
f 3543/4109/42 3542/4108/43 3554/4120/43 3553/4119/42
f 3536/4102/88 3535/4101/31 3561/4127/31 3560/4126/88
f 3544/4110/50 3543/4109/42 3553/4119/42 3552/4118/50
f 3537/4103/89 3536/4102/88 3560/4126/88 3559/4125/89
f 3545/4111/90 3544/4110/50 3552/4118/50 3551/4117/90
f 3538/4104/91 3537/4103/89 3559/4125/89 3558/4124/91
f 3546/4112/87 3545/4111/90 3551/4117/90 3550/4116/87
f 3564/4130/43 3565/4131/44 3480/4046/44 3459/4025/43
f 3566/4132/92 3567/4133/91 3478/4044/91 3451/4017/92
f 3565/4131/44 3568/4134/10 3450/4016/10 3480/4046/44
f 3569/4135/1 3570/4136/86 3476/4042/86 3455/4021/1
f 3567/4133/91 3571/4137/89 3474/4040/89 3478/4044/91
f 3570/4136/86 3572/4138/87 3472/4038/956 3476/4042/86
f 3571/4137/89 3573/4139/88 3470/4036/88 3474/4040/89
f 3572/4138/87 3574/4140/90 3468/4034/90 3472/4038/956
f 3573/4139/88 3575/4141/31 3466/4032/31 3470/4036/88
f 3574/4140/90 3576/4142/50 3464/4030/50 3468/4034/90
f 3575/4141/31 3577/4143/32 3462/4028/955 3466/4032/31
f 3576/4142/50 3578/4144/42 3458/4024/42 3464/4030/50
f 3577/4143/32 3579/4145/23 3454/4020/23 3462/4028/955
f 3578/4144/42 3564/4130/43 3459/4025/43 3458/4024/42
f 3579/4145/23 3569/4135/1 3455/4021/1 3454/4020/23
f 3568/4134/10 3566/4132/92 3451/4017/92 3450/4016/10
f 3462/4028/50 3463/4029/50 3580/4146/50 3581/4147/50
f 3473/4039/88 3472/4038/88 3582/4148/88 3583/4149/88
f 3472/4038/22 3476/4042/22 3455/4021/22 3454/4020/22 3462/4028/22 3581/4147/22 3582/4148/22
f 3463/4029/13 3457/4023/13 3456/4022/13 3477/4043/13 3473/4039/13 3583/4149/13 3580/4146/13
f 3584/4150/22 3585/4151/22 3586/4152/22 3483/4049/22 3482/4048/22 3587/4153/22 3588/4154/22 3589/4155/22 3590/4156/22 3591/4157/22 3592/4158/22 3593/4159/22 3594/4160/22 3595/4161/22 3596/4162/22 3597/4163/22
f 3473/4039/956 3469/4035/90 3593/4159/90 3592/4158/87
f 3479/4045/91 3475/4041/89 3483/4049/89 3586/4152/91
f 3477/4043/86 3473/4039/956 3592/4158/87 3591/4157/86
f 3452/4018/92 3479/4045/91 3586/4152/91 3585/4151/92
f 3456/4022/1 3477/4043/86 3591/4157/86 3590/4156/1
f 3481/4047/44 3453/4019/10 3584/4150/10 3597/4163/44
f 3453/4019/10 3452/4018/92 3585/4151/92 3584/4150/10
f 3457/4023/23 3456/4022/1 3590/4156/1 3589/4155/23
f 3460/4026/43 3481/4047/44 3597/4163/44 3596/4162/43
f 3463/4029/955 3457/4023/23 3589/4155/23 3588/4154/32
f 3461/4027/42 3460/4026/43 3596/4162/43 3595/4161/42
f 3467/4033/31 3463/4029/955 3588/4154/32 3587/4153/31
f 3465/4031/50 3461/4027/42 3595/4161/42 3594/4160/50
f 3471/4037/88 3467/4033/31 3587/4153/31 3482/4048/88
f 3469/4035/90 3465/4031/50 3594/4160/50 3593/4159/90
f 3516/4082/10 3518/4084/92 3598/4164/92 3599/4165/10
f 3528/4094/23 3525/4091/1 3600/4166/1 3601/4167/23
f 3522/4088/42 3519/4085/43 3602/4168/43 3603/4169/42
f 3527/4093/32 3528/4094/23 3601/4167/23 3604/4170/32
f 3521/4087/50 3522/4088/42 3603/4169/42 3605/4171/50
f 3530/4096/31 3527/4093/32 3604/4170/32 3606/4172/31
f 3524/4090/90 3521/4087/50 3605/4171/50 3607/4173/90
f 3529/4095/88 3530/4096/31 3606/4172/31 3608/4174/88
f 3523/4089/87 3524/4090/90 3607/4173/90 3609/4175/87
f 3531/4097/89 3529/4095/88 3608/4174/88 3610/4176/89
f 3526/4092/86 3523/4089/87 3609/4175/87 3611/4177/86
f 3517/4083/91 3531/4097/89 3610/4176/89 3612/4178/91
f 3525/4091/1 3526/4092/86 3611/4177/86 3600/4166/1
f 3520/4086/44 3516/4082/10 3599/4165/10 3613/4179/44
f 3518/4084/92 3517/4083/91 3612/4178/91 3598/4164/92
f 3519/4085/43 3520/4086/44 3613/4179/44 3602/4168/43
f 3564/4130/13 3565/4131/13 3614/4180/13 3615/4181/13
f 3608/4174/13 3606/4172/13 3616/4182/13 3617/4183/13
f 3578/4144/13 3564/4130/13 3615/4181/13 3618/4184/13
f 3609/4175/13 3607/4173/13 3619/4185/13 3620/4186/13
f 3577/4143/13 3579/4145/13 3621/4187/13 3622/4188/13
f 3610/4176/13 3608/4174/13 3617/4183/13 3623/4189/13
f 3576/4142/13 3578/4144/13 3618/4184/13 3624/4190/13
f 3611/4177/13 3609/4175/13 3620/4186/13 3625/4191/13
f 3575/4141/13 3577/4143/13 3622/4188/13 3626/4192/13
f 3612/4178/13 3610/4176/13 3623/4189/13 3627/4193/13
f 3574/4140/13 3576/4142/13 3624/4190/13 3628/4194/13
f 3600/4166/13 3611/4177/13 3625/4191/13 3629/4195/13
f 3573/4139/13 3575/4141/13 3626/4192/13 3630/4196/13
f 3613/4179/13 3599/4165/13 3631/4197/13 3632/4198/13
f 3572/4138/13 3574/4140/13 3628/4194/13 3633/4199/13
f 3599/4165/13 3598/4164/13 3634/4200/13 3631/4197/13
f 3598/4164/13 3612/4178/13 3627/4193/13 3634/4200/13
f 3571/4137/13 3573/4139/13 3630/4196/13 3635/4201/13
f 3601/4167/13 3600/4166/13 3629/4195/13 3636/4202/13
f 3602/4168/13 3613/4179/13 3632/4198/13 3637/4203/13
f 3570/4136/13 3572/4138/13 3633/4199/13 3638/4204/13
f 3603/4169/13 3602/4168/13 3637/4203/13 3639/4205/13
f 3567/4133/13 3571/4137/13 3635/4201/13 3640/4206/13
f 3604/4170/13 3601/4167/13 3636/4202/13 3641/4207/13
f 3569/4135/13 3570/4136/13 3638/4204/13 3642/4208/13
f 3605/4171/13 3603/4169/13 3639/4205/13 3643/4209/13
f 3565/4131/13 3568/4134/13 3644/4210/13 3614/4180/13
f 3606/4172/13 3604/4170/13 3641/4207/13 3616/4182/13
f 3568/4134/13 3566/4132/13 3645/4211/13 3644/4210/13
f 3566/4132/13 3567/4133/13 3640/4206/13 3645/4211/13
f 3607/4173/13 3605/4171/13 3643/4209/13 3619/4185/13
f 3579/4145/13 3569/4135/13 3642/4208/13 3621/4187/13
f 3644/4210/10 3614/4180/44 3632/4198/44 3631/4197/10
f 3614/4180/44 3615/4181/43 3637/4203/43 3632/4198/44
f 3615/4181/43 3618/4184/42 3639/4205/42 3637/4203/43
f 3618/4184/42 3624/4190/50 3643/4209/50 3639/4205/42
f 3624/4190/50 3628/4194/90 3619/4185/90 3643/4209/50
f 3628/4194/90 3633/4199/87 3620/4186/87 3619/4185/90
f 3633/4199/87 3638/4204/86 3625/4191/86 3620/4186/87
f 3638/4204/86 3642/4208/1 3629/4195/1 3625/4191/86
f 3642/4208/1 3621/4187/23 3636/4202/23 3629/4195/1
f 3621/4187/23 3622/4188/32 3641/4207/32 3636/4202/23
f 3622/4188/32 3626/4192/31 3616/4182/31 3641/4207/32
f 3626/4192/31 3630/4196/88 3617/4183/88 3616/4182/31
f 3630/4196/88 3635/4201/89 3623/4189/89 3617/4183/88
f 3635/4201/89 3640/4206/91 3627/4193/91 3623/4189/89
f 3640/4206/91 3645/4211/92 3634/4200/92 3627/4193/91
f 3645/4211/92 3644/4210/10 3631/4197/10 3634/4200/92
f 3646/4212/974 3647/4213/974 3648/4214/974 3649/4215/974 3650/4216/974 3651/4217/974 3652/4218/975 3653/4219/975
f 3654/4220/976 3655/4221/976 3656/4222/976 3657/4223/976 3658/4224/976 3659/4225/976 3660/4226/977 3661/4227/977
f 3662/4228/978 3663/4229/978 3664/4230/978 3665/4231/978 3666/4232/978 3667/4233/978 3668/4234/979 3669/4235/979
f 3670/4236/980 3671/4237/980 3672/4238/980 3673/4239/980 3674/4240/980 3675/4241/980 3676/4242/981 3677/4243/981
f 3678/4244/982 3679/4245/982 3680/4246/982 3681/4247/982 3682/4248/982 3683/4249/982 3684/4250/982 3685/4251/982
f 3686/4252/983 3687/4253/983 3688/4254/983 3689/4255/983 3690/4256/983 3691/4257/983 3692/4258/984 3693/4259/984
f 3694/4260/985 3695/4261/985 3696/4262/985 3697/4263/985 3698/4264/985 3699/4265/985 3700/4266/986 3701/4267/986
f 3702/4268/987 3701/4267/986 3700/4266/986 3703/4269/987 3704/4270/987
f 3705/4271/988 3661/4227/977 3660/4226/977 3706/4272/988 3707/4273/988
f 3708/4274/989 3709/4275/990 3710/4276/990 3711/4277/989 3712/4278/989
f 3713/4279/991 3693/4259/984 3692/4258/984 3714/4280/991 3715/4281/991
f 3716/4282/992 3669/4235/979 3668/4234/979 3717/4283/992 3718/4284/992
f 3719/4285/993 3677/4243/981 3676/4242/981 3720/4286/993 3721/4287/993
f 3722/4288/994 3653/4219/975 3652/4218/975 3723/4289/994 3724/4290/994
f 3725/4291/995 3726/4292/995 3727/4293/995 3728/4294/995 3729/4295/995 3730/4296/995 3710/4276/990 3709/4275/990
f 1686/1975/10 1679/1968/10 1696/1985/10
f 1677/1966/10 1695/1984/10 1644/1929/10
f 2864/3326/91 2865/3327/89 3731/4297/89 3732/4298/91
f 2872/3334/87 2873/3335/90 3733/4299/90 3734/4300/87
f 2865/3327/89 2866/3328/88 3735/4301/88 3731/4297/89
f 2873/3335/90 2874/3336/50 3736/4302/50 3733/4299/90
f 2866/3328/88 2867/3329/31 3737/4303/31 3735/4301/88
f 2874/3336/50 2875/3337/42 3738/4304/42 3736/4302/50
f 2867/3329/31 2868/3330/32 3739/4305/32 3737/4303/31
f 2875/3337/42 2876/3338/43 3740/4306/43 3738/4304/42
f 2868/3330/32 2869/3331/23 3741/4307/23 3739/4305/32
f 2876/3338/43 2877/3339/44 3742/4308/44 3740/4306/43
f 2869/3331/23 2870/3332/1 3743/4309/1 3741/4307/23
f 2863/3325/10 2862/3324/92 3744/4310/92 3745/4311/10
f 2877/3339/44 2863/3325/10 3745/4311/10 3742/4308/44
f 2870/3332/1 2871/3333/86 3746/4312/86 3743/4309/1
f 2862/3324/92 2864/3326/91 3732/4298/91 3744/4310/92
f 2871/3333/86 2872/3334/87 3734/4300/87 3746/4312/86
f 2428/2849/650 2452/2878/996 2422/2843/647
f 2434/2857/997 2422/2843/647 2452/2878/996
f 2400/2821/640 2405/2826/643 2450/2876/998
f 2450/2876/998 2405/2826/643 2433/2856/999
f 2422/2843/647 2434/2857/997 2433/2856/999 2405/2826/643
f 2779/3241/10 2778/3240/92 2822/3284/92 2817/3279/10
f 2780/3242/91 2781/3243/89 2826/3288/89 2821/3283/91
f 2782/3244/88 2783/3245/31 2829/3291/31 2825/3287/88
f 2774/3236/710 2784/3246/86 2824/3286/86 2775/3237/710
f 2785/3247/87 2786/3248/90 2828/3290/90 2823/3285/87
f 2787/3249/50 2788/3250/42 2831/3293/42 2827/3289/50
f 2789/3251/43 2790/3252/44 2818/3280/44 2830/3292/43
f 3747/4313/1000 3748/4314/1000 3749/4315/1000 3750/4316/1000
f 3751/4317/1000 3752/4318/1000 3753/4319/1000 3754/4320/1000
f 3755/4321/1001 3756/4322/1001 3757/4323/1001 3758/4324/1001
f 3759/4325/1001 3760/4326/1001 3761/4327/1001 3762/4328/1001
f 3763/4329/1002 3764/4330/1002 3765/4331/1002 3766/4332/1002
f 3767/4333/1003 3768/4334/1003 3769/4335/1003 3770/4336/1003
f 3029/3564/817 3771/4337/817 3091/3636/816 3030/3565/816
f 3032/3567/824 3100/3645/824 3771/4337/817 3029/3564/817
f 3772/4338/1004 3773/4339/1005 3774/4340/1006 3775/4341/1007
f 3776/4342/1008 3777/4343/1009 3773/4339/1005 3772/4338/1004
f 3778/4344/1010 3779/4345/1011 3777/4343/1009 3776/4342/1008
f 3780/4346/1012 3781/4347/1013 3779/4345/1011 3778/4344/1010
f 3782/4348/1014 3783/4349/1015 3781/4347/1013 3780/4346/1012
f 3784/4350/1016 3785/4351/1017 3783/4349/1015 3782/4348/1014
f 3786/4352/1018 3787/4353/1019 3785/4351/1017 3784/4350/1016
f 3788/4354/1020 3789/4355/1021 3787/4353/1019 3786/4352/1018
f 3790/4356/1022 3791/4357/1023 3789/4355/1021 3788/4354/1020
f 3792/4358/1024 3793/4359/1025 3791/4357/1023 3790/4356/1022
f 3794/4360/1026 3795/4361/1027 3793/4359/1025 3792/4358/1024
f 3775/4341/1007 3774/4340/1006 3795/4361/1027 3794/4360/1026
f 3773/4339/1005 3796/4362/1028 3797/4363/1029 3774/4340/1006
f 3777/4343/1009 3798/4364/1030 3796/4362/1028 3773/4339/1005
f 3779/4345/1011 3799/4365/1031 3798/4364/1030 3777/4343/1009
f 3781/4347/1013 3800/4366/1032 3799/4365/1031 3779/4345/1011
f 3783/4349/1015 3801/4367/1033 3800/4366/1032 3781/4347/1013
f 3785/4351/1017 3802/4368/1034 3801/4367/1033 3783/4349/1015
f 3787/4353/1019 3803/4369/1035 3802/4368/1034 3785/4351/1017
f 3789/4355/1021 3804/4370/1036 3803/4369/1035 3787/4353/1019
f 3791/4357/1023 3805/4371/1037 3804/4370/1036 3789/4355/1021
f 3793/4359/1025 3806/4372/1038 3805/4371/1037 3791/4357/1023
f 3795/4361/1027 3807/4373/1039 3806/4372/1038 3793/4359/1025
f 3774/4340/1006 3797/4363/1029 3807/4373/1039 3795/4361/1027
f 3796/4362/1028 3808/4374/1040 3809/4375/1041 3797/4363/1029
f 3798/4364/1030 3810/4376/1042 3808/4374/1040 3796/4362/1028
f 3799/4365/1031 3811/4377/951 3810/4376/1042 3798/4364/1030
f 3800/4366/1032 3812/4378/1043 3811/4377/951 3799/4365/1031
f 3801/4367/1033 3813/4379/1044 3812/4378/1043 3800/4366/1032
f 3802/4368/1034 3814/4380/1045 3813/4379/1044 3801/4367/1033
f 3803/4369/1035 3815/4381/1046 3814/4380/1045 3802/4368/1034
f 3804/4370/1036 3816/4382/1047 3815/4381/1046 3803/4369/1035
f 3805/4371/1037 3817/4383/1048 3816/4382/1047 3804/4370/1036
f 3806/4372/1038 3818/4384/1049 3817/4383/1048 3805/4371/1037
f 3807/4373/1039 3819/4385/1050 3818/4384/1049 3806/4372/1038
f 3797/4363/1029 3809/4375/1041 3819/4385/1050 3807/4373/1039
f 3808/4374/1040 3820/4386/1051 3821/4387/1052 3809/4375/1041
f 3810/4376/1042 3822/4388/1053 3820/4386/1051 3808/4374/1040
f 3811/4377/951 3823/4389/1054 3822/4388/1053 3810/4376/1042
f 3812/4378/1043 3824/4390/1055 3823/4389/1054 3811/4377/951
f 3813/4379/1044 3825/4391/1056 3824/4390/1055 3812/4378/1043
f 3814/4380/1045 3826/4392/1057 3825/4391/1056 3813/4379/1044
f 3815/4381/1046 3827/4393/1058 3826/4392/1057 3814/4380/1045
f 3816/4382/1047 3828/4394/1059 3827/4393/1058 3815/4381/1046
f 3817/4383/1048 3829/4395/1060 3828/4394/1059 3816/4382/1047
f 3818/4384/1049 3830/4396/1061 3829/4395/1060 3817/4383/1048
f 3819/4385/1050 3831/4397/1062 3830/4396/1061 3818/4384/1049
f 3809/4375/1041 3821/4387/1052 3831/4397/1062 3819/4385/1050
f 3820/4386/1051 3832/4398/1063 3833/4399/1064 3821/4387/1052
f 3822/4388/1053 3834/4400/1065 3832/4398/1063 3820/4386/1051
f 3823/4389/1054 3835/4401/1066 3834/4400/1065 3822/4388/1053
f 3824/4390/1055 3836/4402/1067 3835/4401/1066 3823/4389/1054
f 3825/4391/1056 3837/4403/1068 3836/4402/1067 3824/4390/1055
f 3826/4392/1057 3838/4404/1069 3837/4403/1068 3825/4391/1056
f 3827/4393/1058 3839/4405/1070 3838/4404/1069 3826/4392/1057
f 3828/4394/1059 3840/4406/1071 3839/4405/1070 3827/4393/1058
f 3829/4395/1060 3841/4407/1072 3840/4406/1071 3828/4394/1059
f 3830/4396/1061 3842/4408/1073 3841/4407/1072 3829/4395/1060
f 3831/4397/1062 3843/4409/1074 3842/4408/1073 3830/4396/1061
f 3821/4387/1052 3833/4399/1064 3843/4409/1074 3831/4397/1062
f 3832/4398/1063 3844/4410/1075 3845/4411/1076 3833/4399/1064
f 3834/4400/1065 3846/4412/1077 3844/4410/1075 3832/4398/1063
f 3835/4401/1066 3847/4413/1078 3846/4412/1077 3834/4400/1065
f 3836/4402/1067 3848/4414/1079 3847/4413/1078 3835/4401/1066
f 3837/4403/1068 3849/4415/1080 3848/4414/1079 3836/4402/1067
f 3838/4404/1069 3850/4416/1081 3849/4415/1080 3837/4403/1068
f 3839/4405/1070 3851/4417/1082 3850/4416/1081 3838/4404/1069
f 3840/4406/1071 3852/4418/1083 3851/4417/1082 3839/4405/1070
f 3841/4407/1072 3853/4419/1084 3852/4418/1083 3840/4406/1071
f 3842/4408/1073 3854/4420/1085 3853/4419/1084 3841/4407/1072
f 3843/4409/1074 3855/4421/1086 3854/4420/1085 3842/4408/1073
f 3833/4399/1064 3845/4411/1076 3855/4421/1086 3843/4409/1074
f 3844/4410/1075 3856/4422/1087 3857/4423/1088 3845/4411/1076
f 3846/4412/1077 3858/4424/1089 3856/4422/1087 3844/4410/1075
f 3847/4413/1078 3859/4425/1090 3858/4424/1089 3846/4412/1077
f 3848/4414/1079 3860/4426/1091 3859/4425/1090 3847/4413/1078
f 3849/4415/1080 3861/4427/1092 3860/4426/1091 3848/4414/1079
f 3850/4416/1081 3862/4428/1093 3861/4427/1092 3849/4415/1080
f 3851/4417/1082 3863/4429/1094 3862/4428/1093 3850/4416/1081
f 3852/4418/1083 3864/4430/1095 3863/4429/1094 3851/4417/1082
f 3853/4419/1084 3865/4431/1096 3864/4430/1095 3852/4418/1083
f 3854/4420/1085 3866/4432/1097 3865/4431/1096 3853/4419/1084
f 3855/4421/1086 3867/4433/1098 3866/4432/1097 3854/4420/1085
f 3845/4411/1076 3857/4423/1088 3867/4433/1098 3855/4421/1086
f 3856/4422/1087 3868/4434/1099 3869/4435/1100 3857/4423/1088
f 3858/4424/1089 3870/4436/1101 3868/4434/1099 3856/4422/1087
f 3859/4425/1090 3871/4437/1102 3870/4436/1101 3858/4424/1089
f 3860/4426/1091 3872/4438/1103 3871/4437/1102 3859/4425/1090
f 3861/4427/1092 3873/4439/1104 3872/4438/1103 3860/4426/1091
f 3862/4428/1093 3874/4440/1105 3873/4439/1104 3861/4427/1092
f 3863/4429/1094 3875/4441/1106 3874/4440/1105 3862/4428/1093
f 3864/4430/1095 3876/4442/1107 3875/4441/1106 3863/4429/1094
f 3865/4431/1096 3877/4443/1108 3876/4442/1107 3864/4430/1095
f 3866/4432/1097 3878/4444/1109 3877/4443/1108 3865/4431/1096
f 3867/4433/1098 3879/4445/1110 3878/4444/1109 3866/4432/1097
f 3857/4423/1088 3869/4435/1100 3879/4445/1110 3867/4433/1098
f 3880/4446/1111 3881/4447/1112 3882/4448/1113 3883/4449/1114
f 3884/4450/1115 3885/4451/1116 3881/4447/1112 3880/4446/1111
f 3886/4452/1117 3887/4453/1118 3885/4451/1116 3884/4450/1115
f 3888/4454/1119 3889/4455/1120 3887/4453/1118 3886/4452/1117
f 3890/4456/1121 3891/4457/1122 3889/4455/1120 3888/4454/1119
f 3892/4458/1123 3893/4459/1124 3891/4457/1122 3890/4456/1121
f 3894/4460/1125 3895/4461/1126 3893/4459/1124 3892/4458/1123
f 3896/4462/1127 3897/4463/1128 3895/4461/1126 3894/4460/1125
f 3898/4464/1129 3899/4465/1130 3897/4463/1128 3896/4462/1127
f 3900/4466/1131 3901/4467/1132 3899/4465/1130 3898/4464/1129
f 3902/4468/1133 3903/4469/1134 3901/4467/1132 3900/4466/1131
f 3883/4449/1114 3882/4448/1113 3903/4469/1134 3902/4468/1133
f 3881/4447/1112 3904/4470/1135 3905/4471/1136 3882/4448/1113
f 3885/4451/1116 3906/4472/1137 3904/4470/1135 3881/4447/1112
f 3887/4453/1118 3907/4473/1138 3906/4472/1137 3885/4451/1116
f 3889/4455/1120 3908/4474/1139 3907/4473/1138 3887/4453/1118
f 3891/4457/1122 3909/4475/1140 3908/4474/1139 3889/4455/1120
f 3893/4459/1124 3910/4476/1141 3909/4475/1140 3891/4457/1122
f 3895/4461/1126 3911/4477/1142 3910/4476/1141 3893/4459/1124
f 3897/4463/1128 3912/4478/1143 3911/4477/1142 3895/4461/1126
f 3899/4465/1130 3913/4479/1144 3912/4478/1143 3897/4463/1128
f 3901/4467/1132 3914/4480/1145 3913/4479/1144 3899/4465/1130
f 3903/4469/1134 3915/4481/1146 3914/4480/1145 3901/4467/1132
f 3882/4448/1113 3905/4471/1136 3915/4481/1146 3903/4469/1134
f 3904/4470/1135 3916/4482/1147 3917/4483/1148 3905/4471/1136
f 3906/4472/1137 3918/4484/1149 3916/4482/1147 3904/4470/1135
f 3907/4473/1138 3919/4485/1150 3918/4484/1149 3906/4472/1137
f 3908/4474/1139 3920/4486/1151 3919/4485/1150 3907/4473/1138
f 3909/4475/1140 3921/4487/1152 3920/4486/1151 3908/4474/1139
f 3910/4476/1141 3922/4488/1153 3921/4487/1152 3909/4475/1140
f 3911/4477/1142 3923/4489/1154 3922/4488/1153 3910/4476/1141
f 3912/4478/1143 3924/4490/1155 3923/4489/1154 3911/4477/1142
f 3913/4479/1144 3925/4491/1156 3924/4490/1155 3912/4478/1143
f 3914/4480/1145 3926/4492/1157 3925/4491/1156 3913/4479/1144
f 3915/4481/1146 3927/4493/1158 3926/4492/1157 3914/4480/1145
f 3905/4471/1136 3917/4483/1148 3927/4493/1158 3915/4481/1146
f 3916/4482/1147 3928/4494/1159 3929/4495/1160 3917/4483/1148
f 3918/4484/1149 3930/4496/1161 3928/4494/1159 3916/4482/1147
f 3919/4485/1150 3931/4497/1162 3930/4496/1161 3918/4484/1149
f 3920/4486/1151 3932/4498/1163 3931/4497/1162 3919/4485/1150
f 3921/4487/1152 3933/4499/1164 3932/4498/1163 3920/4486/1151
f 3922/4488/1153 3934/4500/1165 3933/4499/1164 3921/4487/1152
f 3923/4489/1154 3935/4501/1166 3934/4500/1165 3922/4488/1153
f 3924/4490/1155 3936/4502/1167 3935/4501/1166 3923/4489/1154
f 3925/4491/1156 3937/4503/1168 3936/4502/1167 3924/4490/1155
f 3926/4492/1157 3938/4504/1169 3937/4503/1168 3925/4491/1156
f 3927/4493/1158 3939/4505/1170 3938/4504/1169 3926/4492/1157
f 3917/4483/1148 3929/4495/1160 3939/4505/1170 3927/4493/1158
f 3928/4494/1159 3940/4506/1171 3941/4507/1172 3929/4495/1160
f 3930/4496/1161 3942/4508/1173 3940/4506/1171 3928/4494/1159
f 3931/4497/1162 3943/4509/1174 3942/4508/1173 3930/4496/1161
f 3932/4498/1163 3944/4510/1175 3943/4509/1174 3931/4497/1162
f 3933/4499/1164 3945/4511/1176 3944/4510/1175 3932/4498/1163
f 3934/4500/1165 3946/4512/1177 3945/4511/1176 3933/4499/1164
f 3935/4501/1166 3947/4513/1178 3946/4512/1177 3934/4500/1165
f 3936/4502/1167 3948/4514/1179 3947/4513/1178 3935/4501/1166
f 3937/4503/1168 3949/4515/1180 3948/4514/1179 3936/4502/1167
f 3938/4504/1169 3950/4516/1181 3949/4515/1180 3937/4503/1168
f 3939/4505/1170 3951/4517/1182 3950/4516/1181 3938/4504/1169
f 3929/4495/1160 3941/4507/1172 3951/4517/1182 3939/4505/1170
f 3940/4506/1171 3952/4518/1183 3953/4519/1184 3941/4507/1172
f 3942/4508/1173 3954/4520/1185 3952/4518/1183 3940/4506/1171
f 3943/4509/1174 3955/4521/1186 3954/4520/1185 3942/4508/1173
f 3944/4510/1175 3956/4522/1187 3955/4521/1186 3943/4509/1174
f 3945/4511/1176 3957/4523/1188 3956/4522/1187 3944/4510/1175
f 3946/4512/1177 3958/4524/1189 3957/4523/1188 3945/4511/1176
f 3947/4513/1178 3959/4525/1190 3958/4524/1189 3946/4512/1177
f 3948/4514/1179 3960/4526/1191 3959/4525/1190 3947/4513/1178
f 3949/4515/1180 3961/4527/1192 3960/4526/1191 3948/4514/1179
f 3950/4516/1181 3962/4528/1193 3961/4527/1192 3949/4515/1180
f 3951/4517/1182 3963/4529/1194 3962/4528/1193 3950/4516/1181
f 3941/4507/1172 3953/4519/1184 3963/4529/1194 3951/4517/1182
f 3952/4518/1183 3964/4530/1195 3965/4531/1196 3953/4519/1184
f 3954/4520/1185 3966/4532/1197 3964/4530/1195 3952/4518/1183
f 3955/4521/1186 3967/4533/1198 3966/4532/1197 3954/4520/1185
f 3956/4522/1187 3968/4534/1199 3967/4533/1198 3955/4521/1186
f 3957/4523/1188 3969/4535/1200 3968/4534/1199 3956/4522/1187
f 3958/4524/1189 3970/4536/1201 3969/4535/1200 3957/4523/1188
f 3959/4525/1190 3971/4537/1202 3970/4536/1201 3958/4524/1189
f 3960/4526/1191 3972/4538/1203 3971/4537/1202 3959/4525/1190
f 3961/4527/1192 3973/4539/1204 3972/4538/1203 3960/4526/1191
f 3962/4528/1193 3974/4540/1205 3973/4539/1204 3961/4527/1192
f 3963/4529/1194 3975/4541/1206 3974/4540/1205 3962/4528/1193
f 3953/4519/1184 3965/4531/1196 3975/4541/1206 3963/4529/1194
f 3976/4542/180 3977/4543/180 3978/4544/50 3979/4545/50
f 3980/4546/93 3981/4547/93 3977/4543/180 3976/4542/180
f 3982/4548/10 3983/4549/10 3981/4547/93 3980/4546/93
f 3984/4550/96 3985/4551/96 3983/4549/10 3982/4548/10
f 3986/4552/301 3987/4553/301 3985/4551/96 3984/4550/96
f 3988/4554/88 3989/4555/88 3987/4553/301 3986/4552/301
f 3990/4556/178 3991/4557/178 3989/4555/88 3988/4554/88
f 3992/4558/95 3993/4559/95 3991/4557/178 3990/4556/178
f 3994/4560/1 3995/4561/1 3993/4559/95 3992/4558/95
f 3996/4562/94 3997/4563/94 3995/4561/1 3994/4560/1
f 3998/4564/302 3999/4565/302 3997/4563/94 3996/4562/94
f 3979/4545/50 3978/4544/50 3999/4565/302 3998/4564/302
f 4000/4566/180 4001/4567/180 4002/4568/50 4003/4569/50
f 4004/4570/93 4005/4571/93 4001/4567/180 4000/4566/180
f 4006/4572/10 4007/4573/10 4005/4571/93 4004/4570/93
f 4008/4574/96 4009/4575/96 4007/4573/10 4006/4572/10
f 4010/4576/301 4011/4577/301 4009/4575/96 4008/4574/96
f 4012/4578/88 4013/4579/88 4011/4577/301 4010/4576/301
f 4014/4580/178 4015/4581/178 4013/4579/88 4012/4578/88
f 4016/4582/95 4017/4583/95 4015/4581/178 4014/4580/178
f 4018/4584/1 4019/4585/1 4017/4583/95 4016/4582/95
f 4020/4586/94 4021/4587/94 4019/4585/1 4018/4584/1
f 4022/4588/302 4023/4589/302 4021/4587/94 4020/4586/94
f 4003/4569/50 4002/4568/50 4023/4589/302 4022/4588/302
f 1268/1553/22 1272/1557/22 4024/4590/22 4025/4591/22
f 1272/1557/22 1274/1559/22 4026/4592/22 4024/4590/22
f 1274/1559/22 1276/1561/22 4027/4593/22 4026/4592/22
f 1276/1561/22 1278/1563/22 4028/4594/22 4027/4593/22
f 1278/1563/22 1280/1565/22 4029/4595/22 4028/4594/22
f 1280/1565/22 1282/1567/22 4030/4596/22 4029/4595/22
f 1282/1567/22 1284/1569/22 4031/4597/22 4030/4596/22
f 1284/1569/22 1286/1571/22 4032/4598/22 4031/4597/22
f 1286/1571/22 1288/1573/22 4033/4599/22 4032/4598/22
f 1288/1573/22 1290/1575/22 4034/4600/22 4033/4599/22
f 1290/1575/22 1292/1577/22 4035/4601/22 4034/4600/22
f 1292/1577/22 1294/1579/22 4036/4602/22 4035/4601/22
f 1294/1579/22 1296/1581/22 4037/4603/22 4036/4602/22
f 1296/1581/22 1298/1583/22 4038/4604/22 4037/4603/22
f 1298/1583/22 1269/1554/22 4039/4605/22 4038/4604/22
f 1269/1554/22 1268/1553/22 4025/4591/22 4039/4605/22
f 4025/4591/1 4024/4590/23 4040/4606/23 4041/4607/1
f 4024/4590/23 4026/4592/32 4042/4608/32 4040/4606/23
f 4026/4592/32 4027/4593/31 4043/4609/31 4042/4608/32
f 4027/4593/31 4028/4594/88 4044/4610/88 4043/4609/31
f 4028/4594/88 4029/4595/89 4045/4611/89 4044/4610/88
f 4029/4595/89 4030/4596/91 4046/4612/91 4045/4611/89
f 4030/4596/91 4031/4597/92 4047/4613/92 4046/4612/91
f 4031/4597/92 4032/4598/10 4048/4614/10 4047/4613/92
f 4032/4598/10 4033/4599/44 4049/4615/44 4048/4614/10
f 4033/4599/44 4034/4600/43 4050/4616/43 4049/4615/44
f 4034/4600/43 4035/4601/42 4051/4617/42 4050/4616/43
f 4035/4601/42 4036/4602/50 4052/4618/50 4051/4617/42
f 4036/4602/50 4037/4603/90 4053/4619/90 4052/4618/50
f 4037/4603/90 4038/4604/87 4054/4620/87 4053/4619/90
f 4038/4604/87 4039/4605/86 4055/4621/86 4054/4620/87
f 4039/4605/86 4025/4591/1 4041/4607/1 4055/4621/86
f 4056/4622/13 4057/4623/13 4054/4620/13 4055/4621/13
f 4057/4623/13 4058/4624/13 4053/4619/13 4054/4620/13
f 4058/4624/13 4059/4625/13 4052/4618/13 4053/4619/13
f 4059/4625/13 4060/4626/13 4051/4617/13 4052/4618/13
f 4060/4626/13 4061/4627/13 4050/4616/13 4051/4617/13
f 4061/4627/13 4062/4628/13 4049/4615/13 4050/4616/13
f 4062/4628/13 4063/4629/13 4048/4614/13 4049/4615/13
f 4063/4629/13 4064/4630/13 4047/4613/13 4048/4614/13
f 4064/4630/13 4065/4631/13 4046/4612/13 4047/4613/13
f 4065/4631/13 4066/4632/13 4045/4611/13 4046/4612/13
f 4066/4632/13 4067/4633/13 4044/4610/13 4045/4611/13
f 4067/4633/13 4068/4634/13 4043/4609/13 4044/4610/13
f 4068/4634/13 4069/4635/13 4042/4608/13 4043/4609/13
f 4069/4635/13 4070/4636/13 4040/4606/13 4042/4608/13
f 4070/4636/13 4071/4637/13 4041/4607/13 4040/4606/13
f 4071/4637/13 4056/4622/13 4055/4621/13 4041/4607/13
f 4071/4637/1 4070/4636/23 1635/1920/23 1621/1906/1
f 4070/4636/23 4069/4635/32 1634/1919/32 1635/1920/23
f 4069/4635/32 4068/4634/31 1633/1918/31 1634/1919/32
f 4068/4634/31 4067/4633/88 1632/1917/88 1633/1918/31
f 4067/4633/88 4066/4632/89 1631/1916/89 1632/1917/88
f 4066/4632/89 4065/4631/91 1630/1915/91 1631/1916/89
f 4065/4631/91 4064/4630/92 1629/1914/92 1630/1915/91
f 4064/4630/92 4063/4629/10 1628/1913/10 1629/1914/92
f 4063/4629/10 4062/4628/44 1627/1912/44 1628/1913/10
f 4062/4628/44 4061/4627/43 1626/1911/43 1627/1912/44
f 4061/4627/43 4060/4626/42 1625/1910/42 1626/1911/43
f 4060/4626/42 4059/4625/50 1624/1909/50 1625/1910/42
f 4059/4625/50 4058/4624/90 1623/1908/90 1624/1909/50
f 4058/4624/90 4057/4623/87 1622/1907/87 1623/1908/90
f 4057/4623/87 4056/4622/86 1620/1905/86 1622/1907/87
f 4056/4622/86 4071/4637/1 1621/1906/1 1620/1905/86
f 4072/4638/1207 4073/4639/1207 4074/4640/1207 4075/4641/1207
f 4076/4642/1208 4077/4643/1208 4078/4644/1208 4079/4645/1208
f 4080/4646/1207 4081/4647/1207 4082/4648/1207 4083/4649/1207
f 4084/4650/1207 4085/4651/1207 4086/4652/1207 4087/4653/1207
f 4088/4654/1209 4089/4655/1210 4090/4656/1210 4091/4657/1209
f 4089/4655/1210 4092/4658/1211 4093/4659/1211 4090/4656/1210
f 4094/4660/1212 4095/4661/1213 4096/4662/1213 4097/4663/1212
f 4098/4664/1214 4099/4665/1215 4100/4666/1215 4101/4667/1214
f 4099/4665/1215 4102/4668/1216 4103/4669/1216 4100/4666/1215
f 4104/4670/1217 4105/4671/1218 4106/4672/1219
f 4107/4673/1218 4108/4674/1220 4109/4675/1220 4105/4671/1218
f 4101/4667/801 4110/4676/801 4111/4677/801 4112/4678/801 4113/4679/801
f 4114/4680/801 4115/4681/801 4116/4682/801 4117/4683/801 4118/4684/801
f 4095/4661/1213 4119/4685/1221 4120/4686/1221 4096/4662/1213
f 4088/4654/1222 4091/4657/1222 4121/4687/1223 4122/4688/1223
f 4122/4688/1223 4121/4687/1223 4123/4689/1224 4124/4690/1224
f 4124/4690/1224 4123/4689/1224 4125/4691/1225 4126/4692/1225
f 4120/4686/1226 4119/4685/1226 4127/4693/1227 4128/4694/1227
f 4128/4694/1227 4127/4693/1227 4129/4695/1228 4130/4696/1228
f 4108/4674/1220 4131/4697/1229 4116/4682/1229 4109/4675/1220
f 4098/4698/1230 4101/4699/1230 4113/4679/1231 4132/4700/1231
f 4132/4700/1231 4113/4679/1231 4112/4678/1232 4133/4701/1232
f 4133/4701/1232 4112/4678/1232 4111/4677/1233 4134/4702/1233
f 4116/4682/1234 4131/4697/1234 4135/4703/1235 4117/4683/1235
f 4117/4683/1235 4135/4703/1235 4136/4704/1236 4118/4684/1236
f 4137/4705/800 4138/4706/800 4120/4686/800 4128/4694/800 4130/4696/800
f 4139/4707/1237 4140/4708/1237 4141/4709/1238
f 4142/4710/1237 4143/4711/1237 4106/4712/1219 4141/4713/1238
f 4144/4714/1237 4145/4715/1237 4106/4716/1219
f 4146/4717/1239 4147/4718/1239 4148/4719/1240
f 4149/4720/1239 4150/4721/1239 4151/4722/1241 4148/4723/1240
f 4152/4724/1239 4153/4725/1239 4151/4726/1241
f 4154/4727/1242 4155/4728/1243 4156/4729/1243 4157/4730/1244
f 4158/4731/1245 4159/4732/13 4160/4733/1246 4161/4734/1247
f 4161/4734/1247 4160/4733/1246 4162/4735/1248 4163/4736/1249
f 4163/4736/1249 4162/4735/1248 4164/4737/87 4165/4738/1250
f 4165/4738/1250 4164/4737/87 4166/4739/1251 4167/4740/1252
f 4167/4740/1252 4166/4739/1251 4168/4741/1253 4169/4742/1254
f 4169/4742/1254 4168/4741/1253 4170/4743/22 4171/4744/1255
f 4171/4744/1255 4170/4743/22 4172/4745/1256 4173/4746/1257
f 4173/4746/1257 4172/4745/1256 4174/4747/1258 4175/4748/1259
f 4175/4748/1259 4174/4747/1258 4176/4749/91 4177/4750/1260
f 4177/4750/1260 4176/4749/91 4178/4751/1261 4179/4752/1262
f 4180/4753/43 4181/4754/43 4182/4755/43 4183/4756/43 4184/4757/43 4185/4758/43 4186/4759/43 4187/4760/43 4188/4761/43 4189/4762/43 4190/4763/43 4191/4764/43
f 4179/4752/1262 4178/4751/1261 4192/4765/1263 4193/4766/1264
f 4193/4766/1264 4192/4765/1263 4159/4767/13 4158/4768/1245
f 4158/4769/1245 4161/4770/1247 4163/4771/1249 4165/4772/1250 4167/4773/1252 4169/4774/1254 4171/4775/1255 4173/4776/1257 4175/4777/1259 4177/4778/1260 4179/4779/1262 4193/4780/1264
f 4194/4781/1245 4195/4782/13 4196/4783/1246 4197/4784/1247
f 4197/4784/1247 4196/4783/1246 4198/4785/1248 4199/4786/1249
f 4199/4786/1249 4198/4785/1248 4200/4787/87 4201/4788/1250
f 4201/4788/1250 4200/4787/87 4202/4789/1251 4203/4790/1252
f 4203/4790/1252 4202/4789/1251 4204/4791/1253 4205/4792/1254
f 4205/4792/1254 4204/4791/1253 4206/4793/22 4207/4794/1255
f 4207/4794/1255 4206/4793/22 4208/4795/1256 4209/4796/1257
f 4209/4796/1257 4208/4795/1256 4210/4797/1258 4211/4798/1259
f 4211/4798/1259 4210/4797/1258 4212/4799/91 4213/4800/1260
f 4213/4800/1260 4212/4799/91 4214/4801/1261 4215/4802/1262
f 4216/4803/1265 4217/4804/1266 4218/4805/1267 4219/4806/1268 4220/4807/1269 4221/4808/1270 4222/4809/1271 4223/4810/1272 4224/4811/1273 4225/4812/1274 4226/4813/1275 4227/4814/1276
f 4215/4802/1262 4214/4801/1261 4228/4815/1277 4229/4816/1264
f 4229/4816/1264 4228/4815/1277 4195/4817/13 4194/4818/1245
f 4194/4819/1245 4197/4820/1247 4199/4821/1249 4201/4822/1250 4203/4823/1252 4205/4824/1254 4207/4825/1255 4209/4826/1257 4211/4827/1259 4213/4828/1260 4215/4829/1262 4229/4830/1264
f 4230/4831/1245 4231/4832/13 4232/4833/1246 4233/4834/1247
f 4233/4834/1247 4232/4833/1246 4234/4835/1248 4235/4836/1249
f 4235/4836/1249 4234/4835/1248 4236/4837/87 4237/4838/1250
f 4237/4838/1250 4236/4837/87 4238/4839/1251 4239/4840/1252
f 4239/4840/1252 4238/4839/1251 4240/4841/1253 4241/4842/1254
f 4241/4842/1254 4240/4841/1253 4242/4843/22 4243/4844/1255
f 4243/4844/1255 4242/4843/22 4244/4845/1256 4245/4846/1257
f 4245/4846/1257 4244/4845/1256 4246/4847/1258 4247/4848/1259
f 4247/4848/1259 4246/4847/1258 4248/4849/91 4249/4850/1260
f 4249/4850/1260 4248/4849/91 4250/4851/1261 4251/4852/1262
f 4252/4853/43 4253/4854/43 4254/4855/43 4255/4856/43 4256/4857/43 4257/4858/43 4258/4859/43 4259/4860/43 4260/4861/43 4261/4862/43 4262/4863/43 4263/4864/43
f 4251/4852/1262 4250/4851/1261 4264/4865/1277 4265/4866/1264
f 4265/4866/1264 4264/4865/1277 4231/4867/13 4230/4868/1245
f 4230/4869/1245 4233/4870/1247 4235/4871/1249 4237/4872/1250 4239/4873/1252 4241/4874/1254 4243/4875/1255 4245/4876/1257 4247/4877/1259 4249/4878/1260 4251/4879/1262 4265/4880/1264
f 4266/4881/1245 4267/4882/13 4268/4883/1246 4269/4884/1247
f 4269/4884/1247 4268/4883/1246 4270/4885/1248 4271/4886/1249
f 4271/4886/1249 4270/4885/1248 4272/4887/87 4273/4888/1250
f 4273/4888/1250 4272/4887/87 4274/4889/1251 4275/4890/1252
f 4275/4890/1252 4274/4889/1251 4276/4891/1278 4277/4892/1254
f 4277/4892/1254 4276/4891/1278 4278/4893/22 4279/4894/1255
f 4279/4894/1255 4278/4893/22 4280/4895/1256 4281/4896/1257
f 4281/4896/1257 4280/4895/1256 4282/4897/1258 4283/4898/1259
f 4283/4898/1259 4282/4897/1258 4284/4899/91 4285/4900/1260
f 4285/4900/1260 4284/4899/91 4286/4901/1261 4287/4902/1262
f 4288/4903/43 4289/4904/43 4290/4905/43 4291/4906/43 4292/4907/43 4293/4908/43 4294/4909/43 4295/4910/43 4296/4911/43 4297/4912/43 4298/4913/43 4299/4914/43
f 4287/4902/1262 4286/4901/1261 4300/4915/1277 4301/4916/1264
f 4301/4916/1264 4300/4915/1277 4267/4917/13 4266/4918/1245
f 4266/4919/1245 4269/4920/1247 4271/4921/1249 4273/4922/1250 4275/4923/1252 4277/4924/1254 4279/4925/1255 4281/4926/1257 4283/4927/1259 4285/4928/1260 4287/4929/1262 4301/4930/1264
f 4302/4931/22 4303/4932/22 4304/4933/1279 4305/4934/1279
f 4305/4934/1279 4304/4933/1279 4306/4935/401 4307/4936/401
f 4307/4936/401 4306/4935/401 4308/4937/43 4309/4938/43
f 4309/4938/43 4308/4937/43 4310/4939/407 4311/4940/407
f 4311/4940/407 4310/4939/407 4312/4941/1280 4313/4942/1280
f 4313/4942/1280 4312/4941/1280 4314/4943/13 4315/4944/13
f 4315/4944/13 4314/4943/13 4316/4945/1281 4317/4946/1281
f 4317/4946/1281 4316/4945/1281 4318/4947/405 4319/4948/405
f 4319/4948/405 4318/4947/405 4320/4949/32 4321/4950/32
f 4321/4950/32 4320/4949/32 4322/4951/403 4323/4952/403
f 4324/4953/87 4325/4954/87 4326/4955/87 4327/4956/87 4328/4957/87 4329/4958/87 4330/4959/87 4331/4960/87 4332/4961/87 4333/4962/87 4334/4963/87 4335/4964/87
f 4323/4952/403 4322/4951/403 4336/4965/1282 4337/4966/1282
f 4337/4966/1282 4336/4965/1282 4303/4967/22 4302/4968/22
f 4302/4969/91 4305/4970/91 4307/4971/91 4309/4972/91 4311/4973/91 4313/4974/91 4315/4975/91 4317/4976/91 4319/4977/91 4321/4978/91 4323/4979/91 4337/4980/91
f 4338/4981/22 4339/4982/22 4340/4983/1279 4341/4984/1279
f 4341/4984/1279 4340/4983/1279 4342/4985/401 4343/4986/401
f 4343/4986/401 4342/4985/401 4344/4987/43 4345/4988/43
f 4345/4988/43 4344/4987/43 4346/4989/407 4347/4990/407
f 4347/4990/407 4346/4989/407 4348/4991/1280 4349/4992/1280
f 4349/4992/1280 4348/4991/1280 4350/4993/13 4351/4994/13
f 4351/4994/13 4350/4993/13 4352/4995/1281 4353/4996/1281
f 4353/4996/1281 4352/4995/1281 4354/4997/405 4355/4998/405
f 4355/4998/405 4354/4997/405 4356/4999/32 4357/5000/32
f 4357/5000/32 4356/4999/32 4358/5001/403 4359/5002/403
f 4360/5003/87 4361/5004/87 4362/5005/87 4363/5006/87 4364/5007/87 4365/5008/87 4366/5009/87 4367/5010/87 4368/5011/87 4369/5012/87 4370/5013/87 4371/5014/87
f 4359/5002/403 4358/5001/403 4372/5015/1283 4373/5016/1283
f 4373/5016/1283 4372/5015/1283 4339/5017/22 4338/5018/22
f 4338/5019/91 4341/5020/91 4343/5021/91 4345/5022/91 4347/5023/91 4349/5024/91 4351/5025/91 4353/5026/91 4355/5027/91 4357/5028/91 4359/5029/91 4373/5030/91
f 4374/5031/22 4375/5032/22 4376/5033/1279 4377/5034/1279
f 4377/5034/1279 4376/5033/1279 4378/5035/401 4379/5036/401
f 4379/5036/401 4378/5035/401 4380/5037/43 4381/5038/43
f 4381/5038/43 4380/5037/43 4382/5039/407 4383/5040/407
f 4383/5040/407 4382/5039/407 4384/5041/1280 4385/5042/1280
f 4385/5042/1280 4384/5041/1280 4386/5043/13 4387/5044/13
f 4387/5044/13 4386/5043/13 4388/5045/1281 4389/5046/1281
f 4389/5046/1281 4388/5045/1281 4390/5047/405 4391/5048/405
f 4391/5048/405 4390/5047/405 4392/5049/32 4393/5050/32
f 4393/5050/32 4392/5049/32 4394/5051/403 4395/5052/403
f 4396/5053/87 4397/5054/87 4398/5055/87 4399/5056/87 4400/5057/87 4401/5058/87 4402/5059/87 4403/5060/87 4404/5061/87 4405/5062/87 4406/5063/87 4407/5064/87
f 4395/5052/403 4394/5051/403 4408/5065/1283 4409/5066/1283
f 4409/5066/1283 4408/5065/1283 4375/5067/22 4374/5068/22
f 4374/5069/91 4377/5070/91 4379/5071/91 4381/5072/91 4383/5073/91 4385/5074/91 4387/5075/91 4389/5076/91 4391/5077/91 4393/5078/91 4395/5079/91 4409/5080/91
f 4410/5081/22 4411/5082/22 4412/5083/1279 4413/5084/1279
f 4413/5084/1279 4412/5083/1279 4414/5085/401 4415/5086/401
f 4415/5086/401 4414/5085/401 4416/5087/43 4417/5088/43
f 4417/5088/43 4416/5087/43 4418/5089/407 4419/5090/407
f 4419/5090/407 4418/5089/407 4420/5091/1284 4421/5092/1284
f 4421/5092/1284 4420/5091/1284 4422/5093/13 4423/5094/13
f 4423/5094/13 4422/5093/13 4424/5095/1281 4425/5096/1281
f 4425/5096/1281 4424/5095/1281 4426/5097/405 4427/5098/405
f 4427/5098/405 4426/5097/405 4428/5099/32 4429/5100/32
f 4429/5100/32 4428/5099/32 4430/5101/403 4431/5102/403
f 4432/5103/87 4433/5104/87 4434/5105/87 4435/5106/87 4436/5107/87 4437/5108/87 4438/5109/87 4439/5110/87 4440/5111/87 4441/5112/87 4442/5113/87 4443/5114/87
f 4431/5102/403 4430/5101/403 4444/5115/1283 4445/5116/1283
f 4445/5116/1283 4444/5115/1283 4411/5117/22 4410/5118/22
f 4410/5119/91 4413/5120/91 4415/5121/91 4417/5122/91 4419/5123/91 4421/5124/91 4423/5125/91 4425/5126/91 4427/5127/91 4429/5128/91 4431/5129/91 4445/5130/91
f 4446/5131/43 4447/5132/43 4160/5133/43 4159/5134/43
f 4447/5132/43 4448/5135/43 4162/5136/43 4160/5133/43
f 4448/5135/43 4449/5137/43 4164/5138/43 4162/5136/43
f 4449/5137/43 4450/5139/43 4166/5140/43 4164/5138/43
f 4450/5139/43 4451/5141/43 4168/5142/43 4166/5140/43
f 4451/5141/43 4452/5143/43 4170/5144/43 4168/5142/43
f 4452/5143/43 4453/5145/43 4172/5146/43 4170/5144/43
f 4453/5145/43 4454/5147/43 4174/5148/43 4172/5146/43
f 4454/5147/43 4455/5149/43 4176/5150/43 4174/5148/43
f 4455/5149/43 4456/5151/43 4178/5152/43 4176/5150/43
f 4456/5151/43 4457/5153/43 4192/5154/43 4178/5152/43
f 4457/5153/43 4446/5131/43 4159/5134/43 4192/5154/43
f 4458/5155/43 4459/5156/43 4196/5157/43 4195/5158/43
f 4459/5156/43 4460/5159/43 4198/5160/43 4196/5157/43
f 4460/5159/43 4461/5161/43 4200/5162/43 4198/5160/43
f 4461/5161/43 4462/5163/43 4202/5164/43 4200/5162/43
f 4462/5163/43 4463/5165/43 4204/5166/43 4202/5164/43
f 4463/5165/43 4464/5167/43 4206/5168/43 4204/5166/43
f 4464/5167/43 4465/5169/43 4208/5170/43 4206/5168/43
f 4465/5169/43 4466/5171/43 4210/5172/43 4208/5170/43
f 4466/5171/43 4467/5173/43 4212/5174/43 4210/5172/43
f 4467/5173/43 4468/5175/43 4214/5176/43 4212/5174/43
f 4468/5175/43 4469/5177/43 4228/5178/43 4214/5176/43
f 4469/5177/43 4458/5155/43 4195/5158/43 4228/5178/43
f 4470/5179/43 4471/5180/43 4232/5181/43 4231/5182/43
f 4471/5180/43 4472/5183/43 4234/5184/43 4232/5181/43
f 4472/5183/43 4473/5185/43 4236/5186/43 4234/5184/43
f 4473/5185/43 4474/5187/43 4238/5188/43 4236/5186/43
f 4474/5187/43 4475/5189/43 4240/5190/43 4238/5188/43
f 4475/5189/43 4476/5191/43 4242/5192/43 4240/5190/43
f 4476/5191/43 4477/5193/43 4244/5194/43 4242/5192/43
f 4477/5193/43 4478/5195/43 4246/5196/43 4244/5194/43
f 4478/5195/43 4479/5197/43 4248/5198/43 4246/5196/43
f 4479/5197/43 4480/5199/43 4250/5200/43 4248/5198/43
f 4480/5199/43 4481/5201/43 4264/5202/43 4250/5200/43
f 4481/5201/43 4470/5179/43 4231/5182/43 4264/5202/43
f 4482/5203/43 4483/5204/43 4268/5205/43 4267/5206/43
f 4483/5204/43 4484/5207/43 4270/5208/43 4268/5205/43
f 4484/5207/43 4485/5209/43 4272/5210/43 4270/5208/43
f 4485/5209/43 4486/5211/43 4274/5212/43 4272/5210/43
f 4486/5211/43 4487/5213/43 4276/5214/43 4274/5212/43
f 4487/5213/43 4488/5215/43 4278/5216/43 4276/5214/43
f 4488/5215/43 4489/5217/43 4280/5218/43 4278/5216/43
f 4489/5217/43 4490/5219/43 4282/5220/43 4280/5218/43
f 4490/5219/43 4491/5221/43 4284/5222/43 4282/5220/43
f 4491/5221/43 4492/5223/43 4286/5224/43 4284/5222/43
f 4492/5223/43 4493/5225/43 4300/5226/43 4286/5224/43
f 4493/5225/43 4482/5203/43 4267/5206/43 4300/5226/43
f 4494/5227/87 4495/5228/87 4304/5229/87 4303/5230/87
f 4495/5228/87 4496/5231/87 4306/5232/87 4304/5229/87
f 4496/5231/87 4497/5233/87 4308/5234/87 4306/5232/87
f 4497/5233/87 4498/5235/87 4310/5236/87 4308/5234/87
f 4498/5235/87 4499/5237/87 4312/5238/87 4310/5236/87
f 4499/5237/87 4500/5239/87 4314/5240/87 4312/5238/87
f 4500/5239/87 4501/5241/87 4316/5242/87 4314/5240/87
f 4501/5241/87 4502/5243/87 4318/5244/87 4316/5242/87
f 4502/5243/87 4503/5245/87 4320/5246/87 4318/5244/87
f 4503/5245/87 4504/5247/87 4322/5248/87 4320/5246/87
f 4504/5247/87 4505/5249/87 4336/5250/87 4322/5248/87
f 4505/5249/87 4494/5227/87 4303/5230/87 4336/5250/87
f 4506/5251/87 4507/5252/87 4340/5253/87 4339/5254/87
f 4507/5252/87 4508/5255/87 4342/5256/87 4340/5253/87
f 4508/5255/87 4509/5257/87 4344/5258/87 4342/5256/87
f 4509/5257/87 4510/5259/87 4346/5260/87 4344/5258/87
f 4510/5259/87 4511/5261/87 4348/5262/87 4346/5260/87
f 4511/5261/87 4512/5263/87 4350/5264/87 4348/5262/87
f 4512/5263/87 4513/5265/87 4352/5266/87 4350/5264/87
f 4513/5265/87 4514/5267/87 4354/5268/87 4352/5266/87
f 4514/5267/87 4515/5269/87 4356/5270/87 4354/5268/87
f 4515/5269/87 4516/5271/87 4358/5272/87 4356/5270/87
f 4516/5271/87 4517/5273/87 4372/5274/87 4358/5272/87
f 4517/5273/87 4506/5251/87 4339/5254/87 4372/5274/87
f 4518/5275/87 4519/5276/87 4376/5277/87 4375/5278/87
f 4519/5276/87 4520/5279/87 4378/5280/87 4376/5277/87
f 4520/5279/87 4521/5281/87 4380/5282/87 4378/5280/87
f 4521/5281/87 4522/5283/87 4382/5284/87 4380/5282/87
f 4522/5283/87 4523/5285/87 4384/5286/87 4382/5284/87
f 4523/5285/87 4524/5287/87 4386/5288/87 4384/5286/87
f 4524/5287/87 4525/5289/87 4388/5290/87 4386/5288/87
f 4525/5289/87 4526/5291/87 4390/5292/87 4388/5290/87
f 4526/5291/87 4527/5293/87 4392/5294/87 4390/5292/87
f 4527/5293/87 4528/5295/87 4394/5296/87 4392/5294/87
f 4528/5295/87 4529/5297/87 4408/5298/87 4394/5296/87
f 4529/5297/87 4518/5275/87 4375/5278/87 4408/5298/87
f 4530/5299/87 4531/5300/87 4412/5301/87 4411/5302/87
f 4531/5300/87 4532/5303/87 4414/5304/87 4412/5301/87
f 4532/5303/87 4533/5305/87 4416/5306/87 4414/5304/87
f 4533/5305/87 4534/5307/87 4418/5308/87 4416/5306/87
f 4534/5307/87 4535/5309/87 4420/5310/87 4418/5308/87
f 4535/5309/87 4536/5311/87 4422/5312/87 4420/5310/87
f 4536/5311/87 4537/5313/87 4424/5314/87 4422/5312/87
f 4537/5313/87 4538/5315/87 4426/5316/87 4424/5314/87
f 4538/5315/87 4539/5317/87 4428/5318/87 4426/5316/87
f 4539/5317/87 4540/5319/87 4430/5320/87 4428/5318/87
f 4540/5319/87 4541/5321/87 4444/5322/87 4430/5320/87
f 4541/5321/87 4530/5299/87 4411/5302/87 4444/5322/87
f 4181/4754/22 4180/4753/1256 4447/5132/1256 4446/5131/22
f 4180/4753/1256 4191/4764/1258 4448/5135/1258 4447/5132/1256
f 4191/4764/1258 4190/4763/91 4449/5137/91 4448/5135/1258
f 4190/4763/91 4189/4762/1261 4450/5139/1261 4449/5137/91
f 4189/4762/1261 4188/4761/1277 4451/5141/1277 4450/5139/1261
f 4188/4761/1277 4187/4760/13 4452/5143/13 4451/5141/1277
f 4187/4760/13 4186/4759/1285 4453/5145/1285 4452/5143/13
f 4186/4759/1285 4185/4758/1248 4454/5147/1248 4453/5145/1285
f 4185/4758/1248 4184/4757/87 4455/5149/87 4454/5147/1248
f 4184/4757/87 4183/4756/1251 4456/5151/1251 4455/5149/87
f 4183/4756/1251 4182/4755/1253 4457/5153/1253 4456/5151/1251
f 4182/4755/1253 4181/4754/22 4446/5131/22 4457/5153/1253
f 4217/4804/1266 4216/4803/1265 4459/5156/1256 4458/5155/22
f 4216/4803/1265 4227/4814/1276 4460/5159/1258 4459/5156/1256
f 4227/4814/1276 4226/4813/1275 4461/5161/91 4460/5159/1258
f 4226/4813/1275 4225/4812/1274 4462/5163/1261 4461/5161/91
f 4225/4812/1274 4224/4811/1273 4463/5165/1286 4462/5163/1261
f 4224/4811/1273 4223/4810/1272 4464/5167/13 4463/5165/1286
f 4223/4810/1272 4222/4809/1271 4465/5169/1287 4464/5167/13
f 4222/4809/1271 4221/4808/1270 4466/5171/1248 4465/5169/1287
f 4221/4808/1270 4220/4807/1269 4467/5173/87 4466/5171/1248
f 4220/4807/1269 4219/4806/1268 4468/5175/1251 4467/5173/87
f 4219/4806/1268 4218/4805/1267 4469/5177/1253 4468/5175/1251
f 4218/4805/1267 4217/4804/1266 4458/5155/22 4469/5177/1253
f 4253/4854/22 4252/4853/1256 4471/5180/1256 4470/5179/22
f 4252/4853/1256 4263/4864/1258 4472/5183/1258 4471/5180/1256
f 4263/4864/1258 4262/4863/91 4473/5185/91 4472/5183/1258
f 4262/4863/91 4261/4862/1261 4474/5187/1261 4473/5185/91
f 4261/4862/1261 4260/4861/1288 4475/5189/1288 4474/5187/1261
f 4260/4861/1288 4259/4860/13 4476/5191/13 4475/5189/1288
f 4259/4860/13 4258/4859/1289 4477/5193/1289 4476/5191/13
f 4258/4859/1289 4257/4858/1248 4478/5195/1248 4477/5193/1289
f 4257/4858/1248 4256/4857/87 4479/5197/87 4478/5195/1248
f 4256/4857/87 4255/4856/1251 4480/5199/1251 4479/5197/87
f 4255/4856/1251 4254/4855/1253 4481/5201/1253 4480/5199/1251
f 4254/4855/1253 4253/4854/22 4470/5179/22 4481/5201/1253
f 4289/4904/22 4288/4903/1256 4483/5204/1256 4482/5203/22
f 4288/4903/1256 4299/4914/1258 4484/5207/1258 4483/5204/1256
f 4299/4914/1258 4298/4913/91 4485/5209/91 4484/5207/1258
f 4298/4913/91 4297/4912/1261 4486/5211/1261 4485/5209/91
f 4297/4912/1261 4296/4911/1277 4487/5213/1277 4486/5211/1261
f 4296/4911/1277 4295/4910/13 4488/5215/13 4487/5213/1277
f 4295/4910/13 4294/4909/1285 4489/5217/1285 4488/5215/13
f 4294/4909/1285 4293/4908/1248 4490/5219/1248 4489/5217/1285
f 4293/4908/1248 4292/4907/87 4491/5221/87 4490/5219/1248
f 4292/4907/87 4291/4906/1251 4492/5223/1251 4491/5221/87
f 4291/4906/1251 4290/4905/1253 4493/5225/1253 4492/5223/1251
f 4290/4905/1253 4289/4904/22 4482/5203/22 4493/5225/1253
f 4325/4954/13 4324/4953/1281 4495/5228/1281 4494/5227/13
f 4324/4953/1281 4335/4964/405 4496/5231/405 4495/5228/1281
f 4335/4964/405 4334/4963/32 4497/5233/32 4496/5231/405
f 4334/4963/32 4333/4962/403 4498/5235/403 4497/5233/32
f 4333/4962/403 4332/4961/1283 4499/5237/1283 4498/5235/403
f 4332/4961/1283 4331/4960/22 4500/5239/22 4499/5237/1283
f 4331/4960/22 4330/4959/1290 4501/5241/1290 4500/5239/22
f 4330/4959/1290 4329/4958/401 4502/5243/401 4501/5241/1290
f 4329/4958/401 4328/4957/43 4503/5245/43 4502/5243/401
f 4328/4957/43 4327/4956/407 4504/5247/407 4503/5245/43
f 4327/4956/407 4326/4955/1280 4505/5249/1280 4504/5247/407
f 4326/4955/1280 4325/4954/13 4494/5227/13 4505/5249/1280
f 4361/5004/13 4360/5003/1281 4507/5252/1281 4506/5251/13
f 4360/5003/1281 4371/5014/405 4508/5255/405 4507/5252/1281
f 4371/5014/405 4370/5013/32 4509/5257/32 4508/5255/405
f 4370/5013/32 4369/5012/403 4510/5259/403 4509/5257/32
f 4369/5012/403 4368/5011/404 4511/5261/404 4510/5259/403
f 4368/5011/404 4367/5010/22 4512/5263/22 4511/5261/404
f 4367/5010/22 4366/5009/406 4513/5265/406 4512/5263/22
f 4366/5009/406 4365/5008/401 4514/5267/401 4513/5265/406
f 4365/5008/401 4364/5007/43 4515/5269/43 4514/5267/401
f 4364/5007/43 4363/5006/407 4516/5271/407 4515/5269/43
f 4363/5006/407 4362/5005/1280 4517/5273/1280 4516/5271/407
f 4362/5005/1280 4361/5004/13 4506/5251/13 4517/5273/1280
f 4397/5054/13 4396/5053/1281 4519/5276/1281 4518/5275/13
f 4396/5053/1281 4407/5064/405 4520/5279/405 4519/5276/1281
f 4407/5064/405 4406/5063/32 4521/5281/32 4520/5279/405
f 4406/5063/32 4405/5062/403 4522/5283/403 4521/5281/32
f 4405/5062/403 4404/5061/1291 4523/5285/1291 4522/5283/403
f 4404/5061/1291 4403/5060/22 4524/5287/22 4523/5285/1291
f 4403/5060/22 4402/5059/1292 4525/5289/1292 4524/5287/22
f 4402/5059/1292 4401/5058/401 4526/5291/401 4525/5289/1292
f 4401/5058/401 4400/5057/43 4527/5293/43 4526/5291/401
f 4400/5057/43 4399/5056/407 4528/5295/407 4527/5293/43
f 4399/5056/407 4398/5055/1280 4529/5297/1280 4528/5295/407
f 4398/5055/1280 4397/5054/13 4518/5275/13 4529/5297/1280
f 4433/5104/13 4432/5103/1281 4531/5300/1281 4530/5299/13
f 4432/5103/1281 4443/5114/405 4532/5303/405 4531/5300/1281
f 4443/5114/405 4442/5113/32 4533/5305/32 4532/5303/405
f 4442/5113/32 4441/5112/403 4534/5307/403 4533/5305/32
f 4441/5112/403 4440/5111/1283 4535/5309/1283 4534/5307/403
f 4440/5111/1283 4439/5110/22 4536/5311/22 4535/5309/1283
f 4439/5110/22 4438/5109/1290 4537/5313/1290 4536/5311/22
f 4438/5109/1290 4437/5108/401 4538/5315/401 4537/5313/1290
f 4437/5108/401 4436/5107/43 4539/5317/43 4538/5315/401
f 4436/5107/43 4435/5106/407 4540/5319/407 4539/5317/43
f 4435/5106/407 4434/5105/1280 4541/5321/1280 4540/5319/407
f 4434/5105/1280 4433/5104/13 4530/5299/13 4541/5321/1280
f 4118/4684/1236 4136/4704/1236 4542/5323/1293 4114/4680/1293
f 4130/4696/1228 4129/4695/1228 4543/5324/1294 4137/4705/1294
f 4544/5325/1295 4545/5326/1295 4546/5327/1295 4547/5328/1295 4548/5329/1295
f 4091/4657/800 4549/5330/800 4125/4691/800 4123/4689/800 4121/4687/800
f 4111/4677/1296 4110/4676/1297 4550/5331/1297 4551/5332/1298
f 4552/5333/1299 4553/5334/1211 4554/5335/1211 4555/5336/1299
f 4556/5337/1300 4125/5338/1301 4557/5339/1302 4558/5340/1300
f 4559/5341/1303 4115/4681/1304 4560/5342/1304 4561/5343/1303
f 4549/5344/1305 4552/5333/1299 4555/5336/1299 4562/5345/1305
f 4115/4681/1304 4114/4680/1306 4563/5346/1307 4560/5342/1304
f 4138/4706/1308 4137/4705/1309 4564/5347/1310 4565/5348/1308
f 4566/5349/1311 4138/4706/1308 4565/5348/1308 4567/5350/1311
f 4137/4705/1309 4568/5351/1312 4569/5352/1312 4564/5347/1310
f 4570/5353/1218 4559/5341/1303 4561/5343/1303 4571/5354/1218
f 4572/5355/1212 4566/5349/1311 4567/5350/1311 4573/5356/1212
f 4110/5357/1297 4574/5358/1215 4575/5359/1215 4550/5360/1297
f 4576/5361/1211 4577/5362/1240 4578/5363/1313 4579/5364/1314
f 4580/5365/1307 4581/5366/1315 4582/5367/1316 4583/5368/1317
f 4577/5362/1240 4584/5369/1241 4585/5370/1318 4578/5363/1313
f 4586/5371/1311 4587/5372/1308 4588/5373/1319 4589/5374/1320
f 4581/5366/1315 4590/5375/1321 4591/5376/1322 4582/5367/1316
f 4592/5377/1323 4593/5378/1324 4594/5379/1325 4595/5380/1326
f 4596/5381/1310 4597/5382/1312 4598/5383/1327 4599/5384/1328
f 4600/5385/1300 4601/5386/1302 4602/5387/1329 4603/5388/1330
f 4604/5389/1305 4605/5390/1299 4606/5391/1331 4607/5392/1332
f 4597/5382/1312 4608/5393/1333 4609/5394/1334 4598/5383/1327
f 4610/5395/1298 4611/5396/1297 4612/5397/1335 4613/5398/1336
f 4605/5390/1299 4576/5361/1211 4579/5364/1314 4606/5391/1331
f 4614/5399/1238 4615/5400/1219 4616/5401/1337 4617/5402/1338
f 4618/5403/1219 4570/5353/1218 4571/5354/1218 4619/5404/1219
f 4620/5405/1333 4621/5406/1339 4622/5407/1339 4623/5408/1333
f 4624/5409/1241 4572/5355/1212 4573/5356/1212 4625/5410/1241
f 4626/5411/1216 4627/5412/1238 4628/5413/1238 4629/5414/1216
f 4553/5334/1211 4630/5415/1240 4631/5416/1240 4554/5335/1211
f 4627/5412/1238 4618/5403/1219 4619/5404/1219 4628/5413/1238
f 4630/5415/1240 4624/5409/1241 4625/5410/1241 4631/5416/1240
f 4632/5417/1340 4633/5418/1341 4634/5419/1341 4635/5420/1340
f 4636/5421/1324 4111/4677/1296 4551/5332/1298 4637/5422/1324
f 4125/4691/1301 4549/5330/1305 4562/5423/1305 4557/5424/1302
f 4638/5425/1342 4639/5426/1323 4640/5427/1323 4641/5428/1342
f 4114/5429/1306 4642/5430/1315 4643/5431/1315 4563/5432/1307
f 4644/5433/1321 4645/5434/1343 4646/5435/1343 4647/5436/1321
f 4574/5358/1215 4626/5411/1216 4629/5414/1216 4575/5359/1215
f 4611/5396/1344 4610/5395/1345 4551/5332/1345 4550/5360/1344
f 4586/5371/1346 4648/5437/1347 4573/5356/1347 4567/5350/1346
f 4587/5372/1348 4586/5371/1346 4567/5350/1346 4565/5438/1348
f 4605/5390/1349 4604/5389/1350 4562/5345/1350 4555/5336/1349
f 4576/5361/1351 4605/5390/1349 4555/5336/1349 4554/5335/1351
f 4648/5437/1347 4584/5369/1352 4625/5410/1352 4573/5356/1347
f 4577/5362/1353 4576/5361/1351 4554/5335/1351 4631/5416/1353
f 4584/5369/1352 4577/5362/1353 4631/5416/1353 4625/5410/1352
f 4649/5439/1354 4650/5440/1355 4635/5420/1355 4634/5419/1354
f 4604/5389/1350 4601/5386/1356 4557/5424/1356 4562/5345/1350
f 4651/5441/1357 4652/5442/1358 4575/5359/1358 4629/5414/1357
f 4652/5442/1358 4611/5396/1344 4550/5360/1344 4575/5359/1358
f 4653/5443/1359 4654/5444/1360 4571/5354/1360 4561/5343/1359
f 4580/5365/1361 4655/5445/1362 4560/5446/1362 4563/5432/1361
f 4655/5445/1362 4653/5443/1359 4561/5343/1359 4560/5446/1362
f 4654/5444/1360 4615/5400/1363 4619/5404/1363 4571/5354/1360
f 4614/5399/1364 4651/5441/1357 4629/5414/1357 4628/5413/1364
f 4615/5400/1363 4614/5399/1364 4628/5413/1364 4619/5404/1363
f 4593/5378/1365 4592/5377/1366 4640/5427/1366 4637/5422/1365
f 4596/5381/1367 4587/5372/1348 4565/5438/1348 4564/5347/1367
f 4590/5375/1368 4581/5366/1369 4643/5431/1369 4647/5436/1368
f 4610/5395/1345 4593/5378/1365 4637/5422/1365 4551/5332/1345
f 4592/5377/1366 4656/5447/1370 4641/5428/1370 4640/5427/1366
f 4581/5366/1369 4580/5365/1361 4563/5432/1361 4643/5431/1369
f 4657/5448/1371 4590/5375/1368 4647/5436/1368 4646/5435/1371
f 4608/5393/1372 4597/5382/1373 4569/5352/1373 4623/5408/1372
f 4597/5382/1373 4596/5381/1367 4564/5347/1367 4569/5352/1373
f 4600/5385/1374 4649/5439/1354 4634/5419/1354 4558/5340/1374
f 4601/5386/1356 4600/5385/1374 4558/5340/1374 4557/5424/1356
f 4658/5449/1375 4608/5393/1372 4623/5408/1372 4622/5450/1375
f 4649/5439/1341 4600/5385/1300 4603/5388/1330 4659/5451/1376
f 4593/5378/1324 4610/5395/1298 4613/5398/1336 4594/5379/1325
f 4660/5452/1377 4661/5453/1378 4662/5454/1379 4663/5455/1380 4664/5456/1381 4665/5457/1382 4666/5458/1383 4667/5459/1384 4668/5460/1385 4669/5461/1386 4670/5462/1387 4671/5463/1388 4672/5464/1389 4673/5465/1390 4674/5466/1391 4675/5467/1392
f 4648/5437/1212 4586/5371/1311 4589/5374/1320 4676/5468/1393
f 4601/5386/1302 4604/5389/1305 4607/5392/1332 4602/5387/1329
f 4658/5449/1339 4650/5440/1340 4677/5469/1394 4678/5470/1395
f 4590/5375/1321 4657/5448/1343 4679/5471/1396 4591/5376/1322
f 4584/5369/1241 4648/5437/1212 4676/5468/1393 4585/5370/1318
f 4652/5442/1215 4651/5441/1216 4680/5472/1397 4681/5473/1398
f 4651/5441/1216 4614/5399/1238 4617/5402/1338 4680/5472/1397
f 4655/5445/1304 4580/5365/1307 4583/5368/1317 4682/5474/1399
f 4653/5443/1303 4655/5445/1304 4682/5474/1399 4683/5475/1400
f 4611/5396/1297 4652/5442/1215 4681/5473/1398 4612/5397/1335
f 4654/5444/1218 4653/5443/1303 4683/5475/1400 4684/5476/1401
f 4656/5447/1342 4592/5377/1323 4595/5380/1326 4685/5477/1402
f 4608/5393/1333 4658/5449/1339 4678/5470/1395 4609/5394/1334
f 4615/5400/1219 4654/5444/1218 4684/5476/1401 4616/5401/1337
f 4587/5372/1308 4596/5381/1310 4599/5384/1328 4588/5373/1319
f 4657/5448/1343 4656/5447/1342 4685/5477/1402 4679/5471/1396
f 4613/5398/1336 4612/5397/1335 4686/5478/1403 4687/5479/1404
f 4687/5479/1404 4686/5478/1403 4688/5480/1405 4689/5481/1406
f 4689/5481/1406 4688/5480/1405 4663/5455/1380 4662/5454/1379
f 4675/5467/1392 4674/5466/1391 4690/5482/1407 4691/5483/1408
f 4691/5483/1408 4690/5482/1407 4692/5484/1409 4693/5485/1410
f 4693/5485/1410 4692/5484/1409 4679/5471/1396 4685/5477/1402
f 4694/5486/1411 4695/5487/1412 4696/5488/1413 4697/5489/1414
f 4697/5489/1414 4696/5488/1413 4698/5490/1415 4699/5491/1416
f 4699/5491/1416 4698/5490/1415 4676/5468/1393 4589/5374/1320
f 4700/5492/1417 4694/5486/1411 4697/5489/1414 4701/5493/1418
f 4701/5493/1418 4697/5489/1414 4699/5491/1416 4702/5494/1419
f 4702/5494/1419 4699/5491/1416 4589/5374/1320 4588/5373/1319
f 4703/5495/1420 4704/5496/1421 4705/5497/1422 4706/5498/1423
f 4706/5498/1423 4705/5497/1422 4707/5499/1424 4708/5500/1425
f 4708/5500/1425 4707/5499/1424 4607/5392/1332 4606/5391/1331
f 4709/5501/1426 4703/5495/1420 4706/5498/1423 4710/5502/1427
f 4710/5502/1427 4706/5498/1423 4708/5500/1425 4711/5503/1428
f 4711/5503/1428 4708/5500/1425 4606/5391/1331 4579/5364/1314
f 4695/5487/1412 4712/5504/1429 4713/5505/1430 4696/5488/1413
f 4696/5488/1413 4713/5505/1430 4714/5506/1431 4698/5490/1415
f 4698/5490/1415 4714/5506/1431 4585/5370/1318 4676/5468/1393
f 4715/5507/1432 4709/5501/1426 4710/5502/1427 4716/5508/1433
f 4716/5508/1433 4710/5502/1427 4711/5503/1428 4717/5509/1434
f 4717/5509/1434 4711/5503/1428 4579/5364/1314 4578/5363/1313
f 4712/5504/1429 4715/5507/1432 4716/5508/1433 4713/5505/1430
f 4713/5505/1430 4716/5508/1433 4717/5509/1434 4714/5506/1431
f 4714/5506/1431 4717/5509/1434 4578/5363/1313 4585/5370/1318
f 4677/5469/1394 4659/5451/1376 4718/5510/1435 4719/5511/1436
f 4719/5511/1436 4718/5510/1435 4720/5512/1437 4721/5513/1438
f 4721/5513/1438 4720/5512/1437 4722/5514/1439 4723/5515/1440
f 4602/5387/1329 4607/5392/1332 4707/5499/1424 4724/5516/1441
f 4724/5516/1441 4707/5499/1424 4705/5497/1422 4725/5517/1442
f 4725/5517/1442 4705/5497/1422 4704/5496/1421 4726/5518/1443
f 4665/5457/1382 4664/5456/1381 4727/5519/1444 4728/5520/1445
f 4728/5520/1445 4727/5519/1444 4729/5521/1446 4730/5522/1447
f 4730/5522/1447 4729/5521/1446 4681/5473/1398 4680/5472/1397
f 4664/5456/1381 4663/5455/1380 4688/5480/1405 4727/5519/1444
f 4727/5519/1444 4688/5480/1405 4686/5478/1403 4729/5521/1446
f 4729/5521/1446 4686/5478/1403 4612/5397/1335 4681/5473/1398
f 4669/5461/1386 4668/5460/1385 4731/5523/1448 4732/5524/1449
f 4732/5524/1449 4731/5523/1448 4733/5525/1450 4734/5526/1451
f 4734/5526/1451 4733/5525/1450 4684/5476/1401 4683/5475/1400
f 4682/5474/1399 4583/5368/1317 4735/5527/1452 4736/5528/1453
f 4736/5528/1453 4735/5527/1452 4737/5529/1454 4738/5530/1455
f 4738/5530/1455 4737/5529/1454 4671/5463/1388 4670/5462/1387
f 4670/5462/1387 4669/5461/1386 4732/5524/1449 4738/5530/1455
f 4738/5530/1455 4732/5524/1449 4734/5526/1451 4736/5528/1453
f 4736/5528/1453 4734/5526/1451 4683/5475/1400 4682/5474/1399
f 4668/5460/1385 4667/5459/1384 4739/5531/1456 4731/5523/1448
f 4731/5523/1448 4739/5531/1456 4740/5532/1457 4733/5525/1450
f 4733/5525/1450 4740/5532/1457 4616/5401/1337 4684/5476/1401
f 4666/5458/1383 4665/5457/1382 4728/5520/1445 4741/5533/1458
f 4741/5533/1458 4728/5520/1445 4730/5522/1447 4742/5534/1459
f 4742/5534/1459 4730/5522/1447 4680/5472/1397 4617/5402/1338
f 4667/5459/1384 4666/5458/1383 4741/5533/1458 4739/5531/1456
f 4739/5531/1456 4741/5533/1458 4742/5534/1459 4740/5532/1457
f 4740/5532/1457 4742/5534/1459 4617/5402/1338 4616/5401/1337
f 4595/5380/1326 4594/5379/1325 4743/5535/1460 4744/5536/1461
f 4744/5536/1461 4743/5535/1460 4745/5537/1462 4746/5538/1463
f 4746/5538/1463 4745/5537/1462 4661/5453/1378 4660/5452/1377
f 4588/5373/1319 4599/5384/1328 4747/5539/1464 4702/5494/1419
f 4702/5494/1419 4747/5539/1464 4748/5540/1465 4701/5493/1418
f 4701/5493/1418 4748/5540/1465 4749/5541/1466 4700/5492/1417
f 4582/5367/1316 4591/5376/1322 4750/5542/1467 4751/5543/1468
f 4751/5543/1468 4750/5542/1467 4752/5544/1469 4753/5545/1470
f 4753/5545/1470 4752/5544/1469 4673/5465/1390 4672/5464/1389
f 4594/5379/1325 4613/5398/1336 4687/5479/1404 4743/5535/1460
f 4743/5535/1460 4687/5479/1404 4689/5481/1406 4745/5537/1462
f 4745/5537/1462 4689/5481/1406 4662/5454/1379 4661/5453/1378
f 4685/5477/1402 4595/5380/1326 4744/5536/1461 4693/5485/1410
f 4693/5485/1410 4744/5536/1461 4746/5538/1463 4691/5483/1408
f 4691/5483/1408 4746/5538/1463 4660/5452/1377 4675/5467/1392
f 4583/5368/1317 4582/5367/1316 4751/5543/1468 4735/5527/1452
f 4735/5527/1452 4751/5543/1468 4753/5545/1470 4737/5529/1454
f 4737/5529/1454 4753/5545/1470 4672/5464/1389 4671/5463/1388
f 4591/5376/1322 4679/5471/1396 4692/5484/1409 4750/5542/1467
f 4750/5542/1467 4692/5484/1409 4690/5482/1407 4752/5544/1469
f 4752/5544/1469 4690/5482/1407 4674/5466/1391 4673/5465/1390
f 4598/5383/1327 4609/5394/1334 4754/5546/1471 4755/5547/1472
f 4755/5547/1472 4754/5546/1471 4756/5548/1473 4757/5549/1474
f 4757/5549/1474 4756/5548/1473 4758/5550/1475 4759/5551/1476
f 4599/5384/1328 4598/5383/1327 4755/5547/1472 4747/5539/1464
f 4747/5539/1464 4755/5547/1472 4757/5549/1474 4748/5540/1465
f 4748/5540/1465 4757/5549/1474 4759/5551/1476 4749/5541/1466
f 4659/5451/1376 4603/5388/1330 4760/5552/1477 4718/5510/1435
f 4718/5510/1435 4760/5552/1477 4761/5553/1478 4720/5512/1437
f 4720/5512/1437 4761/5553/1478 4762/5554/1479 4722/5514/1439
f 4603/5388/1330 4602/5387/1329 4724/5516/1441 4760/5552/1477
f 4760/5552/1477 4724/5516/1441 4725/5517/1442 4761/5553/1478
f 4761/5553/1478 4725/5517/1442 4726/5518/1443 4762/5554/1479
f 4609/5394/1334 4678/5470/1395 4763/5555/1480 4754/5546/1471
f 4754/5546/1471 4763/5555/1480 4764/5556/1481 4756/5548/1473
f 4756/5548/1473 4764/5556/1481 4765/5557/1482 4758/5550/1475
f 4723/5515/1440 4765/5557/1482 4764/5556/1481 4721/5513/1438
f 4721/5513/1438 4764/5556/1481 4763/5555/1480 4719/5511/1436
f 4719/5511/1436 4763/5555/1480 4678/5470/1395 4677/5469/1394
f 4650/5440/1340 4649/5439/1341 4659/5451/1376 4677/5469/1394
f 4766/5558/1483 4767/5559/1239 4768/5560/1239 4769/5561/1483
f 4770/5562/1484 4771/5563/1237 4772/5564/1237 4773/5565/1484
f 4774/5566/1484 4775/5567/1237 4776/5568/1237 4777/5569/1484
f 4778/5570/1485 4779/5571/1486 4780/5572/1486 4781/5573/1485
f 4782/5574/1239 4783/5575/1487 4784/5576/1487 4785/5577/1239
f 4786/5578/1488 4787/5579/1483 4788/5580/1483 4789/5581/1488
f 4790/5582/1489 4791/5583/1486 4792/5584/1486 4793/5585/1489
f 4794/5586/1237 4795/5587/1244 4796/5588/1244 4797/5589/1237
f 4798/5590/1244 4799/5591/1243 4800/5592/1243 4801/5593/1244
f 4802/5594/1484 4803/5595/1237 4804/5596/1237 4805/5597/1484
f 4806/5598/1239 4807/5599/1490 4808/5600/1487 4809/5601/1239
f 4810/5602/1491 4811/5603/1239 4812/5604/1239 4813/5605/1492
f 4814/5606/1493 4815/5607/1484 4816/5608/1484 4817/5609/1493
f 4818/5610/1290 4819/5611/1290 4820/5612/1290 4821/5613/1290
f 4821/5613/43 4820/5612/43 4822/5614/43 4823/5615/43
f 4823/5615/1284 4822/5614/1284 4824/5616/1284 4825/5617/1284
f 4825/5617/408 4824/5616/408 4826/5618/408 4827/5619/408
f 4827/5619/32 4826/5618/32 4828/5620/32 4829/5621/32
f 4829/5621/404 4828/5620/404 4819/5622/404 4818/5623/404
f 4818/5624/91 4821/5625/91 4823/5626/91 4825/5627/91 4827/5628/91 4829/5629/91
f 4830/5630/1494 4831/5631/1494 4832/5632/22 4833/5633/22
f 4834/5634/1495 4835/5635/1495 4836/5636/32 4837/5637/32
f 4838/5638/91 4839/5639/91 4840/5640/91 4836/5641/91 4835/5642/91 4832/5643/91 4831/5644/91 4841/5645/91
f 4833/5633/22 4832/5632/22 4835/5635/1495 4834/5634/1495
f 4842/5646/43 4841/5647/43 4831/5631/1494 4830/5630/1494
f 4843/5648/1496 4840/5649/1496 4839/5650/13 4844/5651/13
f 4845/5652/1497 4838/5653/1497 4841/5647/43 4842/5646/43
f 4844/5654/13 4839/5655/13 4838/5653/1497 4845/5652/1497
f 4837/5637/32 4836/5636/32 4840/5649/1496 4843/5648/1496
f 4846/5656/1290 4847/5657/1290 4848/5658/1290 4849/5659/1290
f 4849/5659/43 4848/5658/43 4850/5660/43 4851/5661/43
f 4851/5661/1284 4850/5660/1284 4852/5662/1284 4853/5663/1284
f 4853/5663/408 4852/5662/408 4854/5664/408 4855/5665/408
f 4855/5665/32 4854/5664/32 4856/5666/32 4857/5667/32
f 4857/5667/404 4856/5666/404 4847/5668/404 4846/5669/404
f 4846/5670/91 4849/5671/91 4851/5672/91 4853/5673/91 4855/5674/91 4857/5675/91
f 4858/5676/1494 4859/5677/1494 4860/5678/22 4861/5679/22
f 4862/5680/1495 4863/5681/1495 4864/5682/32 4865/5683/32
f 4866/5684/91 4867/5685/91 4868/5686/91 4864/5687/91 4863/5688/91 4860/5689/91 4859/5690/91 4869/5691/91
f 4861/5679/22 4860/5678/22 4863/5681/1495 4862/5680/1495
f 4870/5692/43 4869/5693/43 4859/5677/1494 4858/5676/1494
f 4871/5694/1496 4868/5695/1496 4867/5696/13 4872/5697/13
f 4873/5698/1497 4866/5699/1497 4869/5693/43 4870/5692/43
f 4872/5700/13 4867/5701/13 4866/5699/1497 4873/5698/1497
f 4865/5683/32 4864/5682/32 4868/5695/1496 4871/5694/1496
f 4874/5702/1290 4875/5703/1290 4876/5704/1290 4877/5705/1290
f 4877/5705/43 4876/5704/43 4878/5706/43 4879/5707/43
f 4879/5707/1284 4878/5706/1284 4880/5708/1284 4881/5709/1284
f 4881/5709/408 4880/5708/408 4882/5710/408 4883/5711/408
f 4883/5711/32 4882/5710/32 4884/5712/32 4885/5713/32
f 4885/5713/404 4884/5712/404 4875/5714/404 4874/5715/404
f 4874/5716/91 4877/5717/91 4879/5718/91 4881/5719/91 4883/5720/91 4885/5721/91
f 4886/5722/1494 4887/5723/1494 4888/5724/22 4889/5725/22
f 4890/5726/1495 4891/5727/1495 4892/5728/32 4893/5729/32
f 4894/5730/91 4895/5731/91 4896/5732/91 4892/5733/91 4891/5734/91 4888/5735/91 4887/5736/91 4897/5737/91
f 4889/5725/22 4888/5724/22 4891/5727/1495 4890/5726/1495
f 4898/5738/43 4897/5739/43 4887/5723/1494 4886/5722/1494
f 4899/5740/1496 4896/5741/1496 4895/5742/13 4900/5743/13
f 4901/5744/1497 4894/5745/1497 4897/5739/43 4898/5738/43
f 4900/5746/13 4895/5747/13 4894/5745/1497 4901/5744/1497
f 4893/5729/32 4892/5728/32 4896/5741/1496 4899/5740/1496
f 4902/5748/1279 4903/5749/1279 4904/5750/1279 4905/5751/1279
f 4905/5751/43 4904/5750/43 4906/5752/43 4907/5753/43
f 4907/5753/1284 4906/5752/1284 4908/5754/1284 4909/5755/1284
f 4909/5755/408 4908/5754/408 4910/5756/408 4911/5757/408
f 4911/5757/32 4910/5756/32 4912/5758/32 4913/5759/32
f 4913/5759/1283 4912/5758/1283 4903/5760/1283 4902/5761/1283
f 4902/5762/91 4905/5763/91 4907/5764/91 4909/5765/91 4911/5766/91 4913/5767/91
f 4914/5768/1494 4915/5769/1494 4916/5770/22 4917/5771/22
f 4918/5772/1495 4919/5773/1495 4920/5774/32 4921/5775/32
f 4922/5776/91 4923/5777/91 4924/5778/91 4920/5779/91 4919/5780/91 4916/5781/91 4915/5782/91 4925/5783/91
f 4917/5771/22 4916/5770/22 4919/5773/1495 4918/5772/1495
f 4926/5784/43 4925/5785/43 4915/5769/1494 4914/5768/1494
f 4927/5786/1496 4924/5787/1496 4923/5788/13 4928/5789/13
f 4929/5790/1497 4922/5791/1497 4925/5785/43 4926/5784/43
f 4928/5792/13 4923/5793/13 4922/5791/1497 4929/5790/1497
f 4921/5775/32 4920/5774/32 4924/5787/1496 4927/5786/1496
f 4930/5794/1279 4931/5795/1279 4932/5796/1279 4933/5797/1279
f 4933/5797/43 4932/5796/43 4934/5798/43 4935/5799/43
f 4935/5799/1284 4934/5798/1284 4936/5800/1284 4937/5801/1284
f 4937/5801/408 4936/5800/408 4938/5802/408 4939/5803/408
f 4939/5803/32 4938/5802/32 4940/5804/32 4941/5805/32
f 4941/5805/1283 4940/5804/1283 4931/5806/1283 4930/5807/1283
f 4930/5808/91 4933/5809/91 4935/5810/91 4937/5811/91 4939/5812/91 4941/5813/91
f 4942/5814/1494 4943/5815/1494 4944/5816/22 4945/5817/22
f 4946/5818/1495 4947/5819/1495 4948/5820/32 4949/5821/32
f 4950/5822/91 4951/5823/91 4952/5824/91 4948/5825/91 4947/5826/91 4944/5827/91 4943/5828/91 4953/5829/91
f 4945/5817/22 4944/5816/22 4947/5819/1495 4946/5818/1495
f 4954/5830/43 4953/5831/43 4943/5815/1494 4942/5814/1494
f 4955/5832/1496 4952/5833/1496 4951/5834/13 4956/5835/13
f 4957/5836/1497 4950/5837/1497 4953/5831/43 4954/5830/43
f 4956/5838/13 4951/5839/13 4950/5837/1497 4957/5836/1497
f 4949/5821/32 4948/5820/32 4952/5833/1496 4955/5832/1496
f 4958/5840/1290 4959/5841/1290 4960/5842/1290 4961/5843/1290
f 4961/5843/43 4960/5842/43 4962/5844/43 4963/5845/43
f 4963/5845/1284 4962/5844/1284 4964/5846/1284 4965/5847/1284
f 4965/5847/408 4964/5846/408 4966/5848/408 4967/5849/408
f 4967/5849/32 4966/5848/32 4968/5850/32 4969/5851/32
f 4969/5851/404 4968/5850/404 4959/5852/404 4958/5853/404
f 4958/5854/91 4961/5855/91 4963/5856/91 4965/5857/91 4967/5858/91 4969/5859/91
f 4970/5860/1494 4971/5861/1494 4972/5862/22 4973/5863/22
f 4974/5864/1495 4975/5865/1495 4976/5866/32 4977/5867/32
f 4978/5868/91 4979/5869/91 4980/5870/91 4976/5871/91 4975/5872/91 4972/5873/91 4971/5874/91 4981/5875/91
f 4973/5863/22 4972/5862/22 4975/5865/1495 4974/5864/1495
f 4982/5876/43 4981/5877/43 4971/5861/1494 4970/5860/1494
f 4983/5878/1496 4980/5879/1496 4979/5880/13 4984/5881/13
f 4985/5882/1497 4978/5883/1497 4981/5877/43 4982/5876/43
f 4984/5884/13 4979/5885/13 4978/5883/1497 4985/5882/1497
f 4977/5867/32 4976/5866/32 4980/5879/1496 4983/5878/1496
f 4986/5886/1290 4987/5887/1290 4988/5888/1290 4989/5889/1290
f 4989/5889/43 4988/5888/43 4990/5890/43 4991/5891/43
f 4991/5891/402 4990/5890/402 4992/5892/402 4993/5893/402
f 4993/5893/408 4992/5892/408 4994/5894/408 4995/5895/408
f 4995/5895/32 4994/5894/32 4996/5896/32 4997/5897/32
f 4997/5897/404 4996/5896/404 4987/5898/404 4986/5899/404
f 4986/5900/91 4989/5901/91 4991/5902/91 4993/5903/91 4995/5904/91 4997/5905/91
f 4998/5906/1494 4999/5907/1494 5000/5908/22 5001/5909/22
f 5002/5910/1495 5003/5911/1495 5004/5912/32 5005/5913/32
f 5006/5914/91 5007/5915/91 5008/5916/91 5004/5917/91 5003/5918/91 5000/5919/91 4999/5920/91 5009/5921/91
f 5001/5909/22 5000/5908/22 5003/5911/1495 5002/5910/1495
f 5010/5922/43 5009/5923/43 4999/5907/1494 4998/5906/1494
f 5011/5924/1496 5008/5925/1496 5007/5926/13 5012/5927/13
f 5013/5928/1497 5006/5929/1497 5009/5923/43 5010/5922/43
f 5012/5930/13 5007/5931/13 5006/5929/1497 5013/5928/1497
f 5005/5913/32 5004/5912/32 5008/5925/1496 5011/5924/1496
f 5014/5932/1290 5015/5933/1290 5016/5934/1290 5017/5935/1290
f 5017/5935/43 5016/5934/43 5018/5936/43 5019/5937/43
f 5019/5937/402 5018/5936/402 5020/5938/402 5021/5939/402
f 5021/5939/408 5020/5938/408 5022/5940/408 5023/5941/408
f 5023/5941/32 5022/5940/32 5024/5942/32 5025/5943/32
f 5025/5943/404 5024/5942/404 5015/5944/404 5014/5945/404
f 5014/5946/91 5017/5947/91 5019/5948/91 5021/5949/91 5023/5950/91 5025/5951/91
f 5026/5952/1494 5027/5953/1494 5028/5954/22 5029/5955/22
f 5030/5956/1495 5031/5957/1495 5032/5958/32 5033/5959/32
f 5034/5960/91 5035/5961/91 5036/5962/91 5032/5963/91 5031/5964/91 5028/5965/91 5027/5966/91 5037/5967/91
f 5029/5955/22 5028/5954/22 5031/5957/1495 5030/5956/1495
f 5038/5968/43 5037/5969/43 5027/5953/1494 5026/5952/1494
f 5039/5970/1496 5036/5971/1496 5035/5972/13 5040/5973/13
f 5041/5974/1497 5034/5975/1497 5037/5969/43 5038/5968/43
f 5040/5976/13 5035/5977/13 5034/5975/1497 5041/5974/1497
f 5033/5959/32 5032/5958/32 5036/5971/1496 5039/5970/1496
f 5042/5978/1285 5043/5979/1285 5044/5980/1285 5045/5981/1285
f 5045/5981/87 5044/5980/87 5046/5982/87 5047/5983/87
f 5047/5983/1278 5046/5982/1278 5048/5984/1278 5049/5985/1278
f 5049/5985/1498 5048/5984/1498 5050/5986/1498 5051/5987/1498
f 5051/5987/91 5050/5986/91 5052/5988/91 5053/5989/91
f 5053/5989/1286 5052/5988/1286 5043/5990/1286 5042/5991/1286
f 5042/5992/32 5045/5993/32 5047/5994/32 5049/5995/32 5051/5996/32 5053/5997/32
f 5054/5998/1499 5055/5999/1499 5056/6000/13 5057/6001/13
f 5058/6002/1500 5059/6003/1500 5060/6004/91 5061/6005/91
f 5062/6006/32 5063/6007/32 5064/6008/32 5060/6009/32 5059/6010/32 5056/6011/32 5055/6012/32 5065/6013/32
f 5057/6001/13 5056/6000/13 5059/6003/1500 5058/6002/1500
f 5066/6014/87 5065/6015/87 5055/5999/1499 5054/5998/1499
f 5067/6016/1501 5064/6017/1501 5063/6018/22 5068/6019/22
f 5069/6020/1502 5062/6021/1502 5065/6015/87 5066/6014/87
f 5068/6022/22 5063/6023/22 5062/6021/1502 5069/6020/1502
f 5061/6005/91 5060/6004/91 5064/6017/1501 5067/6016/1501
f 5070/6024/1285 5071/6025/1285 5072/6026/1285 5073/6027/1285
f 5073/6027/87 5072/6026/87 5074/6028/87 5075/6029/87
f 5075/6029/1278 5074/6028/1278 5076/6030/1278 5077/6031/1278
f 5077/6031/1498 5076/6030/1498 5078/6032/1498 5079/6033/1498
f 5079/6033/91 5078/6032/91 5080/6034/91 5081/6035/91
f 5081/6035/1286 5080/6034/1286 5071/6036/1286 5070/6037/1286
f 5070/6038/32 5073/6039/32 5075/6040/32 5077/6041/32 5079/6042/32 5081/6043/32
f 5082/6044/1499 5083/6045/1499 5084/6046/13 5085/6047/13
f 5086/6048/1500 5087/6049/1500 5088/6050/91 5089/6051/91
f 5090/6052/32 5091/6053/32 5092/6054/32 5088/6055/32 5087/6056/32 5084/6057/32 5083/6058/32 5093/6059/32
f 5085/6047/13 5084/6046/13 5087/6049/1500 5086/6048/1500
f 5094/6060/87 5093/6061/87 5083/6045/1499 5082/6044/1499
f 5095/6062/1501 5092/6063/1501 5091/6064/22 5096/6065/22
f 5097/6066/1502 5090/6067/1502 5093/6061/87 5094/6060/87
f 5096/6068/22 5091/6069/22 5090/6067/1502 5097/6066/1502
f 5089/6051/91 5088/6050/91 5092/6063/1501 5095/6062/1501
f 5098/6070/1285 5099/6071/1285 5100/6072/1285 5101/6073/1285
f 5101/6073/87 5100/6072/87 5102/6074/87 5103/6075/87
f 5103/6075/1278 5102/6074/1278 5104/6076/1278 5105/6077/1278
f 5105/6077/1498 5104/6076/1498 5106/6078/1498 5107/6079/1498
f 5107/6079/91 5106/6078/91 5108/6080/91 5109/6081/91
f 5109/6081/1286 5108/6080/1286 5099/6082/1286 5098/6083/1286
f 5098/6084/32 5101/6085/32 5103/6086/32 5105/6087/32 5107/6088/32 5109/6089/32
f 5110/6090/1499 5111/6091/1499 5112/6092/13 5113/6093/13
f 5114/6094/1500 5115/6095/1500 5116/6096/91 5117/6097/91
f 5118/6098/32 5119/6099/32 5120/6100/32 5116/6101/32 5115/6102/32 5112/6103/32 5111/6104/32 5121/6105/32
f 5113/6093/13 5112/6092/13 5115/6095/1500 5114/6094/1500
f 5122/6106/87 5121/6107/87 5111/6091/1499 5110/6090/1499
f 5123/6108/1501 5120/6109/1501 5119/6110/22 5124/6111/22
f 5125/6112/1502 5118/6113/1502 5121/6107/87 5122/6106/87
f 5124/6114/22 5119/6115/22 5118/6113/1502 5125/6112/1502
f 5117/6097/91 5116/6096/91 5120/6109/1501 5123/6108/1501
f 5126/6116/1246 5127/6117/1246 5128/6118/1246 5129/6119/1246
f 5129/6119/87 5128/6118/87 5130/6120/87 5131/6121/87
f 5131/6121/1278 5130/6120/1278 5132/6122/1278 5133/6123/1278
f 5133/6123/1498 5132/6122/1498 5134/6124/1498 5135/6125/1498
f 5135/6125/91 5134/6124/91 5136/6126/91 5137/6127/91
f 5137/6127/1277 5136/6126/1277 5127/6128/1277 5126/6129/1277
f 5126/6130/32 5129/6131/32 5131/6132/32 5133/6133/32 5135/6134/32 5137/6135/32
f 5138/6136/1499 5139/6137/1499 5140/6138/13 5141/6139/13
f 5142/6140/1500 5143/6141/1500 5144/6142/91 5145/6143/91
f 5146/6144/32 5147/6145/32 5148/6146/32 5144/6147/32 5143/6148/32 5140/6149/32 5139/6150/32 5149/6151/32
f 5141/6139/13 5140/6138/13 5143/6141/1500 5142/6140/1500
f 5150/6152/87 5149/6153/87 5139/6137/1499 5138/6136/1499
f 5151/6154/1501 5148/6155/1501 5147/6156/22 5152/6157/22
f 5153/6158/1502 5146/6159/1502 5149/6153/87 5150/6152/87
f 5152/6160/22 5147/6161/22 5146/6159/1502 5153/6158/1502
f 5145/6143/91 5144/6142/91 5148/6155/1501 5151/6154/1501
f 5154/6162/1246 5155/6163/1246 5156/6164/1246 5157/6165/1246
f 5157/6165/87 5156/6164/87 5158/6166/87 5159/6167/87
f 5159/6167/1278 5158/6166/1278 5160/6168/1278 5161/6169/1278
f 5161/6169/1498 5160/6168/1498 5162/6170/1498 5163/6171/1498
f 5163/6171/91 5162/6170/91 5164/6172/91 5165/6173/91
f 5165/6173/1277 5164/6172/1277 5155/6174/1277 5154/6175/1277
f 5154/6176/32 5157/6177/32 5159/6178/32 5161/6179/32 5163/6180/32 5165/6181/32
f 5166/6182/1499 5167/6183/1499 5168/6184/13 5169/6185/13
f 5170/6186/1500 5171/6187/1500 5172/6188/91 5173/6189/91
f 5174/6190/32 5175/6191/32 5176/6192/32 5172/6193/32 5171/6194/32 5168/6195/32 5167/6196/32 5177/6197/32
f 5169/6185/13 5168/6184/13 5171/6187/1500 5170/6186/1500
f 5178/6198/87 5177/6199/87 5167/6183/1499 5166/6182/1499
f 5179/6200/1501 5176/6201/1501 5175/6202/22 5180/6203/22
f 5181/6204/1502 5174/6205/1502 5177/6199/87 5178/6198/87
f 5180/6206/22 5175/6207/22 5174/6205/1502 5181/6204/1502
f 5173/6189/91 5172/6188/91 5176/6201/1501 5179/6200/1501
f 5182/6208/1285 5183/6209/1285 5184/6210/1285 5185/6211/1285
f 5185/6211/87 5184/6210/87 5186/6212/87 5187/6213/87
f 5187/6213/1278 5186/6212/1278 5188/6214/1278 5189/6215/1278
f 5189/6215/1498 5188/6214/1498 5190/6216/1498 5191/6217/1498
f 5191/6217/91 5190/6216/91 5192/6218/91 5193/6219/91
f 5193/6219/1286 5192/6218/1286 5183/6220/1286 5182/6221/1286
f 5182/6222/32 5185/6223/32 5187/6224/32 5189/6225/32 5191/6226/32 5193/6227/32
f 5194/6228/1499 5195/6229/1499 5196/6230/13 5197/6231/13
f 5198/6232/1500 5199/6233/1500 5200/6234/91 5201/6235/91
f 5202/6236/32 5203/6237/32 5204/6238/32 5200/6239/32 5199/6240/32 5196/6241/32 5195/6242/32 5205/6243/32
f 5197/6231/13 5196/6230/13 5199/6233/1500 5198/6232/1500
f 5206/6244/87 5205/6245/87 5195/6229/1499 5194/6228/1499
f 5207/6246/1501 5204/6247/1501 5203/6248/22 5208/6249/22
f 5209/6250/1502 5202/6251/1502 5205/6245/87 5206/6244/87
f 5208/6252/22 5203/6253/22 5202/6251/1502 5209/6250/1502
f 5201/6235/91 5200/6234/91 5204/6247/1501 5207/6246/1501
f 5210/6254/1285 5211/6255/1285 5212/6256/1285 5213/6257/1285
f 5213/6257/87 5212/6256/87 5214/6258/87 5215/6259/87
f 5215/6259/1503 5214/6258/1503 5216/6260/1503 5217/6261/1503
f 5217/6261/1498 5216/6260/1498 5218/6262/1498 5219/6263/1498
f 5219/6263/91 5218/6262/91 5220/6264/91 5221/6265/91
f 5221/6265/1286 5220/6264/1286 5211/6266/1286 5210/6267/1286
f 5210/6268/32 5213/6269/32 5215/6270/32 5217/6271/32 5219/6272/32 5221/6273/32
f 5222/6274/1499 5223/6275/1499 5224/6276/13 5225/6277/13
f 5226/6278/1500 5227/6279/1500 5228/6280/91 5229/6281/91
f 5230/6282/32 5231/6283/32 5232/6284/32 5228/6285/32 5227/6286/32 5224/6287/32 5223/6288/32 5233/6289/32
f 5225/6277/13 5224/6276/13 5227/6279/1500 5226/6278/1500
f 5234/6290/87 5233/6291/87 5223/6275/1499 5222/6274/1499
f 5235/6292/1501 5232/6293/1501 5231/6294/22 5236/6295/22
f 5237/6296/1502 5230/6297/1502 5233/6291/87 5234/6290/87
f 5236/6298/22 5231/6299/22 5230/6297/1502 5237/6296/1502
f 5229/6281/91 5228/6280/91 5232/6293/1501 5235/6292/1501
f 5238/6300/1285 5239/6301/1285 5240/6302/1285 5241/6303/1285
f 5241/6303/87 5240/6302/87 5242/6304/87 5243/6305/87
f 5243/6305/1503 5242/6304/1503 5244/6306/1503 5245/6307/1503
f 5245/6307/1498 5244/6306/1498 5246/6308/1498 5247/6309/1498
f 5247/6309/91 5246/6308/91 5248/6310/91 5249/6311/91
f 5249/6311/1286 5248/6310/1286 5239/6312/1286 5238/6313/1286
f 5238/6314/32 5241/6315/32 5243/6316/32 5245/6317/32 5247/6318/32 5249/6319/32
f 5250/6320/1499 5251/6321/1499 5252/6322/13 5253/6323/13
f 5254/6324/1500 5255/6325/1500 5256/6326/91 5257/6327/91
f 5258/6328/32 5259/6329/32 5260/6330/32 5256/6331/32 5255/6332/32 5252/6333/32 5251/6334/32 5261/6335/32
f 5253/6323/13 5252/6322/13 5255/6325/1500 5254/6324/1500
f 5262/6336/87 5261/6337/87 5251/6321/1499 5250/6320/1499
f 5263/6338/1501 5260/6339/1501 5259/6340/22 5264/6341/22
f 5265/6342/1502 5258/6343/1502 5261/6337/87 5262/6336/87
f 5264/6344/22 5259/6345/22 5258/6343/1502 5265/6342/1502
f 5257/6327/91 5256/6326/91 5260/6339/1501 5263/6338/1501
f 5266/6346/1486 5267/6347/1486 5268/6348/1504 5269/6349/1504
f 5270/6350/1505 5271/6351/1505 5272/6352/1488 5273/6353/1488
f 5274/6354/1243 5275/6355/1243 5276/6356/1506 5277/6357/1506
f 5278/6358/1507 5279/6359/1507 5280/6360/1493 5281/6361/1493
f 5282/6362/1505 5283/6363/1505 5284/6364/1488 5285/6365/1488
f 5286/6366/1486 5287/6367/1486 5288/6368/1504 5289/6369/1504
f 5290/6370/1243 4104/4670/1243 5291/6371/1506 5292/6372/1506
f 5293/6373/1507 5294/6374/1507 5295/6375/1493 5296/6376/1493
f 5297/6377/1243 4139/4707/1243 5298/6378/1506 5299/6379/1506
f 5300/6380/1507 5301/6381/1507 4140/4708/1493 5302/6382/1493
f 5303/6383/1243 4142/4710/1243 5304/6384/1506 5305/6385/1506
f 5306/6386/1507 5307/6387/1507 4143/4711/1493 5308/6388/1493
f 5309/6389/1243 4144/4714/1243 5310/6390/1506 5311/6391/1506
f 5312/6392/1507 5313/6393/1507 4145/4715/1493 5314/6394/1493
f 5315/6395/1486 4146/4717/1486 5316/6396/1504 5317/6397/1504
f 5318/6398/1505 5319/6399/1505 4147/4718/1488 5320/6400/1488
f 5321/6401/1486 4149/4720/1486 5322/6402/1504 5323/6403/1504
f 5324/6404/1505 5325/6405/1505 4150/4721/1488 5326/6406/1488
f 5327/6407/1486 4152/4724/1486 5328/6408/1504 5329/6409/1504
f 5330/6410/1505 5331/6411/1505 4153/4725/1488 5332/6412/1488
f 5333/6413/1486 5334/6414/1486 5335/6415/1504 5336/6416/1504
f 5337/6417/1505 5338/6418/1505 5339/6419/1488 5340/6420/1488
f 5341/6421/1486 5342/6422/1486 5343/6423/1504 5344/6424/1504
f 5345/6425/1505 5346/6426/1505 5347/6427/1488 5348/6428/1488
f 5349/6429/1243 5350/6430/1243 5351/6431/1506 5352/6432/1506
f 5353/6433/1507 5354/6434/1507 5355/6435/1493 5356/6436/1493
f 5357/6437/1243 5358/6438/1243 5359/6439/1506 5360/6440/1506
f 5361/6441/1507 5362/6442/1507 5363/6443/1493 5364/6444/1493
f 5365/6445/1243 5366/6446/1243 5367/6447/1506 5368/6448/1506
f 5369/6449/1507 5370/6450/1507 5371/6451/1493 5372/6452/1493
f 5373/6453/1486 5374/6454/1486 5375/6455/1504 5376/6456/1504
f 5377/6457/1505 5378/6458/1505 5379/6459/1488 5380/6460/1488
f 5381/6461/1237 5382/6462/1237 5294/6374/1507 5293/6373/1507
f 5383/6463/1237 5384/6464/1237 5301/6381/1507 5300/6380/1507
f 5385/6465/1237 5386/6466/1237 5307/6387/1507 5306/6386/1507
f 5387/6467/1237 5388/6468/1237 5313/6393/1507 5312/6392/1507
f 5389/6469/1237 5390/6470/1237 5354/6434/1507 5353/6433/1507
f 5391/6471/1237 5392/6472/1237 5362/6442/1507 5361/6441/1507
f 5393/6473/1237 5394/6474/1237 5370/6450/1507 5369/6449/1507
f 5395/6475/1237 5396/6476/1237 5279/6359/1507 5278/6358/1507
f 5397/6477/1239 5398/6478/1239 5283/6363/1505 5282/6362/1505
f 5399/6479/1239 5400/6480/1239 5319/6399/1505 5318/6398/1505
f 5401/6481/1239 5402/6482/1239 5325/6405/1505 5324/6404/1505
f 5403/6483/1239 5404/6484/1239 5331/6411/1505 5330/6410/1505
f 5405/6485/1239 5406/6486/1239 5338/6418/1505 5337/6417/1505
f 5407/6487/1239 5408/6488/1239 5346/6426/1505 5345/6425/1505
f 5409/6489/1239 5410/6490/1239 5271/6351/1505 5270/6350/1505
f 5411/6491/1239 5412/6492/1239 5378/6458/1505 5377/6457/1505
f 5309/6389/1237 5314/6394/1237 4145/4715/1237 4144/4714/1237
f 5303/6383/1237 5308/6388/1237 4143/4711/1237 4142/4710/1237
f 5297/6377/1237 5302/6382/1237 4140/4708/1237 4139/4707/1237
f 5413/6493/1315 5414/6494/1321 4644/5433/1321 4642/5430/1315
f 4795/5587/1244 5415/6495/1244 5416/6496/1243 5417/6497/1243
f 4644/5433/1321 4647/5436/1321 4643/5431/1315 4642/5430/1315
f 5418/6498/1491 4787/5579/1483 4786/5578/1488 5419/6499/1488
f 5420/6500/1487 5421/6501/1490 5422/6502/1486 5423/6503/1486
f 5424/6504/1485 5425/6505/1485 5426/6506/1486 5427/6507/1486
f 5428/6508/1488 5429/6509/1488 5430/6510/1492 5431/6511/1492
f 4783/5575/1487 5432/6512/1490 5433/6513/1486 5434/6514/1486
f 5435/6515/1488 5436/6516/1488 5437/6517/1491 4766/6518/1483
f 4778/5570/1485 5438/6519/1485 5439/6520/1486 4779/5571/1486
f 5440/6521/1488 5441/6522/1488 5442/6523/1491 5443/6524/1492
f 4807/5599/1490 5444/6525/1485 5445/6526/1486 5446/6527/1486
f 5447/6528/1488 5448/6529/1488 5449/6530/1508 4810/6531/1491
f 5450/6532/1487 5451/6533/1490 5452/6534/1486 5453/6535/1486
f 5454/6536/1488 5455/6537/1488 5456/6538/1508 5457/6539/1508
f 4790/5582/1489 5458/6540/1490 5459/6541/1486 4791/5583/1486
f 5460/6542/1488 5461/6543/1488 5462/6544/1508 5463/6545/1491
f 5464/6546/1487 5465/6547/1490 5466/6548/1486 5467/6549/1486
f 5468/6550/1484 5469/6551/1484 5470/6552/1493 5471/6553/1493
f 5472/6554/1244 5473/6555/1244 5474/6556/1243 5475/6557/1243
f 4154/4727/1242 5476/6558/1509 5477/6559/1243 4155/4728/1243
f 5478/6560/1493 5479/6561/1493 5480/6562/1484 4774/6563/1484
f 5481/6564/1244 5482/6565/1242 5483/6566/1243 5484/6567/1243
f 5485/6568/1493 5486/6569/1493 5487/6570/1484 5488/6571/1484
f 5489/6572/1244 5490/6573/1242 5491/6574/1243 5492/6575/1243
f 5493/6576/1493 5494/6577/1493 5495/6578/1484 4802/6579/1484
f 5496/6580/1244 4546/5327/1242 4545/5326/1243 5497/6581/1243
f 5498/6582/1493 4544/5325/1493 4548/5329/1484 4770/6583/1484
f 4798/5590/1244 5499/6584/1242 5500/6585/1243 4799/5591/1243
f 5501/6586/1493 5502/6587/1493 5503/6588/1484 5504/6589/1484
f 5505/6590/1244 5506/6591/1244 5507/6592/1243 5508/6593/1243
f 4814/5606/1493 5509/6594/1493 5510/6595/1510 4815/5607/1484
f 5511/6596/1488 5512/6597/1488 5513/6598/1508 5514/6599/1492
f 5515/6600/1239 5516/6601/1239 4787/5579/1483 5418/6498/1491
f 5517/6602/1239 5518/6603/1239 5421/6501/1490 5420/6500/1487
f 5516/6604/1239 5515/6605/1239 5425/6505/1485 5424/6504/1485
f 5519/6606/1239 4782/6607/1239 5431/6608/1492 5430/6510/1492
f 4782/5574/1239 5519/6606/1239 5432/6512/1490 4783/5575/1487
f 5520/6609/1239 4767/5559/1239 4766/5558/1483 5437/6517/1491
f 4767/6610/1239 5520/6609/1239 5438/6519/1485 4778/5570/1485
f 5521/6611/1239 4806/6612/1239 5443/6613/1492 5442/6523/1491
f 4806/5598/1239 5521/6611/1239 5444/6525/1485 4807/5599/1490
f 5522/6614/1239 4811/5603/1239 4810/5602/1491 5449/6530/1508
f 4811/6615/1239 5522/6614/1239 5451/6533/1490 5450/6532/1487
f 5523/6616/1239 5524/6617/1239 5457/6618/1508 5456/6538/1508
f 5524/6619/1239 5523/6616/1239 5458/6540/1490 4790/5582/1489
f 5525/6620/1239 5526/6621/1239 5463/6622/1491 5462/6544/1508
f 5526/6623/1239 5525/6620/1239 5465/6547/1490 5464/6546/1487
f 5527/6624/1493 5528/6625/1493 5529/6626/1510 5530/6627/1484
f 4794/5586/1237 5531/6628/1237 5415/6495/1244 4795/5587/1244
f 5532/6629/1237 5533/6630/1237 5469/6551/1484 5468/6550/1484
f 5533/6631/1237 5532/6632/1237 5473/6555/1244 5472/6554/1244
f 4775/6633/1237 5534/6634/1237 5476/6558/1509 4154/4727/1242
f 5534/6634/1237 4775/5567/1237 4774/5566/1484 5480/6562/1484
f 5535/6635/1237 5536/6636/1237 5482/6565/1242 5481/6564/1244
f 5536/6636/1237 5535/6637/1237 5488/6638/1484 5487/6570/1484
f 4803/6639/1237 5537/6640/1237 5490/6573/1242 5489/6572/1244
f 5537/6640/1237 4803/5595/1237 4802/5594/1484 5495/6578/1484
f 4771/6641/1237 4547/5328/1237 4546/5327/1242 5496/6580/1244
f 4547/5328/1237 4771/5563/1237 4770/5562/1484 4548/5329/1484
f 5538/6642/1237 5539/6643/1237 5499/6584/1242 4798/5590/1244
f 5539/6643/1237 5538/6644/1237 5504/6645/1484 5503/6588/1484
f 5540/6646/1237 5541/6647/1237 5506/6591/1244 5505/6590/1244
f 5541/6647/1237 5540/6648/1237 4815/6649/1484 5510/6595/1510
f 5494/6577/1295 5491/6574/1295 5490/6573/1295 5537/6640/1295 5495/6578/1295
f 5482/6565/1295 5536/6636/1295 5487/6570/1295 5486/6569/1295 5483/6566/1295
f 5476/6558/1295 5534/6634/1295 5480/6562/1295 5479/6561/1295 5477/6559/1295
f 5473/6555/1295 5532/6632/1295 5468/6550/1295 5471/6553/1295 5474/6556/1295
f 5502/6587/1295 5500/6585/1295 5499/6584/1295 5539/6643/1295 5503/6588/1295
f 5509/6594/1295 5507/6592/1295 5506/6591/1295 5541/6647/1295 5510/6595/1295
f 5528/6625/1295 5416/6496/1295 5415/6495/1295 5531/6628/1295 5529/6626/1295
f 5419/6499/1511 5426/6506/1511 5425/6505/1511 5515/6605/1511 5418/6498/1511
f 5432/6512/1511 5519/6606/1511 5430/6510/1511 5429/6509/1511 5433/6513/1511
f 5436/6516/1511 5439/6520/1511 5438/6519/1511 5520/6609/1511 5437/6517/1511
f 5441/6522/1511 5445/6526/1511 5444/6525/1511 5521/6611/1511 5442/6523/1511
f 5448/6529/1511 5452/6534/1511 5451/6533/1511 5522/6614/1511 5449/6530/1511
f 5458/6540/1511 5523/6616/1511 5456/6538/1511 5455/6537/1511 5459/6541/1511
f 5465/6547/1511 5525/6620/1511 5462/6544/1511 5461/6543/1511 5466/6548/1511
f 5512/6597/1511 5422/6502/1511 5421/6501/1511 5518/6603/1511 5513/6598/1511
f 5267/6347/800 5284/6364/800 5283/6363/800 5398/6650/800 5268/6348/800
f 5342/6422/800 4147/4718/800 5319/6399/800 5400/6651/800 5343/6423/800
f 4150/4721/800 5325/6405/800 5402/6482/800 5335/6415/800 5334/6414/800
f 5374/6454/800 4153/4725/800 5331/6411/800 5404/6652/800 5375/6455/800
f 5272/6352/800 5271/6351/800 5410/6653/800 5316/6396/800 4146/4717/800
f 4151/6654/1241 5339/6419/1239 4152/4724/1239
f 5347/6427/800 5346/6426/800 5408/6655/800 5322/6402/800 4149/4720/800
f 4151/6656/1241 4153/4725/1239 5374/6454/1239
f 4152/4724/800 5339/6419/800 5338/6418/800 5406/6486/800 5328/6408/800
f 5379/6459/800 5378/6458/800 5412/6657/800 5288/6368/800 5287/6367/800
f 4151/6658/1241 5379/6459/1239 5287/6367/1512
f 4151/6659/1241 5287/6367/1512 4097/4663/1212
f 5518/6603/1239 5517/6660/1239 5514/6661/1492 5513/6598/1508
f 4148/6662/1240 4093/4659/1211 5284/6364/1513
f 4097/4663/1212 5287/6367/1512 5286/6366/1512 5542/6663/1241 4094/4660/1212
f 5531/6628/1237 4794/6664/1237 5530/6665/1484 5529/6626/1510
f 4103/4669/1216 5295/6375/1514 4141/6666/1238
f 4139/4707/801 5371/6451/801 5370/6450/801 5394/6474/801 5298/6378/801
f 5294/6374/801 5382/6462/801 5367/6447/801 5366/6446/801 5295/6375/801
f 4141/6667/1238 5371/6451/1237 4139/4707/1237
f 4141/6666/1238 5295/6375/1514 5366/6446/1237
f 5301/6381/801 5384/6464/801 5359/6439/801 5358/6438/801 4140/4708/801
f 4142/4710/801 5363/6443/801 5362/6442/801 5392/6472/801 5304/6384/801
f 4140/4708/1237 5358/6438/1237 4141/6668/1238
f 4141/6669/1238 5363/6443/1237 4142/4710/1237
f 5307/6387/801 5386/6466/801 5351/6431/801 5350/6430/801 4143/4711/801
f 4144/4714/801 5355/6435/801 5354/6434/801 5390/6470/801 5310/6390/801
f 4144/4714/1237 4106/6670/1219 5355/6435/1237
f 4106/4712/1219 4143/4711/1237 5350/6430/1237
f 5313/6393/801 5388/6468/801 5276/6356/801 5275/6355/801 4145/4715/801
f 5279/6359/801 5396/6476/801 5291/6371/801 4104/4670/801 5280/6360/801
f 4106/6671/1219 5280/6360/1237 4104/4670/1217
f 4106/6672/1219 4145/4715/1237 5275/6355/1237
f 4632/6673/1340 5448/6529/1515 5452/6534/1515 5455/6537/1515 5459/6541/1515
f 4639/5426/1323 4638/5425/1342 5416/6496/1516 5417/6497/1517 5543/6674/1323
f 4102/4668/1216 5544/6675/1238 5296/6376/1514 5295/6375/1514 4103/4669/1216
f 5474/6556/1237 5479/6561/1237 5478/6560/1237 5475/6557/1237
f 5485/6568/1237 4155/4728/1237 5477/6559/1237 5486/6569/1237
f 5483/6566/1237 5494/6577/1237 5493/6576/1237 5484/6567/1237
f 4544/5325/1237 5498/6582/1237 5492/6575/1237 5491/6574/1237
f 4545/5326/1237 5502/6587/1237 5501/6586/1237 5497/6581/1237
f 5500/6585/1237 5509/6594/1237 4814/5606/1237 4799/5591/1237
f 5528/6625/1237 5527/6624/1237 5508/6593/1237 5507/6592/1237
f 4620/5405/1333 5545/6676/1333 4786/5578/1518 5419/6499/1519
f 4638/6677/1342 5500/6585/1520 5509/6594/1520
f 4632/6673/1340 5459/6541/1515 5461/6543/1515
f 4621/6678/1339 5436/6516/1515 5439/6520/1515 5441/6522/1515 5445/6526/1515
f 4621/6678/1339 5445/6526/1515 5448/6529/1515 4632/6673/1340
f 4638/6677/1342 5509/6594/1520 5507/6592/1520 5528/6625/1520 5416/6496/1516
f 4544/5325/1520 4545/5326/1520 5502/6587/1520 5500/6585/1520 4638/6677/1342
f 4093/4659/1211 4092/4658/1211 5546/6679/1240 5285/6365/1513 5284/6364/1513
f 5512/6597/1239 5511/6596/1239 5467/6549/1239 5466/6548/1239
f 5459/6541/1239 5461/6543/1239 5460/6542/1239 4791/5583/1239
f 5455/6537/1239 5454/6536/1239 5453/6535/1239 5452/6534/1239
f 5445/6526/1239 5448/6529/1239 5447/6528/1239 5446/6527/1239
f 5439/6520/1239 5441/6522/1239 5440/6521/1239 4779/5571/1239
f 5436/6516/1239 5435/6515/1239 5434/6514/1239 5433/6513/1239
f 5426/6506/1239 5429/6509/1239 5428/6508/1239 5427/6507/1239
f 4633/5418/1341 4632/6673/1340 5422/6502/1521
f 5494/6577/1520 5491/6574/1520 4645/6680/1343 5486/6569/1520 5483/6566/1520
f 5486/6569/1520 4645/6680/1343 5477/6559/1520
f 5477/6559/1520 4645/6680/1343 5471/6553/1522 5474/6556/1520 5479/6561/1520
f 4632/6673/1340 5461/6543/1515 5466/6548/1515 5512/6597/1515 5422/6502/1521
f 4787/5579/1483 5516/6601/1239 5547/6681/1239 4788/5580/1483
f 5435/6515/1488 4766/6518/1483 4769/6682/1483 5548/6683/1488
f 5424/6504/1485 5427/6507/1486 5549/6684/1486 5550/6685/1485
f 4783/5575/1487 5434/6514/1486 5551/6686/1486 4784/5576/1487
f 5450/6532/1487 5453/6535/1486 5552/6687/1486 5553/6688/1487
f 5511/6596/1488 5514/6599/1492 5554/6689/1492 5555/6690/1488
f 4807/5599/1490 5446/6527/1486 5556/6691/1486 4808/5600/1487
f 4767/6610/1239 4778/5570/1485 4781/5573/1485 4768/6692/1239
f 5460/6542/1488 5463/6545/1491 5557/6693/1491 5558/6694/1488
f 5454/6536/1488 5457/6539/1508 5559/6695/1508 5560/6696/1488
f 4811/6615/1239 5450/6532/1487 5553/6688/1487 4812/6697/1239
f 5516/6604/1239 5424/6504/1485 5550/6685/1485 5547/6698/1239
f 5464/6546/1487 5467/6549/1486 5561/6699/1486 5562/6700/1487
f 5420/6500/1487 5423/6503/1486 5563/6701/1486 5564/6702/1487
f 5431/6608/1492 4782/6607/1239 4785/6703/1239 5565/6704/1492
f 5514/6661/1492 5517/6660/1239 5566/6705/1239 5554/6706/1492
f 5428/6508/1488 5431/6511/1492 5565/6707/1492 5567/6708/1488
f 5440/6521/1488 5443/6524/1492 5568/6709/1492 5569/6710/1488
f 5443/6613/1492 4806/6612/1239 4809/6711/1239 5568/6712/1492
f 5517/6602/1239 5420/6500/1487 5564/6702/1487 5566/6713/1239
f 5524/6619/1239 4790/5582/1489 4793/5585/1489 5570/6714/1239
f 5463/6622/1491 5526/6621/1239 5571/6715/1239 5557/6716/1491
f 5457/6618/1508 5524/6617/1239 5570/6717/1239 5559/6718/1508
f 5526/6623/1239 5464/6546/1487 5562/6700/1487 5571/6719/1239
f 5447/6528/1488 4810/6531/1491 4813/6720/1492 5572/6721/1488
f 4775/6633/1237 4154/4727/1242 4157/4730/1244 4776/6722/1237
f 5478/6560/1493 4774/6563/1484 4777/6723/1484 5573/6724/1493
f 5469/6551/1484 5533/6630/1237 5574/6725/1237 5575/6726/1484
f 5527/6624/1493 5530/6627/1484 5576/6727/1484 5577/6728/1493
f 5535/6635/1237 5481/6564/1244 5578/6729/1244 5579/6730/1237
f 4803/6639/1237 5489/6572/1244 5580/6731/1244 4804/6732/1237
f 5472/6554/1244 5475/6557/1243 5581/6733/1243 5582/6734/1244
f 5489/6572/1244 5492/6575/1243 5583/6735/1243 5580/6731/1244
f 5538/6642/1237 4798/5590/1244 4801/5593/1244 5584/6736/1237
f 4795/5587/1244 5417/6497/1243 5585/6737/1243 4796/5588/1244
f 4771/6641/1237 5496/6580/1244 5586/6738/1244 4772/6739/1237
f 5496/6580/1244 5497/6581/1243 5587/6740/1243 5586/6738/1244
f 5533/6631/1237 5472/6554/1244 5582/6734/1244 5574/6741/1237
f 4815/6649/1484 5540/6648/1237 5588/6742/1237 4816/6743/1484
f 5505/6590/1244 5508/6593/1243 5589/6744/1243 5590/6745/1244
f 5488/6638/1484 5535/6637/1237 5579/6746/1237 5591/6747/1484
f 5540/6646/1237 5505/6590/1244 5590/6745/1244 5588/6748/1237
f 5470/6552/1493 5469/6551/1484 5575/6726/1484 5592/6749/1493
f 5498/6582/1493 4770/6583/1484 4773/6750/1484 5593/6751/1493
f 5530/6665/1484 4794/6664/1237 4797/6752/1237 5576/6753/1484
f 5481/6564/1244 5484/6567/1243 5594/6754/1243 5578/6729/1244
f 5485/6568/1493 5488/6571/1484 5591/6755/1484 5595/6756/1493
f 5493/6576/1493 4802/6579/1484 4805/6757/1484 5596/6758/1493
f 5501/6586/1493 5504/6589/1484 5597/6759/1484 5598/6760/1493
f 5504/6645/1484 5538/6644/1237 5584/6761/1237 5597/6762/1484
f 5599/6763/1 5600/6764/1 5601/6765/1 5602/6766/1
f 5603/6767/1239 5604/6768/1239 5605/6769/1239 5606/6770/1239
f 5607/6771/22 5608/6772/22 5609/6773/22 5610/6774/22
f 5611/6775/1237 5612/6776/1237 5602/6777/1237 5601/6778/1237
f 5613/6779/1523 5614/6780/1523 5612/6781/1523 5611/6782/1523
f 5615/6783/1524 5616/6784/1524 5606/6785/1524 5605/6786/1524
f 5617/6787/13 5618/6788/13 5619/6789/13 5620/6790/13
f 5621/6791/13 5622/6792/13 5623/6793/13 5624/6794/13
f 5625/6795/1 5626/6796/1 5604/6797/1 5603/6798/1
f 5627/6799/1243 5628/6800/1243 5611/6775/1243 5601/6778/1243
f 5620/6790/1493 5619/6789/1493 5602/6777/1493 5612/6776/1493
f 5613/6779/1525 5611/6782/1525 5628/6801/1525 5629/6802/1525
f 5601/6765/1048 5600/6764/1048 5630/6803/1048 5627/6804/1048
f 5617/6787/1526 5620/6790/1526 5612/6805/1526 5614/6806/1526
f 5599/6763/1527 5602/6766/1527 5619/6807/1527 5618/6808/1527
f 5603/6767/1488 5606/6770/1488 5610/6774/1488 5609/6773/1488
f 5624/6794/1486 5623/6793/1486 5605/6769/1486 5604/6768/1486
f 5621/6791/1527 5624/6794/1527 5604/6809/1527 5626/6810/1527
f 5609/6773/1048 5608/6772/1048 5625/6811/1048 5603/6812/1048
f 5615/6783/1528 5605/6786/1528 5623/6813/1528 5622/6814/1528
f 5607/6771/1529 5610/6774/1529 5606/6815/1529 5616/6816/1529
f 5630/6817/22 5629/6818/22 5628/6800/22 5627/6799/22
f 4146/4717/1239 5315/6395/1239 5320/6400/1239 4147/4718/1239
f 4152/4724/1239 5327/6407/1239 5332/6412/1239 4153/4725/1239
f 4150/4721/1239 4149/4720/1239 5321/6401/1239 5326/6406/1239
f 5404/6652/1239 5403/6819/1239 5376/6456/1504 5375/6455/1504
f 5398/6650/1239 5397/6820/1239 5269/6349/1504 5268/6348/1504
f 5400/6651/1239 5399/6821/1239 5344/6424/1504 5343/6423/1504
f 5402/6822/1239 5401/6823/1239 5336/6416/1504 5335/6415/1504
f 5406/6824/1239 5405/6825/1239 5329/6409/1504 5328/6408/1504
f 5408/6655/1239 5407/6826/1239 5323/6403/1504 5322/6402/1504
f 5410/6653/1239 5409/6827/1239 5317/6397/1504 5316/6396/1504
f 5412/6657/1239 5411/6828/1239 5289/6369/1504 5288/6368/1504
f 5315/6395/1239 5285/6365/1513 5546/6679/1240 5542/6663/1241 5286/6366/1512 5332/6412/1239 5327/6407/1239 5326/6406/1239 5321/6401/1239 5320/6400/1239
f 5388/6829/1237 5387/6830/1237 5277/6357/1506 5276/6356/1506
f 5382/6831/1237 5381/6832/1237 5368/6448/1506 5367/6447/1506
f 5384/6833/1237 5383/6834/1237 5360/6440/1506 5359/6439/1506
f 5386/6835/1237 5385/6836/1237 5352/6432/1506 5351/6431/1506
f 5390/6837/1237 5389/6838/1237 5311/6391/1506 5310/6390/1506
f 5392/6839/1237 5391/6840/1237 5305/6385/1506 5304/6384/1506
f 5394/6841/1237 5393/6842/1237 5299/6379/1506 5298/6378/1506
f 5396/6843/1237 5395/6844/1237 5292/6372/1506 5291/6371/1506
f 5544/6675/1238 5631/6845/1219 5290/6370/1217 5314/6394/1237 5309/6389/1237 5308/6388/1237 5303/6383/1237 5302/6382/1237 5297/6377/1237 5296/6376/1514
f 5632/6846/1290 5633/6847/1290 5634/6848/1290 5635/6849/1290
f 5635/6849/43 5634/6848/43 5636/6850/43 5637/6851/43
f 5637/6851/1284 5636/6850/1284 5638/6852/1284 5639/6853/1284
f 5639/6853/1530 5638/6852/1530 5640/6854/1530 5641/6855/1530
f 5641/6855/32 5640/6854/32 5642/6856/32 5643/6857/32
f 5643/6857/1291 5642/6856/1291 5633/6858/1291 5632/6859/1291
f 5632/6860/91 5635/6861/91 5637/6862/91 5639/6863/91 5641/6864/91 5643/6865/91
f 5644/6866/1494 5645/6867/1494 5646/6868/22 5647/6869/22
f 5648/6870/1495 5649/6871/1495 5650/6872/32 5651/6873/32
f 5652/6874/91 5653/6875/91 5654/6876/91 5650/6877/91 5649/6878/91 5646/6879/91 5645/6880/91 5655/6881/91
f 5647/6869/22 5646/6868/22 5649/6871/1495 5648/6870/1495
f 5656/6882/43 5655/6883/43 5645/6867/1494 5644/6866/1494
f 5657/6884/1496 5654/6885/1496 5653/6886/13 5658/6887/13
f 5658/6888/13 5653/6889/13 5652/6890/1497 5659/6891/1497
f 5651/6873/32 5650/6872/32 5654/6885/1496 5657/6884/1496
f 5660/6892/1290 5661/6893/1290 5662/6894/1290 5663/6895/1290
f 5663/6895/43 5662/6894/43 5664/6896/43 5665/6897/43
f 5665/6897/1284 5664/6896/1284 5666/6898/1284 5667/6899/1284
f 5667/6899/1530 5666/6898/1530 5668/6900/1530 5669/6901/1530
f 5669/6901/32 5668/6900/32 5670/6902/32 5671/6903/32
f 5671/6903/1291 5670/6902/1291 5661/6904/1291 5660/6905/1291
f 5660/6906/91 5663/6907/91 5665/6908/91 5667/6909/91 5669/6910/91 5671/6911/91
f 5672/6912/1494 5673/6913/1494 5674/6914/22 5675/6915/22
f 5676/6916/1495 5677/6917/1495 5678/6918/32 5679/6919/32
f 5680/6920/91 5681/6921/91 5682/6922/91 5678/6923/91 5677/6924/91 5674/6925/91 5673/6926/91 5683/6927/91
f 5675/6915/22 5674/6914/22 5677/6917/1495 5676/6916/1495
f 5684/6928/43 5683/6929/43 5673/6913/1494 5672/6912/1494
f 5685/6930/1496 5682/6931/1496 5681/6932/13 5686/6933/13
f 5686/6934/13 5681/6935/13 5680/6936/1497 5687/6937/1497
f 5679/6919/32 5678/6918/32 5682/6931/1496 5685/6930/1496
f 5688/6938/1290 5689/6939/1290 5690/6940/1290 5691/6941/1290
f 5691/6941/43 5690/6940/43 5692/6942/43 5693/6943/43
f 5693/6943/1284 5692/6942/1284 5694/6944/1284 5695/6945/1284
f 5695/6945/1530 5694/6944/1530 5696/6946/1530 5697/6947/1530
f 5697/6947/32 5696/6946/32 5698/6948/32 5699/6949/32
f 5699/6949/1291 5698/6948/1291 5689/6950/1291 5688/6951/1291
f 5688/6952/91 5691/6953/91 5693/6954/91 5695/6955/91 5697/6956/91 5699/6957/91
f 5700/6958/1494 5701/6959/1494 5702/6960/22 5703/6961/22
f 5704/6962/1495 5705/6963/1495 5706/6964/32 5707/6965/32
f 5708/6966/91 5709/6967/91 5710/6968/91 5706/6969/91 5705/6970/91 5702/6971/91 5701/6972/91 5711/6973/91
f 5703/6961/22 5702/6960/22 5705/6963/1495 5704/6962/1495
f 5712/6974/1531 5711/6975/1531 5701/6959/1494 5700/6958/1494
f 5713/6976/1496 5710/6977/1496 5709/6978/13 5714/6979/13
f 5714/6980/13 5709/6981/13 5708/6982/1532 5715/6983/1532
f 5707/6965/32 5706/6964/32 5710/6977/1496 5713/6976/1496
f 5716/6984/1290 5717/6985/1290 5718/6986/1290 5719/6987/1290
f 5719/6987/43 5718/6986/43 5720/6988/43 5721/6989/43
f 5721/6989/1284 5720/6988/1284 5722/6990/1284 5723/6991/1284
f 5723/6991/1530 5722/6990/1530 5724/6992/1530 5725/6993/1530
f 5725/6993/32 5724/6992/32 5726/6994/32 5727/6995/32
f 5727/6995/1291 5726/6994/1291 5717/6996/1291 5716/6997/1291
f 5716/6998/91 5719/6999/91 5721/7000/91 5723/7001/91 5725/7002/91 5727/7003/91
f 5728/7004/1494 5729/7005/1494 5730/7006/22 5731/7007/22
f 5732/7008/1495 5733/7009/1495 5734/7010/32 5735/7011/32
f 5736/7012/91 5737/7013/91 5738/7014/91 5734/7015/91 5733/7016/91 5730/7017/91 5729/7018/91 5739/7019/91
f 5731/7007/22 5730/7006/22 5733/7009/1495 5732/7008/1495
f 5740/7020/1531 5739/7021/1531 5729/7005/1494 5728/7004/1494
f 5741/7022/1496 5738/7023/1496 5737/7024/13 5742/7025/13
f 5742/7026/13 5737/7027/13 5736/7028/1532 5743/7029/1532
f 5735/7011/32 5734/7010/32 5738/7023/1496 5741/7022/1496
f 5744/7030/1285 5745/7031/1285 5746/7032/1285 5747/7033/1285
f 5747/7033/87 5746/7032/87 5748/7034/87 5749/7035/87
f 5749/7035/1278 5748/7034/1278 5750/7036/1278 5751/7037/1278
f 5751/7037/1533 5750/7036/1533 5752/7038/1533 5753/7039/1533
f 5753/7039/91 5752/7038/91 5754/7040/91 5755/7041/91
f 5755/7041/1288 5754/7040/1288 5745/7042/1288 5744/7043/1288
f 5744/7044/32 5747/7045/32 5749/7046/32 5751/7047/32 5753/7048/32 5755/7049/32
f 5756/7050/1499 5757/7051/1499 5758/7052/13 5759/7053/13
f 5760/7054/1500 5761/7055/1500 5762/7056/91 5763/7057/91
f 5764/7058/32 5765/7059/32 5766/7060/32 5762/7061/32 5761/7062/32 5758/7063/32 5757/7064/32 5767/7065/32
f 5759/7053/13 5758/7052/13 5761/7055/1500 5760/7054/1500
f 5768/7066/87 5767/7067/87 5757/7051/1499 5756/7050/1499
f 5769/7068/1501 5766/7069/1501 5765/7070/22 5770/7071/22
f 5770/7072/22 5765/7073/22 5764/7074/1502 5771/7075/1502
f 5763/7057/91 5762/7056/91 5766/7069/1501 5769/7068/1501
f 5772/7076/1285 5773/7077/1285 5774/7078/1285 5775/7079/1285
f 5775/7079/87 5774/7078/87 5776/7080/87 5777/7081/87
f 5777/7081/1278 5776/7080/1278 5778/7082/1278 5779/7083/1278
f 5779/7083/1533 5778/7082/1533 5780/7084/1533 5781/7085/1533
f 5781/7085/91 5780/7084/91 5782/7086/91 5783/7087/91
f 5783/7087/1288 5782/7086/1288 5773/7088/1288 5772/7089/1288
f 5772/7090/32 5775/7091/32 5777/7092/32 5779/7093/32 5781/7094/32 5783/7095/32
f 5784/7096/1499 5785/7097/1499 5786/7098/13 5787/7099/13
f 5788/7100/1500 5789/7101/1500 5790/7102/91 5791/7103/91
f 5792/7104/32 5793/7105/32 5794/7106/32 5790/7107/32 5789/7108/32 5786/7109/32 5785/7110/32 5795/7111/32
f 5787/7099/13 5786/7098/13 5789/7101/1500 5788/7100/1500
f 5796/7112/87 5795/7113/87 5785/7097/1499 5784/7096/1499
f 5797/7114/1501 5794/7115/1501 5793/7116/22 5798/7117/22
f 5798/7118/22 5793/7119/22 5792/7120/1502 5799/7121/1502
f 5791/7103/91 5790/7102/91 5794/7115/1501 5797/7114/1501
f 5800/7122/1285 5801/7123/1285 5802/7124/1285 5803/7125/1285
f 5803/7125/87 5802/7124/87 5804/7126/87 5805/7127/87
f 5805/7127/1278 5804/7126/1278 5806/7128/1278 5807/7129/1278
f 5807/7129/1533 5806/7128/1533 5808/7130/1533 5809/7131/1533
f 5809/7131/91 5808/7130/91 5810/7132/91 5811/7133/91
f 5811/7133/1288 5810/7132/1288 5801/7134/1288 5800/7135/1288
f 5800/7136/32 5803/7137/32 5805/7138/32 5807/7139/32 5809/7140/32 5811/7141/32
f 5812/7142/1499 5813/7143/1499 5814/7144/13 5815/7145/13
f 5816/7146/1500 5817/7147/1500 5818/7148/91 5819/7149/91
f 5820/7150/32 5821/7151/32 5822/7152/32 5818/7153/32 5817/7154/32 5814/7155/32 5813/7156/32 5823/7157/32
f 5815/7145/13 5814/7144/13 5817/7147/1500 5816/7146/1500
f 5824/7158/87 5823/7159/87 5813/7143/1499 5812/7142/1499
f 5825/7160/1501 5822/7161/1501 5821/7162/22 5826/7163/22
f 5826/7164/22 5821/7165/22 5820/7166/1502 5827/7167/1502
f 5819/7149/91 5818/7148/91 5822/7161/1501 5825/7160/1501
f 5828/7168/1285 5829/7169/1285 5830/7170/1285 5831/7171/1285
f 5831/7171/87 5830/7170/87 5832/7172/87 5833/7173/87
f 5833/7173/1278 5832/7172/1278 5834/7174/1278 5835/7175/1278
f 5835/7175/1533 5834/7174/1533 5836/7176/1533 5837/7177/1533
f 5837/7177/91 5836/7176/91 5838/7178/91 5839/7179/91
f 5839/7179/1288 5838/7178/1288 5829/7180/1288 5828/7181/1288
f 5828/7182/32 5831/7183/32 5833/7184/32 5835/7185/32 5837/7186/32 5839/7187/32
f 5840/7188/1499 5841/7189/1499 5842/7190/13 5843/7191/13
f 5844/7192/1500 5845/7193/1500 5846/7194/91 5847/7195/91
f 5848/7196/32 5849/7197/32 5850/7198/32 5846/7199/32 5845/7200/32 5842/7201/32 5841/7202/32 5851/7203/32
f 5843/7191/13 5842/7190/13 5845/7193/1500 5844/7192/1500
f 5852/7204/87 5851/7205/87 5841/7189/1499 5840/7188/1499
f 5853/7206/1501 5850/7207/1501 5849/7208/22 5854/7209/22
f 5854/7210/22 5849/7211/22 5848/7212/1502 5855/7213/1502
f 5847/7195/91 5846/7194/91 5850/7207/1501 5853/7206/1501
f 4694/5486/1411 4700/5492/1417 4749/5541/1466 4759/5551/1476 4758/5550/1475 4765/5557/1482 4723/5515/1440 4722/5514/1439 4762/5554/1479 4726/5518/1443 4704/5496/1421 4703/5495/1420 4709/5501/1426 4715/5507/1432 4712/5504/1429 4695/5487/1412
f 5491/6574/1520 4544/5325/1520 4638/6677/1342 4645/6680/1343
f 5426/6506/1515 5429/6509/1515 5433/6513/1515 4621/5406/1339 5419/6499/1519
f 4621/6678/1339 5433/6513/1515 5436/6516/1515
f 4150/4721/1239 5334/6414/1239 4151/4722/1241
f 4148/7214/1240 5347/6427/1239 4149/4720/1239
f 4148/7215/1240 4147/4718/1239 5342/6422/1239
f 4148/7216/1240 5272/6352/1239 4146/4717/1239
f 4148/6662/1240 5284/6364/1513 5267/6347/1239
f 5272/6352/1239 5267/6347/1239 5266/6346/1239 5273/6353/1239
f 5347/6427/1239 5342/6422/1239 5341/6421/1239 5348/6428/1239
f 5334/6414/1239 5333/6413/1239 5340/6420/1239 5339/6419/1239
f 5379/6459/1239 5374/6454/1239 5373/6453/1239 5380/6460/1239
f 5366/6446/1237 5365/6445/1237 5372/6452/1237 5371/6451/1237
f 5357/6437/1237 5364/6444/1237 5363/6443/1237 5358/6438/1237
f 5349/6429/1237 5356/6436/1237 5355/6435/1237 5350/6430/1237
f 5274/6354/1237 5281/6361/1237 5280/6360/1237 5275/6355/1237
f 4148/7217/1240 5267/6347/1239 5272/6352/1239
f 4148/7218/1240 5342/6422/1239 5347/6427/1239
f 4151/7219/1241 5334/6414/1239 5339/6419/1239
f 4151/7220/1241 5374/6454/1239 5379/6459/1239
f 4106/7221/1219 5275/6355/1237 5280/6360/1237
f 4106/7222/1219 5350/6430/1237 5355/6435/1237
f 4141/7223/1238 5358/6438/1237 5363/6443/1237
f 4141/7224/1238 5366/6446/1237 5371/6451/1237
f 4129/4695/1511 4127/4693/1511 4119/4685/1511 4543/5324/1511
f 4133/4701/1295 4134/4702/1295 4098/4698/1295 4132/4700/1295
f 4542/5323/1295 4136/4704/1295 4135/4703/1295 4131/4697/1295
f 4088/4654/1511 4122/4688/1511 4124/4690/1511 4126/4692/1511
f 4644/5433/1321 5414/6494/1321 5470/6552/1534 5471/6553/1522
f 5856/7225/1312 5545/6676/1333 4620/5405/1333 4568/5351/1312
f 4569/5352/1312 4568/5351/1312 4620/5405/1333 4623/5408/1333
f 4640/5427/1323 4639/5426/1323 4636/5421/1324 4637/5422/1324
f 4639/5426/1323 5543/6674/1323 5857/7226/1324 4636/5421/1324
f 4114/4680/1306 4542/5323/1535 5413/6493/1315 4642/5430/1315
f 4125/4691/1301 4556/5337/1300 5858/7227/1300 4126/4692/1536
f 4137/4705/1309 4543/5324/1537 5856/7225/1312 4568/5351/1312
f 4636/5421/1324 5857/7226/1324 4134/4702/1538 4111/4677/1296
f 4634/5419/1341 4633/5418/1341 4556/5337/1300 4558/5340/1300
f 5858/7227/1300 4556/5337/1300 4633/5418/1341 5859/7228/1341
f 4645/6680/1343 4644/5433/1321 5471/6553/1522
f 5631/6845/1219 4107/4673/1218 4105/4671/1218 4104/4670/1217 5290/6370/1217
f 4103/4669/801 4141/4713/801 4106/4672/801 4105/4671/801 4109/4675/801 4116/4682/801 4115/4681/801 4559/5341/801 4570/5353/801 4618/5403/801 4627/5412/801 4626/5411/801 4574/5358/801 4110/5357/801 4101/4667/801 4100/4666/801
f 5859/7228/1341 4633/5418/1341 5422/6502/1521 5423/6503/1539
f 4621/5406/1339 4620/5405/1333 5419/6499/1519
f 4096/4662/800 4120/4686/800 4138/4706/800 4566/5349/800 4572/5355/800 4624/5409/800 4630/5415/800 4553/5334/800 4552/5333/800 4549/5344/800 4091/4657/800 4090/4656/800 4093/4659/800 4148/4723/800 4151/6659/800 4097/4663/800
f 5656/6882/43 5659/6891/1497 5652/6890/1497 5655/6881/43
f 5683/6927/43 5684/6928/43 5687/6937/1497 5680/6920/1497
f 5711/6973/1540 5712/6974/1540 5715/6983/1540 5708/6966/1540
f 5739/7019/1540 5740/7020/1540 5743/7029/1540 5736/7012/1540
f 5851/7203/87 5852/7204/87 5855/7213/1502 5848/7196/1502
f 5823/7157/87 5824/7158/87 5827/7167/1502 5820/7150/1502
f 5795/7111/87 5796/7112/87 5799/7121/1502 5792/7104/1502
f 5767/7065/87 5768/7066/87 5771/7075/1502 5764/7058/1502
f 4622/7229/1339 4621/6678/1339 4632/6673/1340 4635/7230/1340
f 4646/7231/1343 4645/7232/1343 4638/7233/1342 4641/7234/1342
f 4656/5447/1370 4657/5448/1371 4646/7231/1371 4641/5428/1370
f 4650/5440/1355 4658/5449/1375 4622/7235/1375 4635/5420/1355
f 5860/7236/1541 5861/7237/1542 5862/7238/1543 5863/7239/1544
f 5864/7240/1545 5865/7241/1546 5861/7237/1542 5860/7236/1541
f 5866/7242/1547 5867/7243/1548 5865/7241/1546 5864/7240/1545
f 5868/7244/1549 5869/7245/1550 5867/7243/1548 5866/7242/1547
f 5870/7246/1551 5871/7247/1552 5869/7245/1550 5868/7244/1549
f 5872/7248/1553 5873/7249/1554 5871/7247/1552 5870/7246/1551
f 5874/7250/1555 5875/7251/1556 5873/7249/1554 5872/7248/1553
f 5876/7252/1557 5877/7253/1558 5875/7251/1556 5874/7250/1555
f 5878/7254/1559 5879/7255/1560 5877/7253/1558 5876/7252/1557
f 5880/7256/1561 5881/7257/1562 5879/7255/1560 5878/7254/1559
f 5882/7258/1563 5883/7259/1564 5881/7257/1562 5880/7256/1561
f 5863/7239/1544 5862/7238/1543 5883/7259/1564 5882/7258/1563
f 5861/7237/1542 5884/7260/1565 5885/7261/10 5862/7238/1543
f 5865/7241/1546 5886/7262/1566 5884/7260/1565 5861/7237/1542
f 5867/7243/1548 5887/7263/1567 5886/7262/1566 5865/7241/1546
f 5869/7245/1550 5888/7264/1568 5887/7263/1567 5867/7243/1548
f 5871/7247/1552 5889/7265/1569 5888/7264/1568 5869/7245/1550
f 5873/7249/1554 5890/7266/1 5889/7265/1569 5871/7247/1552
f 5875/7251/1556 5891/7267/1570 5890/7266/1 5873/7249/1554
f 5877/7253/1558 5892/7268/1571 5891/7267/1570 5875/7251/1556
f 5879/7255/1560 5893/7269/1572 5892/7268/1571 5877/7253/1558
f 5881/7257/1562 5894/7270/1573 5893/7269/1572 5879/7255/1560
f 5883/7259/1564 5895/7271/1574 5894/7270/1573 5881/7257/1562
f 5862/7238/1543 5885/7261/10 5895/7271/1574 5883/7259/1564
f 5884/7260/1565 5896/7272/1575 5897/7273/44 5885/7261/10
f 5886/7262/1566 5898/7274/1576 5896/7272/1575 5884/7260/1565
f 5887/7263/1567 5899/7275/1577 5898/7274/1576 5886/7262/1566
f 5888/7264/1568 5900/7276/1578 5899/7275/1577 5887/7263/1567
f 5889/7265/1569 5901/7277/1579 5900/7276/1578 5888/7264/1568
f 5890/7266/1 5902/7278/23 5901/7277/1579 5889/7265/1569
f 5891/7267/1570 5903/7279/1580 5902/7278/23 5890/7266/1
f 5892/7268/1571 5904/7280/1581 5903/7279/1580 5891/7267/1570
f 5893/7269/1572 5905/7281/1582 5904/7280/1581 5892/7268/1571
f 5894/7270/1573 5906/7282/1583 5905/7281/1582 5893/7269/1572
f 5895/7271/1574 5907/7283/1584 5906/7282/1583 5894/7270/1573
f 5885/7261/10 5897/7273/44 5907/7283/1584 5895/7271/1574
f 5896/7272/1575 5908/7284/1585 5909/7285/43 5897/7273/44
f 5898/7274/1576 5910/7286/1586 5908/7284/1585 5896/7272/1575
f 5899/7275/1577 5911/7287/1587 5910/7286/1586 5898/7274/1576
f 5900/7276/1578 5912/7288/1588 5911/7287/1587 5899/7275/1577
f 5901/7277/1579 5913/7289/1589 5912/7288/1588 5900/7276/1578
f 5902/7278/23 5914/7290/32 5913/7289/1589 5901/7277/1579
f 5903/7279/1580 5915/7291/1590 5914/7290/32 5902/7278/23
f 5904/7280/1581 5916/7292/1591 5915/7291/1590 5903/7279/1580
f 5905/7281/1582 5917/7293/1592 5916/7292/1591 5904/7280/1581
f 5906/7282/1583 5918/7294/1593 5917/7293/1592 5905/7281/1582
f 5907/7283/1584 5919/7295/1594 5918/7294/1593 5906/7282/1583
f 5897/7273/44 5909/7285/43 5919/7295/1594 5907/7283/1584
f 5908/7284/1585 5920/7296/1595 5921/7297/42 5909/7285/43
f 5910/7286/1586 5922/7298/1596 5920/7296/1595 5908/7284/1585
f 5911/7287/1587 5923/7299/1597 5922/7298/1596 5910/7286/1586
f 5912/7288/1588 5924/7300/1598 5923/7299/1597 5911/7287/1587
f 5913/7289/1589 5925/7301/1599 5924/7300/1598 5912/7288/1588
f 5914/7290/32 5926/7302/31 5925/7301/1599 5913/7289/1589
f 5915/7291/1590 5927/7303/1600 5926/7302/31 5914/7290/32
f 5916/7292/1591 5928/7304/1601 5927/7303/1600 5915/7291/1590
f 5917/7293/1592 5929/7305/1602 5928/7304/1601 5916/7292/1591
f 5918/7294/1593 5930/7306/1603 5929/7305/1602 5917/7293/1592
f 5919/7295/1594 5931/7307/1604 5930/7306/1603 5918/7294/1593
f 5909/7285/43 5921/7297/42 5931/7307/1604 5919/7295/1594
f 5920/7296/1595 5932/7308/1605 5933/7309/1606 5921/7297/42
f 5922/7298/1596 5934/7310/1607 5932/7308/1605 5920/7296/1595
f 5923/7299/1597 5935/7311/1608 5934/7310/1607 5922/7298/1596
f 5924/7300/1598 5936/7312/1609 5935/7311/1608 5923/7299/1597
f 5925/7301/1599 5937/7313/1610 5936/7312/1609 5924/7300/1598
f 5926/7302/31 5938/7314/1611 5937/7313/1610 5925/7301/1599
f 5927/7303/1600 5939/7315/1612 5938/7314/1611 5926/7302/31
f 5928/7304/1601 5940/7316/1613 5939/7315/1612 5927/7303/1600
f 5929/7305/1602 5941/7317/1614 5940/7316/1613 5928/7304/1601
f 5930/7306/1603 5942/7318/1615 5941/7317/1614 5929/7305/1602
f 5931/7307/1604 5943/7319/1616 5942/7318/1615 5930/7306/1603
f 5921/7297/42 5933/7309/1606 5943/7319/1616 5931/7307/1604
f 5932/7308/1605 5944/7320/1617 5945/7321/1618 5933/7309/1606
f 5934/7310/1607 5946/7322/1619 5944/7320/1617 5932/7308/1605
f 5935/7311/1608 5947/7323/1620 5946/7322/1619 5934/7310/1607
f 5936/7312/1609 5948/7324/1621 5947/7323/1620 5935/7311/1608
f 5937/7313/1610 5949/7325/1622 5948/7324/1621 5936/7312/1609
f 5938/7314/1611 5950/7326/1623 5949/7325/1622 5937/7313/1610
f 5939/7315/1612 5951/7327/1624 5950/7326/1623 5938/7314/1611
f 5940/7316/1613 5952/7328/1625 5951/7327/1624 5939/7315/1612
f 5941/7317/1614 5953/7329/1626 5952/7328/1625 5940/7316/1613
f 5942/7318/1615 5954/7330/1627 5953/7329/1626 5941/7317/1614
f 5943/7319/1616 5955/7331/1628 5954/7330/1627 5942/7318/1615
f 5933/7309/1606 5945/7321/1618 5955/7331/1628 5943/7319/1616
f 5944/7320/1617 5956/7332/1629 5957/7333/1630 5945/7321/1618
f 5946/7322/1619 5958/7334/1631 5956/7332/1629 5944/7320/1617
f 5947/7323/1620 5959/7335/1632 5958/7334/1631 5946/7322/1619
f 5948/7324/1621 5960/7336/1633 5959/7335/1632 5947/7323/1620
f 5949/7325/1622 5961/7337/1634 5960/7336/1633 5948/7324/1621
f 5950/7326/1623 5962/7338/1635 5961/7337/1634 5949/7325/1622
f 5951/7327/1624 5963/7339/1636 5962/7338/1635 5950/7326/1623
f 5952/7328/1625 5964/7340/1637 5963/7339/1636 5951/7327/1624
f 5953/7329/1626 5965/7341/1638 5964/7340/1637 5952/7328/1625
f 5954/7330/1627 5966/7342/1639 5965/7341/1638 5953/7329/1626
f 5955/7331/1628 5967/7343/1640 5966/7342/1639 5954/7330/1627
f 5945/7321/1618 5957/7333/1630 5967/7343/1640 5955/7331/1628
f 5956/7332/1629 5968/7344/1641 5969/7345/1642 5957/7333/1630
f 5958/7334/1631 5970/7346/1643 5968/7344/1641 5956/7332/1629
f 5959/7335/1632 5971/7347/1644 5970/7346/1643 5958/7334/1631
f 5960/7336/1633 5972/7348/1645 5971/7347/1644 5959/7335/1632
f 5961/7337/1634 5973/7349/1646 5972/7348/1645 5960/7336/1633
f 5962/7338/1635 5974/7350/1647 5973/7349/1646 5961/7337/1634
f 5963/7339/1636 5975/7351/1648 5974/7350/1647 5962/7338/1635
f 5964/7340/1637 5976/7352/1649 5975/7351/1648 5963/7339/1636
f 5965/7341/1638 5977/7353/1650 5976/7352/1649 5964/7340/1637
f 5966/7342/1639 5978/7354/1651 5977/7353/1650 5965/7341/1638
f 5967/7343/1640 5979/7355/1652 5978/7354/1651 5966/7342/1639
f 5957/7333/1630 5969/7345/1642 5979/7355/1652 5967/7343/1640
f 5968/7344/1641 5980/7356/1653 5981/7357/1654 5969/7345/1642
f 5970/7346/1643 5982/7358/1655 5980/7356/1653 5968/7344/1641
f 5971/7347/1644 5983/7359/1656 5982/7358/1655 5970/7346/1643
f 5972/7348/1645 5984/7360/1657 5983/7359/1656 5971/7347/1644
f 5973/7349/1646 5985/7361/1658 5984/7360/1657 5972/7348/1645
f 5974/7350/1647 5986/7362/1659 5985/7361/1658 5973/7349/1646
f 5975/7351/1648 5987/7363/1660 5986/7362/1659 5974/7350/1647
f 5976/7352/1649 5988/7364/1661 5987/7363/1660 5975/7351/1648
f 5977/7353/1650 5989/7365/1662 5988/7364/1661 5976/7352/1649
f 5978/7354/1651 5990/7366/1663 5989/7365/1662 5977/7353/1650
f 5979/7355/1652 5991/7367/1664 5990/7366/1663 5978/7354/1651
f 5969/7345/1642 5981/7357/1654 5991/7367/1664 5979/7355/1652
f 5980/7356/1653 5992/7368/1665 5993/7369/1666 5981/7357/1654
f 5982/7358/1655 5994/7370/1667 5992/7368/1665 5980/7356/1653
f 5983/7359/1656 5995/7371/1668 5994/7370/1667 5982/7358/1655
f 5984/7360/1657 5996/7372/1669 5995/7371/1668 5983/7359/1656
f 5985/7361/1658 5997/7373/1670 5996/7372/1669 5984/7360/1657
f 5986/7362/1659 5998/7374/1671 5997/7373/1670 5985/7361/1658
f 5987/7363/1660 5999/7375/1672 5998/7374/1671 5986/7362/1659
f 5988/7364/1661 6000/7376/1673 5999/7375/1672 5987/7363/1660
f 5989/7365/1662 6001/7377/1674 6000/7376/1673 5988/7364/1661
f 5990/7366/1663 6002/7378/1675 6001/7377/1674 5989/7365/1662
f 5991/7367/1664 6003/7379/1676 6002/7378/1675 5990/7366/1663
f 5981/7357/1654 5993/7369/1666 6003/7379/1676 5991/7367/1664
f 5992/7368/1665 6004/7380/1677 6005/7381/1678 5993/7369/1666
f 5994/7370/1667 6006/7382/1679 6004/7380/1677 5992/7368/1665
f 5995/7371/1668 6007/7383/1680 6006/7382/1679 5994/7370/1667
f 5996/7372/1669 6008/7384/1681 6007/7383/1680 5995/7371/1668
f 5997/7373/1670 6009/7385/1682 6008/7384/1681 5996/7372/1669
f 5998/7374/1671 6010/7386/1683 6009/7385/1682 5997/7373/1670
f 5999/7375/1672 6011/7387/1684 6010/7386/1683 5998/7374/1671
f 6000/7376/1673 6012/7388/1685 6011/7387/1684 5999/7375/1672
f 6001/7377/1674 6013/7389/1686 6012/7388/1685 6000/7376/1673
f 6002/7378/1675 6014/7390/1687 6013/7389/1686 6001/7377/1674
f 6003/7379/1676 6015/7391/1688 6014/7390/1687 6002/7378/1675
f 5993/7369/1666 6005/7381/1678 6015/7391/1688 6003/7379/1676
f 6004/7380/1677 6016/7392/1689 6017/7393/1690 6005/7381/1678
f 6006/7382/1679 6018/7394/1691 6016/7392/1689 6004/7380/1677
f 6007/7383/1680 6019/7395/1692 6018/7394/1691 6006/7382/1679
f 6008/7384/1681 6020/7396/1693 6019/7395/1692 6007/7383/1680
f 6009/7385/1682 6021/7397/1694 6020/7396/1693 6008/7384/1681
f 6010/7386/1683 6022/7398/1695 6021/7397/1694 6009/7385/1682
f 6011/7387/1684 6023/7399/1696 6022/7398/1695 6010/7386/1683
f 6012/7388/1685 6024/7400/1697 6023/7399/1696 6011/7387/1684
f 6013/7389/1686 6025/7401/1698 6024/7400/1697 6012/7388/1685
f 6014/7390/1687 6026/7402/1699 6025/7401/1698 6013/7389/1686
f 6015/7391/1688 6027/7403/1700 6026/7402/1699 6014/7390/1687
f 6005/7381/1678 6017/7393/1690 6027/7403/1700 6015/7391/1688
f 6016/7392/1689 6028/7404/1701 6029/7405/1702 6017/7393/1690
f 6018/7394/1691 6030/7406/1703 6028/7404/1701 6016/7392/1689
f 6019/7395/1692 6031/7407/1704 6030/7406/1703 6018/7394/1691
f 6020/7396/1693 6032/7408/1705 6031/7407/1704 6019/7395/1692
f 6021/7397/1694 6033/7409/1706 6032/7408/1705 6020/7396/1693
f 6022/7398/1695 6034/7410/1707 6033/7409/1706 6021/7397/1694
f 6023/7399/1696 6035/7411/1708 6034/7410/1707 6022/7398/1695
f 6024/7400/1697 6036/7412/1709 6035/7411/1708 6023/7399/1696
f 6025/7401/1698 6037/7413/1710 6036/7412/1709 6024/7400/1697
f 6026/7402/1699 6038/7414/1711 6037/7413/1710 6025/7401/1698
f 6027/7403/1700 6039/7415/1712 6038/7414/1711 6026/7402/1699
f 6017/7393/1690 6029/7405/1702 6039/7415/1712 6027/7403/1700
f 6028/7404/1701 6040/7416/1713 6041/7417/1714 6029/7405/1702
f 6030/7406/1703 6042/7418/1715 6040/7416/1713 6028/7404/1701
f 6031/7407/1704 6043/7419/1716 6042/7418/1715 6030/7406/1703
f 6032/7408/1705 6044/7420/1717 6043/7419/1716 6031/7407/1704
f 6033/7409/1706 6045/7421/1718 6044/7420/1717 6032/7408/1705
f 6034/7410/1707 6046/7422/1719 6045/7421/1718 6033/7409/1706
f 6035/7411/1708 6047/7423/1720 6046/7422/1719 6034/7410/1707
f 6036/7412/1709 6048/7424/1721 6047/7423/1720 6035/7411/1708
f 6037/7413/1710 6049/7425/1722 6048/7424/1721 6036/7412/1709
f 6038/7414/1711 6050/7426/1723 6049/7425/1722 6037/7413/1710
f 6039/7415/1712 6051/7427/1724 6050/7426/1723 6038/7414/1711
f 6029/7405/1702 6041/7417/1714 6051/7427/1724 6039/7415/1712
f 6040/7416/1713 6052/7428/1725 6053/7429/1726 6041/7417/1714
f 6042/7418/1715 6054/7430/1727 6052/7428/1725 6040/7416/1713
f 6043/7419/1716 6055/7431/1728 6054/7430/1727 6042/7418/1715
f 6044/7420/1717 6056/7432/1729 6055/7431/1728 6043/7419/1716
f 6045/7421/1718 6057/7433/1730 6056/7432/1729 6044/7420/1717
f 6046/7422/1719 6058/7434/1731 6057/7433/1730 6045/7421/1718
f 6047/7423/1720 6059/7435/1732 6058/7434/1731 6046/7422/1719
f 6048/7424/1721 6060/7436/1733 6059/7435/1732 6047/7423/1720
f 6049/7425/1722 6061/7437/1734 6060/7436/1733 6048/7424/1721
f 6050/7426/1723 6062/7438/1735 6061/7437/1734 6049/7425/1722
f 6051/7427/1724 6063/7439/1736 6062/7438/1735 6050/7426/1723
f 6041/7417/1714 6053/7429/1726 6063/7439/1736 6051/7427/1724
f 6052/7428/1725 6064/7440/1737 6065/7441/1738 6053/7429/1726
f 6054/7430/1727 6066/7442/1739 6064/7440/1737 6052/7428/1725
f 6055/7431/1728 6067/7443/1740 6066/7442/1739 6054/7430/1727
f 6056/7432/1729 6068/7444/1741 6067/7443/1740 6055/7431/1728
f 6057/7433/1730 6069/7445/1742 6068/7444/1741 6056/7432/1729
f 6058/7434/1731 6070/7446/1743 6069/7445/1742 6057/7433/1730
f 6059/7435/1732 6071/7447/1744 6070/7446/1743 6058/7434/1731
f 6060/7436/1733 6072/7448/1745 6071/7447/1744 6059/7435/1732
f 6061/7437/1734 6073/7449/1746 6072/7448/1745 6060/7436/1733
f 6062/7438/1735 6074/7450/1747 6073/7449/1746 6061/7437/1734
f 6063/7439/1736 6075/7451/1748 6074/7450/1747 6062/7438/1735
f 6053/7429/1726 6065/7441/1738 6075/7451/1748 6063/7439/1736
f 6064/7440/1737 6076/7452/1749 6077/7453/1750 6065/7441/1738
f 6066/7442/1739 6078/7454/1751 6076/7452/1749 6064/7440/1737
f 6067/7443/1740 6079/7455/1752 6078/7454/1751 6066/7442/1739
f 6068/7444/1741 6080/7456/1753 6079/7455/1752 6067/7443/1740
f 6069/7445/1742 6081/7457/1754 6080/7456/1753 6068/7444/1741
f 6070/7446/1743 6082/7458/1755 6081/7457/1754 6069/7445/1742
f 6071/7447/1744 6083/7459/1756 6082/7458/1755 6070/7446/1743
f 6072/7448/1745 6084/7460/1757 6083/7459/1756 6071/7447/1744
f 6073/7449/1746 6085/7461/1758 6084/7460/1757 6072/7448/1745
f 6074/7450/1747 6086/7462/1759 6085/7461/1758 6073/7449/1746
f 6075/7451/1748 6087/7463/1760 6086/7462/1759 6074/7450/1747
f 6065/7441/1738 6077/7453/1750 6087/7463/1760 6075/7451/1748
f 6076/7452/1749 6088/7464/1761 6089/7465/1762 6077/7453/1750
f 6078/7454/1751 6090/7466/1763 6088/7464/1761 6076/7452/1749
f 6079/7455/1752 6091/7467/1764 6090/7466/1763 6078/7454/1751
f 6080/7456/1753 6092/7468/1765 6091/7467/1764 6079/7455/1752
f 6081/7457/1754 6093/7469/1766 6092/7468/1765 6080/7456/1753
f 6082/7458/1755 6094/7470/1767 6093/7469/1766 6081/7457/1754
f 6083/7459/1756 6095/7471/1768 6094/7470/1767 6082/7458/1755
f 6084/7460/1757 6096/7472/1769 6095/7471/1768 6083/7459/1756
f 6085/7461/1758 6097/7473/1770 6096/7472/1769 6084/7460/1757
f 6086/7462/1759 6098/7474/1771 6097/7473/1770 6085/7461/1758
f 6087/7463/1760 6099/7475/1772 6098/7474/1771 6086/7462/1759
f 6077/7453/1750 6089/7465/1762 6099/7475/1772 6087/7463/1760
f 6088/7464/1761 6100/7476/1773 6101/7477/1774 6089/7465/1762
f 6090/7466/1763 6102/7478/1775 6100/7476/1773 6088/7464/1761
f 6091/7467/1764 6103/7479/1776 6102/7478/1775 6090/7466/1763
f 6092/7468/1765 6104/7480/1777 6103/7479/1776 6091/7467/1764
f 6093/7469/1766 6105/7481/1778 6104/7480/1777 6092/7468/1765
f 6094/7470/1767 6106/7482/1779 6105/7481/1778 6093/7469/1766
f 6095/7471/1768 6107/7483/1780 6106/7482/1779 6094/7470/1767
f 6096/7472/1769 6108/7484/1781 6107/7483/1780 6095/7471/1768
f 6097/7473/1770 6109/7485/1782 6108/7484/1781 6096/7472/1769
f 6098/7474/1771 6110/7486/1783 6109/7485/1782 6097/7473/1770
f 6099/7475/1772 6111/7487/1784 6110/7486/1783 6098/7474/1771
f 6089/7465/1762 6101/7477/1774 6111/7487/1784 6099/7475/1772
f 6112/7488/1785 6113/7489/1786 6114/7490/1787 6115/7491/1788
f 6116/7492/1789 6117/7493/1790 6113/7489/1786 6112/7488/1785
f 6118/7494/1791 6119/7495/1792 6117/7493/1790 6116/7492/1789
f 6120/7496/1793 6121/7497/1794 6119/7495/1792 6118/7494/1791
f 6122/7498/1795 6123/7499/1796 6121/7497/1794 6120/7496/1793
f 6124/7500/1797 6125/7501/1798 6123/7499/1796 6122/7498/1795
f 6126/7502/1799 6127/7503/1800 6125/7501/1801 6124/7500/1802
f 6128/7504/1803 6129/7505/1804 6127/7503/1800 6126/7502/1799
f 6130/7506/1805 6131/7507/1806 6129/7505/1804 6128/7504/1803
f 6132/7508/1807 6133/7509/1808 6131/7507/1806 6130/7506/1805
f 6134/7510/1809 6135/7511/1810 6133/7509/1808 6132/7508/1807
f 6115/7491/1788 6114/7490/1787 6135/7511/1810 6134/7510/1809
f 6113/7489/1811 6136/7512/1812 6137/7513/1813 6114/7490/1814
f 6117/7493/1815 6138/7514/1816 6136/7512/1812 6113/7489/1811
f 6119/7495/1817 6139/7515/1818 6138/7514/1816 6117/7493/1815
f 6121/7497/1819 6140/7516/1820 6139/7515/1818 6119/7495/1817
f 6123/7499/1821 6141/7517/1822 6140/7516/1820 6121/7497/1819
f 6125/7501/1823 6142/7518/1824 6141/7517/1822 6123/7499/1821
f 6127/7503/1825 6143/7519/1826 6142/7518/1827 6125/7501/1828
f 6129/7505/1829 6144/7520/1830 6143/7519/1826 6127/7503/1825
f 6131/7507/1831 6145/7521/1832 6144/7520/1830 6129/7505/1829
f 6133/7509/1833 6146/7522/1834 6145/7521/1832 6131/7507/1831
f 6135/7511/1835 6147/7523/1836 6146/7522/1834 6133/7509/1833
f 6114/7490/1814 6137/7513/1813 6147/7523/1836 6135/7511/1835
f 6136/7512/1812 6148/7524/1837 6149/7525/50 6137/7513/1813
f 6138/7514/1816 6150/7526/1838 6148/7524/1837 6136/7512/1812
f 6139/7515/1818 6151/7527/1839 6150/7526/1838 6138/7514/1816
f 6140/7516/1820 6152/7528/1840 6151/7527/1839 6139/7515/1818
f 6141/7517/1822 6153/7529/1841 6152/7528/1840 6140/7516/1820
f 6142/7518/1824 6154/7530/1842 6153/7529/1841 6141/7517/1822
f 6143/7519/1826 6155/7531/1843 6154/7530/1844 6142/7518/1827
f 6144/7520/1830 6156/7532/1845 6155/7531/1843 6143/7519/1826
f 6145/7521/1832 6157/7533/1846 6156/7532/1845 6144/7520/1830
f 6146/7522/1834 6158/7534/1847 6157/7533/1846 6145/7521/1832
f 6147/7523/1836 6159/7535/1848 6158/7534/1847 6146/7522/1834
f 6137/7513/1813 6149/7525/50 6159/7535/1848 6147/7523/1836
f 6148/7524/1837 6160/7536/1849 6161/7537/90 6149/7525/50
f 6150/7526/1838 6162/7538/1850 6160/7536/1849 6148/7524/1837
f 6151/7527/1839 6163/7539/1851 6162/7538/1850 6150/7526/1838
f 6152/7528/1840 6164/7540/1852 6163/7539/1851 6151/7527/1839
f 6153/7529/1841 6165/7541/1853 6164/7540/1852 6152/7528/1840
f 6154/7530/1842 6166/7542/1854 6165/7541/1853 6153/7529/1841
f 6155/7531/1843 6167/7543/1855 6166/7542/1856 6154/7530/1844
f 6156/7532/1845 6168/7544/1857 6167/7543/1855 6155/7531/1843
f 6157/7533/1846 6169/7545/1858 6168/7544/1857 6156/7532/1845
f 6158/7534/1847 6170/7546/1859 6169/7545/1858 6157/7533/1846
f 6159/7535/1848 6171/7547/1860 6170/7546/1859 6158/7534/1847
f 6149/7525/50 6161/7537/90 6171/7547/1860 6159/7535/1848
f 6160/7536/1849 6172/7548/1861 6173/7549/1862 6161/7537/90
f 6162/7538/1850 6174/7550/1863 6172/7548/1861 6160/7536/1849
f 6163/7539/1851 6175/7551/1864 6174/7550/1863 6162/7538/1850
f 6164/7540/1852 6176/7552/1865 6175/7551/1864 6163/7539/1851
f 6165/7541/1853 6177/7553/1866 6176/7552/1865 6164/7540/1852
f 6166/7542/1854 6178/7554/1867 6177/7553/1866 6165/7541/1853
f 6167/7543/1855 6179/7555/1868 6178/7554/1869 6166/7542/1856
f 6168/7544/1857 6180/7556/1870 6179/7555/1868 6167/7543/1855
f 6169/7545/1858 6181/7557/1871 6180/7556/1870 6168/7544/1857
f 6170/7546/1859 6182/7558/1872 6181/7557/1871 6169/7545/1858
f 6171/7547/1860 6183/7559/1873 6182/7558/1872 6170/7546/1859
f 6161/7537/90 6173/7549/1862 6183/7559/1873 6171/7547/1860
f 6172/7548/1861 6184/7560/1874 6185/7561/1875 6173/7549/1862
f 6174/7550/1863 6186/7562/1876 6184/7560/1874 6172/7548/1861
f 6175/7551/1864 6187/7563/1877 6186/7562/1876 6174/7550/1863
f 6176/7552/1865 6188/7564/1878 6187/7563/1877 6175/7551/1864
f 6177/7553/1866 6189/7565/1879 6188/7564/1878 6176/7552/1865
f 6178/7554/1867 6190/7566/1880 6189/7565/1879 6177/7553/1866
f 6179/7555/1868 6191/7567/1881 6190/7566/1882 6178/7554/1869
f 6180/7556/1870 6192/7568/1883 6191/7567/1881 6179/7555/1868
f 6181/7557/1871 6193/7569/1884 6192/7568/1883 6180/7556/1870
f 6182/7558/1872 6194/7570/1885 6193/7569/1884 6181/7557/1871
f 6183/7559/1873 6195/7571/1886 6194/7570/1885 6182/7558/1872
f 6173/7549/1862 6185/7561/1875 6195/7571/1886 6183/7559/1873
f 6184/7560/1887 6196/7572/1888 6197/7573/1889 6185/7561/1890
f 6186/7562/1891 6198/7574/1892 6196/7572/1888 6184/7560/1887
f 6187/7563/1893 6199/7575/1894 6198/7574/1892 6186/7562/1891
f 6188/7564/1895 6200/7576/1896 6199/7575/1894 6187/7563/1893
f 6189/7565/1897 6201/7577/1898 6200/7576/1896 6188/7564/1895
f 6190/7566/1899 6202/7578/1900 6201/7577/1898 6189/7565/1897
f 6191/7567/1901 6203/7579/1902 6202/7578/1903 6190/7566/1904
f 6192/7568/1905 6204/7580/1906 6203/7579/1902 6191/7567/1901
f 6193/7569/1907 6205/7581/1908 6204/7580/1906 6192/7568/1905
f 6194/7570/1909 6206/7582/1910 6205/7581/1908 6193/7569/1907
f 6195/7571/1911 6207/7583/1912 6206/7582/1910 6194/7570/1909
f 6185/7561/1890 6197/7573/1889 6207/7583/1912 6195/7571/1911
f 6196/7572/1888 6208/7584/1913 6209/7585/23 6197/7573/1889
f 6198/7574/1892 6210/7586/1914 6208/7584/1913 6196/7572/1888
f 6199/7575/1894 6211/7587/1915 6210/7586/1914 6198/7574/1892
f 6200/7576/1896 6212/7588/1916 6211/7587/1915 6199/7575/1894
f 6201/7577/1898 6213/7589/1917 6212/7588/1916 6200/7576/1896
f 6202/7578/1900 6214/7590/1918 6213/7589/1917 6201/7577/1898
f 6203/7579/1902 6215/7591/1919 6214/7590/1920 6202/7578/1903
f 6204/7580/1906 6216/7592/1921 6215/7591/1919 6203/7579/1902
f 6205/7581/1908 6217/7593/1922 6216/7592/1921 6204/7580/1906
f 6206/7582/1910 6218/7594/1923 6217/7593/1922 6205/7581/1908
f 6207/7583/1912 6219/7595/1924 6218/7594/1923 6206/7582/1910
f 6197/7573/1889 6209/7585/23 6219/7595/1924 6207/7583/1912
f 6208/7584/1913 6220/7596/1925 6221/7597/32 6209/7585/23
f 6210/7586/1914 6222/7598/1926 6220/7596/1925 6208/7584/1913
f 6211/7587/1915 6223/7599/1927 6222/7598/1926 6210/7586/1914
f 6212/7588/1916 6224/7600/1928 6223/7599/1927 6211/7587/1915
f 6213/7589/1917 6225/7601/1929 6224/7600/1928 6212/7588/1916
f 6214/7590/1918 6226/7602/1930 6225/7601/1929 6213/7589/1917
f 6215/7591/1919 6227/7603/1931 6226/7602/1932 6214/7590/1920
f 6216/7592/1921 6228/7604/1933 6227/7603/1931 6215/7591/1919
f 6217/7593/1922 6229/7605/1934 6228/7604/1933 6216/7592/1921
f 6218/7594/1923 6230/7606/1935 6229/7605/1934 6217/7593/1922
f 6219/7595/1924 6231/7607/1936 6230/7606/1935 6218/7594/1923
f 6209/7585/23 6221/7597/32 6231/7607/1936 6219/7595/1924
f 6220/7596/1925 6232/7608/1937 6233/7609/31 6221/7597/32
f 6222/7598/1926 6234/7610/1938 6232/7608/1937 6220/7596/1925
f 6223/7599/1927 6235/7611/1939 6234/7610/1938 6222/7598/1926
f 6224/7600/1928 6236/7612/1940 6235/7611/1939 6223/7599/1927
f 6225/7601/1929 6237/7613/1941 6236/7612/1940 6224/7600/1928
f 6226/7602/1930 6238/7614/1942 6237/7613/1941 6225/7601/1929
f 6227/7603/1931 6239/7615/1943 6238/7614/1944 6226/7602/1932
f 6228/7604/1933 6240/7616/1945 6239/7615/1943 6227/7603/1931
f 6229/7605/1934 6241/7617/1946 6240/7616/1945 6228/7604/1933
f 6230/7606/1935 6242/7618/1947 6241/7617/1946 6229/7605/1934
f 6231/7607/1936 6243/7619/1948 6242/7618/1947 6230/7606/1935
f 6221/7597/32 6233/7609/31 6243/7619/1948 6231/7607/1936
f 6232/7608/1937 6244/7620/1949 6245/7621/88 6233/7609/31
f 6234/7610/1938 6246/7622/1950 6244/7620/1949 6232/7608/1937
f 6235/7611/1939 6247/7623/1951 6246/7622/1950 6234/7610/1938
f 6236/7612/1940 6248/7624/1952 6247/7623/1951 6235/7611/1939
f 6237/7613/1941 6249/7625/1953 6248/7624/1952 6236/7612/1940
f 6238/7614/1942 6250/7626/1954 6249/7625/1953 6237/7613/1941
f 6239/7615/1943 6251/7627/1955 6250/7626/1956 6238/7614/1944
f 6240/7616/1945 6252/7628/1957 6251/7627/1955 6239/7615/1943
f 6241/7617/1946 6253/7629/1958 6252/7628/1957 6240/7616/1945
f 6242/7618/1947 6254/7630/1959 6253/7629/1958 6241/7617/1946
f 6243/7619/1948 6255/7631/1960 6254/7630/1959 6242/7618/1947
f 6233/7609/31 6245/7621/88 6255/7631/1960 6243/7619/1948
f 6244/7620/1949 6256/7632/1961 6257/7633/89 6245/7621/88
f 6246/7622/1950 6258/7634/1962 6256/7632/1961 6244/7620/1949
f 6247/7623/1951 6259/7635/1963 6258/7634/1962 6246/7622/1950
f 6248/7624/1952 6260/7636/1964 6259/7635/1963 6247/7623/1951
f 6249/7625/1953 6261/7637/1965 6260/7636/1964 6248/7624/1952
f 6250/7626/1954 6262/7638/1966 6261/7637/1965 6249/7625/1953
f 6251/7627/1955 6263/7639/1967 6262/7638/1968 6250/7626/1956
f 6252/7628/1957 6264/7640/1969 6263/7639/1967 6251/7627/1955
f 6253/7629/1958 6265/7641/1970 6264/7640/1969 6252/7628/1957
f 6254/7630/1959 6266/7642/1971 6265/7641/1970 6253/7629/1958
f 6255/7631/1960 6267/7643/1972 6266/7642/1971 6254/7630/1959
f 6245/7621/88 6257/7633/89 6267/7643/1972 6255/7631/1960
f 6256/7632/1961 6268/7644/1973 6269/7645/91 6257/7633/89
f 6258/7634/1962 6270/7646/1974 6268/7644/1973 6256/7632/1961
f 6259/7635/1963 6271/7647/1975 6270/7646/1974 6258/7634/1962
f 6260/7636/1964 6272/7648/1976 6271/7647/1975 6259/7635/1963
f 6261/7637/1965 6273/7649/1977 6272/7648/1976 6260/7636/1964
f 6262/7638/1966 6274/7650/1978 6273/7649/1977 6261/7637/1965
f 6263/7639/1967 6275/7651/1979 6274/7650/1980 6262/7638/1968
f 6264/7640/1969 6276/7652/1981 6275/7651/1979 6263/7639/1967
f 6265/7641/1970 6277/7653/1982 6276/7652/1981 6264/7640/1969
f 6266/7642/1971 6278/7654/1983 6277/7653/1982 6265/7641/1970
f 6267/7643/1972 6279/7655/1984 6278/7654/1983 6266/7642/1971
f 6257/7633/89 6269/7645/91 6279/7655/1984 6267/7643/1972
f 6268/7644/1973 6280/7656/1985 6281/7657/92 6269/7645/91
f 6270/7646/1974 6282/7658/1986 6280/7656/1985 6268/7644/1973
f 6271/7647/1975 6283/7659/1987 6282/7658/1986 6270/7646/1974
f 6272/7648/1976 6284/7660/1988 6283/7659/1987 6271/7647/1975
f 6273/7649/1977 6285/7661/1989 6284/7660/1988 6272/7648/1976
f 6274/7650/1978 6286/7662/1990 6285/7661/1989 6273/7649/1977
f 6275/7651/1979 6287/7663/1991 6286/7662/1992 6274/7650/1980
f 6276/7652/1981 6288/7664/1993 6287/7663/1991 6275/7651/1979
f 6277/7653/1982 6289/7665/1994 6288/7664/1993 6276/7652/1981
f 6278/7654/1983 6290/7666/1995 6289/7665/1994 6277/7653/1982
f 6279/7655/1984 6291/7667/1996 6290/7666/1995 6278/7654/1983
f 6269/7645/91 6281/7657/92 6291/7667/1996 6279/7655/1984
f 6280/7656/1985 6292/7668/1565 6293/7669/10 6281/7657/92
f 6282/7658/1986 6294/7670/1997 6292/7668/1565 6280/7656/1985
f 6283/7659/1987 6295/7671/1567 6294/7670/1997 6282/7658/1986
f 6284/7660/1988 6296/7672/1568 6295/7671/1567 6283/7659/1987
f 6285/7661/1989 6297/7673/1569 6296/7672/1568 6284/7660/1988
f 6286/7662/1990 6298/7674/1998 6297/7673/1569 6285/7661/1989
f 6287/7663/1991 6299/7675/1570 6298/7674/1999 6286/7662/1992
f 6288/7664/1993 6300/7676/1571 6299/7675/1570 6287/7663/1991
f 6289/7665/1994 6301/7677/1572 6300/7676/1571 6288/7664/1993
f 6290/7666/1995 6302/7678/1573 6301/7677/1572 6289/7665/1994
f 6291/7667/1996 6303/7679/1574 6302/7678/1573 6290/7666/1995
f 6281/7657/92 6293/7669/10 6303/7679/1574 6291/7667/1996
f 6292/7668/1565 6112/7488/1785 6115/7491/1788 6293/7669/10
f 6294/7670/1997 6116/7492/1789 6112/7488/1785 6292/7668/1565
f 6295/7671/1567 6118/7494/1791 6116/7492/1789 6294/7670/1997
f 6296/7672/1568 6120/7496/1793 6118/7494/1791 6295/7671/1567
f 6297/7673/1569 6122/7498/1795 6120/7496/1793 6296/7672/1568
f 6298/7674/1998 6124/7500/1797 6122/7498/1795 6297/7673/1569
f 6299/7675/1570 6126/7502/1799 6124/7500/1802 6298/7674/1999
f 6300/7676/1571 6128/7504/1803 6126/7502/1799 6299/7675/1570
f 6301/7677/1572 6130/7506/1805 6128/7504/1803 6300/7676/1571
f 6302/7678/1573 6132/7508/1807 6130/7506/1805 6301/7677/1572
f 6303/7679/1574 6134/7510/1809 6132/7508/1807 6302/7678/1573
f 6293/7669/10 6115/7491/1788 6134/7510/1809 6303/7679/1574
f 6250/7626/50 6262/7638/90 6304/7680/90 6305/7681/50
f 6306/7682/50 6307/7683/90 6308/7684/90 6309/7685/50
f 6202/7578/2000 6214/7590/44 6310/7686/44 6311/7687/2000
f 6154/7530/88 6166/7542/89 6312/7688/89 6313/7689/88
f 6262/7638/90 6274/7650/87 6314/7690/87 6304/7680/90
f 6214/7590/44 6226/7602/43 6315/7691/43 6310/7686/44
f 6298/7674/1 6124/7500/2001 6316/7692/2001 6317/7693/1
f 6166/7542/89 6178/7554/2002 6318/7694/2002 6312/7688/89
f 6274/7650/87 6286/7662/86 6319/7695/86 6314/7690/87
f 6226/7602/43 6238/7614/42 6320/7696/42 6315/7691/43
f 6124/7500/2001 6125/7501/2003 6321/7697/2004 6316/7692/2001
f 6178/7554/2002 6190/7566/2005 6322/7698/2006 6318/7694/2002
f 6125/7501/2003 6142/7518/2007 6323/7699/2007 6321/7697/2004
f 6286/7662/86 6298/7674/1 6317/7693/1 6319/7695/86
f 6238/7614/42 6250/7626/50 6305/7681/50 6320/7696/42
f 6190/7566/2005 6202/7578/2000 6311/7687/2000 6322/7698/2006
f 6142/7518/2007 6154/7530/88 6313/7689/88 6323/7699/2007
f 6324/7700/13 6325/7701/13 6316/7692/13 6321/7697/13
f 6326/7702/13 6324/7700/13 6321/7697/13 6323/7699/13
f 6327/7703/13 6326/7702/13 6323/7699/13 6313/7689/13
f 6328/7704/13 6327/7703/13 6313/7689/13 6312/7688/13
f 6329/7705/13 6328/7704/13 6312/7688/13 6318/7694/13
f 6330/7706/13 6329/7705/13 6318/7694/13 6322/7698/13
f 6331/7707/13 6330/7706/13 6322/7698/13 6311/7687/13
f 6332/7708/13 6331/7707/13 6311/7687/13 6310/7686/13
f 6333/7709/13 6332/7708/13 6310/7686/13 6315/7691/13
f 6334/7710/13 6333/7709/13 6315/7691/13 6320/7696/13
f 6306/7682/13 6334/7710/13 6320/7696/13 6305/7681/13
f 6307/7683/13 6306/7682/13 6305/7681/13 6304/7680/13
f 6335/7711/13 6307/7683/13 6304/7680/13 6314/7690/13
f 6336/7712/13 6335/7711/13 6314/7690/13 6319/7695/13
f 6337/7713/13 6336/7712/13 6319/7695/13 6317/7693/13
f 6325/7701/13 6337/7713/13 6317/7693/13 6316/7692/13
f 6338/7714/13 6339/7715/13 6340/7716/13 6341/7717/13 6342/7718/13 6343/7719/13 6344/7720/13 6345/7721/13 6346/7722/13 6347/7723/13 6348/7724/13 6349/7725/13 6309/7685/13 6308/7684/13 6350/7726/13 6351/7727/13
f 6328/7704/89 6329/7705/91 6344/7720/91 6343/7719/89
f 6307/7683/90 6335/7711/87 6350/7726/87 6308/7684/90
f 6329/7705/91 6330/7706/92 6345/7721/92 6344/7720/91
f 6335/7711/87 6336/7712/86 6351/7727/86 6350/7726/87
f 6330/7706/92 6331/7707/10 6346/7722/10 6345/7721/92
f 6336/7712/86 6337/7713/1 6338/7714/1 6351/7727/86
f 6331/7707/10 6332/7708/44 6347/7723/44 6346/7722/10
f 6325/7701/23 6324/7700/32 6340/7716/32 6339/7715/23
f 6337/7713/1 6325/7701/23 6339/7715/23 6338/7714/1
f 6332/7708/44 6333/7709/43 6348/7724/43 6347/7723/44
f 6324/7700/32 6326/7702/31 6341/7717/31 6340/7716/32
f 6333/7709/43 6334/7710/42 6349/7725/42 6348/7724/43
f 6326/7702/31 6327/7703/88 6342/7718/88 6341/7717/31
f 6334/7710/42 6306/7682/50 6309/7685/50 6349/7725/42
f 6327/7703/88 6328/7704/89 6343/7719/89 6342/7718/88
f 6274/7650/87 6262/7638/90 6352/7728/90 6353/7729/87
f 6226/7602/43 6214/7590/44 6354/7730/44 6355/7731/43
f 6124/7500/2008 6298/7674/1 6356/7732/1 6357/7733/2008
f 6178/7554/2009 6166/7542/89 6358/7734/89 6359/7735/2009
f 6286/7662/86 6274/7650/87 6353/7729/87 6360/7736/86
f 6238/7614/42 6226/7602/43 6355/7731/43 6361/7737/42
f 6125/7501/2010 6124/7500/2008 6357/7733/2008 6362/7738/2011
f 6190/7566/2012 6178/7554/2009 6359/7735/2009 6363/7739/2013
f 6142/7518/2014 6125/7501/2010 6362/7738/2011 6364/7740/2014
f 6298/7674/1 6286/7662/86 6360/7736/86 6356/7732/1
f 6250/7626/50 6238/7614/42 6361/7737/42 6365/7741/50
f 6202/7578/2015 6190/7566/2012 6363/7739/2013 6366/7742/2015
f 6154/7530/88 6142/7518/2014 6364/7740/2014 6367/7743/88
f 6262/7638/90 6250/7626/50 6365/7741/50 6352/7728/90
f 6214/7590/44 6202/7578/2015 6366/7742/2015 6354/7730/44
f 6166/7542/89 6154/7530/88 6367/7743/88 6358/7734/89
f 6368/7744/22 6362/7738/22 6357/7733/22
f 6368/7744/22 6364/7740/22 6362/7738/22
f 6368/7744/22 6367/7743/22 6364/7740/22
f 6368/7744/22 6358/7734/22 6367/7743/22
f 6368/7744/22 6359/7735/22 6358/7734/22
f 6368/7744/22 6363/7739/22 6359/7735/22
f 6368/7744/22 6366/7742/22 6363/7739/22
f 6368/7744/22 6354/7730/22 6366/7742/22
f 6368/7744/22 6355/7731/22 6354/7730/22
f 6368/7744/22 6361/7737/22 6355/7731/22
f 6368/7744/22 6365/7741/22 6361/7737/22
f 6368/7744/22 6352/7728/22 6365/7741/22
f 6368/7744/22 6353/7729/22 6352/7728/22
f 6368/7744/22 6360/7736/22 6353/7729/22
f 6368/7744/22 6356/7732/22 6360/7736/22
f 6368/7744/22 6357/7733/22 6356/7732/22
f 6369/7745/2016 6370/7746/2017 6371/7747/2018 6372/7748/2019
f 6373/7749/2020 6374/7750/2021 6370/7746/2017 6369/7745/2016
f 6375/7751/2022 6376/7752/2023 6374/7750/2021 6373/7749/2020
f 6377/7753/2024 6378/7754/2025 6376/7752/2023 6375/7751/2022
f 6379/7755/2026 6380/7756/2027 6378/7754/2025 6377/7753/2024
f 6381/7757/2028 6382/7758/2029 6380/7756/2027 6379/7755/2026
f 6383/7759/2030 6384/7760/2031 6382/7758/2029 6381/7757/2028
f 6385/7761/2032 6386/7762/2033 6384/7760/2031 6383/7759/2030
f 6387/7763/2034 6388/7764/2035 6386/7762/2033 6385/7761/2032
f 6389/7765/2036 6390/7766/2037 6388/7764/2035 6387/7763/2034
f 6391/7767/2038 6392/7768/2039 6390/7766/2037 6389/7765/2036
f 6372/7748/2019 6371/7747/2018 6392/7768/2039 6391/7767/2038
f 6370/7746/2017 6393/7769/2040 6394/7770/2041 6371/7747/2018
f 6374/7750/2021 6395/7771/2042 6393/7769/2040 6370/7746/2017
f 6376/7752/2023 6396/7772/2043 6395/7771/2042 6374/7750/2021
f 6378/7754/2025 6397/7773/2044 6396/7772/2043 6376/7752/2023
f 6380/7756/2027 6398/7774/2045 6397/7773/2044 6378/7754/2025
f 6382/7758/2029 6399/7775/2046 6398/7774/2045 6380/7756/2027
f 6384/7760/2031 6400/7776/2047 6399/7775/2046 6382/7758/2029
f 6386/7762/2033 6401/7777/2048 6400/7776/2047 6384/7760/2031
f 6388/7764/2035 6402/7778/2049 6401/7777/2048 6386/7762/2033
f 6390/7766/2037 6403/7779/2050 6402/7778/2049 6388/7764/2035
f 6392/7768/2039 6404/7780/2051 6403/7779/2050 6390/7766/2037
f 6371/7747/2018 6394/7770/2041 6404/7780/2051 6392/7768/2039
f 6405/7781/2052 6406/7782/2053 6407/7783/2054 6408/7784/2055
f 6393/7769/2040 6409/7785/2056 6410/7786/2057 6394/7770/2041
f 6395/7771/2042 6411/7787/2058 6409/7785/2056 6393/7769/2040
f 6396/7772/2043 6412/7788/2059 6411/7787/2058 6395/7771/2042
f 6397/7773/2044 6413/7789/2060 6412/7788/2059 6396/7772/2043
f 6398/7774/2045 6414/7790/2061 6413/7789/2060 6397/7773/2044
f 6399/7775/2046 6415/7791/2062 6414/7790/2061 6398/7774/2045
f 6400/7776/2047 6416/7792/2063 6415/7791/2062 6399/7775/2046
f 6401/7777/2048 6417/7793/2064 6416/7792/2063 6400/7776/2047
f 6402/7778/2049 6418/7794/2065 6417/7793/2064 6401/7777/2048
f 6403/7779/2050 6419/7795/2066 6418/7794/2065 6402/7778/2049
f 6404/7780/2051 6420/7796/2067 6419/7795/2066 6403/7779/2050
f 6409/7785/2056 6421/7797/2068 6422/7798/2069 6410/7786/2057
f 6411/7787/2058 6423/7799/2070 6421/7797/2068 6409/7785/2056
f 6412/7788/2059 6424/7800/2071 6423/7799/2070 6411/7787/2058
f 6413/7789/2060 6425/7801/2072 6424/7800/2071 6412/7788/2059
f 6414/7790/2061 6426/7802/2073 6425/7801/2072 6413/7789/2060
f 6415/7791/2062 6427/7803/2074 6426/7802/2073 6414/7790/2061
f 6416/7792/2063 6428/7804/2075 6427/7803/2074 6415/7791/2062
f 6417/7793/2064 6429/7805/2076 6428/7804/2075 6416/7792/2063
f 6418/7794/2065 6430/7806/2077 6429/7805/2076 6417/7793/2064
f 6419/7795/2066 6431/7807/2078 6430/7806/2077 6418/7794/2065
f 6420/7796/2067 6432/7808/2079 6431/7807/2078 6419/7795/2066
f 6410/7786/2057 6422/7798/2069 6432/7808/2079 6420/7796/2067
f 6421/7797/2068 6433/7809/2080 6434/7810/2081 6422/7798/2069
f 6423/7799/2070 6435/7811/2082 6433/7809/2080 6421/7797/2068
f 6424/7800/2071 6436/7812/2083 6435/7811/2082 6423/7799/2070
f 6425/7801/2072 6437/7813/2084 6436/7812/2083 6424/7800/2071
f 6426/7802/2073 6438/7814/2085 6437/7813/2084 6425/7801/2072
f 6427/7803/2074 6439/7815/2086 6438/7814/2085 6426/7802/2073
f 6428/7804/2075 6440/7816/2087 6439/7815/2086 6427/7803/2074
f 6429/7805/2076 6441/7817/2088 6440/7816/2087 6428/7804/2075
f 6430/7806/2077 6442/7818/2089 6441/7817/2088 6429/7805/2076
f 6431/7807/2078 6443/7819/2090 6442/7818/2089 6430/7806/2077
f 6432/7808/2079 6444/7820/2091 6443/7819/2090 6431/7807/2078
f 6422/7798/2069 6434/7810/2081 6444/7820/2091 6432/7808/2079
f 6433/7809/2080 6445/7821/2092 6446/7822/2093 6434/7810/2081
f 6435/7811/2082 6447/7823/2094 6445/7821/2092 6433/7809/2080
f 6436/7812/2083 6448/7824/2095 6447/7823/2094 6435/7811/2082
f 6437/7813/2084 6449/7825/2096 6448/7824/2095 6436/7812/2083
f 6438/7814/2085 6450/7826/2097 6449/7825/2096 6437/7813/2084
f 6439/7815/2086 6451/7827/2098 6450/7826/2097 6438/7814/2085
f 6440/7816/2087 6452/7828/2099 6451/7827/2098 6439/7815/2086
f 6441/7817/2088 6453/7829/2100 6452/7828/2099 6440/7816/2087
f 6442/7818/2089 6454/7830/2101 6453/7829/2100 6441/7817/2088
f 6443/7819/2090 6455/7831/2102 6454/7830/2101 6442/7818/2089
f 6444/7820/2091 6456/7832/2103 6455/7831/2102 6443/7819/2090
f 6434/7810/2081 6446/7822/2093 6456/7832/2103 6444/7820/2091
f 6457/7833/2104 6458/7834/2105 6113/7489/2106 6117/7493/2107
f 6459/7835/2108 6457/7833/2104 6117/7493/2107 6119/7495/2109
f 6460/7836/2110 6459/7835/2108 6119/7495/2109 6121/7497/2111
f 6461/7837/2112 6460/7836/2110 6121/7497/2111 6123/7499/2113
f 6462/7838/2114 6461/7837/2112 6123/7499/2113 6125/7501/2114
f 6463/7839/2115 6462/7838/2114 6125/7501/2114 6127/7503/2116
f 6464/7840/2117 6463/7839/2115 6127/7503/2116 6129/7505/2118
f 6465/7841/2119 6464/7840/2117 6129/7505/2118 6131/7507/2120
f 6466/7842/2121 6465/7841/2119 6131/7507/2120 6133/7509/2122
f 6467/7843/2123 6466/7842/2121 6133/7509/2122 6135/7511/2124
f 6468/7844/2125 6467/7843/2123 6135/7511/2124 6114/7490/2125
f 6469/7845/2126 6470/7846/2127 6471/7847/2128 6472/7848/2129
f 6473/7849/2130 6474/7850/2131 6470/7846/2127 6469/7845/2126
f 6475/7851/2132 6476/7852/2133 6474/7850/2131 6473/7849/2130
f 6477/7853/2134 6478/7854/2135 6476/7852/2133 6475/7851/2132
f 6479/7855/2136 6480/7856/2137 6478/7854/2135 6477/7853/2134
f 6481/7857/2138 6482/7858/2139 6480/7856/2137 6479/7855/2136
f 6483/7859/2140 6484/7860/2141 6482/7858/2139 6481/7857/2138
f 6485/7861/2142 6486/7862/2143 6484/7860/2141 6483/7859/2140
f 6487/7863/2144 6488/7864/2145 6486/7862/2143 6485/7861/2142
f 6489/7865/2146 6490/7866/2147 6488/7864/2145 6487/7863/2144
f 6491/7867/2148 6492/7868/2149 6490/7866/2147 6489/7865/2146
f 6472/7848/2129 6471/7847/2128 6492/7868/2149 6491/7867/2148
f 6470/7846/2127 6493/7869/2150 6405/7781/2052 6471/7847/2128
f 6474/7850/2131 6494/7870/2151 6493/7869/2150 6470/7846/2127
f 6476/7852/2133 6495/7871/2152 6494/7870/2151 6474/7850/2131
f 6478/7854/2135 6496/7872/2153 6495/7871/2152 6476/7852/2133
f 6480/7856/2137 6497/7873/2154 6496/7872/2153 6478/7854/2135
f 6482/7858/2139 6498/7874/2155 6497/7873/2154 6480/7856/2137
f 6484/7860/2141 6499/7875/2156 6498/7874/2155 6482/7858/2139
f 6486/7862/2143 6500/7876/2157 6499/7875/2156 6484/7860/2141
f 6488/7864/2145 6501/7877/2158 6500/7876/2157 6486/7862/2143
f 6490/7866/2147 6502/7878/2159 6501/7877/2158 6488/7864/2145
f 6492/7868/2149 6408/7784/2055 6502/7878/2159 6490/7866/2147
f 6471/7847/2128 6405/7781/2052 6408/7784/2055 6492/7868/2149
f 6493/7869/2150 6503/7879/2160 6406/7782/2053 6405/7781/2052
f 6494/7870/2151 6504/7880/2161 6503/7879/2160 6493/7869/2150
f 6495/7871/2152 6505/7881/2162 6504/7880/2161 6494/7870/2151
f 6496/7872/2153 6506/7882/2163 6505/7881/2162 6495/7871/2152
f 6497/7873/2154 6507/7883/2164 6506/7882/2163 6496/7872/2153
f 6498/7874/2155 6508/7884/2165 6507/7883/2164 6497/7873/2154
f 6499/7875/2156 6509/7885/2166 6508/7884/2165 6498/7874/2155
f 6500/7876/2157 6510/7886/2167 6509/7885/2166 6499/7875/2156
f 6501/7877/2158 6511/7887/2168 6510/7886/2167 6500/7876/2157
f 6502/7878/2159 6512/7888/2169 6511/7887/2168 6501/7877/2158
f 6408/7784/2055 6407/7783/2054 6512/7888/2169 6502/7878/2159
f 6503/7879/2160 6513/7889/2170 6514/7890/2171 6406/7782/2053
f 6504/7880/2161 6515/7891/2172 6513/7889/2170 6503/7879/2160
f 6505/7881/2162 6516/7892/2173 6515/7891/2172 6504/7880/2161
f 6506/7882/2163 6517/7893/2174 6516/7892/2173 6505/7881/2162
f 6507/7883/2164 6518/7894/2175 6517/7893/2174 6506/7882/2163
f 6508/7884/2165 6519/7895/2176 6518/7894/2175 6507/7883/2164
f 6509/7885/2166 6520/7896/2177 6519/7895/2176 6508/7884/2165
f 6510/7886/2167 6521/7897/2178 6520/7896/2177 6509/7885/2166
f 6511/7887/2168 6522/7898/2179 6521/7897/2178 6510/7886/2167
f 6512/7888/2169 6523/7899/2180 6522/7898/2179 6511/7887/2168
f 6407/7783/2054 6524/7900/2181 6523/7899/2180 6512/7888/2169
f 6406/7782/2053 6514/7890/2171 6524/7900/2181 6407/7783/2054
f 6513/7889/2170 6525/7901/2182 6526/7902/2183 6514/7890/2171
f 6515/7891/2172 6527/7903/2184 6525/7901/2182 6513/7889/2170
f 6516/7892/2173 6528/7904/2185 6527/7903/2184 6515/7891/2172
f 6517/7893/2174 6529/7905/2186 6528/7904/2185 6516/7892/2173
f 6518/7894/2175 6530/7906/2187 6529/7905/2186 6517/7893/2174
f 6519/7895/2176 6531/7907/2188 6530/7906/2187 6518/7894/2175
f 6520/7896/2177 6532/7908/2189 6531/7907/2188 6519/7895/2176
f 6521/7897/2178 6533/7909/2190 6532/7908/2189 6520/7896/2177
f 6522/7898/2179 6534/7910/2191 6533/7909/2190 6521/7897/2178
f 6523/7899/2180 6535/7911/2192 6534/7910/2191 6522/7898/2179
f 6524/7900/2181 6536/7912/2193 6535/7911/2192 6523/7899/2180
f 6514/7890/2171 6526/7902/2183 6536/7912/2193 6524/7900/2181
f 6525/7901/2182 6537/7913/2194 6538/7914/2195 6526/7902/2183
f 6527/7903/2184 6539/7915/2196 6537/7913/2194 6525/7901/2182
f 6528/7904/2185 6540/7916/2197 6539/7915/2196 6527/7903/2184
f 6529/7905/2186 6541/7917/2198 6540/7916/2197 6528/7904/2185
f 6530/7906/2187 6542/7918/2199 6541/7917/2198 6529/7905/2186
f 6531/7907/2188 6543/7919/2200 6542/7918/2199 6530/7906/2187
f 6532/7908/2189 6544/7920/2201 6543/7919/2200 6531/7907/2188
f 6533/7909/2190 6545/7921/2202 6544/7920/2201 6532/7908/2189
f 6534/7910/2191 6546/7922/2203 6545/7921/2202 6533/7909/2190
f 6535/7911/2192 6547/7923/2204 6546/7922/2203 6534/7910/2191
f 6536/7912/2193 6548/7924/2205 6547/7923/2204 6535/7911/2192
f 6526/7902/2183 6538/7914/2195 6548/7924/2205 6536/7912/2193
f 6549/7925/2206 6550/7926/2207 6551/7927/2208 6552/7928/2209
f 6553/7929/2210 6554/7930/2211 6550/7926/2207 6549/7925/2206
f 6555/7931/2212 6556/7932/2213 6554/7930/2211 6553/7929/2210
f 6557/7933/2214 6558/7934/2215 6556/7932/2213 6555/7931/2212
f 6559/7935/2216 6560/7936/2217 6558/7934/2215 6557/7933/2214
f 6561/7937/2218 6562/7938/2219 6560/7936/2217 6559/7935/2216
f 6563/7939/2220 6564/7940/2221 6562/7938/2219 6561/7937/2218
f 6565/7941/2222 6566/7942/2223 6564/7940/2221 6563/7939/2220
f 6567/7943/2224 6568/7944/2225 6566/7942/2223 6565/7941/2222
f 6569/7945/2226 6570/7946/2227 6568/7944/2225 6567/7943/2224
f 6571/7947/2228 6572/7948/2229 6570/7946/2227 6569/7945/2226
f 6552/7928/2209 6551/7927/2208 6572/7948/2229 6571/7947/2228
f 6550/7926/2207 6573/7949/2230 6574/7950/2231 6551/7927/2208
f 6554/7930/2211 6575/7951/2232 6573/7949/2230 6550/7926/2207
f 6556/7932/2213 6576/7952/1488 6575/7951/2232 6554/7930/2211
f 6558/7934/2215 6577/7953/2233 6576/7952/1488 6556/7932/2213
f 6560/7936/2217 6578/7954/2234 6577/7953/2233 6558/7934/2215
f 6562/7938/2219 6579/7955/2235 6578/7954/2234 6560/7936/2217
f 6564/7940/2221 6580/7956/2236 6579/7955/2235 6562/7938/2219
f 6566/7942/2223 6581/7957/2237 6580/7956/2236 6564/7940/2221
f 6568/7944/2225 6582/7958/2238 6581/7957/2237 6566/7942/2223
f 6570/7946/2227 6583/7959/2239 6582/7958/2238 6568/7944/2225
f 6572/7948/2229 6584/7960/2240 6583/7959/2239 6570/7946/2227
f 6551/7927/2208 6574/7950/2231 6584/7960/2240 6572/7948/2229
f 6573/7949/2230 6585/7961/2241 6586/7962/2242 6574/7950/2231
f 6575/7951/2232 6587/7963/2243 6585/7961/2241 6573/7949/2230
f 6576/7952/1488 6588/7964/2244 6587/7963/2243 6575/7951/2232
f 6577/7953/2233 6589/7965/2245 6588/7964/2244 6576/7952/1488
f 6578/7954/2234 6590/7966/2246 6589/7965/2245 6577/7953/2233
f 6579/7955/2235 6591/7967/2247 6590/7966/2246 6578/7954/2234
f 6580/7956/2236 6592/7968/2248 6591/7967/2247 6579/7955/2235
f 6581/7957/2237 6593/7969/2249 6592/7968/2248 6580/7956/2236
f 6582/7958/2238 6594/7970/2250 6593/7969/2249 6581/7957/2237
f 6583/7959/2239 6595/7971/2251 6594/7970/2250 6582/7958/2238
f 6584/7960/2240 6596/7972/2252 6595/7971/2251 6583/7959/2239
f 6574/7950/2231 6586/7962/2242 6596/7972/2252 6584/7960/2240
f 6585/7961/2241 6597/7973/2253 6598/7974/2254 6586/7962/2242
f 6587/7963/2243 6599/7975/2255 6597/7973/2253 6585/7961/2241
f 6588/7964/2244 6600/7976/2256 6599/7975/2255 6587/7963/2243
f 6589/7965/2245 6601/7977/2257 6600/7976/2256 6588/7964/2244
f 6590/7966/2246 6602/7978/2258 6601/7977/2257 6589/7965/2245
f 6591/7967/2247 6603/7979/2259 6602/7978/2258 6590/7966/2246
f 6592/7968/2248 6604/7980/2260 6603/7979/2259 6591/7967/2247
f 6593/7969/2249 6605/7981/2261 6604/7980/2260 6592/7968/2248
f 6594/7970/2250 6606/7982/2262 6605/7981/2261 6593/7969/2249
f 6595/7971/2251 6607/7983/2263 6606/7982/2262 6594/7970/2250
f 6596/7972/2252 6608/7984/2264 6607/7983/2263 6595/7971/2251
f 6586/7962/2242 6598/7974/2254 6608/7984/2264 6596/7972/2252
f 6597/7973/2253 6609/7985/2265 6610/7986/2266 6598/7974/2254
f 6599/7975/2255 6611/7987/2267 6609/7985/2265 6597/7973/2253
f 6600/7976/2256 6612/7988/2268 6611/7987/2267 6599/7975/2255
f 6601/7977/2257 6613/7989/2269 6612/7988/2268 6600/7976/2256
f 6602/7978/2258 6614/7990/2270 6613/7989/2269 6601/7977/2257
f 6603/7979/2259 6615/7991/2271 6614/7990/2270 6602/7978/2258
f 6604/7980/2260 6616/7992/2272 6615/7991/2271 6603/7979/2259
f 6605/7981/2261 6617/7993/2273 6616/7992/2272 6604/7980/2260
f 6606/7982/2262 6618/7994/2274 6617/7993/2273 6605/7981/2261
f 6607/7983/2263 6619/7995/2275 6618/7994/2274 6606/7982/2262
f 6608/7984/2264 6620/7996/2276 6619/7995/2275 6607/7983/2263
f 6598/7974/2254 6610/7986/2266 6620/7996/2276 6608/7984/2264
f 6609/7985/2265 6621/7997/2277 6622/7998/2278 6610/7986/2266
f 6611/7987/2267 6623/7999/2279 6621/7997/2277 6609/7985/2265
f 6612/7988/2268 6624/8000/2280 6623/7999/2279 6611/7987/2267
f 6613/7989/2269 6625/8001/2281 6624/8000/2280 6612/7988/2268
f 6614/7990/2270 6626/8002/2282 6625/8001/2281 6613/7989/2269
f 6615/7991/2271 6627/8003/2283 6626/8002/2282 6614/7990/2270
f 6616/7992/2272 6628/8004/2284 6627/8003/2283 6615/7991/2271
f 6617/7993/2273 6629/8005/2285 6628/8004/2284 6616/7992/2272
f 6618/7994/2274 6630/8006/2286 6629/8005/2285 6617/7993/2273
f 6619/7995/2275 6631/8007/2287 6630/8006/2286 6618/7994/2274
f 6620/7996/2276 6632/8008/2288 6631/8007/2287 6619/7995/2275
f 6610/7986/2266 6622/7998/2278 6632/8008/2288 6620/7996/2276
f 6626/8002/2282 6627/8003/2283 6100/7476/1773 6102/7478/1775
f 6627/8003/2283 6628/8004/2284 6101/7477/1774 6100/7476/1773
f 6625/8001/2281 6626/8002/2282 6102/7478/1775 6103/7479/1776
f 6624/8000/2280 6625/8001/2281 6103/7479/1776 6104/7480/1777
f 6623/7999/2279 6624/8000/2280 6104/7480/1777 6105/7481/1778
f 6621/7997/2277 6623/7999/2279 6105/7481/1778 6106/7482/1779
f 6622/7998/2278 6621/7997/2277 6106/7482/1779 6107/7483/1780
f 6632/8008/2288 6622/7998/2278 6107/7483/1780 6108/7484/1781
f 6631/8007/2287 6632/8008/2288 6108/7484/1781 6109/7485/1782
f 6630/8006/2286 6631/8007/2287 6109/7485/1782 6110/7486/1783
f 6629/8005/2285 6630/8006/2286 6110/7486/1783 6111/7487/1784
f 6628/8004/2284 6629/8005/2285 6111/7487/1784 6101/7477/1774
f 6633/8009/2289 6634/8010/2290 6635/8011/2291 6636/8012/2292
f 6637/8013/2293 6638/8014/2294 6634/8010/2290 6633/8009/2289
f 6639/8015/2295 6640/8016/2296 6638/8014/2294 6637/8013/2293
f 6641/8017/2297 6642/8018/2298 6640/8016/2296 6639/8015/2295
f 6643/8019/2299 6644/8020/2300 6642/8018/2298 6641/8017/2297
f 6645/8021/2301 6646/8022/2302 6644/8020/2300 6643/8019/2299
f 6647/8023/2303 6648/8024/2304 6646/8022/2302 6645/8021/2301
f 6649/8025/2305 6650/8026/2306 6648/8024/2304 6647/8023/2303
f 6651/8027/2307 6652/8028/2308 6650/8026/2306 6649/8025/2305
f 6653/8029/2309 6654/8030/2310 6652/8028/2308 6651/8027/2307
f 6655/8031/2311 6656/8032/2312 6654/8030/2310 6653/8029/2309
f 6636/8012/2292 6635/8011/2291 6656/8032/2312 6655/8031/2311
f 6634/8010/2290 6657/8033/2313 6658/8034/2314 6635/8011/2291
f 6638/8014/2294 6659/8035/2315 6657/8033/2313 6634/8010/2290
f 6640/8016/2296 6660/8036/1243 6659/8035/2315 6638/8014/2294
f 6642/8018/2298 6661/8037/2316 6660/8036/1243 6640/8016/2296
f 6644/8020/2300 6662/8038/2317 6661/8037/2316 6642/8018/2298
f 6646/8022/2302 6663/8039/2318 6662/8038/2317 6644/8020/2300
f 6648/8024/2304 6664/8040/2319 6663/8039/2318 6646/8022/2302
f 6650/8026/2306 6665/8041/2320 6664/8040/2319 6648/8024/2304
f 6652/8028/2308 6666/8042/2321 6665/8041/2320 6650/8026/2306
f 6654/8030/2310 6667/8043/2322 6666/8042/2321 6652/8028/2308
f 6656/8032/2312 6668/8044/2323 6667/8043/2322 6654/8030/2310
f 6635/8011/2291 6658/8034/2314 6668/8044/2323 6656/8032/2312
f 6657/8033/2313 6669/8045/2324 6670/8046/2325 6658/8034/2314
f 6659/8035/2315 6671/8047/2326 6669/8045/2324 6657/8033/2313
f 6660/8036/1243 6672/8048/2327 6671/8047/2326 6659/8035/2315
f 6661/8037/2316 6673/8049/2328 6672/8048/2327 6660/8036/1243
f 6662/8038/2317 6674/8050/2329 6673/8049/2328 6661/8037/2316
f 6663/8039/2318 6675/8051/2330 6674/8050/2329 6662/8038/2317
f 6664/8040/2319 6676/8052/2331 6675/8051/2330 6663/8039/2318
f 6665/8041/2320 6677/8053/2332 6676/8052/2331 6664/8040/2319
f 6666/8042/2321 6678/8054/2333 6677/8053/2332 6665/8041/2320
f 6667/8043/2322 6679/8055/2334 6678/8054/2333 6666/8042/2321
f 6668/8044/2323 6680/8056/2335 6679/8055/2334 6667/8043/2322
f 6658/8034/2314 6670/8046/2325 6680/8056/2335 6668/8044/2323
f 6669/8045/2324 6681/8057/2336 6682/8058/2337 6670/8046/2325
f 6671/8047/2326 6683/8059/2338 6681/8057/2336 6669/8045/2324
f 6672/8048/2327 6684/8060/2339 6683/8059/2338 6671/8047/2326
f 6673/8049/2328 6685/8061/2340 6684/8060/2339 6672/8048/2327
f 6674/8050/2329 6686/8062/2341 6685/8061/2340 6673/8049/2328
f 6675/8051/2330 6687/8063/2342 6686/8062/2341 6674/8050/2329
f 6676/8052/2331 6688/8064/2343 6687/8063/2342 6675/8051/2330
f 6677/8053/2332 6689/8065/2344 6688/8064/2343 6676/8052/2331
f 6678/8054/2333 6690/8066/2345 6689/8065/2344 6677/8053/2332
f 6679/8055/2334 6691/8067/2346 6690/8066/2345 6678/8054/2333
f 6680/8056/2335 6692/8068/2347 6691/8067/2346 6679/8055/2334
f 6670/8046/2325 6682/8058/2337 6692/8068/2347 6680/8056/2335
f 6681/8057/2336 6693/8069/2348 6694/8070/2349 6682/8058/2337
f 6683/8059/2338 6695/8071/2350 6693/8069/2348 6681/8057/2336
f 6684/8060/2339 6696/8072/2351 6695/8071/2350 6683/8059/2338
f 6685/8061/2340 6697/8073/2352 6696/8072/2351 6684/8060/2339
f 6686/8062/2341 6698/8074/2353 6697/8073/2352 6685/8061/2340
f 6687/8063/2342 6699/8075/2354 6698/8074/2353 6686/8062/2341
f 6688/8064/2343 6700/8076/2355 6699/8075/2354 6687/8063/2342
f 6689/8065/2344 6701/8077/2356 6700/8076/2355 6688/8064/2343
f 6690/8066/2345 6702/8078/2357 6701/8077/2356 6689/8065/2344
f 6691/8067/2346 6703/8079/2358 6702/8078/2357 6690/8066/2345
f 6692/8068/2347 6704/8080/2359 6703/8079/2358 6691/8067/2346
f 6682/8058/2337 6694/8070/2349 6704/8080/2359 6692/8068/2347
f 6693/8069/2348 6705/8081/2360 6706/8082/2361 6694/8070/2349
f 6695/8071/2350 6707/8083/2362 6705/8081/2360 6693/8069/2348
f 6696/8072/2351 6708/8084/2363 6707/8083/2362 6695/8071/2350
f 6697/8073/2352 6709/8085/2364 6708/8084/2363 6696/8072/2351
f 6698/8074/2353 6710/8086/2365 6709/8085/2364 6697/8073/2352
f 6699/8075/2354 6711/8087/2366 6710/8086/2365 6698/8074/2353
f 6700/8076/2355 6712/8088/2367 6711/8087/2366 6699/8075/2354
f 6701/8077/2356 6713/8089/2368 6712/8088/2367 6700/8076/2355
f 6702/8078/2357 6714/8090/2369 6713/8089/2368 6701/8077/2356
f 6703/8079/2358 6715/8091/2370 6714/8090/2369 6702/8078/2357
f 6704/8080/2359 6716/8092/2371 6715/8091/2370 6703/8079/2358
f 6694/8070/2349 6706/8082/2361 6716/8092/2371 6704/8080/2359
f 6717/8093/2372 6718/8094/2372 6719/8095/1511 6720/8096/1511
f 6721/8097/2373 6722/8098/2373 6718/8094/2372 6717/8093/2372
f 6723/8099/22 6724/8100/22 6722/8098/2373 6721/8097/2373
f 6725/8101/2374 6726/8102/2374 6724/8100/22 6723/8099/22
f 6727/8103/2375 6728/8104/2375 6726/8102/2374 6725/8101/2374
f 6729/8105/800 6730/8106/800 6728/8104/2375 6727/8103/2375
f 6731/8107/2376 6732/8108/2376 6730/8106/800 6729/8105/800
f 6733/8109/2377 6734/8110/2377 6732/8108/2376 6731/8107/2376
f 6735/8111/13 6736/8112/13 6734/8110/2377 6733/8109/2377
f 6737/8113/2378 6738/8114/2378 6736/8112/13 6735/8111/13
f 6739/8115/2379 6740/8116/2379 6738/8114/2378 6737/8113/2378
f 6720/8096/1511 6719/8095/1511 6740/8116/2379 6739/8115/2379
f 6741/8117/2372 6742/8118/2372 6743/8119/1511 6744/8120/1511
f 6745/8121/2373 6746/8122/2373 6742/8118/2372 6741/8117/2372
f 6747/8123/22 6748/8124/22 6746/8122/2373 6745/8121/2373
f 6749/8125/2374 6750/8126/2374 6748/8124/22 6747/8123/22
f 6751/8127/2375 6752/8128/2375 6750/8126/2374 6749/8125/2374
f 6753/8129/800 6754/8130/800 6752/8128/2375 6751/8127/2375
f 6755/8131/2376 6756/8132/2376 6754/8130/800 6753/8129/800
f 6757/8133/2377 6758/8134/2377 6756/8132/2376 6755/8131/2376
f 6759/8135/13 6760/8136/13 6758/8134/2377 6757/8133/2377
f 6761/8137/2378 6762/8138/2378 6760/8136/13 6759/8135/13
f 6763/8139/2379 6764/8140/2379 6762/8138/2378 6761/8137/2378
f 6744/8120/1511 6743/8119/1511 6764/8140/2379 6763/8139/2379
f 6765/8141/2372 6766/8142/2372 6767/8143/1511 6768/8144/1511
f 6769/8145/2373 6770/8146/2373 6766/8142/2372 6765/8141/2372
f 6771/8147/22 6772/8148/22 6770/8146/2373 6769/8145/2373
f 6773/8149/2374 6774/8150/2374 6772/8148/22 6771/8147/22
f 6775/8151/2375 6776/8152/2375 6774/8150/2374 6773/8149/2374
f 6777/8153/800 6778/8154/800 6776/8152/2375 6775/8151/2375
f 6779/8155/2376 6780/8156/2376 6778/8154/800 6777/8153/800
f 6781/8157/2377 6782/8158/2377 6780/8156/2376 6779/8155/2376
f 6783/8159/13 6784/8160/13 6782/8158/2377 6781/8157/2377
f 6785/8161/2378 6786/8162/2378 6784/8160/13 6783/8159/13
f 6787/8163/2379 6788/8164/2379 6786/8162/2378 6785/8161/2378
f 6768/8144/1511 6767/8143/1511 6788/8164/2379 6787/8163/2379
f 6789/8165/2380 6790/8166/2380 6791/8167/801 6792/8168/801
f 6793/8169/2381 6794/8170/2381 6790/8166/2380 6789/8165/2380
f 6795/8171/22 6796/8172/22 6794/8170/2381 6793/8169/2381
f 6797/8173/2382 6798/8174/2382 6796/8172/22 6795/8171/22
f 6799/8175/2383 6800/8176/2383 6798/8174/2382 6797/8173/2382
f 6801/8177/1295 6802/8178/1295 6800/8176/2383 6799/8175/2383
f 6803/8179/2384 6804/8180/2384 6802/8178/1295 6801/8177/1295
f 6805/8181/2385 6806/8182/2385 6804/8180/2384 6803/8179/2384
f 6807/8183/13 6808/8184/13 6806/8182/2385 6805/8181/2385
f 6809/8185/2386 6810/8186/2386 6808/8184/13 6807/8183/13
f 6811/8187/2387 6812/8188/2387 6810/8186/2386 6809/8185/2386
f 6792/8168/801 6791/8167/801 6812/8188/2387 6811/8187/2387
f 6813/8189/2380 6814/8190/2380 6815/8191/801 6816/8192/801
f 6817/8193/2381 6818/8194/2381 6814/8190/2380 6813/8189/2380
f 6819/8195/22 6820/8196/22 6818/8194/2381 6817/8193/2381
f 6821/8197/2382 6822/8198/2382 6820/8196/22 6819/8195/22
f 6823/8199/2383 6824/8200/2383 6822/8198/2382 6821/8197/2382
f 6825/8201/1295 6826/8202/1295 6824/8200/2383 6823/8199/2383
f 6827/8203/2384 6828/8204/2384 6826/8202/1295 6825/8201/1295
f 6829/8205/2385 6830/8206/2385 6828/8204/2384 6827/8203/2384
f 6831/8207/13 6832/8208/13 6830/8206/2385 6829/8205/2385
f 6833/8209/2386 6834/8210/2386 6832/8208/13 6831/8207/13
f 6835/8211/2387 6836/8212/2387 6834/8210/2386 6833/8209/2386
f 6816/8192/801 6815/8191/801 6836/8212/2387 6835/8211/2387
f 6837/8213/2380 6838/8214/2380 6839/8215/801 6840/8216/801
f 6841/8217/2381 6842/8218/2381 6838/8214/2380 6837/8213/2380
f 6843/8219/22 6844/8220/22 6842/8218/2381 6841/8217/2381
f 6845/8221/2382 6846/8222/2382 6844/8220/22 6843/8219/22
f 6847/8223/2383 6848/8224/2383 6846/8222/2382 6845/8221/2382
f 6849/8225/1295 6850/8226/1295 6848/8224/2383 6847/8223/2383
f 6851/8227/2384 6852/8228/2384 6850/8226/1295 6849/8225/1295
f 6853/8229/2385 6854/8230/2385 6852/8228/2384 6851/8227/2384
f 6855/8231/13 6856/8232/13 6854/8230/2385 6853/8229/2385
f 6857/8233/2386 6858/8234/2386 6856/8232/13 6855/8231/13
f 6859/8235/2387 6860/8236/2387 6858/8234/2386 6857/8233/2386
f 6840/8216/801 6839/8215/801 6860/8236/2387 6859/8235/2387
f 6861/8237/2375 6862/8238/2375 6863/8239/800 6864/8240/800
f 6865/8241/2374 6866/8242/2374 6862/8238/2375 6861/8237/2375
f 6867/8243/22 6868/8244/22 6866/8242/2374 6865/8241/2374
f 6869/8245/2373 6870/8246/2373 6868/8244/22 6867/8243/22
f 6871/8247/2372 6872/8248/2372 6870/8246/2373 6869/8245/2373
f 6873/8249/1511 6874/8250/1511 6872/8248/2372 6871/8247/2372
f 6875/8251/2379 6876/8252/2379 6874/8250/1511 6873/8249/1511
f 6877/8253/2378 6878/8254/2378 6876/8252/2379 6875/8251/2379
f 6879/8255/13 6880/8256/13 6878/8254/2378 6877/8253/2378
f 6881/8257/2377 6882/8258/2377 6880/8256/13 6879/8255/13
f 6883/8259/2376 6884/8260/2376 6882/8258/2377 6881/8257/2377
f 6864/8240/800 6863/8239/800 6884/8260/2376 6883/8259/2376
f 6885/8261/2383 6886/8262/2383 6887/8263/1295 6888/8264/1295
f 6889/8265/2382 6890/8266/2382 6886/8262/2383 6885/8261/2383
f 6891/8267/22 6892/8268/22 6890/8266/2382 6889/8265/2382
f 6893/8269/2381 6894/8270/2381 6892/8268/22 6891/8267/22
f 6895/8271/2380 6896/8272/2380 6894/8270/2381 6893/8269/2381
f 6897/8273/801 6898/8274/801 6896/8272/2380 6895/8271/2380
f 6899/8275/2387 6900/8276/2387 6898/8274/801 6897/8273/801
f 6901/8277/2386 6902/8278/2386 6900/8276/2387 6899/8275/2387
f 6903/8279/13 6904/8280/13 6902/8278/2386 6901/8277/2386
f 6905/8281/2385 6906/8282/2385 6904/8280/13 6903/8279/13
f 6907/8283/2384 6908/8284/2384 6906/8282/2385 6905/8281/2385
f 6888/8264/1295 6887/8263/1295 6908/8284/2384 6907/8283/2384
f 6909/8285/2383 6910/8286/2383 6911/8287/1295 6912/8288/1295
f 6913/8289/2382 6914/8290/2382 6910/8286/2383 6909/8285/2383
f 6915/8291/22 6916/8292/22 6914/8290/2382 6913/8289/2382
f 6917/8293/2381 6918/8294/2381 6916/8292/22 6915/8291/22
f 6919/8295/2380 6920/8296/2380 6918/8294/2381 6917/8293/2381
f 6921/8297/801 6922/8298/801 6920/8296/2380 6919/8295/2380
f 6923/8299/2387 6924/8300/2387 6922/8298/801 6921/8297/801
f 6925/8301/2386 6926/8302/2386 6924/8300/2387 6923/8299/2387
f 6927/8303/13 6928/8304/13 6926/8302/2386 6925/8301/2386
f 6929/8305/2385 6930/8306/2385 6928/8304/13 6927/8303/13
f 6931/8307/2384 6932/8308/2384 6930/8306/2385 6929/8305/2385
f 6912/8288/1295 6911/8287/1295 6932/8308/2384 6931/8307/2384
f 6933/8309/2375 6934/8310/2375 6935/8311/800 6936/8312/800
f 6937/8313/2374 6938/8314/2374 6934/8310/2375 6933/8309/2375
f 6939/8315/22 6940/8316/22 6938/8314/2374 6937/8313/2374
f 6941/8317/2373 6942/8318/2373 6940/8316/22 6939/8315/22
f 6943/8319/2372 6944/8320/2372 6942/8318/2373 6941/8317/2373
f 6945/8321/1511 6946/8322/1511 6944/8320/2372 6943/8319/2372
f 6947/8323/2379 6948/8324/2379 6946/8322/1511 6945/8321/1511
f 6949/8325/2378 6950/8326/2378 6948/8324/2379 6947/8323/2379
f 6951/8327/13 6952/8328/13 6950/8326/2378 6949/8325/2378
f 6953/8329/2377 6954/8330/2377 6952/8328/13 6951/8327/13
f 6955/8331/2376 6956/8332/2376 6954/8330/2377 6953/8329/2377
f 6936/8312/800 6935/8311/800 6956/8332/2376 6955/8331/2376
f 6957/8333/2383 6958/8334/2383 6959/8335/1295 6960/8336/1295
f 6961/8337/2382 6962/8338/2382 6958/8334/2383 6957/8333/2383
f 6963/8339/22 6964/8340/22 6962/8338/2382 6961/8337/2382
f 6965/8341/2381 6966/8342/2381 6964/8340/22 6963/8339/22
f 6967/8343/2380 6968/8344/2380 6966/8342/2381 6965/8341/2381
f 6969/8345/801 6970/8346/801 6968/8344/2380 6967/8343/2380
f 6971/8347/2387 6972/8348/2387 6970/8346/801 6969/8345/801
f 6973/8349/2386 6974/8350/2386 6972/8348/2387 6971/8347/2387
f 6975/8351/13 6976/8352/13 6974/8350/2386 6973/8349/2386
f 6977/8353/2385 6978/8354/2385 6976/8352/13 6975/8351/13
f 6979/8355/2384 6980/8356/2384 6978/8354/2385 6977/8353/2385
f 6960/8336/1295 6959/8335/1295 6980/8356/2384 6979/8355/2384
f 6981/8357/2375 6982/8358/2375 6983/8359/800 6984/8360/800
f 6985/8361/2374 6986/8362/2374 6982/8358/2375 6981/8357/2375
f 6987/8363/22 6988/8364/22 6986/8362/2374 6985/8361/2374
f 6989/8365/2373 6990/8366/2373 6988/8364/22 6987/8363/22
f 6991/8367/2372 6992/8368/2372 6990/8366/2373 6989/8365/2373
f 6993/8369/1511 6994/8370/1511 6992/8368/2372 6991/8367/2372
f 6995/8371/2379 6996/8372/2379 6994/8370/1511 6993/8369/1511
f 6997/8373/2378 6998/8374/2378 6996/8372/2379 6995/8371/2379
f 6999/8375/13 7000/8376/13 6998/8374/2378 6997/8373/2378
f 7001/8377/2377 7002/8378/2377 7000/8376/13 6999/8375/13
f 7003/8379/2376 7004/8380/2376 7002/8378/2377 7001/8377/2377
f 6984/8360/800 6983/8359/800 7004/8380/2376 7003/8379/2376
f 6487/7863/2144 7005/8381/2120 7006/8382/2388 6489/7865/2146
f 6485/7861/2142 7007/8383/2389 7005/8381/2120 6487/7863/2144
f 6483/7859/2140 7008/8384/2390 7007/8383/2389 6485/7861/2142
f 6481/7857/2138 7009/8385/2391 7008/8384/2390 6483/7859/2140
f 6479/7855/2136 7010/8386/2392 7009/8385/2391 6481/7857/2138
f 6477/7853/2134 7011/8387/2393 7010/8386/2392 6479/7855/2136
f 6475/7851/2132 7012/8388/2394 7011/8387/2393 6477/7853/2134
f 6473/7849/2130 7013/8389/2395 7012/8388/2394 6475/7851/2132
f 6469/7845/2126 7014/8390/2396 7013/8389/2395 6473/7849/2130
f 6472/7848/2129 7015/8391/2397 7014/8390/2396 6469/7845/2126
f 6372/7748/2019 7016/8392/2398 7017/8393/2399 6369/7745/2016
f 6489/7865/2146 7006/8382/2388 7018/8394/2400 6491/7867/2148
f 6705/8081/2360 6707/8083/2362 5864/7240/1545 5860/7236/1541
f 6707/8083/2362 6708/8084/2363 5866/7242/1547 5864/7240/1545
f 6708/8084/2363 6709/8085/2364 5868/7244/1549 5866/7242/1547
f 6709/8085/2364 6710/8086/2365 5870/7246/1551 5868/7244/1549
f 6710/8086/2365 6711/8087/2366 5872/7248/1553 5870/7246/1551
f 6711/8087/2366 6712/8088/2367 5874/7250/1555 5872/7248/1553
f 6712/8088/2367 6713/8089/2368 5876/7252/1557 5874/7250/1555
f 6713/8089/2368 6714/8090/2369 5878/7254/1559 5876/7252/1557
f 6714/8090/2369 6715/8091/2370 5880/7256/1561 5878/7254/1559
f 6715/8091/2370 6716/8092/2371 5882/7258/1563 5880/7256/1561
f 6716/8092/2371 6706/8082/2361 5863/7239/1544 5882/7258/1563
f 6706/8082/2361 6705/8081/2360 5860/7236/1541 5863/7239/1544
f 6394/7770/2041 6410/7786/2057 6420/7796/2067 6404/7780/2051
f 7019/8395/2401 7020/8396/2402 6185/7561/2402 6184/7560/2403
f 6391/7767/2038 7021/8397/2404 7016/8392/2398 6372/7748/2019
f 6389/7765/2036 7022/8398/2405 7021/8397/2404 6391/7767/2038
f 6387/7763/2034 7023/8399/2406 7022/8398/2405 6389/7765/2036
f 6385/7761/2032 7024/8400/2407 7023/8399/2406 6387/7763/2034
f 6383/7759/2030 7025/8401/2408 7024/8400/2407 6385/7761/2032
f 6381/7757/2028 7026/8402/2409 7025/8401/2408 6383/7759/2030
f 6379/7755/2026 7027/8403/2410 7026/8402/2409 6381/7757/2028
f 6377/7753/2024 7028/8404/2411 7027/8403/2410 6379/7755/2026
f 6375/7751/2022 7029/8405/2412 7028/8404/2411 6377/7753/2024
f 6373/7749/2020 7030/8406/2413 7029/8405/2412 6375/7751/2022
f 6369/7745/2016 7017/8393/2399 7030/8406/2413 6373/7749/2020
f 6458/7834/2105 6468/7844/2125 6114/7490/2125 6113/7489/2106
f 7020/8396/2402 7031/8407/2414 6195/7571/2415 6185/7561/2402
f 7031/8407/2414 7032/8408/2416 6194/7570/2417 6195/7571/2415
f 7032/8408/2416 7033/8409/2418 6193/7569/2406 6194/7570/2417
f 7033/8409/2418 7034/8410/2419 6192/7568/2420 6193/7569/2406
f 7034/8410/2419 7035/8411/2421 6191/7567/2422 6192/7568/2420
f 7035/8411/2421 7036/8412/2423 6190/7566/2423 6191/7567/2422
f 7036/8412/2423 7037/8413/2424 6189/7565/2425 6190/7566/2423
f 7037/8413/2424 7038/8414/2426 6188/7564/2427 6189/7565/2425
f 7038/8414/2426 7039/8415/2428 6187/7563/2429 6188/7564/2427
f 7039/8415/2428 7040/8416/2430 6186/7562/2431 6187/7563/2429
f 7040/8416/2430 7019/8395/2401 6184/7560/2403 6186/7562/2431
f 7041/8417/2432 7042/8418/2433 7043/8419/2434 7044/8420/2435
f 7045/8421/2436 7046/8422/2437 7047/8423/2438 7048/8424/2439
f 7049/8425/2440 7050/8426/2441 7051/8427/2442 7052/8428/2443
f 7053/8429/2444 7054/8430/2445 7055/8431/2446 7056/8432/2447
f 7057/8433/2448 7058/8434/2449 7059/8435/2450 7060/8436/2451
f 7061/8437/2452 7062/8438/2453 6458/7834/2454 6457/7833/2455
f 7063/8439/2456 7041/8417/2432 7044/8420/2435 7064/8440/2457
f 7065/8441/2458 7045/8421/2436 7048/8424/2439 7066/8442/2459
f 7067/8443/2460 7049/8425/2440 7052/8428/2443 7068/8444/2461
f 7069/8445/2462 7053/8429/2444 7056/8432/2447 7070/8446/2463
f 7071/8447/2464 7057/8433/2448 7060/8436/2451 7072/8448/2465
f 7073/8449/2466 7061/8437/2452 6457/7833/2455 6459/7835/2467
f 7074/8450/2468 7063/8439/2456 7064/8440/2457 7075/8451/2469
f 7076/8452/2470 7065/8441/2458 7066/8442/2459 7077/8453/2471
f 7078/8454/2472 7067/8443/2460 7068/8444/2461 7079/8455/2473
f 7080/8456/2474 7069/8445/2462 7070/8446/2463 7081/8457/2475
f 7082/8458/2476 7071/8447/2464 7072/8448/2465 7083/8459/2477
f 7084/8460/2478 7073/8449/2466 6459/7835/2467 6460/7836/2479
f 7085/8461/2480 7074/8450/2468 7075/8451/2469 7086/8462/2481
f 7087/8463/2482 7076/8452/2470 7077/8453/2471 7088/8464/2483
f 7089/8465/2484 7078/8454/2472 7079/8455/2473 7090/8466/2485
f 7091/8467/2486 7080/8456/2474 7081/8457/2475 7092/8468/2487
f 7093/8469/2488 7082/8458/2476 7083/8459/2477 7094/8470/2489
f 7095/8471/2490 7084/8460/2478 6460/7836/2479 6461/7837/2491
f 7096/8472/2492 7085/8461/2480 7086/8462/2481 7097/8473/2493
f 7098/8474/2494 7087/8463/2482 7088/8464/2483 7099/8475/2492
f 7100/8476/2495 7089/8465/2484 7090/8466/2485 7101/8477/2496
f 7102/8478/2497 7091/8467/2486 7092/8468/2487 7103/8479/2495
f 7104/8480/2498 7093/8469/2488 7094/8470/2489 7105/8481/2497
f 7106/8482/2499 7095/8471/2490 6461/7837/2491 6462/7838/2498
f 7107/8483/2500 7096/8472/2492 7097/8473/2493 7108/8484/2501
f 7109/8485/2502 7098/8474/2494 7099/8475/2492 7110/8486/2503
f 7111/8487/2504 7100/8476/2495 7101/8477/2496 7112/8488/2505
f 7113/8489/2506 7102/8478/2497 7103/8479/2495 7114/8490/2507
f 7115/8491/2508 7104/8480/2498 7105/8481/2497 7116/8492/2509
f 7117/8493/2510 7106/8482/2499 6462/7838/2498 6463/7839/2511
f 7118/8494/2512 7107/8483/2500 7108/8484/2501 7119/8495/2513
f 7120/8496/2514 7109/8485/2502 7110/8486/2503 7121/8497/2515
f 7122/8498/2516 7111/8487/2504 7112/8488/2505 7123/8499/2517
f 7124/8500/2518 7113/8489/2506 7114/8490/2507 7125/8501/2519
f 7126/8502/2520 7115/8491/2508 7116/8492/2509 7127/8503/2521
f 7128/8504/2522 7117/8493/2510 6463/7839/2511 6464/7840/2523
f 7129/8505/2524 7118/8494/2512 7119/8495/2513 7130/8506/2525
f 7131/8507/2526 7120/8496/2514 7121/8497/2515 7132/8508/2527
f 7133/8509/2528 7122/8498/2516 7123/8499/2517 7134/8510/2529
f 7135/8511/2530 7124/8500/2518 7125/8501/2519 7136/8512/2531
f 7137/8513/2532 7126/8502/2520 7127/8503/2521 7138/8514/2533
f 7139/8515/2534 7128/8504/2522 6464/7840/2523 6465/7841/2535
f 7140/8516/2536 7129/8505/2524 7130/8506/2525 7141/8517/2537
f 7142/8518/2538 7131/8507/2526 7132/8508/2527 7143/8519/2539
f 7144/8520/2540 7133/8509/2528 7134/8510/2529 7145/8521/2541
f 7146/8522/2542 7135/8511/2530 7136/8512/2531 7147/8523/2543
f 7148/8524/2544 7137/8513/2532 7138/8514/2533 7149/8525/2545
f 7150/8526/2546 7139/8515/2534 6465/7841/2535 6466/7842/2547
f 7151/8527/2548 7140/8516/2536 7141/8517/2537 7152/8528/2549
f 7153/8529/2550 7142/8518/2538 7143/8519/2539 7154/8530/2551
f 7155/8531/2552 7144/8520/2540 7145/8521/2541 7156/8532/2553
f 7157/8533/2554 7146/8522/2542 7147/8523/2543 7158/8534/2555
f 7159/8535/2556 7148/8524/2544 7149/8525/2545 7160/8536/2557
f 7161/8537/2558 7150/8526/2546 6466/7842/2547 6467/7843/2559
f 7162/8538/2560 7151/8527/2548 7152/8528/2549 7163/8539/2561
f 7164/8540/2562 7153/8529/2550 7154/8530/2551 7165/8541/2563
f 7166/8542/2564 7155/8531/2552 7156/8532/2553 7167/8543/2565
f 7168/8544/2566 7157/8533/2554 7158/8534/2555 7169/8545/2564
f 7170/8546/2567 7159/8535/2556 7160/8536/2557 7171/8547/2568
f 7172/8548/2569 7161/8537/2558 6467/7843/2559 6468/7844/2567
f 7042/8418/2433 7162/8538/2560 7163/8539/2561 7043/8419/2434
f 7046/8422/2437 7164/8540/2562 7165/8541/2563 7047/8423/2438
f 7050/8426/2441 7166/8542/2564 7167/8543/2565 7051/8427/2442
f 7054/8430/2445 7168/8544/2566 7169/8545/2564 7055/8431/2446
f 7058/8434/2449 7170/8546/2567 7171/8547/2568 7059/8435/2450
f 7062/8438/2453 7172/8548/2569 6468/7844/2567 6458/7834/2454
f 7173/8549/2570 7174/8550/2571 7175/8551/2572 7176/8552/2570
f 7177/8553/2570 7178/8554/2573 7179/8555/2574 7180/8556/2570
f 7181/8557/2570 7182/8558/2575 7183/8559/2576 7184/8560/2570
f 7185/8561/2570 7186/8562/2577 7187/8563/2578 7188/8564/2570
f 7189/8565/2570 7190/8566/2579 7191/8567/2580 7192/8568/2570
f 7193/8569/2570 7194/8570/2581 7031/8407/2582 7020/8396/2570
f 7174/8550/2571 7195/8571/2583 7196/8572/2584 7175/8551/2572
f 7178/8554/2573 7197/8573/2585 7198/8574/2586 7179/8555/2574
f 7182/8558/2575 7199/8575/2587 7200/8576/2588 7183/8559/2576
f 7186/8562/2577 7201/8577/2589 7202/8578/2590 7187/8563/2578
f 7190/8566/2579 7203/8579/2591 7204/8580/2592 7191/8567/2580
f 7194/8570/2581 7205/8581/2593 7032/8408/2593 7031/8407/2582
f 7195/8571/2583 7206/8582/2594 7207/8583/2595 7196/8572/2584
f 7197/8573/2585 7208/8584/2596 7209/8585/2597 7198/8574/2586
f 7199/8575/2587 7210/8586/2598 7211/8587/2599 7200/8576/2588
f 7201/8577/2589 7212/8588/2600 7213/8589/2601 7202/8578/2590
f 7203/8579/2591 7214/8590/2602 7215/8591/2603 7204/8580/2592
f 7205/8581/2593 7216/8592/2604 7033/8409/2605 7032/8408/2593
f 7206/8582/2594 7217/8593/2606 7218/8594/2607 7207/8583/2595
f 7208/8584/2596 7219/8595/2608 7220/8596/2609 7209/8585/2597
f 7210/8586/2598 7221/8597/2610 7222/8598/2611 7211/8587/2599
f 7212/8588/2600 7223/8599/2612 7224/8600/2613 7213/8589/2601
f 7214/8590/2602 7225/8601/2614 7226/8602/2615 7215/8591/2603
f 7216/8592/2604 7227/8603/2616 7034/8410/2617 7033/8409/2605
f 7217/8593/2606 7228/8604/2618 7229/8605/2619 7218/8594/2607
f 7219/8595/2608 7230/8606/2620 7231/8607/2621 7220/8596/2609
f 7221/8597/2610 7232/8608/2622 7233/8609/2623 7222/8598/2611
f 7223/8599/2612 7234/8610/2624 7235/8611/2625 7224/8600/2613
f 7225/8601/2614 7236/8612/2626 7237/8613/2627 7226/8602/2615
f 7227/8603/2616 7238/8614/2628 7035/8411/2629 7034/8410/2617
f 7228/8604/2618 7239/8615/2630 7240/8616/2630 7229/8605/2619
f 7230/8606/2620 7241/8617/2631 7242/8618/2631 7231/8607/2621
f 7232/8608/2622 7243/8619/2631 7244/8620/2631 7233/8609/2623
f 7234/8610/2624 7245/8621/2631 7246/8622/2631 7235/8611/2625
f 7236/8612/2626 7247/8623/2631 7248/8624/2631 7237/8613/2627
f 7238/8614/2628 7249/8625/2631 7036/8412/2631 7035/8411/2629
f 7239/8615/2630 7250/8626/2632 7251/8627/2633 7240/8616/2630
f 7241/8617/2631 7252/8628/2634 7253/8629/2635 7242/8618/2631
f 7243/8619/2631 7254/8630/2636 7255/8631/2637 7244/8620/2631
f 7245/8621/2631 7256/8632/2638 7257/8633/2639 7246/8622/2631
f 7247/8623/2631 7258/8634/2640 7259/8635/2641 7248/8624/2631
f 7249/8625/2631 7260/8636/2642 7037/8413/2643 7036/8412/2631
f 7250/8626/2632 7261/8637/2644 7262/8638/2645 7251/8627/2633
f 7252/8628/2634 7263/8639/2646 7264/8640/2647 7253/8629/2635
f 7254/8630/2636 7265/8641/2648 7266/8642/2649 7255/8631/2637
f 7256/8632/2638 7267/8643/2650 7268/8644/2651 7257/8633/2639
f 7258/8634/2640 7269/8645/2652 7270/8646/2653 7259/8635/2641
f 7260/8636/2642 7271/8647/2654 7038/8414/2655 7037/8413/2643
f 7261/8637/2644 7272/8648/2656 7273/8649/2657 7262/8638/2645
f 7263/8639/2646 7274/8650/2658 7275/8651/2659 7264/8640/2647
f 7265/8641/2648 7276/8652/2660 7277/8653/2661 7266/8642/2649
f 7267/8643/2650 7278/8654/2662 7279/8655/2663 7268/8644/2651
f 7269/8645/2652 7280/8656/2664 7281/8657/2665 7270/8646/2653
f 7271/8647/2654 7282/8658/2666 7039/8415/2667 7038/8414/2655
f 7272/8648/2656 7283/8659/2668 7284/8660/2669 7273/8649/2657
f 7274/8650/2658 7285/8661/2670 7286/8662/2671 7275/8651/2659
f 7276/8652/2660 7287/8663/2672 7288/8664/2673 7277/8653/2661
f 7278/8654/2662 7289/8665/2674 7290/8666/2675 7279/8655/2663
f 7280/8656/2664 7291/8667/2676 7292/8668/2677 7281/8657/2665
f 7282/8658/2666 7293/8669/2678 7040/8416/2679 7039/8415/2667
f 7283/8659/2668 7294/8670/2680 7295/8671/2681 7284/8660/2669
f 7285/8661/2670 7296/8672/2682 7297/8673/2683 7286/8662/2671
f 7287/8663/2672 7298/8674/2684 7299/8675/2685 7288/8664/2673
f 7289/8665/2674 7300/8676/2686 7301/8677/2687 7290/8666/2675
f 7291/8667/2676 7302/8678/2688 7303/8679/2689 7292/8668/2677
f 7293/8669/2678 7304/8680/2690 7019/8395/2691 7040/8416/2679
f 7294/8670/2680 7173/8549/2570 7176/8552/2570 7295/8671/2681
f 7296/8672/2682 7177/8553/2570 7180/8556/2570 7297/8673/2683
f 7298/8674/2684 7181/8557/2570 7184/8560/2570 7299/8675/2685
f 7300/8676/2686 7185/8561/2570 7188/8564/2570 7301/8677/2687
f 7302/8678/2688 7189/8565/2570 7192/8568/2570 7303/8679/2689
f 7304/8680/2690 7193/8569/2570 7020/8396/2570 7019/8395/2691
f 7303/8679/2692 7192/8568/2693 7193/8569/2693 7304/8680/2694
f 7301/8677/2695 7188/8564/2696 7189/8565/2696 7302/8678/2697
f 7299/8675/2698 7184/8560/2696 7185/8561/2696 7300/8676/2699
f 7297/8673/2700 7180/8556/2693 7181/8557/2693 7298/8674/2701
f 7295/8671/2702 7176/8552/2693 7177/8553/2693 7296/8672/2703
f 7017/8393/2704 7016/8392/2696 7173/8549/2696 7294/8670/2705
f 7292/8668/2706 7303/8679/2692 7304/8680/2694 7293/8669/2707
f 7290/8666/2708 7301/8677/2695 7302/8678/2697 7291/8667/2709
f 7288/8664/2710 7299/8675/2698 7300/8676/2699 7289/8665/2711
f 7286/8662/2712 7297/8673/2700 7298/8674/2701 7287/8663/2713
f 7284/8660/2714 7295/8671/2702 7296/8672/2703 7285/8661/2715
f 7030/8406/2716 7017/8393/2704 7294/8670/2705 7283/8659/2717
f 7281/8657/2718 7292/8668/2706 7293/8669/2707 7282/8658/2719
f 7279/8655/2720 7290/8666/2708 7291/8667/2709 7280/8656/2721
f 7277/8653/2722 7288/8664/2710 7289/8665/2711 7278/8654/2723
f 7275/8651/2724 7286/8662/2712 7287/8663/2713 7276/8652/2725
f 7273/8649/2726 7284/8660/2714 7285/8661/2715 7274/8650/2727
f 7029/8405/2728 7030/8406/2716 7283/8659/2717 7272/8648/2729
f 7270/8646/2730 7281/8657/2718 7282/8658/2719 7271/8647/2731
f 7268/8644/2732 7279/8655/2720 7280/8656/2721 7269/8645/2733
f 7266/8642/2734 7277/8653/2722 7278/8654/2723 7267/8643/2734
f 7264/8640/2735 7275/8651/2724 7276/8652/2725 7265/8641/2735
f 7262/8638/2736 7273/8649/2726 7274/8650/2727 7263/8639/2737
f 7028/8404/2738 7029/8405/2728 7272/8648/2729 7261/8637/2739
f 7259/8635/2740 7270/8646/2730 7271/8647/2731 7260/8636/2741
f 7257/8633/2742 7268/8644/2732 7269/8645/2733 7258/8634/2743
f 7255/8631/2744 7266/8642/2734 7267/8643/2734 7256/8632/2745
f 7253/8629/2746 7264/8640/2735 7265/8641/2735 7254/8630/2747
f 7251/8627/2748 7262/8638/2736 7263/8639/2737 7252/8628/2746
f 7027/8403/2749 7028/8404/2738 7261/8637/2739 7250/8626/2750
f 7248/8624/2751 7259/8635/2740 7260/8636/2741 7249/8625/2751
f 7246/8622/2751 7257/8633/2742 7258/8634/2743 7247/8623/2751
f 7244/8620/2751 7255/8631/2744 7256/8632/2745 7245/8621/2751
f 7242/8618/2751 7253/8629/2746 7254/8630/2747 7243/8619/2751
f 7240/8616/2752 7251/8627/2748 7252/8628/2746 7241/8617/2751
f 7026/8402/2752 7027/8403/2749 7250/8626/2750 7239/8615/2752
f 7237/8613/2753 7248/8624/2751 7249/8625/2751 7238/8614/2754
f 7235/8611/2755 7246/8622/2751 7247/8623/2751 7236/8612/2756
f 7233/8609/2757 7244/8620/2751 7245/8621/2751 7234/8610/2758
f 7231/8607/2759 7242/8618/2751 7243/8619/2751 7232/8608/2760
f 7229/8605/2761 7240/8616/2752 7241/8617/2751 7230/8606/2759
f 7025/8401/2762 7026/8402/2752 7239/8615/2752 7228/8604/2763
f 7226/8602/2764 7237/8613/2753 7238/8614/2754 7227/8603/2765
f 7224/8600/2766 7235/8611/2755 7236/8612/2756 7225/8601/2767
f 7222/8598/2768 7233/8609/2757 7234/8610/2758 7223/8599/2769
f 7220/8596/2770 7231/8607/2759 7232/8608/2760 7221/8597/2771
f 7218/8594/2772 7229/8605/2761 7230/8606/2759 7219/8595/2773
f 7024/8400/2774 7025/8401/2762 7228/8604/2763 7217/8593/2775
f 7215/8591/2776 7226/8602/2764 7227/8603/2765 7216/8592/2777
f 7213/8589/2778 7224/8600/2766 7225/8601/2767 7214/8590/2779
f 7211/8587/2780 7222/8598/2768 7223/8599/2769 7212/8588/2781
f 7209/8585/2782 7220/8596/2770 7221/8597/2771 7210/8586/2783
f 7207/8583/2784 7218/8594/2772 7219/8595/2773 7208/8584/2785
f 7023/8399/2786 7024/8400/2774 7217/8593/2775 7206/8582/2787
f 7204/8580/2788 7215/8591/2776 7216/8592/2777 7205/8581/2789
f 7202/8578/2790 7213/8589/2778 7214/8590/2779 7203/8579/2791
f 7200/8576/2792 7211/8587/2780 7212/8588/2781 7201/8577/2793
f 7198/8574/2794 7209/8585/2782 7210/8586/2783 7199/8575/2795
f 7196/8572/2796 7207/8583/2784 7208/8584/2785 7197/8573/2797
f 7022/8398/2798 7023/8399/2786 7206/8582/2787 7195/8571/2799
f 7191/8567/2800 7204/8580/2788 7205/8581/2789 7194/8570/2801
f 7187/8563/2802 7202/8578/2790 7203/8579/2791 7190/8566/2803
f 7183/8559/2804 7200/8576/2792 7201/8577/2793 7186/8562/2805
f 7179/8555/2806 7198/8574/2794 7199/8575/2795 7182/8558/2807
f 7175/8551/2808 7196/8572/2796 7197/8573/2797 7178/8554/2809
f 7021/8397/2810 7022/8398/2798 7195/8571/2799 7174/8550/2811
f 7192/8568/2693 7191/8567/2800 7194/8570/2801 7193/8569/2693
f 7188/8564/2696 7187/8563/2802 7190/8566/2803 7189/8565/2696
f 7184/8560/2696 7183/8559/2804 7186/8562/2805 7185/8561/2696
f 7180/8556/2693 7179/8555/2806 7182/8558/2807 7181/8557/2693
f 7176/8552/2693 7175/8551/2808 7178/8554/2809 7177/8553/2693
f 7016/8392/2696 7021/8397/2810 7174/8550/2811 7173/8549/2696
f 7059/8435/2812 7171/8547/2813 7172/8548/2814 7062/8438/2815
f 7055/8431/2816 7169/8545/2817 7170/8546/2818 7058/8434/2819
f 7051/8427/2820 7167/8543/2821 7168/8544/2817 7054/8430/2822
f 7047/8423/2823 7165/8541/2824 7166/8542/2825 7050/8426/2826
f 7043/8419/2827 7163/8539/2828 7164/8540/2824 7046/8422/2829
f 7014/8390/2830 7015/8391/2831 7162/8538/2832 7042/8418/2833
f 7171/8547/2813 7160/8536/2834 7161/8537/2835 7172/8548/2814
f 7169/8545/2817 7158/8534/2836 7159/8535/2837 7170/8546/2818
f 7167/8543/2821 7156/8532/2838 7157/8533/2839 7168/8544/2817
f 7165/8541/2824 7154/8530/2840 7155/8531/2841 7166/8542/2825
f 7163/8539/2828 7152/8528/2842 7153/8529/2843 7164/8540/2824
f 7015/8391/2831 7018/8394/2844 7151/8527/2845 7162/8538/2832
f 7160/8536/2834 7149/8525/2846 7150/8526/2847 7161/8537/2835
f 7158/8534/2836 7147/8523/2848 7148/8524/2849 7159/8535/2837
f 7156/8532/2838 7145/8521/2850 7146/8522/2851 7157/8533/2839
f 7154/8530/2840 7143/8519/2852 7144/8520/2853 7155/8531/2841
f 7152/8528/2842 7141/8517/2854 7142/8518/2855 7153/8529/2843
f 7018/8394/2844 7006/8382/2856 7140/8516/2857 7151/8527/2845
f 7149/8525/2846 7138/8514/2858 7139/8515/2859 7150/8526/2847
f 7147/8523/2848 7136/8512/2860 7137/8513/2861 7148/8524/2849
f 7145/8521/2850 7134/8510/2862 7135/8511/2863 7146/8522/2851
f 7143/8519/2852 7132/8508/2864 7133/8509/2865 7144/8520/2853
f 7141/8517/2854 7130/8506/2866 7131/8507/2867 7142/8518/2855
f 7006/8382/2856 7005/8381/2868 7129/8505/2869 7140/8516/2857
f 7138/8514/2858 7127/8503/2870 7128/8504/2871 7139/8515/2859
f 7136/8512/2860 7125/8501/2872 7126/8502/2873 7137/8513/2861
f 7134/8510/2862 7123/8499/2874 7124/8500/2875 7135/8511/2863
f 7132/8508/2864 7121/8497/2876 7122/8498/2877 7133/8509/2865
f 7130/8506/2866 7119/8495/2878 7120/8496/2879 7131/8507/2867
f 7005/8381/2868 7007/8383/2880 7118/8494/2881 7129/8505/2869
f 7127/8503/2870 7116/8492/2882 7117/8493/2883 7128/8504/2871
f 7125/8501/2872 7114/8490/2884 7115/8491/2885 7126/8502/2873
f 7123/8499/2874 7112/8488/2886 7113/8489/2887 7124/8500/2875
f 7121/8497/2876 7110/8486/2888 7111/8487/2889 7122/8498/2877
f 7119/8495/2878 7108/8484/2890 7109/8485/2891 7120/8496/2879
f 7007/8383/2880 7008/8384/2892 7107/8483/2893 7118/8494/2881
f 7116/8492/2882 7105/8481/2894 7106/8482/2895 7117/8493/2883
f 7114/8490/2884 7103/8479/2896 7104/8480/2894 7115/8491/2885
f 7112/8488/2886 7101/8477/2897 7102/8478/2898 7113/8489/2887
f 7110/8486/2888 7099/8475/2899 7100/8476/2900 7111/8487/2889
f 7108/8484/2890 7097/8473/2901 7098/8474/2899 7109/8485/2891
f 7008/8384/2892 7009/8385/2902 7096/8472/2903 7107/8483/2893
f 7105/8481/2894 7094/8470/2904 7095/8471/2905 7106/8482/2895
f 7103/8479/2896 7092/8468/2906 7093/8469/2907 7104/8480/2894
f 7101/8477/2897 7090/8466/2908 7091/8467/2909 7102/8478/2898
f 7099/8475/2899 7088/8464/2910 7089/8465/2911 7100/8476/2900
f 7097/8473/2901 7086/8462/2912 7087/8463/2913 7098/8474/2899
f 7009/8385/2902 7010/8386/2914 7085/8461/2915 7096/8472/2903
f 7094/8470/2904 7083/8459/2916 7084/8460/2917 7095/8471/2905
f 7092/8468/2906 7081/8457/2918 7082/8458/2919 7093/8469/2907
f 7090/8466/2908 7079/8455/2920 7080/8456/2921 7091/8467/2909
f 7088/8464/2910 7077/8453/2922 7078/8454/2923 7089/8465/2911
f 7086/8462/2912 7075/8451/2924 7076/8452/2925 7087/8463/2913
f 7010/8386/2914 7011/8387/2926 7074/8450/2927 7085/8461/2915
f 7083/8459/2916 7072/8448/2928 7073/8449/2929 7084/8460/2917
f 7081/8457/2918 7070/8446/2930 7071/8447/2931 7082/8458/2919
f 7079/8455/2920 7068/8444/2932 7069/8445/2933 7080/8456/2921
f 7077/8453/2922 7066/8442/2934 7067/8443/2935 7078/8454/2923
f 7075/8451/2924 7064/8440/2936 7065/8441/2937 7076/8452/2925
f 7011/8387/2926 7012/8388/2938 7063/8439/2939 7074/8450/2927
f 7072/8448/2928 7060/8436/2940 7061/8437/2941 7073/8449/2929
f 7070/8446/2930 7056/8432/2942 7057/8433/2943 7071/8447/2931
f 7068/8444/2932 7052/8428/2944 7053/8429/2945 7069/8445/2933
f 7066/8442/2934 7048/8424/2946 7049/8425/2947 7067/8443/2935
f 7064/8440/2936 7044/8420/2948 7045/8421/2949 7065/8441/2937
f 7012/8388/2938 7013/8389/2950 7041/8417/2951 7063/8439/2939
f 7060/8436/2940 7059/8435/2812 7062/8438/2815 7061/8437/2941
f 7056/8432/2942 7055/8431/2816 7058/8434/2819 7057/8433/2943
f 7052/8428/2944 7051/8427/2820 7054/8430/2822 7053/8429/2945
f 7048/8424/2946 7047/8423/2823 7050/8426/2826 7049/8425/2947
f 7044/8420/2948 7043/8419/2827 7046/8422/2829 7045/8421/2949
f 7013/8389/2950 7014/8390/2830 7042/8418/2833 7041/8417/2951
f 6491/7867/2148 7018/8394/2400 7015/8391/2397 6472/7848/2129
f 7305/8681/2952 7306/8682/2953 7307/8683/2954 7308/8684/2955
f 7309/8685/2956 7310/8686/2957 7306/8682/2953 7305/8681/2952
f 7311/8687/2958 7312/8688/2959 7310/8686/2957 7309/8685/2956
f 7313/8689/2960 7314/8690/2961 7312/8688/2959 7311/8687/2958
f 7315/8691/2962 7316/8692/2963 7314/8690/2961 7313/8689/2960
f 7317/8693/2964 7318/8694/2965 7316/8692/2963 7315/8691/2962
f 7319/8695/2966 7320/8696/2967 7318/8694/2965 7317/8693/2964
f 7321/8697/2968 7322/8698/2969 7320/8696/2967 7319/8695/2966
f 7323/8699/2970 7324/8700/2971 7322/8698/2969 7321/8697/2968
f 7325/8701/2972 7326/8702/2973 7324/8700/2971 7323/8699/2970
f 7327/8703/2974 7328/8704/2975 7326/8702/2973 7325/8701/2972
f 7308/8684/2955 7307/8683/2954 7328/8704/2975 7327/8703/2974
f 7306/8682/2953 7329/8705/2976 7330/8706/2977 7307/8683/2954
f 7310/8686/2957 7331/8707/2978 7329/8705/2976 7306/8682/2953
f 7312/8688/2959 7332/8708/2979 7331/8707/2978 7310/8686/2957
f 7314/8690/2961 7333/8709/2980 7332/8708/2979 7312/8688/2959
f 7316/8692/2963 7334/8710/2981 7333/8709/2980 7314/8690/2961
f 7318/8694/2965 7335/8711/2982 7334/8710/2981 7316/8692/2963
f 7320/8696/2967 7336/8712/2983 7335/8711/2982 7318/8694/2965
f 7322/8698/2969 7337/8713/2984 7336/8712/2983 7320/8696/2967
f 7324/8700/2971 7338/8714/2985 7337/8713/2984 7322/8698/2969
f 7326/8702/2973 7339/8715/2986 7338/8714/2985 7324/8700/2971
f 7328/8704/2975 7340/8716/2987 7339/8715/2986 7326/8702/2973
f 7307/8683/2954 7330/8706/2977 7340/8716/2987 7328/8704/2975
f 7341/8717/2988 7342/8718/2989 7343/8719/2989 7344/8720/2988
f 7345/8721/2990 7346/8722/2991 7347/8723/2991 7348/8724/2990
f 7349/8725/2992 7350/8726/2993 7351/8727/2993 7352/8728/2992
f 7353/8729/2994 7354/8730/2995 7355/8731/2995 7356/8732/2994
f 7350/8726/2993 7357/8733/2996 7358/8734/2996 7351/8727/2993
f 7359/8735/2997 7341/8736/2988 7344/8737/2988 7360/8738/2997
f 7354/8739/2995 7361/8740/2998 7362/8741/2998 7355/8742/2995
f 7363/8743/2999 7347/8723/2991 7346/8722/2991 7364/8744/3000
f 7342/8718/2989 7349/8725/2992 7352/8728/2992 7343/8719/2989
f 7358/8734/178 7364/8744/178 7346/8722/178 7345/8721/178 7356/8745/178 7355/8746/178 7362/8741/178 7360/8747/178 7344/8748/178 7343/8749/178 7352/8728/178 7351/8727/178
f 7348/8724/2990 7353/8729/2994 7356/8732/2994 7345/8750/2990
f 7357/8733/2996 7363/8743/2999 7364/8744/3000 7358/8734/2996
f 7360/8747/2997 7362/8741/2998 7361/8740/2998 7359/8735/2997
f 7353/8729/180 7348/8724/180 7347/8723/180 7363/8743/180 7357/8733/180 7350/8726/180 7349/8725/180 7342/8718/180 7341/8736/180 7359/8735/180 7361/8740/180 7354/8730/180
f 7365/8751/3001 7366/8752/3001 7367/8753/3001 7368/8754/3001
f 7368/8754/22 7367/8753/22 7369/8755/22 7370/8756/22
f 7370/8756/3002 7369/8755/3002 7371/8757/3002 7372/8758/3002
f 7372/8758/3003 7371/8757/3003 7373/8759/3003 7374/8760/3003
f 7374/8760/13 7373/8759/13 7375/8761/13 7376/8762/13
f 7376/8762/3004 7375/8761/3004 7366/8763/3004 7365/8764/3004
f 7365/8765/178 7368/8766/178 7370/8767/178 7372/8768/178 7374/8769/178 7376/8770/178
f 7377/8771/3001 7378/8772/3001 7379/8773/3001 7380/8774/3001
f 7380/8774/22 7379/8773/22 7381/8775/22 7382/8776/22
f 7382/8776/3002 7381/8775/3002 7383/8777/3002 7384/8778/3002
f 7384/8778/3003 7383/8777/3003 7385/8779/3003 7386/8780/3003
f 7386/8780/13 7385/8779/13 7387/8781/13 7388/8782/13
f 7388/8782/3004 7387/8781/3004 7378/8783/3004 7377/8784/3004
f 7377/8785/178 7380/8786/178 7382/8787/178 7384/8788/178 7386/8789/178 7388/8790/178
f 7389/8791/3001 7390/8792/3001 7391/8793/3001 7392/8794/3001
f 7392/8794/22 7391/8793/22 7393/8795/22 7394/8796/22
f 7394/8796/3002 7393/8795/3002 7395/8797/3002 7396/8798/3002
f 7396/8798/3003 7395/8797/3003 7397/8799/3003 7398/8800/3003
f 7398/8800/13 7397/8799/13 7399/8801/13 7400/8802/13
f 7400/8802/3004 7399/8801/3004 7390/8803/3004 7389/8804/3004
f 7389/8805/178 7392/8806/178 7394/8807/178 7396/8808/178 7398/8809/178 7400/8810/178
f 7401/8811/3004 7402/8812/3004 7403/8813/3004 7404/8814/3004
f 7404/8814/13 7403/8813/13 7405/8815/13 7406/8816/13
f 7406/8816/3003 7405/8815/3003 7407/8817/3003 7408/8818/3003
f 7408/8818/3002 7407/8817/3002 7409/8819/3002 7410/8820/3002
f 7410/8820/22 7409/8819/22 7411/8821/22 7412/8822/22
f 7412/8822/3001 7411/8821/3001 7402/8823/3001 7401/8824/3001
f 7401/8825/180 7404/8826/180 7406/8827/180 7408/8828/180 7410/8829/180 7412/8830/180
f 7413/8831/3004 7414/8832/3004 7415/8833/3004 7416/8834/3004
f 7416/8834/13 7415/8833/13 7417/8835/13 7418/8836/13
f 7418/8836/3003 7417/8835/3003 7419/8837/3003 7420/8838/3003
f 7420/8838/3002 7419/8837/3002 7421/8839/3002 7422/8840/3002
f 7422/8840/22 7421/8839/22 7423/8841/22 7424/8842/22
f 7424/8842/3001 7423/8841/3001 7414/8843/3001 7413/8844/3001
f 7413/8845/180 7416/8846/180 7418/8847/180 7420/8848/180 7422/8849/180 7424/8850/180
f 7425/8851/3004 7426/8852/3004 7427/8853/3004 7428/8854/3004
f 7428/8854/13 7427/8853/13 7429/8855/13 7430/8856/13
f 7430/8856/3003 7429/8855/3003 7431/8857/3003 7432/8858/3003
f 7432/8858/3002 7431/8857/3002 7433/8859/3002 7434/8860/3002
f 7434/8860/22 7433/8859/22 7435/8861/22 7436/8862/22
f 7436/8862/3001 7435/8861/3001 7426/8863/3001 7425/8864/3001
f 7425/8865/180 7428/8866/180 7430/8867/180 7432/8868/180 7434/8869/180 7436/8870/180
f 7437/8871/87 7438/8872/87 7439/8873/87 7440/8874/87 7441/8875/87 7442/8876/87 7443/8877/87 7444/8878/87 7445/8879/87 7446/8880/87 7447/8881/87 7448/8882/87
f 7449/8883/3005 7450/8884/3006 7447/8881/3006 7446/8880/3005
f 7441/8875/3007 7440/8874/3008 7451/8885/3008 7452/8886/3007
f 7438/8872/3009 7437/8871/3010 7453/8887/3010 7454/8888/3009
f 7452/8886/91 7451/8885/91 7455/8889/91 7454/8890/91 7453/8891/91 7456/8892/91 7450/8884/91 7449/8883/91 7457/8893/91 7458/8894/91 7459/8895/91 7460/8896/91
f 7444/8878/3011 7443/8877/3012 7459/8895/3012 7458/8897/3011
f 7440/8874/3008 7439/8873/3013 7455/8889/3013 7451/8885/3008
f 7448/8898/3014 7447/8881/3006 7450/8884/3006 7456/8899/3015
f 7446/8880/3005 7445/8879/3016 7457/8900/3016 7449/8901/3005
f 7442/8876/3017 7441/8875/3007 7452/8886/3007 7460/8896/3017
f 7437/8871/3010 7448/8882/3014 7456/8902/3015 7453/8887/3010
f 7443/8877/3012 7442/8876/3017 7460/8896/3017 7459/8895/3012
f 7454/8890/3009 7455/8889/3013 7439/8873/3013 7438/8872/3009
f 7445/8903/3016 7444/8878/3011 7458/8897/3011 7457/8904/3016
f 7461/8905/87 7462/8906/87 7463/8907/87 7464/8908/87 7465/8909/87 7466/8910/87
f 7466/8911/403 7467/8912/403 7468/8913/403 7461/8914/403
f 7465/8915/22 7469/8916/22 7467/8912/22 7466/8911/22
f 7464/8917/401 7470/8918/401 7469/8916/401 7465/8915/401
f 7463/8919/3018 7471/8920/3018 7470/8918/3018 7464/8917/3018
f 7462/8921/13 7472/8922/13 7471/8920/13 7463/8919/13
f 7461/8923/405 7468/8924/405 7472/8922/405 7462/8921/405
f 7473/8925/87 7474/8926/87 7475/8927/87 7476/8928/87 7477/8929/87 7478/8930/87
f 7478/8931/403 7479/8932/403 7480/8933/403 7473/8934/403
f 7477/8935/22 7481/8936/22 7479/8932/22 7478/8931/22
f 7476/8937/401 7482/8938/401 7481/8936/401 7477/8935/401
f 7475/8939/407 7483/8940/407 7482/8938/407 7476/8937/407
f 7474/8941/13 7484/8942/13 7483/8940/13 7475/8939/13
f 7473/8943/405 7480/8944/405 7484/8942/405 7474/8941/405
f 7485/8945/87 7486/8946/87 7487/8947/87 7488/8948/87 7489/8949/87 7490/8950/87
f 7490/8951/403 7491/8952/403 7492/8953/403 7485/8954/403
f 7489/8955/22 7493/8956/22 7491/8952/22 7490/8951/22
f 7488/8957/401 7494/8958/401 7493/8956/401 7489/8955/401
f 7487/8959/407 7495/8960/407 7494/8958/407 7488/8957/407
f 7486/8961/13 7496/8962/13 7495/8960/13 7487/8959/13
f 7485/8963/405 7492/8964/405 7496/8962/405 7486/8961/405
f 7497/8965/91 7498/8966/91 7499/8967/91 7500/8968/91 7501/8969/91 7502/8970/91
f 7502/8971/405 7503/8972/405 7504/8973/405 7497/8974/405
f 7501/8975/13 7505/8976/13 7503/8972/13 7502/8971/13
f 7500/8977/3018 7506/8978/3018 7505/8976/3018 7501/8975/3018
f 7499/8979/401 7507/8980/401 7506/8978/401 7500/8977/401
f 7498/8981/22 7508/8982/22 7507/8980/22 7499/8979/22
f 7497/8983/403 7504/8984/403 7508/8982/403 7498/8981/403
f 7509/8985/91 7510/8986/91 7511/8987/91 7512/8988/91 7513/8989/91 7514/8990/91
f 7514/8991/405 7515/8992/405 7516/8993/405 7509/8994/405
f 7513/8995/13 7517/8996/13 7515/8992/13 7514/8991/13
f 7512/8997/407 7518/8998/407 7517/8996/407 7513/8995/407
f 7511/8999/401 7519/9000/401 7518/8998/401 7512/8997/401
f 7510/9001/22 7520/9002/22 7519/9000/22 7511/8999/22
f 7509/9003/403 7516/9004/403 7520/9002/403 7510/9001/403
f 7521/9005/91 7522/9006/91 7523/9007/91 7524/9008/91 7525/9009/91 7526/9010/91
f 7526/9011/405 7527/9012/405 7528/9013/405 7521/9014/405
f 7525/9015/13 7529/9016/13 7527/9012/13 7526/9011/13
f 7524/9017/407 7530/9018/407 7529/9016/407 7525/9015/407
f 7523/9019/401 7531/9020/401 7530/9018/401 7524/9017/401
f 7522/9021/22 7532/9022/22 7531/9020/22 7523/9019/22
f 7521/9023/403 7528/9024/403 7532/9022/403 7522/9021/403
f 7533/9025/2988 7534/9026/2989 7535/9027/2989 7536/9028/2988
f 7537/9029/2990 7538/9030/2991 7539/9031/2991 7540/9032/2990
f 7541/9033/2992 7542/9034/3019 7543/9035/3019 7544/9036/2992
f 7545/9037/3020 7546/9038/3021 7547/9039/3021 7548/9040/3020
f 7542/9034/3019 7549/9041/2996 7550/9042/2996 7543/9035/3019
f 7551/9043/2997 7533/9044/2988 7536/9045/2988 7552/9046/2997
f 7546/9047/3021 7553/9048/2998 7554/9049/2998 7547/9050/3021
f 7555/9051/3000 7539/9031/2991 7538/9030/2991 7556/9052/3000
f 7534/9026/2989 7541/9033/2992 7544/9036/2992 7535/9027/2989
f 7550/9042/178 7556/9052/178 7538/9030/178 7537/9029/178 7548/9053/178 7547/9054/178 7554/9049/178 7552/9055/178 7536/9056/178 7535/9057/178 7544/9036/178 7543/9035/178
f 7540/9032/2990 7545/9037/3020 7548/9040/3020 7537/9058/2990
f 7549/9041/2996 7555/9051/3000 7556/9052/3000 7550/9042/2996
f 7552/9055/2997 7554/9049/2998 7553/9048/2998 7551/9043/2997
f 7545/9037/180 7540/9032/180 7539/9031/180 7555/9051/180 7549/9041/180 7542/9034/180 7541/9033/180 7534/9026/180 7533/9044/180 7551/9043/180 7553/9048/180 7546/9038/180
f 7557/9059/3001 7558/9060/3001 7559/9061/3001 7560/9062/3001
f 7560/9062/22 7559/9061/22 7561/9063/22 7562/9064/22
f 7562/9064/3002 7561/9063/3002 7563/9065/3002 7564/9066/3002
f 7564/9066/3003 7563/9065/3003 7565/9067/3003 7566/9068/3003
f 7566/9068/13 7565/9067/13 7567/9069/13 7568/9070/13
f 7568/9070/3004 7567/9069/3004 7558/9071/3004 7557/9072/3004
f 7557/9073/178 7560/9074/178 7562/9075/178 7564/9076/178 7566/9077/178 7568/9078/178
f 7569/9079/3001 7570/9080/3001 7571/9081/3001 7572/9082/3001
f 7572/9082/22 7571/9081/22 7573/9083/22 7574/9084/22
f 7574/9084/3002 7573/9083/3002 7575/9085/3002 7576/9086/3002
f 7576/9086/3003 7575/9085/3003 7577/9087/3003 7578/9088/3003
f 7578/9088/13 7577/9087/13 7579/9089/13 7580/9090/13
f 7580/9090/3022 7579/9089/3022 7570/9091/3022 7569/9092/3022
f 7569/9093/178 7572/9094/178 7574/9095/178 7576/9096/178 7578/9097/178 7580/9098/178
f 7581/9099/3001 7582/9100/3001 7583/9101/3001 7584/9102/3001
f 7584/9102/22 7583/9101/22 7585/9103/22 7586/9104/22
f 7586/9104/3002 7585/9103/3002 7587/9105/3002 7588/9106/3002
f 7588/9106/3003 7587/9105/3003 7589/9107/3003 7590/9108/3003
f 7590/9108/13 7589/9107/13 7591/9109/13 7592/9110/13
f 7592/9110/3004 7591/9109/3004 7582/9111/3004 7581/9112/3004
f 7581/9113/178 7584/9114/178 7586/9115/178 7588/9116/178 7590/9117/178 7592/9118/178
f 7593/9119/3004 7594/9120/3004 7595/9121/3004 7596/9122/3004
f 7596/9122/13 7595/9121/13 7597/9123/13 7598/9124/13
f 7598/9124/3003 7597/9123/3003 7599/9125/3003 7600/9126/3003
f 7600/9126/3002 7599/9125/3002 7601/9127/3002 7602/9128/3002
f 7602/9128/22 7601/9127/22 7603/9129/22 7604/9130/22
f 7604/9130/3001 7603/9129/3001 7594/9131/3001 7593/9132/3001
f 7593/9133/180 7596/9134/180 7598/9135/180 7600/9136/180 7602/9137/180 7604/9138/180
f 7605/9139/3004 7606/9140/3004 7607/9141/3004 7608/9142/3004
f 7608/9142/13 7607/9141/13 7609/9143/13 7610/9144/13
f 7610/9144/3003 7609/9143/3003 7611/9145/3003 7612/9146/3003
f 7612/9146/3002 7611/9145/3002 7613/9147/3002 7614/9148/3002
f 7614/9148/22 7613/9147/22 7615/9149/22 7616/9150/22
f 7616/9150/3001 7615/9149/3001 7606/9151/3001 7605/9152/3001
f 7605/9153/180 7608/9154/180 7610/9155/180 7612/9156/180 7614/9157/180 7616/9158/180
f 7617/9159/3004 7618/9160/3004 7619/9161/3004 7620/9162/3004
f 7620/9162/13 7619/9161/13 7621/9163/13 7622/9164/13
f 7622/9164/3003 7621/9163/3003 7623/9165/3003 7624/9166/3003
f 7624/9166/3002 7623/9165/3002 7625/9167/3002 7626/9168/3002
f 7626/9168/22 7625/9167/22 7627/9169/22 7628/9170/22
f 7628/9170/3001 7627/9169/3001 7618/9171/3001 7617/9172/3001
f 7617/9173/180 7620/9174/180 7622/9175/180 7624/9176/180 7626/9177/180 7628/9178/180
f 7629/9179/87 7630/9180/87 7631/9181/87 7632/9182/87 7633/9183/87 7634/9184/87 7635/9185/87 7636/9186/87 7637/9187/87 7638/9188/87 7639/9189/87 7640/9190/87
f 7641/9191/3005 7642/9192/3006 7639/9189/3006 7638/9188/3005
f 7633/9183/3007 7632/9182/3008 7643/9193/3008 7644/9194/3007
f 7630/9180/3009 7629/9179/3010 7645/9195/3010 7646/9196/3009
f 7644/9194/91 7643/9193/91 7647/9197/91 7646/9198/91 7645/9199/91 7648/9200/91 7642/9192/91 7641/9191/91 7649/9201/91 7650/9202/91 7651/9203/91 7652/9204/91
f 7636/9186/3023 7635/9185/3012 7651/9203/3012 7650/9205/3023
f 7632/9182/3008 7631/9181/3013 7647/9197/3013 7643/9193/3008
f 7640/9206/3024 7639/9189/3006 7642/9192/3006 7648/9207/3024
f 7638/9188/3005 7637/9187/3025 7649/9208/3025 7641/9209/3005
f 7634/9184/3017 7633/9183/3007 7644/9194/3007 7652/9204/3017
f 7629/9179/3010 7640/9190/3024 7648/9210/3024 7645/9195/3010
f 7635/9185/3012 7634/9184/3017 7652/9204/3017 7651/9203/3012
f 7646/9198/3009 7647/9197/3013 7631/9181/3013 7630/9180/3009
f 7637/9211/3025 7636/9186/3023 7650/9205/3023 7649/9212/3025
f 7653/9213/87 7654/9214/87 7655/9215/87 7656/9216/87 7657/9217/87 7658/9218/87
f 7658/9219/403 7659/9220/403 7660/9221/403 7653/9222/403
f 7657/9223/22 7661/9224/22 7659/9220/22 7658/9219/22
f 7656/9225/401 7662/9226/401 7661/9224/401 7657/9223/401
f 7655/9227/407 7663/9228/407 7662/9226/407 7656/9225/407
f 7654/9229/13 7664/9230/13 7663/9228/13 7655/9227/13
f 7653/9231/405 7660/9232/405 7664/9230/405 7654/9229/405
f 7665/9233/87 7666/9234/87 7667/9235/87 7668/9236/87 7669/9237/87 7670/9238/87
f 7670/9239/403 7671/9240/403 7672/9241/403 7665/9242/403
f 7669/9243/22 7673/9244/22 7671/9240/22 7670/9239/22
f 7668/9245/401 7674/9246/401 7673/9244/401 7669/9243/401
f 7667/9247/407 7675/9248/407 7674/9246/407 7668/9245/407
f 7666/9249/13 7676/9250/13 7675/9248/13 7667/9247/13
f 7665/9251/405 7672/9252/405 7676/9250/405 7666/9249/405
f 7677/9253/87 7678/9254/87 7679/9255/87 7680/9256/87 7681/9257/87 7682/9258/87
f 7682/9259/403 7683/9260/403 7684/9261/403 7677/9262/403
f 7681/9263/22 7685/9264/22 7683/9260/22 7682/9259/22
f 7680/9265/401 7686/9266/401 7685/9264/401 7681/9263/401
f 7679/9267/407 7687/9268/407 7686/9266/407 7680/9265/407
f 7678/9269/13 7688/9270/13 7687/9268/13 7679/9267/13
f 7677/9271/405 7684/9272/405 7688/9270/405 7678/9269/405
f 7689/9273/91 7690/9274/91 7691/9275/91 7692/9276/91 7693/9277/91 7694/9278/91
f 7694/9279/405 7695/9280/405 7696/9281/405 7689/9282/405
f 7693/9283/13 7697/9284/13 7695/9280/13 7694/9279/13
f 7692/9285/407 7698/9286/407 7697/9284/407 7693/9283/407
f 7691/9287/401 7699/9288/401 7698/9286/401 7692/9285/401
f 7690/9289/22 7700/9290/22 7699/9288/22 7691/9287/22
f 7689/9291/403 7696/9292/403 7700/9290/403 7690/9289/403
f 7701/9293/91 7702/9294/91 7703/9295/91 7704/9296/91 7705/9297/91 7706/9298/91
f 7706/9299/405 7707/9300/405 7708/9301/405 7701/9302/405
f 7705/9303/13 7709/9304/13 7707/9300/13 7706/9299/13
f 7704/9305/407 7710/9306/407 7709/9304/407 7705/9303/407
f 7703/9307/401 7711/9308/401 7710/9306/401 7704/9305/401
f 7702/9309/22 7712/9310/22 7711/9308/22 7703/9307/22
f 7701/9311/403 7708/9312/403 7712/9310/403 7702/9309/403
f 7713/9313/91 7714/9314/91 7715/9315/91 7716/9316/91 7717/9317/91 7718/9318/91
f 7718/9319/405 7719/9320/405 7720/9321/405 7713/9322/405
f 7717/9323/13 7721/9324/13 7719/9320/13 7718/9319/13
f 7716/9325/407 7722/9326/407 7721/9324/407 7717/9323/407
f 7715/9327/401 7723/9328/401 7722/9326/401 7716/9325/401
f 7714/9329/22 7724/9330/22 7723/9328/22 7715/9327/22
f 7713/9331/403 7720/9332/403 7724/9330/403 7714/9329/403
f 7725/9333/3026 7726/9334/316 7727/9335/316 7728/9336/3026
f 7729/9337/317 7730/9338/318 7731/9339/318 7732/9340/317
f 7733/9341/319 7734/9342/320 7735/9343/320 7736/9344/319
f 7737/9345/3027 7738/9346/322 7739/9347/322 7740/9348/3027
f 7734/9342/320 7741/9349/323 7742/9350/323 7735/9343/320
f 7743/9351/3028 7725/9352/3026 7728/9353/3026 7744/9354/3028
f 7738/9355/322 7745/9356/325 7746/9357/325 7739/9358/322
f 7747/9359/3029 7731/9339/318 7730/9338/318 7748/9360/3029
f 7726/9334/316 7733/9341/319 7736/9344/319 7727/9335/316
f 7742/9350/13 7748/9360/13 7730/9338/13 7729/9337/13 7740/9361/13 7739/9362/13 7746/9357/13 7744/9363/13 7728/9364/13 7727/9365/13 7736/9344/13 7735/9343/13
f 7732/9340/317 7737/9345/3027 7740/9348/3027 7729/9366/317
f 7741/9349/323 7747/9359/3029 7748/9360/3029 7742/9350/323
f 7744/9363/3028 7746/9357/325 7745/9356/325 7743/9351/3028
f 7749/9367/95 7750/9368/95 7751/9369/95 7752/9370/95
f 7752/9370/88 7751/9369/88 7753/9371/88 7754/9372/88
f 7754/9372/96 7753/9371/96 7755/9373/96 7756/9374/96
f 7756/9374/93 7755/9373/93 7757/9375/93 7758/9376/93
f 7758/9376/50 7757/9375/50 7759/9377/50 7760/9378/50
f 7760/9378/94 7759/9377/94 7750/9379/94 7749/9380/94
f 7749/9381/13 7752/9382/13 7754/9383/13 7756/9384/13 7758/9385/13 7760/9386/13
f 7761/9387/95 7762/9388/95 7763/9389/95 7764/9390/95
f 7764/9390/88 7763/9389/88 7765/9391/88 7766/9392/88
f 7766/9392/96 7765/9391/96 7767/9393/96 7768/9394/96
f 7768/9394/93 7767/9393/93 7769/9395/93 7770/9396/93
f 7770/9396/50 7769/9395/50 7771/9397/50 7772/9398/50
f 7772/9398/94 7771/9397/94 7762/9399/94 7761/9400/94
f 7761/9401/13 7764/9402/13 7766/9403/13 7768/9404/13 7770/9405/13 7772/9406/13
f 7773/9407/95 7774/9408/95 7775/9409/95 7776/9410/95
f 7776/9410/88 7775/9409/88 7777/9411/88 7778/9412/88
f 7778/9412/96 7777/9411/96 7779/9413/96 7780/9414/96
f 7780/9414/93 7779/9413/93 7781/9415/93 7782/9416/93
f 7782/9416/50 7781/9415/50 7783/9417/50 7784/9418/50
f 7784/9418/94 7783/9417/94 7774/9419/94 7773/9420/94
f 7773/9421/13 7776/9422/13 7778/9423/13 7780/9424/13 7782/9425/13 7784/9426/13
f 7785/9427/3026 7786/9428/316 7787/9429/316 7788/9430/3026
f 7789/9431/317 7790/9432/318 7791/9433/318 7792/9434/317
f 7793/9435/319 7794/9436/320 7795/9437/320 7796/9438/319
f 7797/9439/3027 7798/9440/322 7799/9441/322 7800/9442/3027
f 7794/9436/320 7801/9443/323 7802/9444/323 7795/9437/320
f 7803/9445/3028 7785/9446/3026 7788/9447/3026 7804/9448/3028
f 7798/9449/322 7805/9450/325 7806/9451/325 7799/9452/322
f 7807/9453/326 7791/9433/318 7790/9432/318 7808/9454/326
f 7786/9428/316 7793/9435/319 7796/9438/319 7787/9429/316
f 7802/9444/13 7808/9454/13 7790/9432/13 7789/9431/13 7800/9455/13 7799/9456/13 7806/9451/13 7804/9457/13 7788/9458/13 7787/9459/13 7796/9438/13 7795/9437/13
f 7792/9434/317 7797/9439/3027 7800/9442/3027 7789/9460/317
f 7801/9443/323 7807/9453/326 7808/9454/326 7802/9444/323
f 7804/9457/3028 7806/9451/325 7805/9450/325 7803/9445/3028
f 7809/9461/95 7810/9462/95 7811/9463/95 7812/9464/95
f 7812/9464/88 7811/9463/88 7813/9465/88 7814/9466/88
f 7814/9466/96 7813/9465/96 7815/9467/96 7816/9468/96
f 7816/9468/93 7815/9467/93 7817/9469/93 7818/9470/93
f 7818/9470/50 7817/9469/50 7819/9471/50 7820/9472/50
f 7820/9472/94 7819/9471/94 7810/9473/94 7809/9474/94
f 7809/9475/13 7812/9476/13 7814/9477/13 7816/9478/13 7818/9479/13 7820/9480/13
f 7821/9481/95 7822/9482/95 7823/9483/95 7824/9484/95
f 7824/9484/88 7823/9483/88 7825/9485/88 7826/9486/88
f 7826/9486/96 7825/9485/96 7827/9487/96 7828/9488/96
f 7828/9488/93 7827/9487/93 7829/9489/93 7830/9490/93
f 7830/9490/50 7829/9489/50 7831/9491/50 7832/9492/50
f 7832/9492/94 7831/9491/94 7822/9493/94 7821/9494/94
f 7821/9495/13 7824/9496/13 7826/9497/13 7828/9498/13 7830/9499/13 7832/9500/13
f 7833/9501/95 7834/9502/95 7835/9503/95 7836/9504/95
f 7836/9504/88 7835/9503/88 7837/9505/88 7838/9506/88
f 7838/9506/96 7837/9505/96 7839/9507/96 7840/9508/96
f 7840/9508/93 7839/9507/93 7841/9509/93 7842/9510/93
f 7842/9510/50 7841/9509/50 7843/9511/50 7844/9512/50
f 7844/9512/94 7843/9511/94 7834/9513/94 7833/9514/94
f 7833/9515/13 7836/9516/13 7838/9517/13 7840/9518/13 7842/9519/13 7844/9520/13
f 7737/9345/22 7732/9340/22 7731/9339/22 7747/9359/22 7741/9349/22 7734/9342/22 7733/9341/22 7726/9334/22 7725/9352/22 7743/9351/22 7745/9356/22 7738/9346/22
f 7797/9439/22 7792/9434/22 7791/9433/22 7807/9453/22 7801/9443/22 7794/9436/22 7793/9435/22 7786/9428/22 7785/9446/22 7803/9445/22 7805/9450/22 7798/9440/22
f 7845/9521/94 7846/9522/94 7847/9523/94 7848/9524/94
f 7848/9524/50 7847/9523/50 7849/9525/50 7850/9526/50
f 7850/9526/93 7849/9525/93 7851/9527/93 7852/9528/93
f 7852/9528/96 7851/9527/96 7853/9529/96 7854/9530/96
f 7854/9530/3030 7853/9529/3030 7855/9531/3030 7856/9532/3030
f 7856/9532/95 7855/9531/95 7846/9533/95 7845/9534/95
f 7845/9535/22 7848/9536/22 7850/9537/22 7852/9538/22 7854/9539/22 7856/9540/22
f 7857/9541/94 7858/9542/94 7859/9543/94 7860/9544/94
f 7860/9544/50 7859/9543/50 7861/9545/50 7862/9546/50
f 7862/9546/93 7861/9545/93 7863/9547/93 7864/9548/93
f 7864/9548/96 7863/9547/96 7865/9549/96 7866/9550/96
f 7866/9550/88 7865/9549/88 7867/9551/88 7868/9552/88
f 7868/9552/95 7867/9551/95 7858/9553/95 7857/9554/95
f 7857/9555/22 7860/9556/22 7862/9557/22 7864/9558/22 7866/9559/22 7868/9560/22
f 7869/9561/94 7870/9562/94 7871/9563/94 7872/9564/94
f 7872/9564/50 7871/9563/50 7873/9565/50 7874/9566/50
f 7874/9566/93 7873/9565/93 7875/9567/93 7876/9568/93
f 7876/9568/96 7875/9567/96 7877/9569/96 7878/9570/96
f 7878/9570/88 7877/9569/88 7879/9571/88 7880/9572/88
f 7880/9572/95 7879/9571/95 7870/9573/95 7869/9574/95
f 7869/9575/22 7872/9576/22 7874/9577/22 7876/9578/22 7878/9579/22 7880/9580/22
f 7881/9581/94 7882/9582/94 7883/9583/94 7884/9584/94
f 7884/9584/50 7883/9583/50 7885/9585/50 7886/9586/50
f 7886/9586/93 7885/9585/93 7887/9587/93 7888/9588/93
f 7888/9588/96 7887/9587/96 7889/9589/96 7890/9590/96
f 7890/9590/88 7889/9589/88 7891/9591/88 7892/9592/88
f 7892/9592/95 7891/9591/95 7882/9593/95 7881/9594/95
f 7881/9595/22 7884/9596/22 7886/9597/22 7888/9598/22 7890/9599/22 7892/9600/22
f 7893/9601/94 7894/9602/94 7895/9603/94 7896/9604/94
f 7896/9604/50 7895/9603/50 7897/9605/50 7898/9606/50
f 7898/9606/93 7897/9605/93 7899/9607/93 7900/9608/93
f 7900/9608/96 7899/9607/96 7901/9609/96 7902/9610/96
f 7902/9610/88 7901/9609/88 7903/9611/88 7904/9612/88
f 7904/9612/95 7903/9611/95 7894/9613/95 7893/9614/95
f 7893/9615/22 7896/9616/22 7898/9617/22 7900/9618/22 7902/9619/22 7904/9620/22
f 7905/9621/94 7906/9622/94 7907/9623/94 7908/9624/94
f 7908/9624/50 7907/9623/50 7909/9625/50 7910/9626/50
f 7910/9626/93 7909/9625/93 7911/9627/93 7912/9628/93
f 7912/9628/96 7911/9627/96 7913/9629/96 7914/9630/96
f 7914/9630/88 7913/9629/88 7915/9631/88 7916/9632/88
f 7916/9632/95 7915/9631/95 7906/9633/95 7905/9634/95
f 7905/9635/22 7908/9636/22 7910/9637/22 7912/9638/22 7914/9639/22 7916/9640/22
f 7917/9641/3031 7918/9642/3032 7919/9643/3033 7920/9644/3034
f 7921/9645/3035 7922/9646/3036 7918/9642/3032 7917/9641/3031
f 7923/9647/3037 7924/9648/3037 7922/9646/3036 7921/9645/3035
f 7925/9649/3038 7926/9650/3039 7924/9648/3037 7923/9647/3037
f 7927/9651/3040 7928/9652/3041 7926/9650/3039 7925/9649/3038
f 7929/9653/3042 7930/9654/3043 7928/9652/3041 7927/9651/3040
f 7931/9655/3044 7932/9656/3045 7930/9654/3043 7929/9653/3042
f 7933/9657/3046 7934/9658/3046 7932/9656/3045 7931/9655/3044
f 7935/9659/3047 7936/9660/3047 7934/9658/3046 7933/9657/3046
f 7937/9661/3048 7938/9662/3048 7936/9660/3047 7935/9659/3047
f 7939/9663/3049 7940/9664/3050 7938/9662/3048 7937/9661/3048
f 7920/9644/3034 7919/9643/3033 7940/9664/3050 7939/9663/3049
f 7941/9665/3041 7942/9666/3040 7943/9667/3042 7944/9668/3043
f 7945/9669/3039 7946/9670/3038 7942/9666/3040 7941/9665/3041
f 7947/9671/3037 7948/9672/3037 7946/9670/3038 7945/9669/3039
f 7949/9673/3036 7950/9674/3035 7948/9672/3037 7947/9671/3037
f 7951/9675/3032 7952/9676/3031 7950/9674/3035 7949/9673/3036
f 7953/9677/3033 7954/9678/3034 7952/9676/3031 7951/9675/3032
f 7955/9679/3049 7956/9680/3051 7954/9678/3034 7953/9677/3033
f 7957/9681/3048 7958/9682/3048 7956/9680/3051 7955/9679/3049
f 7959/9683/3047 7960/9684/3047 7958/9682/3048 7957/9681/3048
f 7961/9685/3046 7962/9686/3046 7960/9684/3047 7959/9683/3047
f 7963/9687/3045 7964/9688/3044 7962/9686/3046 7961/9685/3046
f 7944/9668/3043 7943/9667/3042 7964/9688/3044 7963/9687/3045
f 7965/9689/22 7956/9680/22 7958/9682/22 7960/9684/22 7966/9690/22
f 7929/9653/22 7927/9651/22 7967/9691/22 7968/9692/22 7931/9655/22
f 7969/9693/22 7970/9694/22 7917/9641/22 7920/9644/22 7939/9663/22
f 7921/9645/22 7917/9641/22 7970/9694/22 7971/9695/22 7923/9647/22
f 7925/9649/22 7923/9647/22 7971/9695/22 7967/9691/22 7927/9651/22
f 7933/9657/22 7931/9655/22 7968/9692/22 7972/9696/22 7935/9659/22
f 7937/9661/22 7935/9659/22 7972/9696/22 7969/9693/22 7939/9663/22
f 7943/9667/22 7942/9666/22 7973/9697/22 7974/9698/22 7964/9688/22
f 7975/9699/22 7973/9697/22 7942/9666/22 7946/9670/22 7948/9672/22
f 7976/9700/22 7975/9699/22 7948/9672/22 7950/9674/22 7952/9676/22
f 7965/9689/22 7976/9700/22 7952/9676/22 7954/9678/22 7956/9680/22
f 7974/9698/22 7966/9690/22 7960/9684/22 7962/9686/22 7964/9688/22
f 7977/9701/22 7978/9702/22 7979/9703/22 7980/9704/22 7981/9705/22 7982/9706/22
f 7983/9707/22 7984/9708/22 7985/9709/22 7986/9710/22 7987/9711/22 7988/9712/22
f 7975/9699/10 7984/9708/10 7983/9707/180 7973/9697/180
f 7974/9698/302 7988/9712/302 7987/9711/1 7966/9690/1
f 7969/9693/178 7978/9702/178 7977/9701/301 7970/9694/301
f 7976/9700/301 7985/9709/301 7984/9708/10 7975/9699/10
f 7965/9689/178 7986/9710/178 7985/9709/301 7976/9700/301
f 7979/9703/1 7972/9696/1 7968/9692/302 7980/9704/302
f 7980/9704/302 7968/9692/302 7967/9691/180 7981/9705/180
f 7981/9705/180 7967/9691/180 7971/9695/10 7982/9706/10
f 7982/9706/10 7971/9695/10 7970/9694/301 7977/9701/301
f 7988/9712/302 7974/9698/302 7973/9697/180 7983/9707/180
f 7986/9710/178 7965/9689/178 7966/9690/1 7987/9711/1
f 7978/9702/178 7969/9693/178 7972/9696/1 7979/9703/1
f 7989/9713/3052 7990/9714/3053 7991/9715/3054 7992/9716/3055
f 7990/9714/3053 7993/9717/3056 7994/9718/3057 7991/9715/3054
f 7995/9719/3058 7996/9720/3059 7997/9721/3060 7998/9722/3061
f 7999/9723/3062 8000/9724/3063 8001/9725/3064 8002/9726/3065
f 8003/9727/3066 8004/9728/3067 8005/9729/3068 8006/9730/3069
f 8004/9728/3067 8007/9731/3070 8008/9732/3071 8005/9729/3068
f 8009/9733/3072 8010/9734/3073 8011/9735/3073 8012/9736/3072
f 8013/9737/3074 8014/9738/3074 8015/9739/3074 8016/9740/3074 8017/9741/3074 8018/9742/3074 8019/9743/3074 8020/9744/3074 8021/9745/3074 8022/9746/3074 8023/9747/3074 8024/9748/3074
f 8025/9749/3075 8009/9733/3072 8012/9736/3072 8026/9750/3075
f 8027/9751/3076 8028/9752/3077 8029/9753/3077 8030/9754/3078
f 8031/9755/3075 8025/9749/3075 8026/9750/3075 8032/9756/3075
f 8033/9757/3079 8034/9758/3080 8035/9759/3080 8036/9760/3079
f 8037/9761/3081 8038/9762/3082 8039/9763/3083 8040/9764/3084
f 8041/9765/3085 8042/9766/3086 8038/9762/3082 8037/9761/3081
f 8043/9767/3087 8044/9768/3088 8042/9766/3086 8041/9765/3085
f 8045/9769/3089 8046/9770/3090 8044/9768/3088 8043/9767/3087
f 8047/9771/3091 8048/9772/3092 8046/9770/3090 8045/9769/3089
f 8049/9773/3093 8050/9774/3094 8048/9772/3092 8047/9771/3091
f 8051/9775/3095 8052/9776/3096 8050/9774/3094 8049/9773/3093
f 8053/9777/3097 8054/9778/3098 8052/9776/3096 8051/9775/3095
f 8055/9779/3099 8056/9780/3100 8054/9778/3098 8053/9777/3097
f 8057/9781/3101 8058/9782/3102 8056/9780/3100 8055/9779/3099
f 8059/9783/3103 8060/9784/3104 8058/9782/3102 8057/9781/3101
f 8040/9764/3084 8039/9763/3083 8060/9784/3104 8059/9783/3103
f 8038/9762/3082 8061/9785/3105 8062/9786/3106 8039/9763/3083
f 8042/9766/3086 8063/9787/3107 8061/9785/3105 8038/9762/3082
f 8044/9768/3088 8064/9788/3108 8063/9787/3107 8042/9766/3086
f 8046/9770/3090 8065/9789/3109 8064/9788/3108 8044/9768/3088
f 8048/9772/3092 8066/9790/3110 8065/9789/3109 8046/9770/3090
f 8050/9774/3094 8067/9791/3111 8066/9790/3110 8048/9772/3092
f 8052/9776/3096 8068/9792/3112 8067/9791/3111 8050/9774/3094
f 8054/9778/3098 8069/9793/3113 8068/9792/3112 8052/9776/3096
f 8056/9780/3100 8070/9794/3114 8069/9793/3113 8054/9778/3098
f 8058/9782/3102 8071/9795/3115 8070/9794/3114 8056/9780/3100
f 8060/9784/3104 8072/9796/3116 8071/9795/3115 8058/9782/3102
f 8039/9763/3083 8062/9786/3106 8072/9796/3116 8060/9784/3104
f 8073/9797/3117 8074/9798/3118 8075/9799/3118 8076/9800/3117
f 8077/9801/3119 8078/9802/3120 8079/9803/3120 8080/9804/3119
f 8081/9805/3121 8082/9806/3121 8077/9801/3119 8080/9804/3119
f 8083/9807/3122 8073/9797/3117 8076/9800/3117 8084/9808/3122
f 8074/9798/3118 8085/9809/3123 8086/9810/3123 8075/9799/3118
f 8087/9811/3124 8088/9812/3125 8089/9813/3125 8090/9814/3124
f 8091/9815/3126 8072/9796/3116 8062/9786/3106 8092/9816/3127
f 8093/9817/3128 8061/9785/3105 8063/9787/3107 8094/9818/3129
f 8095/9819/3130 8064/9788/3108 8065/9789/3109 8096/9820/3131
f 8097/9821/3132 8068/9792/3112 8069/9793/3113 8098/9822/3133
f 8099/9823/3134 8070/9794/3114 8071/9795/3115 8100/9824/3135
f 8101/9825/3136 8087/9811/3124 8090/9814/3124 8102/9826/3136
f 8103/9827/3137 8082/9806/3121 8081/9805/3121 8104/9828/3137
f 8088/9812/3125 8105/9829/3138 8106/9830/3138 8089/9813/3125
f 8078/9802/3120 8101/9825/3136 8102/9826/3136 8079/9803/3120
f 8104/9828/3137 8086/9810/3123 8085/9809/3123 8103/9827/3137
f 8105/9829/3138 8083/9807/3122 8084/9808/3122 8106/9830/3138
f 8092/9816/3127 8062/9786/3106 8061/9785/3105 8093/9817/3128
f 8094/9818/3129 8063/9787/3107 8064/9788/3108 8095/9819/3130
f 8096/9820/3131 8065/9789/3109 8066/9790/3110 8107/9831/3139
f 8108/9832/3140 8067/9791/3111 8068/9792/3112 8097/9821/3132
f 8098/9822/3133 8069/9793/3113 8070/9794/3114 8099/9823/3134
f 8100/9824/3135 8071/9795/3115 8072/9796/3116 8091/9815/3126
f 8010/9734/3073 8109/9833/3073 8110/9834/3073 8011/9735/3073
f 8111/9835/3141 8112/9836/3142 8024/9748/3142 8023/9747/3143
f 8113/9837/3144 8114/9838/3145 8020/9744/3145 8019/9743/3144
f 8115/9839/3146 8116/9840/3146 8117/9841/3146 8118/9842/3146
f 8119/9843/3147 8003/9727/3066 8006/9730/3069 8120/9844/3148
f 8121/9845/3149 8122/9846/3150 8017/9741/3150 8016/9740/3151
f 7994/9718/3057 8123/9847/3152 8124/9848/3153 7991/9715/3054
f 8120/9844/3148 8125/9849/3154 8123/9847/3152 7994/9718/3057
f 8006/9730/3069 8126/9850/3155 8125/9849/3154 8120/9844/3148
f 8005/9729/3068 8127/9851/3156 8126/9850/3155 8006/9730/3069
f 8008/9732/3071 8128/9852/3157 8127/9851/3156 8005/9729/3068
f 8002/9726/3065 8129/9853/3158 8128/9852/3157 8008/9732/3071
f 8001/9725/3064 8130/9854/3159 8129/9853/3158 8002/9726/3065
f 7998/9722/3061 8131/9855/3160 8130/9854/3159 8001/9725/3064
f 7997/9721/3060 8132/9856/3161 8131/9855/3160 7998/9722/3061
f 8133/9857/3162 8134/9858/3163 8132/9856/3161 7997/9721/3060
f 7992/9716/3055 8135/9859/3164 8134/9858/3163 8133/9857/3162
f 7991/9715/3054 8124/9848/3153 8135/9859/3164 7992/9716/3055
f 8123/9847/3152 8107/9831/3139 8108/9832/3140 8124/9848/3153
f 8125/9849/3154 8096/9820/3131 8107/9831/3139 8123/9847/3152
f 8126/9850/3155 8095/9819/3130 8096/9820/3131 8125/9849/3154
f 8127/9851/3156 8094/9818/3129 8095/9819/3130 8126/9850/3155
f 8128/9852/3157 8093/9817/3128 8094/9818/3129 8127/9851/3156
f 8129/9853/3158 8092/9816/3127 8093/9817/3128 8128/9852/3157
f 8130/9854/3159 8091/9815/3126 8092/9816/3127 8129/9853/3158
f 8131/9855/3160 8100/9824/3135 8091/9815/3126 8130/9854/3159
f 8132/9856/3161 8099/9823/3134 8100/9824/3135 8131/9855/3160
f 8134/9858/3163 8098/9822/3133 8099/9823/3134 8132/9856/3161
f 8135/9859/3164 8097/9821/3132 8098/9822/3133 8134/9858/3163
f 8124/9848/3153 8108/9832/3140 8097/9821/3132 8135/9859/3164
f 8136/9860/3165 8137/9861/3165 8138/9862/13 8139/9863/13
f 8140/9864/947 8141/9865/947 8137/9861/3165 8136/9860/3165
f 8142/9866/10 8143/9867/10 8141/9865/947 8140/9864/947
f 8144/9868/948 8145/9869/948 8143/9867/10 8142/9866/10
f 8146/9870/3166 8147/9871/3166 8145/9869/948 8144/9868/948
f 8148/9872/22 8149/9873/22 8147/9871/3166 8146/9870/3166
f 8150/9874/3167 8151/9875/3167 8149/9873/22 8148/9872/22
f 8152/9876/3168 8153/9877/3168 8151/9875/3167 8150/9874/3167
f 8154/9878/1 8155/9879/1 8153/9877/3168 8152/9876/3168
f 8156/9880/3169 8157/9881/3169 8155/9879/1 8154/9878/1
f 8158/9882/3170 8159/9883/3170 8157/9881/3169 8156/9880/3169
f 8139/9863/13 8138/9862/13 8159/9883/3170 8158/9882/3170
f 8160/9884/476 8161/9885/476 8162/9886/88 8163/9887/88
f 8164/9888/478 8165/9889/478 8161/9885/476 8160/9884/476
f 8166/9890/13 8167/9891/13 8165/9889/478 8164/9888/478
f 8168/9892/475 8169/9893/475 8167/9891/13 8166/9890/13
f 8170/9894/472 8171/9895/472 8169/9893/475 8168/9892/475
f 8172/9896/50 8173/9897/50 8171/9895/472 8170/9894/472
f 8174/9898/479 8175/9899/479 8173/9897/50 8172/9896/50
f 8176/9900/477 8177/9901/477 8175/9899/479 8174/9898/479
f 8178/9902/22 8179/9903/22 8177/9901/477 8176/9900/477
f 8180/9904/474 8181/9905/474 8179/9903/22 8178/9902/22
f 8182/9906/473 8183/9907/473 8181/9905/474 8180/9904/474
f 8163/9887/88 8162/9886/88 8183/9907/473 8182/9906/473
f 8107/9831/3139 8066/9790/3110 8067/9791/3111 8108/9832/3140
f 8184/9908/3171 8185/9909/3172 8186/9910/3172 8187/9911/3173
f 7993/9717/3056 8119/9843/3147 8120/9844/3148 7994/9718/3057
f 7993/9717/3174 8119/9843/3174 8188/9912/3174 8189/9913/3174
f 8028/9752/3077 8190/9914/3175 8191/9915/3175 8029/9753/3077
f 8034/9758/3080 8192/9916/3176 8193/9917/3177 8035/9759/3080
f 8194/9918/3174 8195/9919/3072 8196/9920/3072 8197/9921/3174
f 8004/9728/3075 8007/9731/3075 8198/9922/3075 8199/9923/3075
f 8122/9846/3150 8200/9924/3178 8018/9742/3178 8017/9741/3150
f 8114/9838/3145 8201/9925/3179 8021/9745/3179 8020/9744/3145
f 8202/9926/3180 8203/9927/3174 8204/9928/3174 8205/9929/3180
f 8000/9724/3073 7995/9719/3073 8206/9930/3073 8207/9931/3073
f 8208/9932/3181 8033/9757/3079 8036/9760/3079 8209/9933/3181
f 8203/9927/3174 8194/9918/3174 8197/9921/3174 8204/9928/3174
f 8210/9934/3182 8211/9935/3183 8014/9738/3184 8013/9737/3182
f 8007/9731/3070 7999/9723/3062 8002/9726/3065 8008/9732/3071
f 8000/9724/3063 7995/9719/3058 7998/9722/3061 8001/9725/3064
f 8212/9936/3185 7989/9713/3052 7992/9716/3055 8133/9857/3162
f 7996/9720/3059 8212/9936/3185 8133/9857/3162 7997/9721/3060
f 8192/9916/3176 8213/9937/3186 8214/9938/3187 8193/9917/3177
f 8190/9914/3175 8215/9939/3188 8216/9940/3189 8191/9915/3175
f 8203/9927/3190 8194/9918/3191 8041/9765/3085 8037/9761/3081
f 8194/9918/3191 8195/9919/3192 8043/9767/3087 8041/9765/3085
f 8195/9919/3192 8031/9755/3193 8045/9769/3089 8043/9767/3087
f 8031/9755/3193 8025/9749/3194 8047/9771/3091 8045/9769/3089
f 8025/9749/3194 8009/9733/3195 8049/9773/3093 8047/9771/3091
f 8009/9733/3195 8010/9734/3196 8051/9775/3095 8049/9773/3093
f 8010/9734/3196 8109/9833/3197 8053/9777/3097 8051/9775/3095
f 8109/9833/3197 8217/9941/3198 8055/9779/3099 8053/9777/3097
f 8217/9941/3198 8115/9839/3199 8057/9781/3101 8055/9779/3099
f 8115/9839/3199 8116/9840/3200 8059/9783/3103 8057/9781/3101
f 8116/9840/3200 8202/9926/3201 8040/9764/3084 8059/9783/3103
f 8202/9926/3201 8203/9927/3190 8037/9761/3081 8040/9764/3084
f 8034/9758/3202 8033/9757/3203 8189/9913/3204 8188/9912/3202
f 8113/9837/88 8200/9924/3205 8026/9750/3206 8012/9736/88
f 8215/9939/3207 8190/9914/3208 8207/9931/3208 8206/9930/3209
f 8210/9934/50 8112/9836/3210 8117/9841/3210 8205/9929/50
f 8122/9846/3211 8121/9845/3212 8196/9920/3212 8032/9756/3211
f 8028/9752/88 8027/9751/3213 8198/9922/3213 8218/9942/88
f 8027/9751/3213 8213/9937/3214 8199/9923/3215 8198/9922/3213
f 8213/9937/3214 8192/9916/3216 8219/9943/3216 8199/9923/3215
f 8220/9944/3217 8185/9909/3218 8221/9945/3218 8222/9946/3219
f 8192/9916/3216 8034/9758/3202 8188/9912/3202 8219/9943/3216
f 8208/9932/50 8220/9944/3217 8222/9946/3219 8223/9947/50
f 8224/9948/3220 8211/9935/3221 8204/9928/3221 8197/9921/3220
f 8201/9925/3222 8114/9838/3223 8011/9735/3224 8110/9834/3222
f 8211/9935/3221 8210/9934/50 8205/9929/50 8204/9928/3221
f 8225/9949/3225 8201/9925/3222 8110/9834/3222 8226/9950/3225
f 8111/9835/3226 8225/9949/3225 8226/9950/3225 8118/9842/3227
f 8121/9845/3212 8224/9948/3220 8197/9921/3220 8196/9920/3212
f 8112/9836/3210 8111/9835/3226 8118/9842/3227 8117/9841/3210
f 8190/9914/3208 8028/9752/88 8218/9942/88 8207/9931/3208
f 8200/9924/3205 8122/9846/3211 8032/9756/3211 8026/9750/3206
f 8033/9757/3203 8208/9932/50 8223/9947/50 8189/9913/3204
f 8184/9908/3228 8215/9939/3207 8206/9930/3209 8227/9951/3228
f 8185/9909/3218 8184/9908/3228 8227/9951/3228 8221/9945/3218
f 8114/9838/3223 8113/9837/88 8012/9736/88 8011/9735/3224
f 8224/9948/3229 8121/9845/3149 8016/9740/3151 8015/9739/3230
f 7989/9713/3231 7990/9714/3072 8223/9947/3072 8222/9946/3231
f 8209/9933/3074 8036/9760/3074 8035/9759/3074 8193/9917/3074 8214/9938/3074 8030/9754/3074 8029/9753/3074 8191/9915/3074 8216/9940/3074 8187/9911/3074 8186/9910/3074 8228/9952/3074
f 8109/9833/3073 8217/9941/3072 8226/9950/3072 8110/9834/3073
f 8225/9949/3232 8111/9835/3141 8023/9747/3143 8022/9746/3233
f 8217/9941/3072 8115/9839/3146 8118/9842/3146 8226/9950/3072
f 8215/9939/3188 8184/9908/3171 8187/9911/3173 8216/9940/3189
f 8116/9840/3146 8202/9926/3180 8205/9929/3180 8117/9841/3146
f 8213/9937/3186 8027/9751/3076 8030/9754/3078 8214/9938/3187
f 7990/9714/3072 7993/9717/3174 8189/9913/3174 8223/9947/3072
f 8200/9924/3178 8113/9837/3144 8019/9743/3144 8018/9742/3178
f 8119/9843/3174 8003/9727/3072 8219/9943/3072 8188/9912/3174
f 8211/9935/3183 8224/9948/3229 8015/9739/3230 8014/9738/3184
f 8003/9727/3072 8004/9728/3075 8199/9923/3075 8219/9943/3072
f 8185/9909/3172 8220/9944/3234 8228/9952/3234 8186/9910/3172
f 8007/9731/3075 7999/9723/3235 8218/9942/3235 8198/9922/3075
f 8220/9944/3234 8208/9932/3181 8209/9933/3181 8228/9952/3234
f 7999/9723/3235 8000/9724/3073 8207/9931/3073 8218/9942/3235
f 7995/9719/3073 7996/9720/3072 8227/9951/3072 8206/9930/3073
f 8112/9836/3142 8210/9934/3182 8013/9737/3182 8024/9748/3142
f 8212/9936/3146 7989/9713/3231 8222/9946/3231 8221/9945/3146
f 8201/9925/3179 8225/9949/3232 8022/9746/3233 8021/9745/3179
f 8195/9919/3072 8031/9755/3075 8032/9756/3075 8196/9920/3072
f 7996/9720/3072 8212/9936/3146 8221/9945/3146 8227/9951/3072
f 8229/9953/3236 8230/9954/3237 8231/9955/3238 8232/9956/3239
f 8233/9957/3240 8234/9958/3241 8230/9954/3237 8229/9953/3236
f 8235/9959/3242 8236/9960/3243 8234/9958/3241 8233/9957/3240
f 8237/9961/3244 8238/9962/3245 8236/9960/3243 8235/9959/3242
f 8239/9963/3246 8240/9964/3247 8238/9962/3245 8237/9961/3244
f 8241/9965/3248 8242/9966/3249 8240/9964/3247 8239/9963/3246
f 8243/9967/3250 8244/9968/3251 8242/9966/3249 8241/9965/3248
f 8245/9969/3252 8246/9970/3253 8244/9968/3251 8243/9967/3250
f 8247/9971/3254 8248/9972/3255 8246/9970/3253 8245/9969/3252
f 8249/9973/3256 8250/9974/3257 8248/9972/3255 8247/9971/3254
f 8251/9975/3258 8252/9976/3259 8250/9974/3257 8249/9973/3256
f 8232/9956/3239 8231/9955/3238 8252/9976/3259 8251/9975/3258
f 8230/9954/3237 8253/9977/3260 8254/9978/3261 8231/9955/3238
f 8234/9958/3241 8255/9979/3262 8253/9977/3260 8230/9954/3237
f 8236/9960/3243 8256/9980/3263 8255/9979/3262 8234/9958/3241
f 8238/9962/3245 8257/9981/3264 8256/9980/3263 8236/9960/3243
f 8240/9964/3247 8258/9982/3265 8257/9981/3264 8238/9962/3245
f 8242/9966/3249 8259/9983/3266 8258/9982/3265 8240/9964/3247
f 8244/9968/3251 8260/9984/3267 8259/9983/3266 8242/9966/3249
f 8246/9970/3253 8261/9985/3268 8260/9984/3267 8244/9968/3251
f 8248/9972/3255 8262/9986/3269 8261/9985/3268 8246/9970/3253
f 8250/9974/3257 8263/9987/3270 8262/9986/3269 8248/9972/3255
f 8252/9976/3259 8264/9988/3271 8263/9987/3270 8250/9974/3257
f 8231/9955/3238 8254/9978/3261 8264/9988/3271 8252/9976/3259
f 8265/9989/3265 8266/9990/3247 8267/9991/3249 8268/9992/3266
f 8269/9993/3264 8270/9994/3245 8266/9990/3247 8265/9989/3265
f 8271/9995/3263 8272/9996/3243 8270/9994/3245 8269/9993/3264
f 8273/9997/3262 8274/9998/3241 8272/9996/3243 8271/9995/3263
f 8275/9999/3260 8276/10000/3237 8274/9998/3241 8273/9997/3262
f 8277/10001/3261 8278/10002/3238 8276/10000/3237 8275/9999/3260
f 8279/10003/3271 8280/10004/3259 8278/10002/3238 8277/10001/3261
f 8281/10005/3270 8282/10006/3257 8280/10004/3259 8279/10003/3271
f 8283/10007/3269 8284/10008/3255 8282/10006/3257 8281/10005/3270
f 8285/10009/3268 8286/10010/3253 8284/10008/3255 8283/10007/3269
f 8287/10011/3267 8288/10012/3251 8286/10010/3253 8285/10009/3268
f 8268/9992/3266 8267/9991/3249 8288/10012/3251 8287/10011/3267
f 8266/9990/3247 8289/10013/3246 8290/10014/3248 8267/9991/3249
f 8270/9994/3245 8291/10015/3244 8289/10013/3246 8266/9990/3247
f 8272/9996/3243 8292/10016/3242 8291/10015/3244 8270/9994/3245
f 8274/9998/3241 8293/10017/3240 8292/10016/3242 8272/9996/3243
f 8276/10000/3237 8294/10018/3272 8293/10017/3240 8274/9998/3241
f 8278/10002/3238 8295/10019/3239 8294/10018/3272 8276/10000/3237
f 8280/10004/3259 8296/10020/3258 8295/10019/3239 8278/10002/3238
f 8282/10006/3257 8297/10021/3256 8296/10020/3258 8280/10004/3259
f 8284/10008/3255 8298/10022/3254 8297/10021/3256 8282/10006/3257
f 8286/10010/3253 8299/10023/3252 8298/10022/3254 8284/10008/3255
f 8288/10012/3251 8300/10024/3250 8299/10023/3252 8286/10010/3253
f 8267/9991/3249 8290/10014/3248 8300/10024/3250 8288/10012/3251
f 8301/10025/3273 8302/10026/3274 8303/10027/3275 8304/10028/3276
f 8305/10029/3277 8306/10030/3278 8302/10026/3274 8301/10025/3273
f 8307/10031/3279 8308/10032/3280 8306/10030/3278 8305/10029/3277
f 8309/10033/3281 8310/10034/3282 8308/10032/3280 8307/10031/3279
f 8311/10035/3283 8312/10036/3284 8310/10034/3282 8309/10033/3281
f 8313/10037/3285 8314/10038/3286 8312/10036/3284 8311/10035/3283
f 8315/10039/3287 8316/10040/3288 8314/10038/3286 8313/10037/3285
f 8317/10041/3289 8318/10042/3290 8316/10040/3288 8315/10039/3287
f 8319/10043/3291 8320/10044/3292 8318/10042/3290 8317/10041/3289
f 8321/10045/3293 8322/10046/3294 8320/10044/3292 8319/10043/3291
f 8323/10047/3295 8324/10048/3296 8322/10046/3294 8321/10045/3293
f 8304/10028/3276 8303/10027/3275 8324/10048/3296 8323/10047/3295
f 8302/10026/3274 8325/10049/3297 8326/10050/3298 8303/10027/3275
f 8306/10030/3278 8327/10051/3299 8325/10049/3297 8302/10026/3274
f 8308/10032/3280 8328/10052/3300 8327/10051/3299 8306/10030/3278
f 8310/10034/3282 8329/10053/3301 8328/10052/3300 8308/10032/3280
f 8312/10036/3284 8330/10054/3302 8329/10053/3301 8310/10034/3282
f 8314/10038/3286 8331/10055/3303 8330/10054/3302 8312/10036/3284
f 8316/10040/3288 8332/10056/3304 8331/10055/3303 8314/10038/3286
f 8318/10042/3290 8333/10057/3305 8332/10056/3304 8316/10040/3288
f 8320/10044/3292 8334/10058/3306 8333/10057/3305 8318/10042/3290
f 8322/10046/3294 8335/10059/3307 8334/10058/3306 8320/10044/3292
f 8324/10048/3296 8336/10060/3308 8335/10059/3307 8322/10046/3294
f 8303/10027/3275 8326/10050/3298 8336/10060/3308 8324/10048/3296
f 8337/10061/3309 8338/10062/3284 8339/10063/3286 8340/10064/3303
f 8341/10065/3301 8342/10066/3282 8338/10062/3284 8337/10061/3309
f 8343/10067/3300 8344/10068/3280 8342/10066/3282 8341/10065/3301
f 8345/10069/3299 8346/10070/3278 8344/10068/3280 8343/10067/3300
f 8347/10071/3310 8348/10072/3311 8346/10070/3278 8345/10069/3299
f 8349/10073/3298 8350/10074/3275 8348/10072/3311 8347/10071/3310
f 8351/10075/3308 8352/10076/3296 8350/10074/3275 8349/10073/3298
f 8353/10077/3307 8354/10078/3294 8352/10076/3296 8351/10075/3308
f 8355/10079/3306 8356/10080/3292 8354/10078/3294 8353/10077/3307
f 8357/10081/3305 8358/10082/3290 8356/10080/3292 8355/10079/3306
f 8359/10083/3304 8360/10084/3312 8358/10082/3290 8357/10081/3305
f 8340/10064/3303 8339/10063/3286 8360/10084/3312 8359/10083/3304
f 8338/10062/3284 8361/10085/3283 8362/10086/3285 8339/10063/3286
f 8342/10066/3282 8363/10087/3281 8361/10085/3283 8338/10062/3284
f 8344/10068/3280 8364/10088/3279 8363/10087/3281 8342/10066/3282
f 8346/10070/3278 8365/10089/3277 8364/10088/3279 8344/10068/3280
f 8348/10072/3311 8366/10090/3273 8365/10089/3277 8346/10070/3278
f 8350/10074/3275 8367/10091/3276 8366/10090/3273 8348/10072/3311
f 8352/10076/3296 8368/10092/3295 8367/10091/3276 8350/10074/3275
f 8354/10078/3294 8369/10093/3293 8368/10092/3295 8352/10076/3296
f 8356/10080/3292 8370/10094/3291 8369/10093/3293 8354/10078/3294
f 8358/10082/3290 8371/10095/3289 8370/10094/3291 8356/10080/3292
f 8360/10084/3312 8372/10096/3287 8371/10095/3289 8358/10082/3290
f 8339/10063/3286 8362/10086/3285 8372/10096/3287 8360/10084/3312
f 8373/10097/3236 8374/10098/3313 8375/10099/3238 8376/10100/3239
f 8377/10101/3240 8378/10102/3241 8374/10098/3313 8373/10097/3236
f 8379/10103/3242 8380/10104/3243 8378/10102/3241 8377/10101/3240
f 8381/10105/3244 8382/10106/3245 8380/10104/3243 8379/10103/3242
f 8383/10107/3314 8384/10108/3315 8382/10106/3245 8381/10105/3244
f 8385/10109/3248 8386/10110/3249 8384/10108/3315 8383/10107/3314
f 8387/10111/3250 8388/10112/3251 8386/10110/3249 8385/10109/3248
f 8389/10113/3252 8390/10114/3253 8388/10112/3251 8387/10111/3250
f 8391/10115/3254 8392/10116/3255 8390/10114/3253 8389/10113/3252
f 8393/10117/3316 8394/10118/3257 8392/10116/3255 8391/10115/3254
f 8395/10119/3258 8396/10120/3259 8394/10118/3257 8393/10117/3316
f 8376/10100/3239 8375/10099/3238 8396/10120/3259 8395/10119/3258
f 8374/10098/3313 8397/10121/3317 8398/10122/3261 8375/10099/3238
f 8378/10102/3241 8399/10123/3262 8397/10121/3317 8374/10098/3313
f 8380/10104/3243 8400/10124/3263 8399/10123/3262 8378/10102/3241
f 8382/10106/3245 8401/10125/3264 8400/10124/3263 8380/10104/3243
f 8384/10108/3315 8402/10126/3318 8401/10125/3264 8382/10106/3245
f 8386/10110/3249 8403/10127/3266 8402/10126/3318 8384/10108/3315
f 8388/10112/3251 8404/10128/3267 8403/10127/3266 8386/10110/3249
f 8390/10114/3253 8405/10129/3268 8404/10128/3267 8388/10112/3251
f 8392/10116/3255 8406/10130/3269 8405/10129/3268 8390/10114/3253
f 8394/10118/3257 8407/10131/3270 8406/10130/3269 8392/10116/3255
f 8396/10120/3259 8408/10132/3271 8407/10131/3270 8394/10118/3257
f 8375/10099/3238 8398/10122/3261 8408/10132/3271 8396/10120/3259
f 8409/10133/3273 8410/10134/3274 8411/10135/3275 8412/10136/3276
f 8413/10137/3277 8414/10138/3278 8410/10134/3274 8409/10133/3273
f 8415/10139/3279 8416/10140/3280 8414/10138/3278 8413/10137/3277
f 8417/10141/3281 8418/10142/3282 8416/10140/3280 8415/10139/3279
f 8419/10143/3283 8420/10144/3284 8418/10142/3282 8417/10141/3281
f 8421/10145/3285 8422/10146/3286 8420/10144/3284 8419/10143/3283
f 8423/10147/3287 8424/10148/3288 8422/10146/3286 8421/10145/3285
f 8425/10149/3289 8426/10150/3290 8424/10148/3288 8423/10147/3287
f 8427/10151/3291 8428/10152/3292 8426/10150/3290 8425/10149/3289
f 8429/10153/3293 8430/10154/3294 8428/10152/3292 8427/10151/3291
f 8431/10155/3295 8432/10156/3296 8430/10154/3294 8429/10153/3293
f 8412/10136/3276 8411/10135/3275 8432/10156/3296 8431/10155/3295
f 8410/10134/3274 8433/10157/3297 8434/10158/3298 8411/10135/3275
f 8414/10138/3278 8435/10159/3299 8433/10157/3297 8410/10134/3274
f 8416/10140/3280 8436/10160/3300 8435/10159/3299 8414/10138/3278
f 8418/10142/3282 8437/10161/3301 8436/10160/3300 8416/10140/3280
f 8420/10144/3284 8438/10162/3302 8437/10161/3301 8418/10142/3282
f 8422/10146/3286 8439/10163/3303 8438/10162/3302 8420/10144/3284
f 8424/10148/3288 8440/10164/3304 8439/10163/3303 8422/10146/3286
f 8426/10150/3290 8441/10165/3305 8440/10164/3304 8424/10148/3288
f 8428/10152/3292 8442/10166/3306 8441/10165/3305 8426/10150/3290
f 8430/10154/3294 8443/10167/3307 8442/10166/3306 8428/10152/3292
f 8432/10156/3296 8444/10168/3308 8443/10167/3307 8430/10154/3294
f 8411/10135/3275 8434/10158/3298 8444/10168/3308 8432/10156/3296
f 8445/10169/479 8446/10170/479 8447/10171/479 8448/10172/479
f 8449/10173/22 8450/10174/22 8446/10175/22 8445/10176/22
f 8451/10177/473 8452/10178/473 8450/10174/473 8449/10173/473
f 8453/10179/476 8454/10180/476 8452/10178/476 8451/10177/476
f 8455/10181/13 8456/10182/13 8454/10180/13 8453/10179/13
f 8448/10172/472 8447/10171/472 8456/10182/472 8455/10181/472
f 8457/10183/473 8458/10184/473 8459/10185/473 8460/10186/473
f 8461/10187/22 8462/10188/22 8458/10189/22 8457/10190/22
f 8463/10191/479 8464/10192/479 8462/10188/479 8461/10187/479
f 8465/10193/472 8466/10194/472 8464/10192/472 8463/10191/472
f 8467/10195/13 8468/10196/13 8466/10194/13 8465/10193/13
f 8460/10186/476 8459/10185/476 8468/10196/476 8467/10195/476
f 8469/10197/479 8470/10198/479 8471/10199/479 8472/10200/479
f 8473/10201/22 8474/10202/22 8470/10203/22 8469/10204/22
f 8475/10205/473 8476/10206/473 8474/10202/473 8473/10201/473
f 8477/10207/476 8478/10208/476 8476/10206/476 8475/10205/476
f 8479/10209/13 8480/10210/13 8478/10208/13 8477/10207/13
f 8472/10200/472 8471/10199/472 8480/10210/472 8479/10209/472
f 8481/10211/473 8482/10212/473 8483/10213/473 8484/10214/473
f 8485/10215/22 8486/10216/22 8482/10217/22 8481/10218/22
f 8487/10219/479 8488/10220/479 8486/10216/479 8485/10215/479
f 8489/10221/472 8490/10222/472 8488/10220/472 8487/10219/472
f 8491/10223/13 8492/10224/13 8490/10222/13 8489/10221/13
f 8484/10214/476 8483/10213/476 8492/10224/476 8491/10223/476
f 8493/10225/479 8494/10226/479 8495/10227/479 8496/10228/479
f 8497/10229/22 8498/10230/22 8494/10231/22 8493/10232/22
f 8499/10233/473 8500/10234/473 8498/10230/473 8497/10229/473
f 8501/10235/476 8502/10236/476 8500/10234/476 8499/10233/476
f 8503/10237/13 8504/10238/13 8502/10236/13 8501/10235/13
f 8496/10228/472 8495/10227/472 8504/10238/472 8503/10237/472
f 8505/10239/473 8506/10240/473 8507/10241/473 8508/10242/473
f 8509/10243/22 8510/10244/22 8506/10245/22 8505/10246/22
f 8511/10247/479 8512/10248/479 8510/10244/479 8509/10243/479
f 8513/10249/472 8514/10250/472 8512/10248/472 8511/10247/472
f 8515/10251/13 8516/10252/13 8514/10250/13 8513/10249/13
f 8508/10242/476 8507/10241/476 8516/10252/476 8515/10251/476
f 8517/10253/479 8518/10254/479 8519/10255/479 8520/10256/479
f 8521/10257/22 8522/10258/22 8518/10259/22 8517/10260/22
f 8523/10261/473 8524/10262/473 8522/10258/473 8521/10257/473
f 8525/10263/476 8526/10264/476 8524/10262/476 8523/10261/476
f 8527/10265/13 8528/10266/13 8526/10264/13 8525/10263/13
f 8520/10256/472 8519/10255/472 8528/10266/472 8527/10265/472
f 8529/10267/473 8530/10268/473 8531/10269/473 8532/10270/473
f 8533/10271/22 8534/10272/22 8530/10273/22 8529/10274/22
f 8535/10275/479 8536/10276/479 8534/10272/479 8533/10271/479
f 8537/10277/472 8538/10278/472 8536/10276/472 8535/10275/472
f 8539/10279/13 8540/10280/13 8538/10278/13 8537/10277/13
f 8532/10270/476 8531/10269/476 8540/10280/476 8539/10279/476
f 8541/10281/3319 8542/10282/3320 8543/10283/3321 8544/10284/3322
f 8545/10285/3323 8546/10286/3324 8542/10287/3320 8541/10288/3319
f 8547/10289/3325 8548/10290/3326 8546/10286/3324 8545/10285/3323
f 8544/10284/3322 8543/10283/3321 8548/10290/3326 8547/10289/3325
f 8542/10282/3320 8549/10291/3327 8550/10292/3328 8543/10283/3321
f 8546/10286/3324 8551/10293/3329 8549/10294/3327 8542/10287/3320
f 8548/10290/3326 8552/10295/3330 8551/10293/3329 8546/10286/3324
f 8543/10283/3321 8550/10292/3328 8552/10295/3330 8548/10290/3326
f 8549/10291/3327 8553/10296/3331 8554/10297/3332 8550/10292/3328
f 8551/10293/3329 8555/10298/3333 8553/10299/3331 8549/10294/3327
f 8552/10295/3330 8556/10300/3334 8555/10298/3333 8551/10293/3329
f 8550/10292/3328 8554/10297/3332 8556/10300/3334 8552/10295/3330
f 8553/10296/3331 8557/10301/3335 8558/10302/3336 8554/10297/3332
f 8555/10298/3333 8559/10303/3337 8557/10304/3335 8553/10299/3331
f 8556/10300/3334 8560/10305/3338 8559/10303/3337 8555/10298/3333
f 8554/10297/3332 8558/10302/3336 8560/10305/3338 8556/10300/3334
f 8557/10301/3335 8561/10306/3339 8562/10307/3340 8558/10302/3336
f 8559/10303/3337 8563/10308/3341 8561/10309/3339 8557/10304/3335
f 8560/10305/3338 8564/10310/3342 8563/10308/3341 8559/10303/3337
f 8558/10302/3336 8562/10307/3340 8564/10310/3342 8560/10305/3338
f 8561/10306/3339 8565/10311/3343 8566/10312/3344 8562/10307/3340
f 8563/10308/3341 8567/10313/3345 8565/10314/3343 8561/10309/3339
f 8564/10310/3342 8568/10315/3346 8567/10313/3345 8563/10308/3341
f 8562/10307/3340 8566/10312/3344 8568/10315/3346 8564/10310/3342
f 8569/10316/3319 8570/10317/3347 8571/10318/3348 8572/10319/3322
f 8573/10320/3323 8574/10321/3349 8570/10322/3347 8569/10323/3319
f 8575/10324/3325 8576/10325/3350 8574/10321/3349 8573/10320/3323
f 8572/10319/3322 8571/10318/3348 8576/10325/3350 8575/10324/3325
f 8570/10317/3347 8577/10326/3351 8578/10327/3352 8571/10318/3348
f 8574/10321/3349 8579/10328/3353 8577/10329/3351 8570/10322/3347
f 8576/10325/3350 8580/10330/3354 8579/10328/3353 8574/10321/3349
f 8571/10318/3348 8578/10327/3352 8580/10330/3354 8576/10325/3350
f 8577/10326/3351 8581/10331/3355 8582/10332/3356 8578/10327/3352
f 8579/10328/3353 8583/10333/3357 8581/10334/3355 8577/10329/3351
f 8580/10330/3354 8584/10335/3358 8583/10333/3357 8579/10328/3353
f 8578/10327/3352 8582/10332/3356 8584/10335/3358 8580/10330/3354
f 8581/10331/3355 8585/10336/3359 8586/10337/3360 8582/10332/3356
f 8583/10333/3357 8587/10338/3361 8585/10339/3359 8581/10334/3355
f 8584/10335/3358 8588/10340/3362 8587/10338/3361 8583/10333/3357
f 8582/10332/3356 8586/10337/3360 8588/10340/3362 8584/10335/3358
f 8585/10336/3359 8589/10341/3363 8590/10342/3364 8586/10337/3360
f 8587/10338/3361 8591/10343/3365 8589/10344/3363 8585/10339/3359
f 8588/10340/3362 8592/10345/3366 8591/10343/3365 8587/10338/3361
f 8586/10337/3360 8590/10342/3364 8592/10345/3366 8588/10340/3362
f 8589/10341/3363 8593/10346/3367 8594/10347/3368 8590/10342/3364
f 8591/10343/3365 8595/10348/3369 8593/10349/3367 8589/10344/3363
f 8592/10345/3366 8596/10350/3370 8595/10348/3369 8591/10343/3365
f 8590/10342/3364 8594/10347/3368 8596/10350/3370 8592/10345/3366
f 8597/10351/3319 8598/10352/3371 8599/10353/3372 8600/10354/3322
f 8601/10355/3323 8602/10356/3373 8598/10357/3371 8597/10358/3319
f 8603/10359/3325 8604/10360/3374 8602/10356/3373 8601/10355/3323
f 8600/10354/3322 8599/10353/3372 8604/10360/3374 8603/10359/3325
f 8598/10352/3371 8605/10361/3375 8606/10362/3376 8599/10353/3372
f 8602/10356/3373 8607/10363/3377 8605/10364/3375 8598/10357/3371
f 8604/10360/3374 8608/10365/3378 8607/10363/3377 8602/10356/3373
f 8599/10353/3372 8606/10362/3376 8608/10365/3378 8604/10360/3374
f 8605/10361/3375 8609/10366/3379 8610/10367/3380 8606/10362/3376
f 8607/10363/3377 8611/10368/3381 8609/10369/3379 8605/10364/3375
f 8608/10365/3378 8612/10370/3382 8611/10368/3381 8607/10363/3377
f 8606/10362/3376 8610/10367/3380 8612/10370/3382 8608/10365/3378
f 8609/10366/3379 8613/10371/3383 8614/10372/3384 8610/10367/3380
f 8611/10368/3381 8615/10373/3385 8613/10374/3383 8609/10369/3379
f 8612/10370/3382 8616/10375/3386 8615/10373/3385 8611/10368/3381
f 8610/10367/3380 8614/10372/3384 8616/10375/3386 8612/10370/3382
f 8613/10371/3383 8617/10376/3387 8618/10377/3388 8614/10372/3384
f 8615/10373/3385 8619/10378/3389 8617/10379/3387 8613/10374/3383
f 8616/10375/3386 8620/10380/3390 8619/10378/3389 8615/10373/3385
f 8614/10372/3384 8618/10377/3388 8620/10380/3390 8616/10375/3386
f 8617/10376/3387 8621/10381/3391 8622/10382/3392 8618/10377/3388
f 8619/10378/3389 8623/10383/3393 8621/10384/3391 8617/10379/3387
f 8620/10380/3390 8624/10385/3394 8623/10383/3393 8619/10378/3389
f 8618/10377/3388 8622/10382/3392 8624/10385/3394 8620/10380/3390
f 8625/10386/3319 8626/10387/3371 8627/10388/3395 8628/10389/3322
f 8629/10390/3323 8630/10391/3373 8626/10392/3371 8625/10393/3319
f 8631/10394/3325 8632/10395/3374 8630/10391/3373 8629/10390/3323
f 8628/10389/3322 8627/10388/3395 8632/10395/3374 8631/10394/3325
f 8626/10387/3371 8633/10396/3396 8634/10397/3397 8627/10388/3395
f 8630/10391/3373 8635/10398/3398 8633/10399/3396 8626/10392/3371
f 8632/10395/3374 8636/10400/3399 8635/10398/3398 8630/10391/3373
f 8627/10388/3395 8634/10397/3397 8636/10400/3399 8632/10395/3374
f 8633/10396/3396 8637/10401/3400 8638/10402/3401 8634/10397/3397
f 8635/10398/3398 8639/10403/3402 8637/10404/3400 8633/10399/3396
f 8636/10400/3399 8640/10405/3403 8639/10403/3402 8635/10398/3398
f 8634/10397/3397 8638/10402/3401 8640/10405/3403 8636/10400/3399
f 8637/10401/3400 8641/10406/3404 8642/10407/3405 8638/10402/3401
f 8639/10403/3402 8643/10408/3406 8641/10409/3404 8637/10404/3400
f 8640/10405/3403 8644/10410/3407 8643/10408/3406 8639/10403/3402
f 8638/10402/3401 8642/10407/3405 8644/10410/3407 8640/10405/3403
f 8641/10406/3404 8645/10411/3408 8646/10412/3409 8642/10407/3405
f 8643/10408/3406 8647/10413/3410 8645/10414/3408 8641/10409/3404
f 8644/10410/3407 8648/10415/3411 8647/10413/3410 8643/10408/3406
f 8642/10407/3405 8646/10412/3409 8648/10415/3411 8644/10410/3407
f 8645/10411/3408 8649/10416/3412 8650/10417/3413 8646/10412/3409
f 8647/10413/3410 8651/10418/3414 8649/10419/3412 8645/10414/3408
f 8648/10415/3411 8652/10420/3415 8651/10418/3414 8647/10413/3410
f 8646/10412/3409 8650/10417/3413 8652/10420/3415 8648/10415/3411
f 8653/10421/3416 8654/10422/3417 8655/10423/3418 8656/10424/3419
f 8657/10425/3420 8658/10426/3421 8654/10427/3417 8653/10428/3416
f 8659/10429/3422 8660/10430/3423 8658/10426/3421 8657/10425/3420
f 8656/10424/3419 8655/10423/3418 8660/10430/3423 8659/10429/3422
f 8654/10422/3417 8661/10431/3424 8662/10432/3425 8655/10423/3418
f 8658/10426/3421 8663/10433/3426 8661/10434/3424 8654/10427/3417
f 8660/10430/3423 8664/10435/3427 8663/10433/3426 8658/10426/3421
f 8655/10423/3418 8662/10432/3425 8664/10435/3427 8660/10430/3423
f 8661/10431/3424 8665/10436/3428 8666/10437/3429 8662/10432/3425
f 8663/10433/3426 8667/10438/3430 8665/10439/3428 8661/10434/3424
f 8664/10435/3427 8668/10440/3431 8667/10438/3430 8663/10433/3426
f 8662/10432/3425 8666/10437/3429 8668/10440/3431 8664/10435/3427
f 8665/10436/3428 8669/10441/3432 8670/10442/3433 8666/10437/3429
f 8667/10438/3430 8671/10443/3434 8669/10444/3432 8665/10439/3428
f 8668/10440/3431 8672/10445/3435 8671/10443/3434 8667/10438/3430
f 8666/10437/3429 8670/10442/3433 8672/10445/3435 8668/10440/3431
f 8669/10441/3432 8673/10446/3436 8674/10447/3437 8670/10442/3433
f 8671/10443/3434 8675/10448/3438 8673/10449/3436 8669/10444/3432
f 8672/10445/3435 8676/10450/3439 8675/10448/3438 8671/10443/3434
f 8670/10442/3433 8674/10447/3437 8676/10450/3439 8672/10445/3435
f 8673/10446/3436 8677/10451/3440 8678/10452/3441 8674/10447/3437
f 8675/10448/3438 8679/10453/3442 8677/10454/3440 8673/10449/3436
f 8676/10450/3439 8680/10455/3443 8679/10453/3442 8675/10448/3438
f 8674/10447/3437 8678/10452/3441 8680/10455/3443 8676/10450/3439
f 8681/10456/3416 8682/10457/3444 8683/10458/3445 8684/10459/3419
f 8685/10460/3420 8686/10461/3446 8682/10462/3444 8681/10463/3416
f 8687/10464/3422 8688/10465/3447 8686/10461/3446 8685/10460/3420
f 8684/10459/3419 8683/10458/3445 8688/10465/3447 8687/10464/3422
f 8682/10457/3444 8689/10466/3448 8690/10467/3449 8683/10458/3445
f 8686/10461/3446 8691/10468/3450 8689/10469/3448 8682/10462/3444
f 8688/10465/3447 8692/10470/3451 8691/10468/3450 8686/10461/3446
f 8683/10458/3445 8690/10467/3449 8692/10470/3451 8688/10465/3447
f 8689/10466/3448 8693/10471/3452 8694/10472/3453 8690/10467/3449
f 8691/10468/3450 8695/10473/3454 8693/10474/3452 8689/10469/3448
f 8692/10470/3451 8696/10475/3455 8695/10473/3454 8691/10468/3450
f 8690/10467/3449 8694/10472/3453 8696/10475/3455 8692/10470/3451
f 8693/10471/3452 8697/10476/3456 8698/10477/3457 8694/10472/3453
f 8695/10473/3454 8699/10478/3458 8697/10479/3456 8693/10474/3452
f 8696/10475/3455 8700/10480/3459 8699/10478/3458 8695/10473/3454
f 8694/10472/3453 8698/10477/3457 8700/10480/3459 8696/10475/3455
f 8697/10476/3456 8701/10481/3460 8702/10482/3461 8698/10477/3457
f 8699/10478/3458 8703/10483/3462 8701/10484/3460 8697/10479/3456
f 8700/10480/3459 8704/10485/3463 8703/10483/3462 8699/10478/3458
f 8698/10477/3457 8702/10482/3461 8704/10485/3463 8700/10480/3459
f 8701/10481/3460 8705/10486/3464 8706/10487/3465 8702/10482/3461
f 8703/10483/3462 8707/10488/3466 8705/10489/3464 8701/10484/3460
f 8704/10485/3463 8708/10490/3467 8707/10488/3466 8703/10483/3462
f 8702/10482/3461 8706/10487/3465 8708/10490/3467 8704/10485/3463
f 8709/10491/3416 8710/10492/3468 8711/10493/3469 8712/10494/3419
f 8713/10495/3420 8714/10496/3470 8710/10497/3468 8709/10498/3416
f 8715/10499/3422 8716/10500/3471 8714/10496/3470 8713/10495/3420
f 8712/10494/3419 8711/10493/3469 8716/10500/3471 8715/10499/3422
f 8710/10492/3468 8717/10501/3472 8718/10502/3473 8711/10493/3469
f 8714/10496/3470 8719/10503/3474 8717/10504/3472 8710/10497/3468
f 8716/10500/3471 8720/10505/3475 8719/10503/3474 8714/10496/3470
f 8711/10493/3469 8718/10502/3473 8720/10505/3475 8716/10500/3471
f 8717/10501/3472 8721/10506/3476 8722/10507/3477 8718/10502/3473
f 8719/10503/3474 8723/10508/3478 8721/10509/3476 8717/10504/3472
f 8720/10505/3475 8724/10510/3479 8723/10508/3478 8719/10503/3474
f 8718/10502/3473 8722/10507/3477 8724/10510/3479 8720/10505/3475
f 8721/10506/3476 8725/10511/3480 8726/10512/3481 8722/10507/3477
f 8723/10508/3478 8727/10513/3482 8725/10514/3480 8721/10509/3476
f 8724/10510/3479 8728/10515/3483 8727/10513/3482 8723/10508/3478
f 8722/10507/3477 8726/10512/3481 8728/10515/3483 8724/10510/3479
f 8725/10511/3480 8729/10516/3484 8730/10517/3485 8726/10512/3481
f 8727/10513/3482 8731/10518/3486 8729/10519/3484 8725/10514/3480
f 8728/10515/3483 8732/10520/3487 8731/10518/3486 8727/10513/3482
f 8726/10512/3481 8730/10517/3485 8732/10520/3487 8728/10515/3483
f 8729/10516/3484 8733/10521/3488 8734/10522/3489 8730/10517/3485
f 8731/10518/3486 8735/10523/3490 8733/10524/3488 8729/10519/3484
f 8732/10520/3487 8736/10525/3491 8735/10523/3490 8731/10518/3486
f 8730/10517/3485 8734/10522/3489 8736/10525/3491 8732/10520/3487
f 8737/10526/3416 8738/10527/3492 8739/10528/3493 8740/10529/3419
f 8741/10530/3420 8742/10531/3494 8738/10532/3492 8737/10533/3416
f 8743/10534/3422 8744/10535/3495 8742/10531/3494 8741/10530/3420
f 8740/10529/3419 8739/10528/3493 8744/10535/3495 8743/10534/3422
f 8738/10527/3492 8745/10536/3496 8746/10537/3497 8739/10528/3493
f 8742/10531/3494 8747/10538/3498 8745/10539/3496 8738/10532/3492
f 8744/10535/3495 8748/10540/3499 8747/10538/3498 8742/10531/3494
f 8739/10528/3493 8746/10537/3497 8748/10540/3499 8744/10535/3495
f 8745/10536/3496 8749/10541/3500 8750/10542/3501 8746/10537/3497
f 8747/10538/3498 8751/10543/3502 8749/10544/3500 8745/10539/3496
f 8748/10540/3499 8752/10545/3503 8751/10543/3502 8747/10538/3498
f 8746/10537/3497 8750/10542/3501 8752/10545/3503 8748/10540/3499
f 8749/10541/3500 8753/10546/3504 8754/10547/3505 8750/10542/3501
f 8751/10543/3502 8755/10548/3506 8753/10549/3504 8749/10544/3500
f 8752/10545/3503 8756/10550/3507 8755/10548/3506 8751/10543/3502
f 8750/10542/3501 8754/10547/3505 8756/10550/3507 8752/10545/3503
f 8753/10546/3504 8757/10551/3508 8758/10552/3509 8754/10547/3505
f 8755/10548/3506 8759/10553/3510 8757/10554/3508 8753/10549/3504
f 8756/10550/3507 8760/10555/3511 8759/10553/3510 8755/10548/3506
f 8754/10547/3505 8758/10552/3509 8760/10555/3511 8756/10550/3507
f 8757/10551/3508 8761/10556/3512 8762/10557/3513 8758/10552/3509
f 8759/10553/3510 8763/10558/3514 8761/10559/3512 8757/10554/3508
f 8760/10555/3511 8764/10560/3515 8763/10558/3514 8759/10553/3510
f 8758/10552/3509 8762/10557/3513 8764/10560/3515 8760/10555/3511
f 8448/10172/10 8455/10181/10 8453/10179/10 8451/10177/10 8449/10173/10 8445/10176/10
f 8459/10185/10 8458/10189/10 8462/10188/10 8464/10192/10 8466/10194/10 8468/10196/10
f 8472/10200/10 8479/10209/10 8477/10207/10 8475/10205/10 8473/10201/10 8469/10204/10
f 8483/10213/10 8482/10217/10 8486/10216/10 8488/10220/10 8490/10222/10 8492/10224/10
f 8496/10228/10 8503/10237/10 8501/10235/10 8499/10233/10 8497/10229/10 8493/10232/10
f 8507/10241/10 8506/10245/10 8510/10244/10 8512/10248/10 8514/10250/10 8516/10252/10
f 8520/10256/10 8527/10265/10 8525/10263/10 8523/10261/10 8521/10257/10 8517/10260/10
f 8531/10269/10 8530/10273/10 8534/10272/10 8536/10276/10 8538/10278/10 8540/10280/10
f 1737/2045/286 1735/2043/295 1738/2046/294
f 2796/3258/91 2799/3261/91 2802/3264/10 2795/3257/10
f 2797/3259/88 2698/3160/88 2799/3261/91 2796/3258/91
f 2798/3260/32 2694/3156/32 2698/3160/88 2797/3259/88
f 2791/3253/1 2807/3269/1 2694/3156/32 2798/3260/32
f 2792/3254/87 2810/3272/87 2807/3269/1 2791/3253/1
f 2793/3255/50 2814/3276/50 2810/3272/87 2792/3254/87
f 2794/3256/43 2806/3268/43 2814/3276/50 2793/3255/50
f 2795/3257/10 2802/3264/10 2806/3268/43 2794/3256/43
