#Wavefront OBJ file created by Hexagon 2 
mtllib locker-16.mtl
g Form151
usemtl def_surf_mat
# 2712 
v -4.3 -3 1 
v -4.3 -2.75 1 
v -4.3 2.75 1 
v -4.3 3 1 
v -4.28931 -3 0.966572 
v -4.28931 -2.75 0.966572 
v -4.28931 2.75 0.966572 
v -4.28931 3 0.966572 
v -4.25598 -3 0.929303 
v -4.25598 -2.75 0.929304 
v -4.25598 2.75 0.929303 
v -4.25598 3 0.929303 
v -4.25 -3 0.75 
v -4.25 -2.75 0.75 
v -4.25 2.75 0.75 
v -4.25 3 0.75 
v -4.24811 -5 1.07051 
v -4.24811 -3 1.07051 
v -4.24811 -2.75 1.07051 
v -4.24811 2.75 1.07051 
v -4.24811 3 1.07051 
v -4.24811 5 1.07051 
v -4.2 -5 -1 
v -4.2 -5 0.75 
v -4.2 -5 1 
v -4.2 -3 0.75 
v -4.2 -3 1 
v -4.2 -2.75 0.75 
v -4.2 -2.75 1 
v -4.2 2.75 0.75 
v -4.2 2.75 1 
v -4.2 3 0.75 
v -4.2 3 1 
v -4.2 5 -1 
v -4.2 5 0.75 
v -4.2 5 1 
v -4.18144 -5 0.995968 
v -4.18144 -3 0.995968 
v -4.18144 -2.75 0.995968 
v -4.18144 -2.75 0.995968 
v -4.18144 2.75 0.995968 
v -4.18144 3 0.995968 
v -4.18144 5 0.995968 
v -4.125 -4.95 -0.9 
v -4.125 -4.95 1 
v -4.125 1.8 -0.9 
v -4.125 1.8 0.8 
v -4.125 2 -0.9 
v -4.125 2 0.8 
v -4.125 4.95 -0.9 
v -4.125 4.95 1 
v -3.90482 -3.45 1.5117 
v -3.90482 -3.2 1.5117 
v -3.90482 -2.95 1.5117 
v -3.90482 -2.7 1.5117 
v -3.90482 -2.45 1.5117 
v -3.90482 2.3 1.5117 
v -3.90482 2.55 1.5117 
v -3.90482 2.8 1.5117 
v -3.90482 3.05 1.5117 
v -3.90482 3.3 1.5117 
v -3.87542 -5 1.40383 
v -3.87542 -3.5 1.40383 
v -3.87542 -3.25 1.40383 
v -3.87542 -3 1.40383 
v -3.87542 -2.75 1.40383 
v -3.87542 -2.5 1.40383 
v -3.87542 -2.25 1.40383 
v -3.87542 2.25 1.40383 
v -3.87542 2.5 1.40383 
v -3.87542 2.75 1.40383 
v -3.87542 3 1.40383 
v -3.87542 3.25 1.40383 
v -3.87542 3.5 1.40383 
v -3.87542 4 1.40383 
v -3.87542 5 1.40383 
v -3.87148 -3.3 1.47443 
v -3.87148 -3.05 1.47443 
v -3.87148 -2.8 1.47443 
v -3.87148 -2.55 1.47443 
v -3.87148 -2.3 1.47443 
v -3.87148 2.45 1.47443 
v -3.87148 2.7 1.47443 
v -3.87148 2.95 1.47443 
v -3.87148 3.2 1.47443 
v -3.87148 3.45 1.47443 
v -3.83815 -3.45 1.43716 
v -3.83815 -3.3 1.43716 
v -3.83815 -3.2 1.43716 
v -3.83815 -3.05 1.43716 
v -3.83815 -2.95 1.43716 
v -3.83815 -2.8 1.43716 
v -3.83815 -2.7 1.43716 
v -3.83815 -2.55 1.43716 
v -3.83815 -2.45 1.43716 
v -3.83815 -2.3 1.43716 
v -3.83815 2.3 1.43716 
v -3.83815 2.45 1.43716 
v -3.83815 2.55 1.43716 
v -3.83815 2.7 1.43716 
v -3.83815 2.8 1.43716 
v -3.83815 2.95 1.43716 
v -3.83815 3.05 1.43716 
v -3.83815 3.2 1.43716 
v -3.83815 3.3 1.43716 
v -3.83815 3.45 1.43716 
v -3.80875 -5 1.32929 
v -3.80875 -5 1.32929 
v -3.80875 -3.5 1.32929 
v -3.80875 -3.25 1.32929 
v -3.80875 -3 1.32929 
v -3.80875 -2.75 1.32929 
v -3.80875 -2.5 1.32929 
v -3.80875 -2.25 1.32929 
v -3.80875 2.25 1.32929 
v -3.80875 2.5 1.32929 
v -3.80875 2.75 1.32929 
v -3.80875 3 1.32929 
v -3.80875 3.25 1.32929 
v -3.80875 3.5 1.32929 
v -3.80875 5 1.32929 
v -3.80875 5 1.32929 
v -3.77149 -3.425 1.36262 
v -3.77149 -3.325 1.36262 
v -3.77149 -3.175 1.36262 
v -3.77149 -3.075 1.36262 
v -3.77149 -2.925 1.36262 
v -3.77149 -2.825 1.36262 
v -3.77149 -2.675 1.36262 
v -3.77149 -2.575 1.36262 
v -3.77149 -2.425 1.36262 
v -3.77149 -2.325 1.36262 
v -3.77149 2.325 1.36262 
v -3.77149 2.425 1.36262 
v -3.77149 2.575 1.36262 
v -3.77149 2.675 1.36262 
v -3.77149 2.825 1.36262 
v -3.77149 2.925 1.36262 
v -3.77149 3.075 1.36262 
v -3.77149 3.175 1.36262 
v -3.77149 3.325 1.36262 
v -3.77149 3.425 1.36262 
v -3.73815 -3.325 1.32535 
v -3.73815 -3.075 1.32535 
v -3.73815 -2.825 1.32535 
v -3.73815 -2.575 1.32535 
v -3.73815 -2.325 1.32535 
v -3.73815 2.425 1.32535 
v -3.73815 2.675 1.32535 
v -3.73815 2.925 1.32535 
v -3.73815 3.175 1.32535 
v -3.73815 3.425 1.32535 
v -3.72149 -3.425 1.30672 
v -3.72149 -3.175 1.30672 
v -3.72149 -2.925 1.30672 
v -3.72149 -2.675 1.30672 
v -3.72149 -2.425 1.30672 
v -3.72149 2.325 1.30672 
v -3.72149 2.575 1.30672 
v -3.72149 2.825 1.30672 
v -3.72149 3.075 1.30672 
v -3.72149 3.325 1.30672 
v -3.70377 4.375 1.62443 
v -3.70377 4.625 1.62443 
v -3.67044 4.375 1.58716 
v -3.67044 4.625 1.58716 
v -3.36836 4.375 1.92442 
v -3.36836 4.625 1.92442 
v -3.33502 4.375 1.88715 
v -3.33502 4.625 1.88715 
v -3.30458 4.85579e-007 2.11562 
v -3.30366 -0.015643 2.11644 
v -3.30366 0.0156439 2.11644 
v -3.30093 -0.0309012 2.11888 
v -3.30093 0.0309022 2.11888 
v -3.29646 -0.0453986 2.12288 
v -3.29646 0.0453995 2.12288 
v -3.29034 -0.058778 2.12835 
v -3.29034 0.058779 2.12835 
v -3.28988 4.87765e-007 2.06168 
v -3.28873 -0.0195538 2.06271 
v -3.28873 0.0195548 2.06271 
v -3.28532 -0.0386266 2.06576 
v -3.28532 0.0386276 2.06576 
v -3.28275 -0.0707102 2.13514 
v -3.28275 0.0707112 2.13514 
v -3.27973 -0.0567483 2.07076 
v -3.27973 0.0567493 2.07076 
v -3.27385 -0.0809012 2.1431 
v -3.27385 0.0809022 2.1431 
v -3.27209 -0.0734727 2.0776 
v -3.27209 0.0734737 2.0776 
v -3.27125 4.85579e-007 2.07835 
v -3.27033 -0.015643 2.07917 
v -3.27033 0.0156439 2.07917 
v -3.26868 4.79023e-007 2.18798 
v -3.26845 -0.00391038 2.18818 
v -3.26845 0.00391134 2.18818 
v -3.26776 -0.00772494 2.18879 
v -3.26776 0.0077259 2.18879 
v -3.2676 -0.0309012 2.08161 
v -3.2676 0.0309022 2.08161 
v -3.26664 -0.0113493 2.18979 
v -3.26664 0.0113502 2.18979 
v -3.26512 -0.0146942 2.19116 
v -3.26512 0.0146951 2.19116 
v -3.26388 -0.0891002 2.15202 
v -3.26388 0.0891012 2.15202 
v -3.26322 -0.0176772 2.19286 
v -3.26322 0.0176781 2.19286 
v -3.26312 -0.0453986 2.08561 
v -3.26312 0.0453995 2.08561 
v -3.26259 -0.0883879 2.08609 
v -3.26259 0.0883888 2.08609 
v -3.26099 -0.0202249 2.19485 
v -3.26099 0.0202259 2.19485 
v -3.2585 -0.0222747 2.19708 
v -3.2585 0.0222756 2.19708 
v -3.25701 -0.058778 2.09108 
v -3.25701 0.058779 2.09108 
v -3.2558 -0.0237759 2.19949 
v -3.2558 0.0237769 2.19949 
v -3.25308 -0.0951052 2.16168 
v -3.25308 0.0951061 2.16168 
v -3.25296 -0.0246917 2.20203 
v -3.25296 0.0246927 2.20203 
v -3.25148 -0.201127 2.09603 
v -3.25148 0.201128 2.09603 
v -3.25004 -0.0249995 2.20464 
v -3.25004 4.76837e-007 2.20464 
v -3.25004 4.76837e-007 2.20464 
v -3.25004 4.76837e-007 2.20464 
v -3.25004 4.76837e-007 2.20464 
v -3.25004 4.76837e-007 2.20464 
v -3.25004 4.76837e-007 2.20464 
v -3.25004 4.76837e-007 2.20464 
v -3.25004 4.76837e-007 2.20464 
v -3.25004 4.76837e-007 2.20464 
v -3.25004 4.76837e-007 2.20464 
v -3.25004 4.76837e-007 2.20464 
v -3.25004 4.76837e-007 2.20464 
v -3.25004 4.76837e-007 2.20464 
v -3.25004 4.76837e-007 2.20464 
v -3.25004 4.76837e-007 2.20464 
v -3.25004 4.76837e-007 2.20464 
v -3.25004 4.76837e-007 2.20464 
v -3.25004 4.76837e-007 2.20464 
v -3.25004 4.76837e-007 2.20464 
v -3.25004 4.76837e-007 2.20464 
v -3.25004 4.76837e-007 2.20464 
v -3.25004 4.76837e-007 2.20464 
v -3.25004 4.76837e-007 2.20464 
v -3.25004 4.76837e-007 2.20464 
v -3.25004 4.76837e-007 2.20464 
v -3.25004 4.76837e-007 2.20464 
v -3.25004 4.76837e-007 2.20464 
v -3.25004 4.76837e-007 2.20464 
v -3.25004 4.76837e-007 2.20464 
v -3.25004 4.76837e-007 2.20464 
v -3.25004 4.76837e-007 2.20464 
v -3.25004 4.76837e-007 2.20464 
v -3.25004 4.76837e-007 2.20464 
v -3.25004 4.76837e-007 2.20464 
v -3.25004 4.76837e-007 2.20464 
v -3.25004 4.76837e-007 2.20464 
v -3.25004 4.76837e-007 2.20464 
v -3.25004 4.76837e-007 2.20464 
v -3.25004 4.76837e-007 2.20464 
v -3.25004 4.76837e-007 2.20464 
v -3.25004 0.0250005 2.20464 
v -3.24942 -0.0707102 2.09787 
v -3.24942 0.0707112 2.09787 
v -3.24868 4.79023e-007 2.16561 
v -3.24845 -0.00391038 2.16582 
v -3.24845 0.00391134 2.16582 
v -3.24776 -0.00772494 2.16643 
v -3.24776 0.0077259 2.16643 
v -3.24713 -0.0246917 2.20725 
v -3.24713 0.0246927 2.20725 
v -3.24665 -0.0113493 2.16743 
v -3.24665 0.0113502 2.16743 
v -3.24512 -0.0146942 2.1688 
v -3.24512 0.0146951 2.1688 
v -3.24428 -0.0237759 2.20979 
v -3.24428 0.0237769 2.20979 
v -3.24322 -0.0176772 2.1705 
v -3.24322 0.0176781 2.1705 
v -3.2417 -0.0987684 2.17185 
v -3.2417 0.0987693 2.17185 
v -3.24158 -0.0222747 2.21221 
v -3.24158 0.0222756 2.21221 
v -3.241 -0.0202249 2.17248 
v -3.241 0.0202259 2.17248 
v -3.24052 -0.0809012 2.10583 
v -3.24052 0.0809022 2.10583 
v -3.23909 -0.0202249 2.21444 
v -3.23909 0.0202259 2.21444 
v -3.23901 -0.211375 2.10718 
v -3.23901 0.211376 2.10718 
v -3.2385 -0.0222747 2.17471 
v -3.2385 0.0222756 2.17471 
v -3.23687 -0.0176772 2.21643 
v -3.23687 0.0176781 2.21643 
v -3.2358 -0.0237759 2.17713 
v -3.2358 0.0237769 2.17713 
v -3.23497 -0.0146942 2.21813 
v -3.23497 0.0146951 2.21813 
v -3.23398 -3.45 2.11168 
v -3.23398 -3.2 2.11168 
v -3.23398 -2.95 2.11168 
v -3.23398 -2.7 2.11168 
v -3.23398 -2.45 2.11168 
v -3.23398 2.3 2.11168 
v -3.23398 2.55 2.11168 
v -3.23398 2.8 2.11168 
v -3.23398 3.05 2.11168 
v -3.23398 3.3 2.11168 
v -3.23344 -0.0113493 2.21949 
v -3.23344 0.0113502 2.21949 
v -3.23296 -0.0246917 2.17967 
v -3.23296 0.0246927 2.17967 
v -3.23232 -0.00772495 2.22049 
v -3.23232 0.0077259 2.22049 
v -3.23164 -0.00391038 2.2211 
v -3.23164 0.00391134 2.2211 
v -3.23141 4.76837e-007 2.22131 
v -3.23055 -0.0891002 2.11475 
v -3.23055 0.0891012 2.11475 
v -3.23004 -0.0999995 2.18228 
v -3.23004 -0.0249995 2.18228 
v -3.23004 0.0250005 2.18228 
v -3.23004 0.1 2.18228 
v -3.22713 -0.0246917 2.18489 
v -3.22713 0.0246927 2.18489 
v -3.2255 -0.218882 2.11926 
v -3.2255 0.218883 2.11926 
v -3.22428 -0.0237759 2.18743 
v -3.22428 0.0237769 2.18743 
v -3.22322 4.87765e-007 1.98714 
v -3.22207 -0.0195538 1.98817 
v -3.22207 0.0195548 1.98817 
v -3.22158 -0.0222747 2.18985 
v -3.22158 0.0222756 2.18985 
v -3.21974 -0.0951052 2.12441 
v -3.21974 0.0951061 2.12441 
v -3.21909 -0.0202249 2.19208 
v -3.21909 0.0202259 2.19208 
v -3.21866 -0.0386266 1.99122 
v -3.21866 0.0386276 1.99122 
v -3.21838 -0.0987684 2.19271 
v -3.21838 0.0987693 2.19271 
v -3.21687 -0.0176772 2.19407 
v -3.21687 0.0176781 2.19407 
v -3.21497 -0.0146942 2.19576 
v -3.21497 0.0146951 2.19576 
v -3.21344 -0.0113493 2.19713 
v -3.21344 0.0113502 2.19713 
v -3.21306 -0.0567483 1.99623 
v -3.21306 0.0567493 1.99623 
v -3.21232 -0.00772495 2.19813 
v -3.21232 0.0077259 2.19813 
v -3.21164 -0.00391038 2.19874 
v -3.21164 0.00391134 2.19874 
v -3.21141 4.76837e-007 2.19895 
v -3.21129 -0.223461 2.13198 
v -3.21129 0.223462 2.13198 
v -3.20837 -0.0987684 2.13458 
v -3.20837 0.0987693 2.13458 
v -3.20701 -0.0951052 2.20288 
v -3.20701 0.0951061 2.20288 
v -3.20542 -0.0734727 2.00306 
v -3.20542 0.0734737 2.00306 
v -3.20458 4.85579e-007 2.00381 
v -3.20367 -0.015643 2.00463 
v -3.20367 0.0156439 2.00463 
v -3.20093 -0.0309012 2.00707 
v -3.20093 0.0309022 2.00707 
v -3.20065 -3.3 2.07441 
v -3.20065 -3.05 2.07441 
v -3.20065 -2.8 2.07441 
v -3.20065 -2.55 2.07441 
v -3.20065 -2.3 2.07441 
v -3.20065 2.45 2.07441 
v -3.20065 2.7 2.07441 
v -3.20065 2.95 2.07441 
v -3.20065 3.2 2.07441 
v -3.20065 3.45 2.07441 
v -3.19671 -0.225 2.14501 
v -3.19671 -0.0999995 2.14501 
v -3.19671 0.1 2.14501 
v -3.19671 0.225001 2.14501 
v -3.19646 -0.0453986 2.01108 
v -3.19646 0.0453995 2.01108 
v -3.1962 -0.0891002 2.21255 
v -3.1962 0.0891011 2.21255 
v -3.19593 -0.0883879 2.01155 
v -3.19593 0.0883888 2.01155 
v -3.19035 -0.058778 2.01654 
v -3.19035 0.058779 2.01654 
v -3.18623 -0.0809012 2.22147 
v -3.18623 0.0809022 2.22147 
v -3.18505 -0.0987684 2.15544 
v -3.18505 0.0987693 2.15544 
v -3.18481 -0.201127 2.02149 
v -3.18481 0.201128 2.02149 
v -3.18275 -0.0707102 2.02334 
v -3.18275 0.0707112 2.02334 
v -3.18213 -0.223461 2.15805 
v -3.18213 0.223462 2.15805 
v -3.17734 -0.0707102 2.22942 
v -3.17734 0.0707111 2.22942 
v -3.17386 -0.0809012 2.03129 
v -3.17386 0.0809022 2.03129 
v -3.17368 -0.0951052 2.16561 
v -3.17368 0.0951061 2.16561 
v -3.17234 -0.211375 2.03264 
v -3.17234 0.211376 2.03264 
v -3.16974 -0.0587781 2.23621 
v -3.16974 0.058779 2.23621 
v -3.16792 -0.218882 2.17076 
v -3.16792 0.218883 2.17076 
v -3.16731 -3.45 2.03714 
v -3.16731 -3.3 2.03714 
v -3.16731 -3.2 2.03714 
v -3.16731 -3.05 2.03714 
v -3.16731 -2.95 2.03714 
v -3.16731 -2.8 2.03714 
v -3.16731 -2.7 2.03714 
v -3.16731 -2.55 2.03714 
v -3.16731 -2.45 2.03714 
v -3.16731 -2.3 2.03714 
v -3.16731 2.3 2.03714 
v -3.16731 2.45 2.03714 
v -3.16731 2.55 2.03714 
v -3.16731 2.7 2.03714 
v -3.16731 2.8 2.03714 
v -3.16731 2.95 2.03714 
v -3.16731 3.05 2.03714 
v -3.16731 3.2 2.03714 
v -3.16731 3.3 2.03714 
v -3.16731 3.45 2.03714 
v -3.16388 -0.0891002 2.04021 
v -3.16388 0.0891012 2.04021 
v -3.16363 -0.0453986 2.24168 
v -3.16363 0.0453995 2.24168 
v -3.16287 -0.0891002 2.17528 
v -3.16287 0.0891011 2.17528 
v -3.15915 -0.0309012 2.24568 
v -3.15915 0.0309022 2.24568 
v -3.15884 -0.218882 2.04472 
v -3.15884 0.218883 2.04472 
v -3.15642 -0.015643 2.24812 
v -3.15642 0.0156439 2.24812 
v -3.1555 4.76837e-007 2.24895 
v -3.15441 -0.211375 2.18284 
v -3.15441 0.211376 2.18284 
v -3.15308 -0.0951052 2.04987 
v -3.15308 0.0951061 2.04987 
v -3.1529 -0.0809012 2.1842 
v -3.1529 0.0809022 2.1842 
v -3.14462 -0.223461 2.05744 
v -3.14462 0.223462 2.05744 
v -3.144 -0.0707102 2.19215 
v -3.144 0.0707111 2.19215 
v -3.14195 -0.201127 2.19399 
v -3.14195 0.201128 2.19399 
v -3.14171 -0.0987684 2.06005 
v -3.14171 0.0987693 2.06005 
v -3.13641 -0.0587781 2.19895 
v -3.13641 0.058779 2.19895 
v -3.13083 -0.0883879 2.20394 
v -3.13083 0.0883888 2.20394 
v -3.1303 -0.0453986 2.20441 
v -3.1303 0.0453995 2.20441 
v -3.13005 -5 2.07048 
v -3.13004 -3.5 2.07047 
v -3.13004 -3.25 2.07047 
v -3.13004 -3 2.07047 
v -3.13004 -2.75 2.07047 
v -3.13004 -2.5 2.07047 
v -3.13004 -2.25 2.07047 
v -3.13005 -0.5 2.07048 
v -3.13005 -0.225 2.07048 
v -3.13005 -0.0999995 2.07047 
v -3.13005 2.38419e-007 2.07048 
v -3.13005 0.1 2.07047 
v -3.13005 0.225001 2.07048 
v -3.13005 0.5 2.07048 
v -3.13004 2.25 2.07047 
v -3.13004 2.5 2.07047 
v -3.13004 2.75 2.07047 
v -3.13005 3 2.07048 
v -3.13004 3.25 2.07047 
v -3.13005 3.5 2.07048 
v -3.13005 4 2.07048 
v -3.13005 5 2.07048 
v -3.12582 -0.0309012 2.20841 
v -3.12582 0.0309022 2.20841 
v -3.12309 -0.015643 2.21086 
v -3.12309 0.0156439 2.21086 
v -3.12217 4.76837e-007 2.21168 
v -3.12133 -0.0734727 2.21243 
v -3.12133 0.0734736 2.21243 
v -3.11839 -0.0987684 2.0809 
v -3.11839 0.0987693 2.0809 
v -3.11547 -0.223461 2.08351 
v -3.11547 0.223462 2.08351 
v -3.11369 -0.0567483 2.21926 
v -3.11369 0.0567493 2.21926 
v -3.1081 -0.0386266 2.22426 
v -3.1081 0.0386276 2.22426 
v -3.10701 -0.0951052 2.09108 
v -3.10701 0.0951061 2.09108 
v -3.10469 -0.0195538 2.22732 
v -3.10469 0.0195548 2.22732 
v -3.10354 4.76837e-007 2.22834 
v -3.10125 -0.218882 2.09623 
v -3.10125 0.218883 2.09623 
v -3.10065 -3.425 1.9626 
v -3.10065 -3.325 1.9626 
v -3.10065 -3.175 1.9626 
v -3.10065 -3.075 1.9626 
v -3.10065 -2.925 1.9626 
v -3.10065 -2.825 1.9626 
v -3.10065 -2.675 1.96261 
v -3.10065 -2.575 1.96261 
v -3.10065 -2.425 1.9626 
v -3.10065 -2.325 1.9626 
v -3.10065 2.325 1.9626 
v -3.10065 2.425 1.9626 
v -3.10065 2.575 1.96261 
v -3.10065 2.675 1.96261 
v -3.10065 2.825 1.96261 
v -3.10065 2.925 1.96261 
v -3.10065 3.075 1.9626 
v -3.10065 3.175 1.9626 
v -3.10065 3.325 1.9626 
v -3.10065 3.425 1.9626 
v -3.09621 -0.0891002 2.10074 
v -3.09621 0.0891011 2.10074 
v -3.08775 -0.211375 2.10831 
v -3.08775 0.211376 2.10831 
v -3.08623 -0.0809012 2.10966 
v -3.08623 0.0809022 2.10966 
v -3.07734 -0.0707102 2.11761 
v -3.07734 0.0707111 2.11761 
v -3.07528 -0.201127 2.11946 
v -3.07528 0.201128 2.11946 
v -3.06974 -0.0587781 2.12441 
v -3.06974 0.058779 2.12441 
v -3.06732 -3.325 1.92534 
v -3.06732 -3.075 1.92534 
v -3.06732 -2.825 1.92534 
v -3.06732 -2.575 1.92534 
v -3.06732 -2.325 1.92534 
v -3.06732 2.425 1.92534 
v -3.06732 2.675 1.92534 
v -3.06732 2.925 1.92534 
v -3.06732 3.175 1.92534 
v -3.06732 3.425 1.92534 
v -3.06416 -0.0883879 2.1294 
v -3.06416 0.0883888 2.1294 
v -3.06409 -0.5 2.36424 
v -3.06409 -0.25 2.36424 
v -3.06409 0.25 2.36424 
v -3.06409 0.5 2.36424 
v -3.06363 -0.0453986 2.12987 
v -3.06363 0.0453995 2.12987 
v -3.06338 -5 1.99594 
v -3.06338 -3.5 1.99594 
v -3.06338 -3.25 1.99594 
v -3.06338 -3 1.99594 
v -3.06338 -2.75 1.99594 
v -3.06338 -2.5 1.99594 
v -3.06338 -2.25 1.99594 
v -3.06338 -0.5 1.99594 
v -3.06338 -0.5 1.99594 
v -3.06338 -0.15 1.99594 
v -3.06338 -0.15 1.99594 
v -3.06338 2.38419e-007 1.99594 
v -3.06338 2.38419e-007 1.99594 
v -3.06338 0.15 1.99594 
v -3.06338 0.15 1.99594 
v -3.06338 0.5 1.99594 
v -3.06338 0.5 1.99594 
v -3.06338 2.25 1.99594 
v -3.06338 2.5 1.99594 
v -3.06338 2.75 1.99594 
v -3.06338 3 1.99594 
v -3.06338 3.25 1.99594 
v -3.06338 3.5 1.99594 
v -3.06338 4 1.99594 
v -3.06338 4 1.99594 
v -3.06338 5 1.99594 
v -3.06338 5 1.99594 
v -3.05916 -0.0309012 2.13388 
v -3.05916 0.0309022 2.13388 
v -3.05643 -0.015643 2.13632 
v -3.05643 0.0156439 2.13632 
v -3.05551 4.76837e-007 2.13714 
v -3.05467 -0.0734727 2.13789 
v -3.05467 0.0734736 2.13789 
v -3.05065 -3.425 1.9067 
v -3.05065 -3.175 1.9067 
v -3.05065 -2.925 1.9067 
v -3.05065 -2.675 1.9067 
v -3.05065 -2.425 1.9067 
v -3.05065 2.325 1.9067 
v -3.05065 2.575 1.9067 
v -3.05065 2.825 1.9067 
v -3.05065 3.075 1.9067 
v -3.05065 3.325 1.9067 
v -3.04764 -0.5 2.27834 
v -3.04764 -0.25 2.27834 
v -3.04764 4.76837e-007 2.27834 
v -3.04764 0.25 2.27834 
v -3.04764 0.5 2.27834 
v -3.04703 -0.0567483 2.14472 
v -3.04703 0.0567493 2.14472 
v -3.04143 -0.0386266 2.14973 
v -3.04143 0.0386276 2.14973 
v -3.03802 -0.0195538 2.15278 
v -3.03802 0.0195548 2.15278 
v -3.03687 4.76837e-007 2.15381 
v -2.98097 -0.5 2.2038 
v -2.98097 4.76837e-007 2.2038 
v -2.98097 0.5 2.2038 
v -2.97601 -0.5 2.48327 
v -2.97601 -0.25 2.48327 
v -2.97601 0.25 2.48327 
v -2.97601 0.5 2.48327 
v -2.95622 -0.5 2.39364 
v -2.95622 -0.25 2.39364 
v -2.95622 0.25 2.39364 
v -2.95622 0.500001 2.39364 
v -2.94268 -0.5 2.446 
v -2.94268 -0.25 2.446 
v -2.94268 0.25 2.446 
v -2.94268 0.500001 2.446 
v -2.93977 -0.499999 2.30774 
v -2.93977 -0.249999 2.30774 
v -2.93977 3.57628e-007 2.30774 
v -2.93977 0.250001 2.30774 
v -2.93977 0.500001 2.30774 
v -2.90643 -0.499999 2.27047 
v -2.90643 3.57628e-007 2.27047 
v -2.90643 0.500001 2.27047 
v -2.75736 -5 2.4038 
v -2.75736 -0.5 2.4038 
v -2.75736 -0.15 2.4038 
v -2.75736 2.38419e-007 2.4038 
v -2.75736 0.15 2.4038 
v -2.75736 0.5 2.4038 
v -2.75736 4 2.4038 
v -2.75736 5 2.4038 
v -2.74069 -0.149999 2.38516 
v -2.74069 3.5721e-007 2.38516 
v -2.74069 0.150001 2.38516 
v -2.70736 -0.149999 2.3479 
v -2.70736 3.50177e-007 2.34789 
v -2.70736 3.90553e-007 2.3479 
v -2.70736 0.150001 2.34789 
v -2.69069 -5 2.32926 
v -2.69069 -5 2.32926 
v -2.69069 -0.5 2.32926 
v -2.69069 -0.5 2.32926 
v -2.69069 -0.15 2.32926 
v -2.69069 2.38419e-007 2.32926 
v -2.69069 0.15 2.32926 
v -2.69069 0.5 2.32926 
v -2.69069 4 2.32926 
v -2.69069 4 2.32926 
v -2.69069 5 2.32926 
v -2.275 -4.95 -0.9 
v -2.275 -4.95 1 
v -2.275 1.8 -0.9 
v -2.275 1.8 0.8 
v -2.275 2 -0.9 
v -2.275 2 0.8 
v -2.275 4.95 -0.9 
v -2.275 4.95 1 
v -2.2 -5 -1 
v -2.2 -5 1 
v -2.2 5 -1 
v -2.2 5 1 
v -2.1 -3 1 
v -2.1 -3 1.05 
v -2.1 -2.75 1 
v -2.1 -2.75 1.05 
v -2.1 2.75 1 
v -2.1 2.75 1.05 
v -2.1 3 1 
v -2.1 3 1.05 
v -2.05 -3 0.75 
v -2.05 -2.75 0.75 
v -2.05 2.75 0.75 
v -2.05 3 0.75 
v -2 -5 -1 
v -2 -5 0.75 
v -2 -5 1 
v -2 -5 1.1 
v -2 -3 0.75 
v -2 -3 1 
v -2 -3 1.1 
v -2 -2.75 0.75 
v -2 -2.75 1 
v -2 -2.75 1.1 
v -2 2.75 0.75 
v -2 2.75 1 
v -2 2.75 1.1 
v -2 3 0.75 
v -2 3 1 
v -2 3 1.1 
v -2 5 -1 
v -2 5 0.75 
v -2 5 1 
v -2 5 1.1 
v -1.925 -4.95 -0.9 
v -1.925 -4.95 1 
v -1.925 1.8 -0.9 
v -1.925 1.8 0.8 
v -1.925 2 -0.9 
v -1.925 2 0.8 
v -1.925 4.95 -0.9 
v -1.925 4.95 1 
v -1.5 -5 1 
v -1.5 -5 1 
v -1.5 -5 1.1 
v -1.5 -3.5 1 
v -1.5 -3.5 1.1 
v -1.5 -3.25 1 
v -1.5 -3.25 1.1 
v -1.5 -3 1 
v -1.5 -3 1.1 
v -1.5 -2.75 1 
v -1.5 -2.75 1.1 
v -1.5 -2.5 1 
v -1.5 -2.5 1.1 
v -1.5 -2.25 1 
v -1.5 -2.25 1.1 
v -1.5 2.25 1 
v -1.5 2.25 1.1 
v -1.5 2.5 1 
v -1.5 2.5 1.1 
v -1.5 2.75 1 
v -1.5 2.75 1.1 
v -1.5 3 1 
v -1.5 3 1.1 
v -1.5 3.25 1 
v -1.5 3.25 1.1 
v -1.5 3.5 1 
v -1.5 3.5 1.1 
v -1.5 4 1.1 
v -1.5 5 1 
v -1.5 5 1 
v -1.5 5 1.1 
v -1.45 -3.45 1.1 
v -1.45 -3.45 1.2 
v -1.45 -3.425 0.925 
v -1.45 -3.425 1 
v -1.45 -3.325 0.95 
v -1.45 -3.325 1 
v -1.45 -3.3 1.1 
v -1.45 -3.3 1.15 
v -1.45 -3.2 1.1 
v -1.45 -3.2 1.2 
v -1.45 -3.175 0.925 
v -1.45 -3.175 1 
v -1.45 -3.075 0.95 
v -1.45 -3.075 1 
v -1.45 -3.05 1.1 
v -1.45 -3.05 1.15 
v -1.45 -2.95 1.1 
v -1.45 -2.95 1.2 
v -1.45 -2.925 0.925 
v -1.45 -2.925 1 
v -1.45 -2.825 0.95 
v -1.45 -2.825 1 
v -1.45 -2.8 1.1 
v -1.45 -2.8 1.15 
v -1.45 -2.7 1.1 
v -1.45 -2.7 1.2 
v -1.45 -2.675 0.925 
v -1.45 -2.675 1 
v -1.45 -2.575 0.95 
v -1.45 -2.575 1 
v -1.45 -2.55 1.1 
v -1.45 -2.55 1.15 
v -1.45 -2.45 1.1 
v -1.45 -2.45 1.2 
v -1.45 -2.425 0.925 
v -1.45 -2.425 1 
v -1.45 -2.325 0.95 
v -1.45 -2.325 1 
v -1.45 -2.3 1.1 
v -1.45 -2.3 1.15 
v -1.45 2.3 1.1 
v -1.45 2.3 1.2 
v -1.45 2.325 0.925 
v -1.45 2.325 1 
v -1.45 2.425 0.95 
v -1.45 2.425 1 
v -1.45 2.45 1.1 
v -1.45 2.45 1.15 
v -1.45 2.55 1.1 
v -1.45 2.55 1.2 
v -1.45 2.575 0.925 
v -1.45 2.575 1 
v -1.45 2.675 0.95 
v -1.45 2.675 1 
v -1.45 2.7 1.1 
v -1.45 2.7 1.15 
v -1.45 2.8 1.1 
v -1.45 2.8 1.2 
v -1.45 2.825 0.925 
v -1.45 2.825 1 
v -1.45 2.925 0.95 
v -1.45 2.925 1 
v -1.45 2.95 1.1 
v -1.45 2.95 1.15 
v -1.45 3.05 1.1 
v -1.45 3.05 1.2 
v -1.45 3.075 0.925 
v -1.45 3.075 1 
v -1.45 3.175 0.95 
v -1.45 3.175 1 
v -1.45 3.2 1.1 
v -1.45 3.2 1.15 
v -1.45 3.3 1.1 
v -1.45 3.3 1.2 
v -1.45 3.325 0.925 
v -1.45 3.325 1 
v -1.45 3.425 0.949999 
v -1.45 3.425 1 
v -1.45 3.45 1.1 
v -1.45 3.45 1.15 
v -1.225 4.375 1.1 
v -1.225 4.375 1.15 
v -1.225 4.625 1.1 
v -1.225 4.625 1.15 
v -0.775 4.375 1.1 
v -0.775 4.375 1.15 
v -0.775 4.625 1.1 
v -0.775 4.625 1.15 
v -0.625 4.87765e-007 1.1 
v -0.625 4.87765e-007 1.2 
v -0.623461 -0.0195538 1.1 
v -0.623461 -0.0195538 1.2 
v -0.623461 0.0195548 1.1 
v -0.623461 0.0195548 1.2 
v -0.618882 -0.0386266 1.1 
v -0.618882 -0.0386266 1.2 
v -0.618882 0.0386276 1.1 
v -0.618882 0.0386276 1.2 
v -0.611376 -0.0567483 1.1 
v -0.611376 -0.0567483 1.2 
v -0.611376 0.0567493 1.1 
v -0.611376 0.0567493 1.2 
v -0.601127 -0.0734727 1.1 
v -0.601127 -0.0734727 1.2 
v -0.601127 0.0734737 1.1 
v -0.601127 0.0734737 1.2 
v -0.6 4.85579e-007 1.1 
v -0.6 4.85579e-007 1.2 
v -0.6 4.85579e-007 1.25 
v -0.598769 -0.015643 1.1 
v -0.598769 -0.015643 1.2 
v -0.598769 -0.015643 1.25 
v -0.598769 0.0156439 1.1 
v -0.598769 0.0156439 1.2 
v -0.598769 0.0156439 1.25 
v -0.595106 -0.0309012 1.1 
v -0.595106 -0.0309012 1.2 
v -0.595106 -0.0309012 1.25 
v -0.595106 0.0309022 1.1 
v -0.595106 0.0309022 1.2 
v -0.595106 0.0309022 1.25 
v -0.589101 -0.0453986 1.1 
v -0.589101 -0.0453986 1.2 
v -0.589101 -0.0453986 1.25 
v -0.589101 0.0453995 1.1 
v -0.589101 0.0453995 1.2 
v -0.589101 0.0453995 1.25 
v -0.588388 -0.0883879 1.1 
v -0.588388 -0.0883879 1.2 
v -0.588388 0.0883888 1.1 
v -0.588388 0.0883888 1.2 
v -0.580902 -0.058778 1.1 
v -0.580902 -0.058778 1.2 
v -0.580902 -0.058778 1.25 
v -0.580902 0.058779 1.1 
v -0.580902 0.058779 1.2 
v -0.580902 0.058779 1.25 
v -0.573473 -0.201127 1.1 
v -0.573473 -0.201127 1.2 
v -0.573473 0.201128 1.1 
v -0.573473 0.201128 1.2 
v -0.570711 -0.0707102 1.1 
v -0.570711 -0.0707102 1.2 
v -0.570711 -0.0707102 1.25 
v -0.570711 0.0707112 1.1 
v -0.570711 0.0707112 1.2 
v -0.570711 0.0707112 1.25 
v -0.558778 -0.0809012 1.1 
v -0.558778 -0.0809012 1.2 
v -0.558778 -0.0809012 1.25 
v -0.558778 0.0809022 1.1 
v -0.558778 0.0809022 1.2 
v -0.558778 0.0809022 1.25 
v -0.556749 -0.211375 1.1 
v -0.556749 -0.211375 1.2 
v -0.556749 0.211376 1.1 
v -0.556749 0.211376 1.2 
v -0.55 -3.45 1.1 
v -0.55 -3.45 1.2 
v -0.55 -3.425 0.925 
v -0.55 -3.425 1 
v -0.55 -3.325 0.95 
v -0.55 -3.325 1 
v -0.55 -3.3 1.1 
v -0.55 -3.3 1.15 
v -0.55 -3.2 1.1 
v -0.55 -3.2 1.2 
v -0.55 -3.175 0.925 
v -0.55 -3.175 1 
v -0.55 -3.075 0.95 
v -0.55 -3.075 1 
v -0.55 -3.05 1.1 
v -0.55 -3.05 1.15 
v -0.55 -2.95 1.1 
v -0.55 -2.95 1.2 
v -0.55 -2.925 0.925 
v -0.55 -2.925 1 
v -0.55 -2.825 0.95 
v -0.55 -2.825 1 
v -0.55 -2.8 1.1 
v -0.55 -2.8 1.15 
v -0.55 -2.7 1.1 
v -0.55 -2.7 1.2 
v -0.55 -2.675 0.925 
v -0.55 -2.675 1 
v -0.55 -2.575 0.95 
v -0.55 -2.575 1 
v -0.55 -2.55 1.1 
v -0.55 -2.55 1.15 
v -0.55 -2.45 1.1 
v -0.55 -2.45 1.2 
v -0.55 -2.425 0.925 
v -0.55 -2.425 1 
v -0.55 -2.325 0.95 
v -0.55 -2.325 1 
v -0.55 -2.3 1.1 
v -0.55 -2.3 1.15 
v -0.55 2.3 1.1 
v -0.55 2.3 1.2 
v -0.55 2.325 0.925 
v -0.55 2.325 1 
v -0.55 2.425 0.95 
v -0.55 2.425 1 
v -0.55 2.45 1.1 
v -0.55 2.45 1.15 
v -0.55 2.55 1.1 
v -0.55 2.55 1.2 
v -0.55 2.575 0.925 
v -0.55 2.575 1 
v -0.55 2.675 0.95 
v -0.55 2.675 1 
v -0.55 2.7 1.1 
v -0.55 2.7 1.15 
v -0.55 2.8 1.1 
v -0.55 2.8 1.2 
v -0.55 2.825 0.925 
v -0.55 2.825 1 
v -0.55 2.925 0.95 
v -0.55 2.925 1 
v -0.55 2.95 1.1 
v -0.55 2.95 1.15 
v -0.55 3.05 1.1 
v -0.55 3.05 1.2 
v -0.55 3.075 0.925 
v -0.55 3.075 1 
v -0.55 3.175 0.95 
v -0.55 3.175 1 
v -0.55 3.2 1.1 
v -0.55 3.2 1.15 
v -0.55 3.3 1.1 
v -0.55 3.3 1.2 
v -0.55 3.325 0.925 
v -0.55 3.325 1 
v -0.55 3.425 0.949999 
v -0.55 3.425 1 
v -0.55 3.45 1.1 
v -0.55 3.45 1.15 
v -0.545399 -0.0891002 1.1 
v -0.545399 -0.0891002 1.2 
v -0.545399 -0.0891002 1.25 
v -0.545399 0.0891012 1.1 
v -0.545399 0.0891012 1.2 
v -0.545399 0.0891012 1.25 
v -0.538627 -0.218882 1.1 
v -0.538627 -0.218882 1.2 
v -0.538627 0.218883 1.1 
v -0.538627 0.218883 1.2 
v -0.530902 -0.0951052 1.1 
v -0.530902 -0.0951052 1.2 
v -0.530902 -0.0951052 1.25 
v -0.530902 0.0951061 1.1 
v -0.530902 0.0951061 1.2 
v -0.530902 0.0951061 1.25 
v -0.525 4.79023e-007 1.25 
v -0.525 4.79023e-007 1.28 
v -0.524692 -0.00391038 1.25 
v -0.524692 -0.00391038 1.28 
v -0.524692 0.00391134 1.25 
v -0.524692 0.00391134 1.28 
v -0.523776 -0.00772494 1.25 
v -0.523776 -0.00772494 1.28 
v -0.523776 0.0077259 1.25 
v -0.523776 0.0077259 1.28 
v -0.522275 -0.0113493 1.25 
v -0.522275 -0.0113493 1.28 
v -0.522275 0.0113502 1.25 
v -0.522275 0.0113502 1.28 
v -0.520225 -0.0146942 1.25 
v -0.520225 -0.0146942 1.28 
v -0.520225 0.0146951 1.25 
v -0.520225 0.0146951 1.28 
v -0.519554 -0.223461 1.1 
v -0.519554 -0.223461 1.2 
v -0.519554 0.223462 1.1 
v -0.519554 0.223462 1.2 
v -0.517678 -0.0176772 1.25 
v -0.517678 -0.0176772 1.28 
v -0.517678 0.0176781 1.25 
v -0.517678 0.0176781 1.28 
v -0.515643 -0.0987684 1.1 
v -0.515643 -0.0987684 1.2 
v -0.515643 -0.0987684 1.25 
v -0.515643 0.0987693 1.1 
v -0.515643 0.0987693 1.2 
v -0.515643 0.0987693 1.25 
v -0.514695 -0.0202249 1.25 
v -0.514695 -0.0202249 1.28 
v -0.514695 0.0202259 1.25 
v -0.514695 0.0202259 1.28 
v -0.51135 -0.0222747 1.25 
v -0.51135 -0.0222747 1.28 
v -0.51135 0.0222756 1.25 
v -0.51135 0.0222756 1.28 
v -0.507725 -0.0237759 1.25 
v -0.507725 -0.0237759 1.28 
v -0.507725 0.0237769 1.25 
v -0.507725 0.0237769 1.28 
v -0.503911 -0.0246917 1.25 
v -0.503911 -0.0246917 1.28 
v -0.503911 0.0246927 1.25 
v -0.503911 0.0246927 1.28 
v -0.5 -5 1 
v -0.5 -5 1.1 
v -0.5 -3.5 1 
v -0.5 -3.5 1.1 
v -0.5 -3.25 1 
v -0.5 -3.25 1.1 
v -0.5 -3 1 
v -0.5 -3 1.1 
v -0.5 -2.75 1 
v -0.5 -2.75 1.1 
v -0.5 -2.5 1 
v -0.5 -2.5 1.1 
v -0.5 -2.25 1 
v -0.5 -2.25 1.1 
v -0.5 -0.5 1 
v -0.5 -0.5 1 
v -0.5 -0.5 1.1 
v -0.5 -0.225 1.1 
v -0.5 -0.225 1.2 
v -0.5 -0.15 1 
v -0.5 -0.15 1 
v -0.5 -0.0999995 1.1 
v -0.5 -0.0999995 1.2 
v -0.5 -0.0999995 1.25 
v -0.5 -0.0249995 1.25 
v -0.5 -0.0249995 1.28 
v -0.5 2.38419e-007 1 
v -0.5 2.38419e-007 1 
v -0.5 2.38419e-007 1.1 
v -0.5 4.76837e-007 1.28 
v -0.5 4.76837e-007 1.28 
v -0.5 4.76837e-007 1.28 
v -0.5 4.76837e-007 1.28 
v -0.5 4.76837e-007 1.28 
v -0.5 4.76837e-007 1.28 
v -0.5 4.76837e-007 1.28 
v -0.5 4.76837e-007 1.28 
v -0.5 4.76837e-007 1.28 
v -0.5 4.76837e-007 1.28 
v -0.5 4.76837e-007 1.28 
v -0.5 4.76837e-007 1.28 
v -0.5 4.76837e-007 1.28 
v -0.5 4.76837e-007 1.28 
v -0.5 4.76837e-007 1.28 
v -0.5 4.76837e-007 1.28 
v -0.5 4.76837e-007 1.28 
v -0.5 4.76837e-007 1.28 
v -0.5 4.76837e-007 1.28 
v -0.5 4.76837e-007 1.28 
v -0.5 4.76837e-007 1.28 
v -0.5 4.76837e-007 1.28 
v -0.5 4.76837e-007 1.28 
v -0.5 4.76837e-007 1.28 
v -0.5 4.76837e-007 1.28 
v -0.5 4.76837e-007 1.28 
v -0.5 4.76837e-007 1.28 
v -0.5 4.76837e-007 1.28 
v -0.5 4.76837e-007 1.28 
v -0.5 4.76837e-007 1.28 
v -0.5 4.76837e-007 1.28 
v -0.5 4.76837e-007 1.28 
v -0.5 4.76837e-007 1.28 
v -0.5 4.76837e-007 1.28 
v -0.5 4.76837e-007 1.28 
v -0.5 4.76837e-007 1.28 
v -0.5 4.76837e-007 1.28 
v -0.5 4.76837e-007 1.28 
v -0.5 4.76837e-007 1.28 
v -0.5 4.76837e-007 1.28 
v -0.5 0.0250005 1.25 
v -0.5 0.0250005 1.28 
v -0.5 0.1 1.1 
v -0.5 0.1 1.2 
v -0.5 0.1 1.25 
v -0.5 0.15 1 
v -0.5 0.15 1 
v -0.5 0.225001 1.1 
v -0.5 0.225001 1.2 
v -0.5 0.5 1 
v -0.5 0.5 1 
v -0.5 0.5 1.1 
v -0.5 2.25 1 
v -0.5 2.25 1.1 
v -0.5 2.5 1 
v -0.5 2.5 1.1 
v -0.5 2.75 1 
v -0.5 2.75 1.1 
v -0.5 3 1 
v -0.5 3 1.1 
v -0.5 3.25 1 
v -0.5 3.25 1.1 
v -0.5 3.5 1 
v -0.5 3.5 1.1 
v -0.5 4 1 
v -0.5 4 1 
v -0.5 4 1.1 
v -0.5 5 1 
v -0.5 5 1 
v -0.5 5 1.1 
v -0.496089 -0.0246917 1.25 
v -0.496089 -0.0246917 1.28 
v -0.496089 0.0246927 1.25 
v -0.496089 0.0246927 1.28 
v -0.492275 -0.0237759 1.25 
v -0.492275 -0.0237759 1.28 
v -0.492274 0.0237769 1.25 
v -0.492274 0.0237769 1.28 
v -0.48865 -0.0222747 1.25 
v -0.48865 -0.0222747 1.28 
v -0.48865 0.0222756 1.25 
v -0.48865 0.0222756 1.28 
v -0.485305 -0.0202249 1.25 
v -0.485305 -0.0202249 1.28 
v -0.485305 0.0202259 1.25 
v -0.485305 0.0202259 1.28 
v -0.484356 -0.0987684 1.1 
v -0.484356 -0.0987684 1.2 
v -0.484356 -0.0987684 1.25 
v -0.484356 0.0987693 1.1 
v -0.484356 0.0987693 1.2 
v -0.484356 0.0987693 1.25 
v -0.482322 -0.0176772 1.25 
v -0.482322 -0.0176772 1.28 
v -0.482322 0.0176781 1.25 
v -0.482322 0.0176781 1.28 
v -0.480446 -0.223461 1.1 
v -0.480446 -0.223461 1.2 
v -0.480446 0.223462 1.1 
v -0.480446 0.223462 1.2 
v -0.479775 -0.0146942 1.25 
v -0.479775 -0.0146942 1.28 
v -0.479774 0.0146951 1.25 
v -0.479774 0.0146951 1.28 
v -0.477725 -0.0113493 1.25 
v -0.477725 -0.0113493 1.28 
v -0.477725 0.0113502 1.25 
v -0.477725 0.0113502 1.28 
v -0.476223 -0.00772495 1.25 
v -0.476223 -0.00772495 1.28 
v -0.476223 0.0077259 1.25 
v -0.476223 0.0077259 1.28 
v -0.475308 -0.00391038 1.25 
v -0.475308 -0.00391038 1.28 
v -0.475308 0.00391134 1.25 
v -0.475308 0.00391134 1.28 
v -0.475 4.76837e-007 1.25 
v -0.475 4.76837e-007 1.28 
v -0.469098 -0.0951052 1.1 
v -0.469098 -0.0951052 1.2 
v -0.469098 -0.0951052 1.25 
v -0.469098 0.0951061 1.1 
v -0.469098 0.0951061 1.2 
v -0.469098 0.0951061 1.25 
v -0.461373 -0.218882 1.1 
v -0.461373 -0.218882 1.2 
v -0.461373 0.218883 1.1 
v -0.461373 0.218883 1.2 
v -0.454601 -0.0891002 1.1 
v -0.454601 -0.0891002 1.2 
v -0.454601 -0.0891002 1.25 
v -0.454601 0.0891011 1.1 
v -0.454601 0.0891011 1.2 
v -0.454601 0.0891011 1.25 
v -0.443251 -0.211375 1.1 
v -0.443251 -0.211375 1.2 
v -0.443251 0.211376 1.1 
v -0.443251 0.211376 1.2 
v -0.441221 -0.0809012 1.1 
v -0.441221 -0.0809012 1.2 
v -0.441221 -0.0809012 1.25 
v -0.441221 0.0809022 1.1 
v -0.441221 0.0809022 1.2 
v -0.441221 0.0809022 1.25 
v -0.429289 -0.0707102 1.1 
v -0.429289 -0.0707102 1.2 
v -0.429289 -0.0707102 1.25 
v -0.429289 0.0707111 1.1 
v -0.429289 0.0707111 1.2 
v -0.429289 0.0707111 1.25 
v -0.426527 -0.201127 1.1 
v -0.426527 -0.201127 1.2 
v -0.426527 0.201128 1.1 
v -0.426527 0.201128 1.2 
v -0.419098 -0.0587781 1.1 
v -0.419098 -0.0587781 1.2 
v -0.419098 -0.0587781 1.25 
v -0.419098 0.058779 1.1 
v -0.419098 0.058779 1.2 
v -0.419098 0.058779 1.25 
v -0.411612 -0.0883879 1.1 
v -0.411612 -0.0883879 1.2 
v -0.411612 0.0883888 1.1 
v -0.411612 0.0883888 1.2 
v -0.410899 -0.0453986 1.1 
v -0.410899 -0.0453986 1.2 
v -0.410899 -0.0453986 1.25 
v -0.410899 0.0453995 1.1 
v -0.410899 0.0453995 1.2 
v -0.410899 0.0453995 1.25 
v -0.404894 -0.0309012 1.1 
v -0.404894 -0.0309012 1.2 
v -0.404894 -0.0309012 1.25 
v -0.404894 0.0309022 1.1 
v -0.404894 0.0309022 1.2 
v -0.404894 0.0309022 1.25 
v -0.401231 -0.015643 1.1 
v -0.401231 -0.015643 1.2 
v -0.401231 -0.015643 1.25 
v -0.401231 0.0156439 1.1 
v -0.401231 0.0156439 1.2 
v -0.401231 0.0156439 1.25 
v -0.4 4.76837e-007 1.1 
v -0.4 4.76837e-007 1.2 
v -0.4 4.76837e-007 1.25 
v -0.398873 -0.0734727 1.1 
v -0.398873 -0.0734727 1.2 
v -0.398873 0.0734736 1.1 
v -0.398873 0.0734736 1.2 
v -0.388624 -0.0567483 1.1 
v -0.388624 -0.0567483 1.2 
v -0.388624 0.0567493 1.1 
v -0.388624 0.0567493 1.2 
v -0.381118 -0.0386266 1.1 
v -0.381118 -0.0386266 1.2 
v -0.381118 0.0386276 1.1 
v -0.381118 0.0386276 1.2 
v -0.376539 -0.0195538 1.1 
v -0.376539 -0.0195538 1.2 
v -0.376539 0.0195548 1.1 
v -0.376539 0.0195548 1.2 
v -0.375 4.76837e-007 1.1 
v -0.375 4.76837e-007 1.2 
v -0.3 -0.5 1.1 
v -0.3 -0.5 1.2 
v -0.3 -0.25 1.2 
v -0.3 4.76837e-007 1.1 
v -0.3 4.76837e-007 1.2 
v -0.3 0.25 1.2 
v -0.3 0.5 1.1 
v -0.3 0.5 1.2 
v -0.255 -0.5 1.275 
v -0.255 -0.25 1.275 
v -0.255 0.25 1.275 
v -0.255 0.5 1.275 
v -0.2 -0.499999 1.1 
v -0.2 -0.499999 1.15 
v -0.2 -0.249999 1.15 
v -0.2 3.57628e-007 1.1 
v -0.2 3.57628e-007 1.15 
v -0.2 0.250001 1.15 
v -0.2 0.500001 1.1 
v -0.2 0.500001 1.15 
v -0.155 -0.5 1.225 
v -0.155 -0.25 1.225 
v -0.155 0.25 1.225 
v -0.155 0.500001 1.225 
v -0.11 -0.5 1.255 
v -0.11 -0.5 1.305 
v -0.11 -0.25 1.255 
v -0.11 -0.25 1.305 
v -0.11 0.25 1.255 
v -0.11 0.25 1.305 
v -0.11 0.500001 1.255 
v -0.11 0.5 1.305 
v -0.0749999 -4.95 -0.9 
v -0.0749999 -4.95 1 
v -0.0749999 1.8 -0.9 
v -0.0749999 1.8 0.8 
v -0.0749999 2 -0.9 
v -0.0749999 2 0.8 
v -0.0749999 4.95 -0.9 
v -0.0749999 4.95 1 
v 2.98023e-008 -5 -1 
v 2.98023e-008 -5 1 
v 2.98023e-008 -5 1.1 
v 2.98023e-008 -0.5 1 
v 2.98023e-008 -0.5 1 
v 2.98023e-008 -0.5 1.1 
v 2.98023e-008 -0.15 1 
v 2.98023e-008 -0.149999 1.025 
v 2.98023e-008 -0.149999 1.075 
v 2.98023e-008 -0.15 1.1 
v 2.98023e-008 2.38419e-007 1 
v 2.98023e-008 3.50177e-007 1.025 
v 2.98023e-008 3.90553e-007 1.025 
v 2.98023e-008 3.5721e-007 1.075 
v 2.98023e-008 2.38419e-007 1.1 
v 2.98023e-008 0.15 1 
v 2.98023e-008 0.150001 1.025 
v 2.98023e-008 0.150001 1.075 
v 2.98023e-008 0.15 1.1 
v 2.98023e-008 0.5 1 
v 2.98023e-008 0.5 1.1 
v 2.98023e-008 4 1 
v 2.98023e-008 4 1 
v 2.98023e-008 4 1.1 
v 2.98023e-008 5 -1 
v 2.98023e-008 5 1 
v 2.98023e-008 5 1.1 
v 0.2 -5 -1 
v 0.2 -5 1 
v 0.2 -5 1.1 
v 0.2 -0.5 1 
v 0.2 -0.5 1 
v 0.2 -0.5 1.1 
v 0.2 -0.15 1 
v 0.2 -0.149999 1.025 
v 0.2 -0.149999 1.075 
v 0.2 -0.15 1.1 
v 0.2 2.38419e-007 1 
v 0.2 3.50177e-007 1.025 
v 0.2 3.90553e-007 1.025 
v 0.2 3.5721e-007 1.075 
v 0.2 2.38419e-007 1.1 
v 0.2 0.15 1 
v 0.2 0.150001 1.025 
v 0.2 0.150001 1.075 
v 0.2 0.15 1.1 
v 0.2 0.5 1 
v 0.2 0.5 1.1 
v 0.2 4 1 
v 0.2 4 1 
v 0.2 4 1.1 
v 0.2 5 -1 
v 0.2 5 1 
v 0.2 5 1.1 
v 0.275 -4.95 -0.9 
v 0.275 -4.95 1 
v 0.275 1.8 -0.9 
v 0.275 1.8 0.8 
v 0.275 2 -0.9 
v 0.275 2 0.8 
v 0.275 4.95 -0.9 
v 0.275 4.95 1 
v 0.31 -0.5 1.255 
v 0.31 -0.5 1.305 
v 0.31 -0.25 1.255 
v 0.31 -0.25 1.305 
v 0.31 0.25 1.255 
v 0.31 0.25 1.305 
v 0.31 0.500001 1.255 
v 0.31 0.5 1.305 
v 0.355 -0.5 1.225 
v 0.355 -0.25 1.225 
v 0.355 0.25 1.225 
v 0.355 0.500001 1.225 
v 0.4 -0.499999 1.1 
v 0.4 -0.499999 1.15 
v 0.4 -0.249999 1.15 
v 0.4 3.57628e-007 1.1 
v 0.4 3.57628e-007 1.15 
v 0.4 0.250001 1.15 
v 0.4 0.500001 1.1 
v 0.4 0.500001 1.15 
v 0.455 -0.5 1.275 
v 0.455 -0.25 1.275 
v 0.455 0.25 1.275 
v 0.455 0.5 1.275 
v 0.5 -0.5 1.1 
v 0.5 -0.5 1.2 
v 0.5 -0.25 1.2 
v 0.5 4.76837e-007 1.1 
v 0.5 4.76837e-007 1.2 
v 0.5 0.25 1.2 
v 0.5 0.5 1.1 
v 0.5 0.5 1.2 
v 0.575 4.76837e-007 1.1 
v 0.575 4.76837e-007 1.2 
v 0.576539 -0.0195538 1.1 
v 0.576539 -0.0195538 1.2 
v 0.576539 0.0195548 1.1 
v 0.576539 0.0195548 1.2 
v 0.581118 -0.0386266 1.1 
v 0.581118 -0.0386266 1.2 
v 0.581118 0.0386276 1.1 
v 0.581118 0.0386276 1.2 
v 0.588624 -0.0567483 1.1 
v 0.588624 -0.0567483 1.2 
v 0.588624 0.0567493 1.1 
v 0.588624 0.0567493 1.2 
v 0.598873 -0.0734727 1.1 
v 0.598873 -0.0734727 1.2 
v 0.598873 0.0734736 1.1 
v 0.598873 0.0734736 1.2 
v 0.6 4.76837e-007 1.1 
v 0.6 4.76837e-007 1.2 
v 0.6 4.76837e-007 1.25 
v 0.601231 -0.015643 1.1 
v 0.601231 -0.015643 1.2 
v 0.601231 -0.015643 1.25 
v 0.601231 0.0156439 1.1 
v 0.601231 0.0156439 1.2 
v 0.601231 0.0156439 1.25 
v 0.604894 -0.0309012 1.1 
v 0.604894 -0.0309012 1.2 
v 0.604894 -0.0309012 1.25 
v 0.604894 0.0309022 1.1 
v 0.604894 0.0309022 1.2 
v 0.604894 0.0309022 1.25 
v 0.610899 -0.0453986 1.1 
v 0.610899 -0.0453986 1.2 
v 0.610899 -0.0453986 1.25 
v 0.610899 0.0453995 1.1 
v 0.610899 0.0453995 1.2 
v 0.610899 0.0453995 1.25 
v 0.611612 -0.0883879 1.1 
v 0.611612 -0.0883879 1.2 
v 0.611611 0.0883888 1.1 
v 0.611611 0.0883888 1.2 
v 0.619098 -0.0587781 1.1 
v 0.619098 -0.0587781 1.2 
v 0.619098 -0.0587781 1.25 
v 0.619098 0.058779 1.1 
v 0.619098 0.058779 1.2 
v 0.619098 0.058779 1.25 
v 0.626527 -0.201127 1.1 
v 0.626527 -0.201127 1.2 
v 0.626527 0.201128 1.1 
v 0.626527 0.201128 1.2 
v 0.629289 -0.0707102 1.1 
v 0.629289 -0.0707102 1.2 
v 0.629289 -0.0707102 1.25 
v 0.629289 0.0707111 1.1 
v 0.629289 0.0707111 1.2 
v 0.629289 0.0707111 1.25 
v 0.641221 -0.0809012 1.1 
v 0.641221 -0.0809012 1.2 
v 0.641221 -0.0809012 1.25 
v 0.641221 0.0809022 1.1 
v 0.641221 0.0809022 1.2 
v 0.641221 0.0809022 1.25 
v 0.643251 -0.211375 1.1 
v 0.643251 -0.211375 1.2 
v 0.643251 0.211376 1.1 
v 0.643251 0.211376 1.2 
v 0.654601 -0.0891002 1.1 
v 0.654601 -0.0891002 1.2 
v 0.654601 -0.0891002 1.25 
v 0.654601 0.0891011 1.1 
v 0.654601 0.0891011 1.2 
v 0.654601 0.0891011 1.25 
v 0.661373 -0.218882 1.1 
v 0.661373 -0.218882 1.2 
v 0.661373 0.218883 1.1 
v 0.661373 0.218883 1.2 
v 0.669098 -0.0951052 1.1 
v 0.669098 -0.0951052 1.2 
v 0.669098 -0.0951052 1.25 
v 0.669098 0.0951061 1.1 
v 0.669098 0.0951061 1.2 
v 0.669098 0.0951061 1.25 
v 0.675 4.76837e-007 1.25 
v 0.675 4.76837e-007 1.28 
v 0.675308 -0.00391038 1.25 
v 0.675308 -0.00391038 1.28 
v 0.675308 0.00391134 1.25 
v 0.675308 0.00391134 1.28 
v 0.676223 -0.00772495 1.25 
v 0.676223 -0.00772495 1.28 
v 0.676223 0.0077259 1.25 
v 0.676223 0.0077259 1.28 
v 0.677725 -0.0113493 1.25 
v 0.677725 -0.0113493 1.28 
v 0.677725 0.0113502 1.25 
v 0.677725 0.0113502 1.28 
v 0.679774 -0.0146942 1.25 
v 0.679774 -0.0146942 1.28 
v 0.679774 0.0146951 1.25 
v 0.679774 0.0146951 1.28 
v 0.680446 -0.223461 1.1 
v 0.680446 -0.223461 1.2 
v 0.680446 0.223462 1.1 
v 0.680446 0.223462 1.2 
v 0.682322 -0.0176772 1.25 
v 0.682322 -0.0176772 1.28 
v 0.682322 0.0176781 1.25 
v 0.682322 0.0176781 1.28 
v 0.684356 -0.0987684 1.1 
v 0.684356 -0.0987684 1.2 
v 0.684356 -0.0987684 1.25 
v 0.684356 0.0987693 1.1 
v 0.684356 0.0987693 1.2 
v 0.684356 0.0987693 1.25 
v 0.685305 -0.0202249 1.25 
v 0.685305 -0.0202249 1.28 
v 0.685305 0.0202259 1.25 
v 0.685305 0.0202259 1.28 
v 0.68865 -0.0222747 1.25 
v 0.68865 -0.0222747 1.28 
v 0.68865 0.0222756 1.25 
v 0.68865 0.0222756 1.28 
v 0.692274 -0.0237759 1.25 
v 0.692274 -0.0237759 1.28 
v 0.692274 0.0237769 1.25 
v 0.692274 0.0237769 1.28 
v 0.696089 -0.0246917 1.25 
v 0.696089 -0.0246917 1.28 
v 0.696089 0.0246927 1.25 
v 0.696089 0.0246927 1.28 
v 0.7 -5 1 
v 0.7 -5 1.1 
v 0.7 -3.5 1 
v 0.7 -3.5 1.1 
v 0.7 -3.25 1 
v 0.7 -3.25 1.1 
v 0.7 -3 1 
v 0.7 -3 1.1 
v 0.7 -2.75 1 
v 0.7 -2.75 1.1 
v 0.7 -2.5 1 
v 0.7 -2.5 1.1 
v 0.7 -2.25 1 
v 0.7 -2.25 1.1 
v 0.7 -0.5 1 
v 0.7 -0.5 1 
v 0.7 -0.5 1.1 
v 0.7 -0.225 1.1 
v 0.7 -0.225 1.2 
v 0.7 -0.15 1 
v 0.7 -0.15 1 
v 0.7 -0.0999995 1.1 
v 0.7 -0.0999995 1.2 
v 0.7 -0.0999995 1.25 
v 0.7 -0.0249995 1.25 
v 0.7 -0.0249995 1.28 
v 0.7 2.38419e-007 1 
v 0.7 2.38419e-007 1 
v 0.7 2.38419e-007 1.1 
v 0.7 4.76837e-007 1.28 
v 0.7 4.76837e-007 1.28 
v 0.7 4.76837e-007 1.28 
v 0.7 4.76837e-007 1.28 
v 0.7 4.76837e-007 1.28 
v 0.7 4.76837e-007 1.28 
v 0.7 4.76837e-007 1.28 
v 0.7 4.76837e-007 1.28 
v 0.7 4.76837e-007 1.28 
v 0.7 4.76837e-007 1.28 
v 0.7 4.76837e-007 1.28 
v 0.7 4.76837e-007 1.28 
v 0.7 4.76837e-007 1.28 
v 0.7 4.76837e-007 1.28 
v 0.7 4.76837e-007 1.28 
v 0.7 4.76837e-007 1.28 
v 0.7 4.76837e-007 1.28 
v 0.7 4.76837e-007 1.28 
v 0.7 4.76837e-007 1.28 
v 0.7 4.76837e-007 1.28 
v 0.7 4.76837e-007 1.28 
v 0.7 4.76837e-007 1.28 
v 0.7 4.76837e-007 1.28 
v 0.7 4.76837e-007 1.28 
v 0.7 4.76837e-007 1.28 
v 0.7 4.76837e-007 1.28 
v 0.7 4.76837e-007 1.28 
v 0.7 4.76837e-007 1.28 
v 0.7 4.76837e-007 1.28 
v 0.7 4.76837e-007 1.28 
v 0.7 4.76837e-007 1.28 
v 0.7 4.76837e-007 1.28 
v 0.7 4.76837e-007 1.28 
v 0.7 4.76837e-007 1.28 
v 0.7 4.76837e-007 1.28 
v 0.7 4.76837e-007 1.28 
v 0.7 4.76837e-007 1.28 
v 0.7 4.76837e-007 1.28 
v 0.7 4.76837e-007 1.28 
v 0.7 4.76837e-007 1.28 
v 0.7 0.0250005 1.25 
v 0.7 0.0250005 1.28 
v 0.7 0.1 1.1 
v 0.7 0.1 1.2 
v 0.7 0.1 1.25 
v 0.7 0.15 1 
v 0.7 0.15 1 
v 0.7 0.225001 1.1 
v 0.7 0.225001 1.2 
v 0.7 0.5 1 
v 0.7 0.5 1 
v 0.7 0.5 1.1 
v 0.7 2.25 1 
v 0.7 2.25 1.1 
v 0.7 2.5 1 
v 0.7 2.5 1.1 
v 0.7 2.75 1 
v 0.7 2.75 1.1 
v 0.7 3 1 
v 0.7 3 1.1 
v 0.7 3.25 1 
v 0.7 3.25 1.1 
v 0.7 3.5 1 
v 0.7 3.5 1.1 
v 0.7 4 1 
v 0.7 4 1 
v 0.7 4 1.1 
v 0.7 5 1 
v 0.7 5 1 
v 0.7 5 1.1 
v 0.703911 -0.0246917 1.25 
v 0.703911 -0.0246917 1.28 
v 0.703911 0.0246927 1.25 
v 0.703911 0.0246927 1.28 
v 0.707725 -0.0237759 1.25 
v 0.707725 -0.0237759 1.28 
v 0.707725 0.0237769 1.25 
v 0.707725 0.0237769 1.28 
v 0.71135 -0.0222747 1.25 
v 0.71135 -0.0222747 1.28 
v 0.71135 0.0222756 1.25 
v 0.71135 0.0222756 1.28 
v 0.714694 -0.0202249 1.25 
v 0.714694 -0.0202249 1.28 
v 0.714694 0.0202259 1.25 
v 0.714694 0.0202259 1.28 
v 0.715643 -0.0987684 1.1 
v 0.715643 -0.0987684 1.2 
v 0.715643 -0.0987684 1.25 
v 0.715643 0.0987693 1.1 
v 0.715643 0.0987693 1.2 
v 0.715643 0.0987693 1.25 
v 0.717678 -0.0176772 1.25 
v 0.717678 -0.0176772 1.28 
v 0.717678 0.0176781 1.25 
v 0.717678 0.0176781 1.28 
v 0.719554 -0.223461 1.1 
v 0.719554 -0.223461 1.2 
v 0.719554 0.223462 1.1 
v 0.719554 0.223462 1.2 
v 0.720225 -0.0146942 1.25 
v 0.720225 -0.0146942 1.28 
v 0.720225 0.0146951 1.25 
v 0.720225 0.0146951 1.28 
v 0.722275 -0.0113493 1.25 
v 0.722275 -0.0113493 1.28 
v 0.722275 0.0113502 1.25 
v 0.722275 0.0113502 1.28 
v 0.723776 -0.00772494 1.25 
v 0.723776 -0.00772494 1.28 
v 0.723776 0.0077259 1.25 
v 0.723776 0.0077259 1.28 
v 0.724692 -0.00391038 1.25 
v 0.724692 -0.00391038 1.28 
v 0.724692 0.00391134 1.25 
v 0.724692 0.00391134 1.28 
v 0.725 4.79023e-007 1.25 
v 0.725 4.79023e-007 1.28 
v 0.730902 -0.0951052 1.1 
v 0.730902 -0.0951052 1.2 
v 0.730902 -0.0951052 1.25 
v 0.730902 0.0951061 1.1 
v 0.730902 0.0951061 1.2 
v 0.730902 0.0951061 1.25 
v 0.738627 -0.218882 1.1 
v 0.738627 -0.218882 1.2 
v 0.738627 0.218883 1.1 
v 0.738627 0.218883 1.2 
v 0.745399 -0.0891002 1.1 
v 0.745399 -0.0891002 1.2 
v 0.745399 -0.0891002 1.25 
v 0.745399 0.0891012 1.1 
v 0.745399 0.0891012 1.2 
v 0.745399 0.0891012 1.25 
v 0.75 -3.45 1.1 
v 0.75 -3.45 1.2 
v 0.75 -3.425 0.925 
v 0.75 -3.425 1 
v 0.75 -3.325 0.95 
v 0.75 -3.325 1 
v 0.75 -3.3 1.1 
v 0.75 -3.3 1.15 
v 0.75 -3.2 1.1 
v 0.75 -3.2 1.2 
v 0.75 -3.175 0.925 
v 0.75 -3.175 1 
v 0.75 -3.075 0.95 
v 0.75 -3.075 1 
v 0.75 -3.05 1.1 
v 0.75 -3.05 1.15 
v 0.75 -2.95 1.1 
v 0.75 -2.95 1.2 
v 0.75 -2.925 0.925 
v 0.75 -2.925 1 
v 0.75 -2.825 0.95 
v 0.75 -2.825 1 
v 0.75 -2.8 1.1 
v 0.75 -2.8 1.15 
v 0.75 -2.7 1.1 
v 0.75 -2.7 1.2 
v 0.75 -2.675 0.925 
v 0.75 -2.675 1 
v 0.75 -2.575 0.95 
v 0.75 -2.575 1 
v 0.75 -2.55 1.1 
v 0.75 -2.55 1.15 
v 0.75 -2.45 1.1 
v 0.75 -2.45 1.2 
v 0.75 -2.425 0.925 
v 0.75 -2.425 1 
v 0.75 -2.325 0.95 
v 0.75 -2.325 1 
v 0.75 -2.3 1.1 
v 0.75 -2.3 1.15 
v 0.75 2.3 1.1 
v 0.75 2.3 1.2 
v 0.75 2.325 0.925 
v 0.75 2.325 1 
v 0.75 2.425 0.95 
v 0.75 2.425 1 
v 0.75 2.45 1.1 
v 0.75 2.45 1.15 
v 0.75 2.55 1.1 
v 0.75 2.55 1.2 
v 0.75 2.575 0.925 
v 0.75 2.575 1 
v 0.75 2.675 0.95 
v 0.75 2.675 1 
v 0.75 2.7 1.1 
v 0.75 2.7 1.15 
v 0.75 2.8 1.1 
v 0.75 2.8 1.2 
v 0.75 2.825 0.925 
v 0.75 2.825 1 
v 0.75 2.925 0.95 
v 0.75 2.925 1 
v 0.75 2.95 1.1 
v 0.75 2.95 1.15 
v 0.75 3.05 1.1 
v 0.75 3.05 1.2 
v 0.75 3.075 0.925 
v 0.75 3.075 1 
v 0.75 3.175 0.95 
v 0.75 3.175 1 
v 0.75 3.2 1.1 
v 0.75 3.2 1.15 
v 0.75 3.3 1.1 
v 0.75 3.3 1.2 
v 0.75 3.325 0.925 
v 0.75 3.325 1 
v 0.75 3.425 0.949999 
v 0.75 3.425 1 
v 0.75 3.45 1.1 
v 0.75 3.45 1.15 
v 0.756749 -0.211375 1.1 
v 0.756749 -0.211375 1.2 
v 0.756749 0.211376 1.1 
v 0.756749 0.211376 1.2 
v 0.758778 -0.0809012 1.1 
v 0.758778 -0.0809012 1.2 
v 0.758778 -0.0809012 1.25 
v 0.758778 0.0809022 1.1 
v 0.758778 0.0809022 1.2 
v 0.758778 0.0809022 1.25 
v 0.770711 -0.0707102 1.1 
v 0.770711 -0.0707102 1.2 
v 0.770711 -0.0707102 1.25 
v 0.770711 0.0707112 1.1 
v 0.770711 0.0707112 1.2 
v 0.770711 0.0707112 1.25 
v 0.773473 -0.201127 1.1 
v 0.773473 -0.201127 1.2 
v 0.773473 0.201128 1.1 
v 0.773473 0.201128 1.2 
v 0.780902 -0.058778 1.1 
v 0.780902 -0.058778 1.2 
v 0.780902 -0.058778 1.25 
v 0.780902 0.058779 1.1 
v 0.780902 0.058779 1.2 
v 0.780902 0.058779 1.25 
v 0.788388 -0.0883879 1.1 
v 0.788388 -0.0883879 1.2 
v 0.788388 0.0883888 1.1 
v 0.788388 0.0883888 1.2 
v 0.789101 -0.0453986 1.1 
v 0.789101 -0.0453986 1.2 
v 0.789101 -0.0453986 1.25 
v 0.789101 0.0453995 1.1 
v 0.789101 0.0453995 1.2 
v 0.789101 0.0453995 1.25 
v 0.795106 -0.0309012 1.1 
v 0.795106 -0.0309012 1.2 
v 0.795106 -0.0309012 1.25 
v 0.795106 0.0309022 1.1 
v 0.795106 0.0309022 1.2 
v 0.795106 0.0309022 1.25 
v 0.798769 -0.015643 1.1 
v 0.798769 -0.015643 1.2 
v 0.798769 -0.015643 1.25 
v 0.798769 0.0156439 1.1 
v 0.798769 0.0156439 1.2 
v 0.798769 0.0156439 1.25 
v 0.8 4.85579e-007 1.1 
v 0.8 4.85579e-007 1.2 
v 0.8 4.85579e-007 1.25 
v 0.801127 -0.0734727 1.1 
v 0.801127 -0.0734727 1.2 
v 0.801127 0.0734737 1.1 
v 0.801127 0.0734737 1.2 
v 0.811376 -0.0567483 1.1 
v 0.811376 -0.0567483 1.2 
v 0.811376 0.0567493 1.1 
v 0.811376 0.0567493 1.2 
v 0.818882 -0.0386266 1.1 
v 0.818882 -0.0386266 1.2 
v 0.818882 0.0386276 1.1 
v 0.818882 0.0386276 1.2 
v 0.823461 -0.0195538 1.1 
v 0.823461 -0.0195538 1.2 
v 0.823461 0.0195548 1.1 
v 0.823461 0.0195548 1.2 
v 0.825 4.87765e-007 1.1 
v 0.825 4.87765e-007 1.2 
v 0.975 4.375 1.1 
v 0.975 4.375 1.15 
v 0.975 4.625 1.1 
v 0.975 4.625 1.15 
v 1.425 4.375 1.1 
v 1.425 4.375 1.15 
v 1.425 4.625 1.1 
v 1.425 4.625 1.15 
v 1.65 -3.45 1.1 
v 1.65 -3.45 1.2 
v 1.65 -3.425 0.925 
v 1.65 -3.425 1 
v 1.65 -3.325 0.95 
v 1.65 -3.325 1 
v 1.65 -3.3 1.1 
v 1.65 -3.3 1.15 
v 1.65 -3.2 1.1 
v 1.65 -3.2 1.2 
v 1.65 -3.175 0.925 
v 1.65 -3.175 1 
v 1.65 -3.075 0.95 
v 1.65 -3.075 1 
v 1.65 -3.05 1.1 
v 1.65 -3.05 1.15 
v 1.65 -2.95 1.1 
v 1.65 -2.95 1.2 
v 1.65 -2.925 0.925 
v 1.65 -2.925 1 
v 1.65 -2.825 0.95 
v 1.65 -2.825 1 
v 1.65 -2.8 1.1 
v 1.65 -2.8 1.15 
v 1.65 -2.7 1.1 
v 1.65 -2.7 1.2 
v 1.65 -2.675 0.925 
v 1.65 -2.675 1 
v 1.65 -2.575 0.95 
v 1.65 -2.575 1 
v 1.65 -2.55 1.1 
v 1.65 -2.55 1.15 
v 1.65 -2.45 1.1 
v 1.65 -2.45 1.2 
v 1.65 -2.425 0.925 
v 1.65 -2.425 1 
v 1.65 -2.325 0.95 
v 1.65 -2.325 1 
v 1.65 -2.3 1.1 
v 1.65 -2.3 1.15 
v 1.65 2.3 1.1 
v 1.65 2.3 1.2 
v 1.65 2.325 0.925 
v 1.65 2.325 1 
v 1.65 2.425 0.95 
v 1.65 2.425 1 
v 1.65 2.45 1.1 
v 1.65 2.45 1.15 
v 1.65 2.55 1.1 
v 1.65 2.55 1.2 
v 1.65 2.575 0.925 
v 1.65 2.575 1 
v 1.65 2.675 0.95 
v 1.65 2.675 1 
v 1.65 2.7 1.1 
v 1.65 2.7 1.15 
v 1.65 2.8 1.1 
v 1.65 2.8 1.2 
v 1.65 2.825 0.925 
v 1.65 2.825 1 
v 1.65 2.925 0.95 
v 1.65 2.925 1 
v 1.65 2.95 1.1 
v 1.65 2.95 1.15 
v 1.65 3.05 1.1 
v 1.65 3.05 1.2 
v 1.65 3.075 0.925 
v 1.65 3.075 1 
v 1.65 3.175 0.95 
v 1.65 3.175 1 
v 1.65 3.2 1.1 
v 1.65 3.2 1.15 
v 1.65 3.3 1.1 
v 1.65 3.3 1.2 
v 1.65 3.325 0.925 
v 1.65 3.325 1 
v 1.65 3.425 0.949999 
v 1.65 3.425 1 
v 1.65 3.45 1.1 
v 1.65 3.45 1.15 
v 1.7 -5 1 
v 1.7 -5 1 
v 1.7 -5 1.1 
v 1.7 -3.5 1 
v 1.7 -3.5 1.1 
v 1.7 -3.25 1 
v 1.7 -3.25 1.1 
v 1.7 -3 1 
v 1.7 -3 1.1 
v 1.7 -2.75 1 
v 1.7 -2.75 1.1 
v 1.7 -2.5 1 
v 1.7 -2.5 1.1 
v 1.7 -2.25 1 
v 1.7 -2.25 1.1 
v 1.7 2.25 1 
v 1.7 2.25 1.1 
v 1.7 2.5 1 
v 1.7 2.5 1.1 
v 1.7 2.75 1 
v 1.7 2.75 1.1 
v 1.7 3 1 
v 1.7 3 1.1 
v 1.7 3.25 1 
v 1.7 3.25 1.1 
v 1.7 3.5 1 
v 1.7 3.5 1.1 
v 1.7 4 1.1 
v 1.7 5 1 
v 1.7 5 1 
v 1.7 5 1.1 
v 2.125 -4.95 -0.9 
v 2.125 -4.95 1 
v 2.125 1.8 -0.9 
v 2.125 1.8 0.8 
v 2.125 2 -0.9 
v 2.125 2 0.8 
v 2.125 4.95 -0.9 
v 2.125 4.95 1 
v 2.2 -5 -1 
v 2.2 -5 0.75 
v 2.2 -5 1 
v 2.2 -5 1.1 
v 2.2 -3 0.75 
v 2.2 -3 1 
v 2.2 -3 1.1 
v 2.2 -2.75 0.75 
v 2.2 -2.75 1 
v 2.2 -2.75 1.1 
v 2.2 2.75 0.75 
v 2.2 2.75 1 
v 2.2 2.75 1.1 
v 2.2 3 0.75 
v 2.2 3 1 
v 2.2 3 1.1 
v 2.2 5 -1 
v 2.2 5 0.75 
v 2.2 5 1 
v 2.2 5 1.1 
v 2.25 -3 0.75 
v 2.25 -2.75 0.75 
v 2.25 2.75 0.75 
v 2.25 3 0.75 
v 2.3 -3 1 
v 2.3 -3 1.05 
v 2.3 -2.75 1 
v 2.3 -2.75 1.05 
v 2.3 2.75 1 
v 2.3 2.75 1.05 
v 2.3 3 1 
v 2.3 3 1.05 
v 2.4 -5 -1 
v 2.4 -5 1 
v 2.4 5 -1 
v 2.4 5 1 
v 2.475 -4.95 -0.9 
v 2.475 -4.95 1 
v 2.475 1.8 -0.9 
v 2.475 1.8 0.8 
v 2.475 2 -0.9 
v 2.475 2 0.8 
v 2.475 4.95 -0.9 
v 2.475 4.95 1 
v 2.89069 -5 2.32926 
v 2.89069 -5 2.32926 
v 2.89069 -0.5 2.32926 
v 2.89069 -0.5 2.32926 
v 2.89069 -0.15 2.32926 
v 2.89069 2.38419e-007 2.32926 
v 2.89069 0.15 2.32926 
v 2.89069 0.5 2.32926 
v 2.89069 4 2.32926 
v 2.89069 4 2.32926 
v 2.89069 5 2.32926 
v 2.90736 -0.149999 2.3479 
v 2.90736 3.50177e-007 2.34789 
v 2.90736 3.90553e-007 2.3479 
v 2.90736 0.150001 2.34789 
v 2.94069 -0.149999 2.38516 
v 2.94069 3.5721e-007 2.38516 
v 2.94069 0.150001 2.38516 
v 2.95736 -5 2.4038 
v 2.95736 -0.5 2.4038 
v 2.95736 -0.15 2.4038 
v 2.95736 2.38419e-007 2.4038 
v 2.95736 0.15 2.4038 
v 2.95736 0.5 2.4038 
v 2.95736 4 2.4038 
v 2.95736 5 2.4038 
v 3.10643 -0.499999 2.27047 
v 3.10643 3.57628e-007 2.27047 
v 3.10643 0.500001 2.27047 
v 3.13976 -0.499999 2.30774 
v 3.13976 -0.249999 2.30774 
v 3.13976 3.57628e-007 2.30774 
v 3.13976 0.250001 2.30774 
v 3.13976 0.500001 2.30774 
v 3.14268 -0.5 2.446 
v 3.14268 -0.25 2.446 
v 3.14268 0.25 2.446 
v 3.14268 0.500001 2.446 
v 3.15622 -0.5 2.39364 
v 3.15622 -0.25 2.39364 
v 3.15622 0.25 2.39364 
v 3.15622 0.500001 2.39364 
v 3.17601 -0.5 2.48327 
v 3.17601 -0.25 2.48327 
v 3.17601 0.25 2.48327 
v 3.17601 0.5 2.48327 
v 3.18097 -0.5 2.2038 
v 3.18097 4.76837e-007 2.2038 
v 3.18097 0.5 2.2038 
v 3.23687 4.76837e-007 2.15381 
v 3.23802 -0.0195538 2.15278 
v 3.23802 0.0195548 2.15278 
v 3.24143 -0.0386266 2.14973 
v 3.24143 0.0386276 2.14973 
v 3.24703 -0.0567483 2.14472 
v 3.24703 0.0567493 2.14472 
v 3.24763 -0.5 2.27834 
v 3.24763 -0.25 2.27834 
v 3.24763 4.76837e-007 2.27834 
v 3.24763 0.25 2.27834 
v 3.24763 0.5 2.27834 
v 3.25065 -3.425 1.9067 
v 3.25065 -3.175 1.9067 
v 3.25065 -2.925 1.9067 
v 3.25065 -2.675 1.9067 
v 3.25065 -2.425 1.9067 
v 3.25065 2.325 1.9067 
v 3.25065 2.575 1.9067 
v 3.25065 2.825 1.9067 
v 3.25065 3.075 1.9067 
v 3.25065 3.325 1.9067 
v 3.25467 -0.0734727 2.13789 
v 3.25467 0.0734736 2.13789 
v 3.25551 4.76837e-007 2.13714 
v 3.25642 -0.015643 2.13632 
v 3.25642 0.0156439 2.13632 
v 3.25915 -0.0309012 2.13388 
v 3.25915 0.0309022 2.13388 
v 3.26338 -5 1.99594 
v 3.26338 -3.5 1.99594 
v 3.26338 -3.25 1.99594 
v 3.26338 -3 1.99594 
v 3.26338 -2.75 1.99594 
v 3.26338 -2.5 1.99594 
v 3.26338 -2.25 1.99594 
v 3.26338 -0.5 1.99594 
v 3.26338 -0.5 1.99594 
v 3.26338 -0.15 1.99594 
v 3.26338 -0.15 1.99594 
v 3.26338 2.38419e-007 1.99594 
v 3.26338 2.38419e-007 1.99594 
v 3.26338 0.15 1.99594 
v 3.26338 0.15 1.99594 
v 3.26338 0.5 1.99594 
v 3.26338 0.5 1.99594 
v 3.26338 2.25 1.99594 
v 3.26338 2.5 1.99594 
v 3.26338 2.75 1.99594 
v 3.26338 3 1.99594 
v 3.26338 3.25 1.99594 
v 3.26338 3.5 1.99594 
v 3.26338 4 1.99594 
v 3.26338 4 1.99594 
v 3.26338 5 1.99594 
v 3.26338 5 1.99594 
v 3.26363 -0.0453986 2.12987 
v 3.26363 0.0453995 2.12987 
v 3.26409 -0.5 2.36424 
v 3.26409 -0.25 2.36424 
v 3.26409 0.25 2.36424 
v 3.26409 0.5 2.36424 
v 3.26416 -0.0883879 2.1294 
v 3.26416 0.0883888 2.1294 
v 3.26732 -3.325 1.92534 
v 3.26732 -3.075 1.92534 
v 3.26732 -2.825 1.92534 
v 3.26732 -2.575 1.92534 
v 3.26732 -2.325 1.92534 
v 3.26732 2.425 1.92534 
v 3.26732 2.675 1.92534 
v 3.26732 2.925 1.92534 
v 3.26732 3.175 1.92534 
v 3.26732 3.425 1.92534 
v 3.26974 -0.0587781 2.12441 
v 3.26974 0.058779 2.12441 
v 3.27528 -0.201127 2.11946 
v 3.27528 0.201128 2.11946 
v 3.27734 -0.0707102 2.11761 
v 3.27734 0.0707111 2.11761 
v 3.28623 -0.0809012 2.10966 
v 3.28623 0.0809022 2.10966 
v 3.28775 -0.211375 2.10831 
v 3.28775 0.211376 2.10831 
v 3.2962 -0.0891002 2.10074 
v 3.2962 0.0891011 2.10074 
v 3.30065 -3.425 1.9626 
v 3.30065 -3.325 1.9626 
v 3.30065 -3.175 1.9626 
v 3.30065 -3.075 1.9626 
v 3.30065 -2.925 1.9626 
v 3.30065 -2.825 1.9626 
v 3.30065 -2.675 1.96261 
v 3.30065 -2.575 1.96261 
v 3.30065 -2.425 1.9626 
v 3.30065 -2.325 1.9626 
v 3.30065 2.325 1.9626 
v 3.30065 2.425 1.9626 
v 3.30065 2.575 1.96261 
v 3.30065 2.675 1.96261 
v 3.30065 2.825 1.96261 
v 3.30065 2.925 1.96261 
v 3.30065 3.075 1.9626 
v 3.30065 3.175 1.9626 
v 3.30065 3.325 1.9626 
v 3.30065 3.425 1.9626 
v 3.30125 -0.218882 2.09623 
v 3.30125 0.218883 2.09623 
v 3.30354 4.76837e-007 2.22834 
v 3.30468 -0.0195538 2.22732 
v 3.30468 0.0195548 2.22732 
v 3.30701 -0.0951052 2.09108 
v 3.30701 0.0951061 2.09108 
v 3.3081 -0.0386266 2.22426 
v 3.3081 0.0386276 2.22426 
v 3.31369 -0.0567483 2.21926 
v 3.31369 0.0567493 2.21926 
v 3.31547 -0.223461 2.08351 
v 3.31547 0.223462 2.08351 
v 3.31838 -0.0987684 2.0809 
v 3.31838 0.0987693 2.0809 
v 3.32133 -0.0734727 2.21243 
v 3.32133 0.0734736 2.21243 
v 3.32217 4.76837e-007 2.21168 
v 3.32309 -0.015643 2.21086 
v 3.32309 0.0156439 2.21086 
v 3.32582 -0.0309012 2.20841 
v 3.32582 0.0309022 2.20841 
v 3.33004 -5 2.07048 
v 3.33004 -3.5 2.07047 
v 3.33004 -3.25 2.07047 
v 3.33004 -3 2.07047 
v 3.33004 -2.75 2.07047 
v 3.33004 -2.5 2.07047 
v 3.33004 -2.25 2.07047 
v 3.33004 -0.5 2.07048 
v 3.33004 -0.225 2.07048 
v 3.33004 -0.0999995 2.07047 
v 3.33004 2.38419e-007 2.07048 
v 3.33004 0.1 2.07047 
v 3.33004 0.225001 2.07048 
v 3.33004 0.5 2.07048 
v 3.33004 2.25 2.07047 
v 3.33004 2.5 2.07047 
v 3.33004 2.75 2.07047 
v 3.33004 3 2.07048 
v 3.33004 3.25 2.07047 
v 3.33004 3.5 2.07048 
v 3.33004 4 2.07048 
v 3.33004 5 2.07048 
v 3.3303 -0.0453986 2.20441 
v 3.3303 0.0453995 2.20441 
v 3.33083 -0.0883879 2.20394 
v 3.33083 0.0883888 2.20394 
v 3.33641 -0.0587781 2.19895 
v 3.33641 0.058779 2.19895 
v 3.3417 -0.0987684 2.06005 
v 3.3417 0.0987693 2.06005 
v 3.34194 -0.201127 2.19399 
v 3.34194 0.201128 2.19399 
v 3.344 -0.0707102 2.19215 
v 3.344 0.0707111 2.19215 
v 3.34462 -0.223461 2.05744 
v 3.34462 0.223462 2.05744 
v 3.3529 -0.0809012 2.1842 
v 3.3529 0.0809022 2.1842 
v 3.35308 -0.0951052 2.04987 
v 3.35308 0.0951061 2.04987 
v 3.35441 -0.211375 2.18284 
v 3.35441 0.211376 2.18284 
v 3.3555 4.76837e-007 2.24895 
v 3.35642 -0.015643 2.24812 
v 3.35642 0.0156439 2.24812 
v 3.35884 -0.218882 2.04472 
v 3.35884 0.218883 2.04472 
v 3.35915 -0.0309012 2.24568 
v 3.35915 0.0309022 2.24568 
v 3.36287 -0.0891002 2.17528 
v 3.36287 0.0891011 2.17528 
v 3.36363 -0.0453986 2.24168 
v 3.36363 0.0453995 2.24168 
v 3.36388 -0.0891002 2.04021 
v 3.36388 0.0891012 2.04021 
v 3.36731 -3.45 2.03714 
v 3.36731 -3.3 2.03714 
v 3.36731 -3.2 2.03714 
v 3.36731 -3.05 2.03714 
v 3.36731 -2.95 2.03714 
v 3.36731 -2.8 2.03714 
v 3.36731 -2.7 2.03714 
v 3.36731 -2.55 2.03714 
v 3.36731 -2.45 2.03714 
v 3.36731 -2.3 2.03714 
v 3.36731 2.3 2.03714 
v 3.36731 2.45 2.03714 
v 3.36731 2.55 2.03714 
v 3.36731 2.7 2.03714 
v 3.36731 2.8 2.03714 
v 3.36731 2.95 2.03714 
v 3.36731 3.05 2.03714 
v 3.36731 3.2 2.03714 
v 3.36731 3.3 2.03714 
v 3.36731 3.45 2.03714 
v 3.36792 -0.218882 2.17076 
v 3.36792 0.218883 2.17076 
v 3.36974 -0.0587781 2.23621 
v 3.36974 0.058779 2.23621 
v 3.37234 -0.211375 2.03264 
v 3.37234 0.211376 2.03264 
v 3.37368 -0.0951052 2.16561 
v 3.37368 0.0951061 2.16561 
v 3.37386 -0.0809012 2.03129 
v 3.37386 0.0809022 2.03129 
v 3.37734 -0.0707102 2.22942 
v 3.37734 0.0707111 2.22942 
v 3.38213 -0.223461 2.15805 
v 3.38213 0.223462 2.15805 
v 3.38275 -0.0707102 2.02334 
v 3.38275 0.0707112 2.02334 
v 3.38481 -0.201127 2.02149 
v 3.38481 0.201128 2.02149 
v 3.38505 -0.0987684 2.15544 
v 3.38505 0.0987693 2.15544 
v 3.38623 -0.0809012 2.22147 
v 3.38623 0.0809022 2.22147 
v 3.39035 -0.058778 2.01654 
v 3.39035 0.058779 2.01654 
v 3.39593 -0.0883879 2.01155 
v 3.39593 0.0883888 2.01155 
v 3.3962 -0.0891002 2.21255 
v 3.3962 0.0891011 2.21255 
v 3.39646 -0.0453986 2.01108 
v 3.39646 0.0453995 2.01108 
v 3.39671 -0.225 2.14501 
v 3.39671 -0.0999995 2.14501 
v 3.39671 0.1 2.14501 
v 3.39671 0.225001 2.14501 
v 3.40065 -3.3 2.07441 
v 3.40065 -3.05 2.07441 
v 3.40065 -2.8 2.07441 
v 3.40065 -2.55 2.07441 
v 3.40065 -2.3 2.07441 
v 3.40065 2.45 2.07441 
v 3.40065 2.7 2.07441 
v 3.40065 2.95 2.07441 
v 3.40065 3.2 2.07441 
v 3.40065 3.45 2.07441 
v 3.40093 -0.0309012 2.00707 
v 3.40093 0.0309022 2.00707 
v 3.40366 -0.015643 2.00463 
v 3.40366 0.0156439 2.00463 
v 3.40458 4.85579e-007 2.00381 
v 3.40542 -0.0734727 2.00306 
v 3.40542 0.0734737 2.00306 
v 3.40701 -0.0951052 2.20288 
v 3.40701 0.0951061 2.20288 
v 3.40837 -0.0987684 2.13458 
v 3.40837 0.0987693 2.13458 
v 3.41128 -0.223461 2.13198 
v 3.41128 0.223462 2.13198 
v 3.41141 4.76837e-007 2.19895 
v 3.41164 -0.00391038 2.19874 
v 3.41164 0.00391134 2.19874 
v 3.41232 -0.00772495 2.19813 
v 3.41232 0.0077259 2.19813 
v 3.41306 -0.0567483 1.99623 
v 3.41306 0.0567493 1.99623 
v 3.41344 -0.0113493 2.19713 
v 3.41344 0.0113502 2.19713 
v 3.41497 -0.0146942 2.19576 
v 3.41497 0.0146951 2.19576 
v 3.41686 -0.0176772 2.19407 
v 3.41686 0.0176781 2.19407 
v 3.41838 -0.0987684 2.19271 
v 3.41838 0.0987693 2.19271 
v 3.41866 -0.0386266 1.99122 
v 3.41866 0.0386276 1.99122 
v 3.41909 -0.0202249 2.19208 
v 3.41909 0.0202259 2.19208 
v 3.41974 -0.0951052 2.12441 
v 3.41974 0.0951061 2.12441 
v 3.42158 -0.0222747 2.18985 
v 3.42158 0.0222756 2.18985 
v 3.42207 -0.0195538 1.98817 
v 3.42207 0.0195548 1.98817 
v 3.42322 4.87765e-007 1.98714 
v 3.42428 -0.0237759 2.18743 
v 3.42428 0.0237769 2.18743 
v 3.4255 -0.218882 2.11926 
v 3.4255 0.218883 2.11926 
v 3.42713 -0.0246917 2.18489 
v 3.42713 0.0246927 2.18489 
v 3.43004 -0.0999995 2.18228 
v 3.43004 -0.0249995 2.18228 
v 3.43004 0.0250005 2.18228 
v 3.43004 0.1 2.18228 
v 3.43055 -0.0891002 2.11475 
v 3.43055 0.0891012 2.11475 
v 3.43141 4.76837e-007 2.22131 
v 3.43164 -0.00391038 2.2211 
v 3.43164 0.00391134 2.2211 
v 3.43232 -0.00772495 2.22049 
v 3.43232 0.0077259 2.22049 
v 3.43296 -0.0246917 2.17967 
v 3.43296 0.0246927 2.17967 
v 3.43344 -0.0113493 2.21949 
v 3.43344 0.0113502 2.21949 
v 3.43398 -3.45 2.11168 
v 3.43398 -3.2 2.11168 
v 3.43398 -2.95 2.11168 
v 3.43398 -2.7 2.11168 
v 3.43398 -2.45 2.11168 
v 3.43398 2.3 2.11168 
v 3.43398 2.55 2.11168 
v 3.43398 2.8 2.11168 
v 3.43398 3.05 2.11168 
v 3.43398 3.3 2.11168 
v 3.43496 -0.0146942 2.21813 
v 3.43496 0.0146951 2.21813 
v 3.4358 -0.0237759 2.17713 
v 3.4358 0.0237769 2.17713 
v 3.43686 -0.0176772 2.21643 
v 3.43686 0.0176781 2.21643 
v 3.4385 -0.0222747 2.17471 
v 3.4385 0.0222756 2.17471 
v 3.43901 -0.211375 2.10718 
v 3.43901 0.211376 2.10718 
v 3.43909 -0.0202249 2.21444 
v 3.43909 0.0202259 2.21444 
v 3.44052 -0.0809012 2.10583 
v 3.44052 0.0809022 2.10583 
v 3.44099 -0.0202249 2.17248 
v 3.44099 0.0202259 2.17248 
v 3.44158 -0.0222747 2.21221 
v 3.44158 0.0222756 2.21221 
v 3.4417 -0.0987684 2.17185 
v 3.4417 0.0987693 2.17185 
v 3.44322 -0.0176772 2.1705 
v 3.44322 0.0176781 2.1705 
v 3.44428 -0.0237759 2.20979 
v 3.44428 0.0237769 2.20979 
v 3.44512 -0.0146942 2.1688 
v 3.44512 0.0146951 2.1688 
v 3.44664 -0.0113493 2.16743 
v 3.44664 0.0113502 2.16743 
v 3.44713 -0.0246917 2.20725 
v 3.44713 0.0246927 2.20725 
v 3.44776 -0.00772494 2.16643 
v 3.44776 0.0077259 2.16643 
v 3.44845 -0.00391038 2.16582 
v 3.44845 0.00391134 2.16582 
v 3.44868 4.79023e-007 2.16561 
v 3.44941 -0.0707102 2.09787 
v 3.44941 0.0707112 2.09787 
v 3.45004 -0.0249995 2.20464 
v 3.45004 4.76837e-007 2.20464 
v 3.45004 4.76837e-007 2.20464 
v 3.45004 4.76837e-007 2.20464 
v 3.45004 4.76837e-007 2.20464 
v 3.45004 4.76837e-007 2.20464 
v 3.45004 4.76837e-007 2.20464 
v 3.45004 4.76837e-007 2.20464 
v 3.45004 4.76837e-007 2.20464 
v 3.45004 4.76837e-007 2.20464 
v 3.45004 4.76837e-007 2.20464 
v 3.45004 4.76837e-007 2.20464 
v 3.45004 4.76837e-007 2.20464 
v 3.45004 4.76837e-007 2.20464 
v 3.45004 4.76837e-007 2.20464 
v 3.45004 4.76837e-007 2.20464 
v 3.45004 4.76837e-007 2.20464 
v 3.45004 4.76837e-007 2.20464 
v 3.45004 4.76837e-007 2.20464 
v 3.45004 4.76837e-007 2.20464 
v 3.45004 4.76837e-007 2.20464 
v 3.45004 4.76837e-007 2.20464 
v 3.45004 4.76837e-007 2.20464 
v 3.45004 4.76837e-007 2.20464 
v 3.45004 4.76837e-007 2.20464 
v 3.45004 4.76837e-007 2.20464 
v 3.45004 4.76837e-007 2.20464 
v 3.45004 4.76837e-007 2.20464 
v 3.45004 4.76837e-007 2.20464 
v 3.45004 4.76837e-007 2.20464 
v 3.45004 4.76837e-007 2.20464 
v 3.45004 4.76837e-007 2.20464 
v 3.45004 4.76837e-007 2.20464 
v 3.45004 4.76837e-007 2.20464 
v 3.45004 4.76837e-007 2.20464 
v 3.45004 4.76837e-007 2.20464 
v 3.45004 4.76837e-007 2.20464 
v 3.45004 4.76837e-007 2.20464 
v 3.45004 4.76837e-007 2.20464 
v 3.45004 4.76837e-007 2.20464 
v 3.45004 4.76837e-007 2.20464 
v 3.45004 0.0250005 2.20464 
v 3.45147 -0.201127 2.09603 
v 3.45147 0.201128 2.09603 
v 3.45296 -0.0246917 2.20203 
v 3.45296 0.0246927 2.20203 
v 3.45307 -0.0951052 2.16168 
v 3.45307 0.0951061 2.16168 
v 3.4558 -0.0237759 2.19949 
v 3.4558 0.0237769 2.19949 
v 3.45701 -0.058778 2.09108 
v 3.45701 0.058779 2.09108 
v 3.4585 -0.0222747 2.19708 
v 3.4585 0.0222756 2.19708 
v 3.46099 -0.0202249 2.19485 
v 3.46099 0.0202259 2.19485 
v 3.46259 -0.0883879 2.08609 
v 3.46259 0.0883888 2.08609 
v 3.46312 -0.0453986 2.08561 
v 3.46312 0.0453995 2.08561 
v 3.46322 -0.0176772 2.19286 
v 3.46322 0.0176781 2.19286 
v 3.46388 -0.0891002 2.15202 
v 3.46388 0.0891012 2.15202 
v 3.46512 -0.0146942 2.19116 
v 3.46512 0.0146951 2.19116 
v 3.46664 -0.0113493 2.18979 
v 3.46664 0.0113502 2.18979 
v 3.4676 -0.0309012 2.08161 
v 3.4676 0.0309022 2.08161 
v 3.46776 -0.00772494 2.18879 
v 3.46776 0.0077259 2.18879 
v 3.46845 -0.00391038 2.18818 
v 3.46845 0.00391134 2.18818 
v 3.46867 4.79023e-007 2.18798 
v 3.47033 -0.015643 2.07917 
v 3.47033 0.0156439 2.07917 
v 3.47125 4.85579e-007 2.07835 
v 3.47209 -0.0734727 2.0776 
v 3.47209 0.0734737 2.0776 
v 3.47385 -0.0809012 2.1431 
v 3.47385 0.0809022 2.1431 
v 3.47973 -0.0567483 2.07076 
v 3.47973 0.0567493 2.07076 
v 3.48275 -0.0707102 2.13514 
v 3.48275 0.0707112 2.13514 
v 3.48532 -0.0386266 2.06576 
v 3.48532 0.0386276 2.06576 
v 3.48873 -0.0195538 2.06271 
v 3.48873 0.0195548 2.06271 
v 3.48988 4.87765e-007 2.06168 
v 3.49034 -0.058778 2.12835 
v 3.49034 0.058779 2.12835 
v 3.49645 -0.0453986 2.12288 
v 3.49645 0.0453995 2.12288 
v 3.50093 -0.0309012 2.11888 
v 3.50093 0.0309022 2.11888 
v 3.50366 -0.015643 2.11644 
v 3.50366 0.0156439 2.11644 
v 3.50458 4.85579e-007 2.11562 
v 3.53502 4.375 1.88715 
v 3.53502 4.625 1.88715 
v 3.56835 4.375 1.92442 
v 3.56835 4.625 1.92442 
v 3.87044 4.375 1.58716 
v 3.87044 4.625 1.58716 
v 3.90377 4.375 1.62443 
v 3.90377 4.625 1.62443 
v 3.92149 -3.425 1.30672 
v 3.92149 -3.175 1.30672 
v 3.92149 -2.925 1.30672 
v 3.92149 -2.675 1.30672 
v 3.92149 -2.425 1.30672 
v 3.92149 2.325 1.30672 
v 3.92149 2.575 1.30672 
v 3.92149 2.825 1.30672 
v 3.92149 3.075 1.30672 
v 3.92149 3.325 1.30672 
v 3.93815 -3.325 1.32535 
v 3.93815 -3.075 1.32535 
v 3.93815 -2.825 1.32535 
v 3.93815 -2.575 1.32535 
v 3.93815 -2.325 1.32535 
v 3.93815 2.425 1.32535 
v 3.93815 2.675 1.32535 
v 3.93815 2.925 1.32535 
v 3.93815 3.175 1.32535 
v 3.93815 3.425 1.32535 
v 3.97148 -3.425 1.36262 
v 3.97148 -3.325 1.36262 
v 3.97148 -3.175 1.36262 
v 3.97148 -3.075 1.36262 
v 3.97148 -2.925 1.36262 
v 3.97148 -2.825 1.36262 
v 3.97148 -2.675 1.36262 
v 3.97148 -2.575 1.36262 
v 3.97148 -2.425 1.36262 
v 3.97148 -2.325 1.36262 
v 3.97148 2.325 1.36262 
v 3.97148 2.425 1.36262 
v 3.97148 2.575 1.36262 
v 3.97148 2.675 1.36262 
v 3.97148 2.825 1.36262 
v 3.97148 2.925 1.36262 
v 3.97148 3.075 1.36262 
v 3.97148 3.175 1.36262 
v 3.97148 3.325 1.36262 
v 3.97148 3.425 1.36262 
v 4.00875 -5 1.32929 
v 4.00875 -5 1.32929 
v 4.00875 -3.5 1.32929 
v 4.00875 -3.25 1.32929 
v 4.00875 -3 1.32929 
v 4.00875 -2.75 1.32929 
v 4.00875 -2.5 1.32929 
v 4.00875 -2.25 1.32929 
v 4.00875 2.25 1.32929 
v 4.00875 2.5 1.32929 
v 4.00875 2.75 1.32929 
v 4.00875 3 1.32929 
v 4.00875 3.25 1.32929 
v 4.00875 3.5 1.32929 
v 4.00875 5 1.32929 
v 4.00875 5 1.32929 
v 4.03815 -3.45 1.43716 
v 4.03815 -3.3 1.43716 
v 4.03815 -3.2 1.43716 
v 4.03815 -3.05 1.43716 
v 4.03815 -2.95 1.43716 
v 4.03815 -2.8 1.43716 
v 4.03815 -2.7 1.43716 
v 4.03815 -2.55 1.43716 
v 4.03815 -2.45 1.43716 
v 4.03815 -2.3 1.43716 
v 4.03815 2.3 1.43716 
v 4.03815 2.45 1.43716 
v 4.03815 2.55 1.43716 
v 4.03815 2.7 1.43716 
v 4.03815 2.8 1.43716 
v 4.03815 2.95 1.43716 
v 4.03815 3.05 1.43716 
v 4.03815 3.2 1.43716 
v 4.03815 3.3 1.43716 
v 4.03815 3.45 1.43716 
v 4.07148 -3.3 1.47443 
v 4.07148 -3.05 1.47443 
v 4.07148 -2.8 1.47443 
v 4.07148 -2.55 1.47443 
v 4.07148 -2.3 1.47443 
v 4.07148 2.45 1.47443 
v 4.07148 2.7 1.47443 
v 4.07148 2.95 1.47443 
v 4.07148 3.2 1.47443 
v 4.07148 3.45 1.47443 
v 4.07542 -5 1.40383 
v 4.07542 -3.5 1.40383 
v 4.07542 -3.25 1.40383 
v 4.07542 -3 1.40383 
v 4.07542 -2.75 1.40383 
v 4.07542 -2.5 1.40383 
v 4.07542 -2.25 1.40383 
v 4.07542 2.25 1.40383 
v 4.07542 2.5 1.40383 
v 4.07542 2.75 1.40383 
v 4.07542 3 1.40383 
v 4.07542 3.25 1.40383 
v 4.07542 3.5 1.40383 
v 4.07542 4 1.40383 
v 4.07542 5 1.40383 
v 4.10481 -3.45 1.5117 
v 4.10481 -3.2 1.5117 
v 4.10481 -2.95 1.5117 
v 4.10481 -2.7 1.5117 
v 4.10481 -2.45 1.5117 
v 4.10481 2.3 1.5117 
v 4.10481 2.55 1.5117 
v 4.10481 2.8 1.5117 
v 4.10481 3.05 1.5117 
v 4.10481 3.3 1.5117 
v 4.325 -4.95 -0.9 
v 4.325 -4.95 1 
v 4.325 1.8 -0.9 
v 4.325 1.8 0.8 
v 4.325 2 -0.9 
v 4.325 2 0.8 
v 4.325 4.95 -0.9 
v 4.325 4.95 1 
v 4.38144 -5 0.995968 
v 4.38144 -3 0.995968 
v 4.38144 -2.75 0.995968 
v 4.38144 -2.75 0.995968 
v 4.38144 2.75 0.995968 
v 4.38144 3 0.995968 
v 4.38144 5 0.995968 
v 4.4 -5 -1 
v 4.4 -5 0.75 
v 4.4 -5 1 
v 4.4 -3 0.75 
v 4.4 -3 1 
v 4.4 -2.75 0.75 
v 4.4 -2.75 1 
v 4.4 2.75 0.75 
v 4.4 2.75 1 
v 4.4 3 0.75 
v 4.4 3 1 
v 4.4 5 -1 
v 4.4 5 0.75 
v 4.4 5 1 
v 4.4481 -5 1.07051 
v 4.4481 -3 1.07051 
v 4.4481 -2.75 1.07051 
v 4.4481 2.75 1.07051 
v 4.4481 3 1.07051 
v 4.4481 5 1.07051 
v 4.45 -3 0.75 
v 4.45 -2.75 0.75 
v 4.45 2.75 0.75 
v 4.45 3 0.75 
v 4.45598 -3 0.929303 
v 4.45598 -2.75 0.929304 
v 4.45598 2.75 0.929303 
v 4.45598 3 0.929303 
v 4.48931 -3 0.966572 
v 4.48931 -2.75 0.966572 
v 4.48931 2.75 0.966572 
v 4.48931 3 0.966572 
v 4.5 -3 1 
v 4.5 -2.75 1 
v 4.5 2.75 1 
v 4.5 3 1 
# 5960 
vn -0.980581 9.35154e-007 -0.196115 
vn 0 -1 -1.58946e-006 
vn 0 0 1 
vn -0.980581 9.35154e-007 -0.196115 
vn 0 0 1 
vn 0 1 1.27156e-006 
vn -0.980581 9.35156e-007 -0.196115 
vn 0 0 1 
vn 0 -1 -2.22524e-006 
vn -0.980581 9.35156e-007 -0.196115 
vn 0 1 2.54313e-006 
vn 0 0 1 
vn -0.745373 -1.21872e-009 -0.666648 
vn 0 -1 1.2215e-006 
vn -0.929607 1.22764e-007 0.368552 
vn -0.745373 -1.21872e-009 -0.666648 
vn -0.929607 1.22764e-007 0.368552 
vn 0 1 3.60465e-007 
vn -0.745373 -1.54212e-007 -0.666648 
vn 0 -1 1.22151e-006 
vn -0.929607 -3.7046e-007 0.368552 
vn -0.745373 -1.54212e-007 -0.666648 
vn -2.71157e-006 1 1.35387e-006 
vn -0.929607 -3.7046e-007 0.368552 
vn -0.745373 -1.21872e-009 -0.666648 
vn 0 -1 1.2215e-006 
vn 0.666646 2.57137e-006 -0.745374 
vn -0.745373 -1.21872e-009 -0.666648 
vn 0.666646 2.57137e-006 -0.745374 
vn 0 1 3.60465e-007 
vn -0.745373 -1.54212e-007 -0.666648 
vn 0.666647 -5.62896e-007 -0.745374 
vn 0 -1 1.22151e-006 
vn -0.745373 -1.54212e-007 -0.666648 
vn 0.666647 -5.62896e-007 -0.745374 
vn -2.71157e-006 1 1.35387e-006 
vn -0.980581 9.35154e-007 -0.196115 
vn 0 -1 -1.58946e-006 
vn 0 0 -1 
vn -0.980581 9.35154e-007 -0.196115 
vn 0 0 -1 
vn 0 1 1.27156e-006 
vn -0.980581 9.35156e-007 -0.196115 
vn 0 0 -1 
vn 0 -1 -2.22524e-006 
vn -0.980581 9.35156e-007 -0.196115 
vn 0 1 2.54313e-006 
vn 0 0 -1 
vn 0 -1 1.21416e-006 
vn -0.745376 2.91691e-008 -0.666645 
vn -0.666647 1.04293e-008 0.745374 
vn -0.745376 2.91691e-008 -0.666645 
vn -0.820064 6.8427e-008 0.572272 
vn 0 -1 1.2215e-006 
vn -0.745376 1.06069e-008 -0.666644 
vn -0.820064 6.8427e-008 0.572272 
vn 0 1 3.60465e-007 
vn -0.745376 1.06069e-008 -0.666644 
vn -0.820064 -1.84963e-007 0.572272 
vn 0 -1 1.22151e-006 
vn -0.745376 5.33909e-009 -0.666645 
vn -0.820064 -1.84963e-007 0.572272 
vn -2.71157e-006 1 1.35387e-006 
vn 0 1 0 
vn -0.745376 5.33909e-009 -0.666645 
vn -0.666647 1.04293e-008 0.745374 
vn 2.38419e-008 0 -1 
vn -1.19209e-007 -1 0 
vn -1 0 0 
vn -1.19209e-007 -1 0 
vn -1 0 0 
vn 0 0 1 
vn -1.19209e-007 -1 0 
vn -1 0 0 
vn -1 0 0 
vn 0 -1 -1.58946e-006 
vn 0 0 -1 
vn -1 0 0 
vn 0 0 1 
vn 0 -1 -1.58946e-006 
vn -1 0 0 
vn 0 0 -1 
vn 0 1 1.27156e-006 
vn 0 0 1 
vn -1 0 0 
vn 0 1 1.27156e-006 
vn -1 0 0 
vn 0 0 -1 
vn 0 -1 -2.22524e-006 
vn 0 0 1 
vn -1 0 0 
vn 0 -1 -2.22524e-006 
vn -1 0 0 
vn 0 1 2.54313e-006 
vn 0 0 -1 
vn -1 0 0 
vn 0 0 1 
vn 0 1 2.54313e-006 
vn 2.38419e-008 0 -1 
vn 1.19209e-007 1 0 
vn -1 0 0 
vn 1.19209e-007 1 0 
vn -1 0 0 
vn 0 0 1 
vn 1.19209e-007 1 0 
vn -1 0 0 
vn 0 -1 1.21416e-006 
vn 0.666646 -1.77775e-007 -0.745374 
vn -0.745376 2.91691e-008 -0.666645 
vn 0.666647 -1.26683e-007 -0.745374 
vn -0.745376 2.91691e-008 -0.666645 
vn 0 -1 1.2215e-006 
vn 0.666646 2.57137e-006 -0.745374 
vn 0.666647 -3.95131e-008 -0.745374 
vn -0.745376 1.06069e-008 -0.666644 
vn 0.666646 2.57137e-006 -0.745374 
vn 0 1 3.60465e-007 
vn 0.666647 -1.06455e-007 -0.745374 
vn -0.745376 1.06069e-008 -0.666644 
vn 0 -1 1.22151e-006 
vn 0.666647 1.32929e-008 -0.745374 
vn -0.745376 5.33909e-009 -0.666645 
vn -2.71157e-006 1 1.35387e-006 
vn 0 1 0 
vn 0.666647 3.55808e-007 -0.745374 
vn -0.745376 5.33909e-009 -0.666645 
vn 0 1 -4.54453e-008 
vn -1.69447e-008 -1.76606e-008 1 
vn 1 1.07738e-008 0 
vn 0 0 1 
vn 0 1 -4.54453e-008 
vn 1 1.07738e-008 0 
vn -1.69447e-008 -1.76606e-008 1 
vn 1 1.07738e-008 0 
vn -1 -3.4185e-007 0 
vn 0 -1 -1.28875e-008 
vn -6.44388e-009 0 1 
vn -1 -3.4185e-007 0 
vn 0 -1 -1.28875e-008 
vn -1.12492e-008 4.04099e-008 1 
vn 1 1.07738e-008 0 
vn 0 1 1.13713e-008 
vn -1 -3.4185e-007 0 
vn -6.44388e-009 0 1 
vn 0 1 1.13713e-008 
vn -1 -3.4185e-007 0 
vn 0 -1 -4.74803e-009 
vn -1.12492e-008 4.04099e-008 1 
vn 1 1.07738e-008 0 
vn 0 0 1 
vn 0 -1 -4.74803e-009 
vn 1 1.07738e-008 0 
vn -0.632437 0.316228 0.707123 
vn 0 -1 1.73517e-006 
vn -0.745374 1.04254e-006 -0.666646 
vn -0.632437 0.316227 0.707124 
vn 0 -1 -5.71759e-007 
vn -0.745374 1.04254e-006 -0.666647 
vn -0.632436 0.316228 0.707124 
vn 0 -1 5.65155e-007 
vn -0.745374 1.04254e-006 -0.666646 
vn -0.632437 0.316228 0.707124 
vn 0 -1 -9.71188e-008 
vn -0.745374 1.04254e-006 -0.666646 
vn -0.632437 0.316225 0.707125 
vn 0 -1 -1.98901e-008 
vn -0.745374 -1.60654e-006 -0.666646 
vn -0.632437 0.316228 0.707123 
vn 0 -1 -2.51655e-007 
vn -0.745374 1.04254e-006 -0.666646 
vn -0.632437 0.316227 0.707124 
vn 0 -1 -7.50536e-008 
vn -0.745373 -4.95875e-007 -0.666647 
vn -0.632437 0.316228 0.707123 
vn 0 -1 -2.51655e-007 
vn -0.745374 1.04254e-006 -0.666646 
vn -0.632436 0.316228 0.707124 
vn 0 -1 -1.0795e-006 
vn -0.745374 -4.95877e-007 -0.666646 
vn -0.632436 0.316228 0.707124 
vn 0 -1 -1.0795e-006 
vn -0.745374 -4.95877e-007 -0.666646 
vn -0.666647 3.54656e-007 0.745374 
vn 0 -1 1.21416e-006 
vn -0.666647 1.04293e-008 0.745374 
vn -0.66665 -3.71635e-006 0.745371 
vn -0.66665 -1.37842e-006 0.745371 
vn -0.666651 -1.3784e-006 0.74537 
vn -0.66665 -1.37839e-006 0.745371 
vn -0.66665 -1.37848e-006 0.745371 
vn -0.666649 2.0007e-006 0.745372 
vn -0.666649 -3.83048e-006 0.745372 
vn -0.66665 -2.12115e-006 0.745371 
vn -0.66665 -1.11679e-006 0.745371 
vn -0.666648 3.32489e-007 0.745372 
vn -0.666648 -1.54303e-006 0.745372 
vn -0.666648 6.03192e-007 0.745373 
vn -0.666646 -8.25149e-008 0.745374 
vn -0.666647 1.08926e-007 0.745374 
vn 0 1 0 
vn 0 1 0 
vn -0.666647 1.04293e-008 0.745374 
vn -0.632437 0.316228 0.707123 
vn 0 1 8.69795e-007 
vn -0.745374 1.04254e-006 -0.666646 
vn -0.632437 0.316227 0.707124 
vn 0 1 2.19434e-006 
vn -0.745374 1.04254e-006 -0.666647 
vn -0.632436 0.316228 0.707124 
vn -3.17881e-006 1 3.43058e-006 
vn -0.745374 1.04254e-006 -0.666646 
vn -0.632437 0.316228 0.707124 
vn -6.35761e-006 1 7.31591e-006 
vn -0.745374 1.04254e-006 -0.666646 
vn -0.632437 0.316225 0.707125 
vn 1.90728e-005 1 -2.24422e-005 
vn -0.745374 -1.60654e-006 -0.666646 
vn -0.632437 0.316228 0.707123 
vn 0 1 2.19434e-006 
vn -0.745374 1.04254e-006 -0.666646 
vn -0.632437 0.316227 0.707124 
vn 0 1 1.86321e-006 
vn -0.745373 -4.95875e-007 -0.666647 
vn -0.632437 0.316228 0.707123 
vn 3.17881e-006 1 -3.01553e-006 
vn -0.745374 1.04254e-006 -0.666646 
vn -0.632436 0.316228 0.707124 
vn 3.17882e-006 1 -5.99579e-006 
vn -0.745374 -4.95877e-007 -0.666646 
vn -0.632436 0.316228 0.707124 
vn 0 1 1.86321e-006 
vn -0.745374 -4.95877e-007 -0.666646 
vn -0.666651 -5.75186e-006 0.74537 
vn 0 -1 1.73517e-006 
vn -0.745374 1.04254e-006 -0.666646 
vn -0.66665 2.99501e-006 0.745371 
vn 0 1 8.69795e-007 
vn -0.745374 1.04254e-006 -0.666646 
vn -0.666649 -5.75186e-006 0.745371 
vn 0 -1 -5.71759e-007 
vn -0.745374 1.04254e-006 -0.666647 
vn -0.66665 2.99502e-006 0.745371 
vn 0 1 2.19434e-006 
vn -0.745374 1.04254e-006 -0.666647 
vn -0.666651 -5.75182e-006 0.74537 
vn 0 -1 5.65155e-007 
vn -0.745374 1.04254e-006 -0.666646 
vn -0.66665 2.99503e-006 0.745371 
vn -3.17881e-006 1 3.43058e-006 
vn -0.745374 1.04254e-006 -0.666646 
vn -0.66665 -5.75181e-006 0.745371 
vn 0 -1 -9.71188e-008 
vn -0.745374 1.04254e-006 -0.666646 
vn -0.666649 2.99504e-006 0.745372 
vn -6.35761e-006 1 7.31591e-006 
vn -0.745374 1.04254e-006 -0.666646 
vn -0.66665 -5.752e-006 0.745371 
vn 0 -1 -1.98901e-008 
vn -0.745374 -1.60654e-006 -0.666646 
vn -0.66665 2.99493e-006 0.745371 
vn 1.90728e-005 1 -2.24422e-005 
vn -0.745374 -1.60654e-006 -0.666646 
vn -0.66665 -5.75184e-006 0.745371 
vn 0 -1 -2.51655e-007 
vn -0.745374 1.04254e-006 -0.666646 
vn -0.66665 2.99501e-006 0.745371 
vn 0 1 2.19434e-006 
vn -0.745374 1.04254e-006 -0.666646 
vn -0.666651 -7.23731e-006 0.74537 
vn 0 -1 -7.50536e-008 
vn -0.745373 -4.95875e-007 -0.666647 
vn -0.666651 4.26332e-006 0.74537 
vn 0 1 1.86321e-006 
vn -0.745373 -4.95875e-007 -0.666647 
vn -0.666649 -6.4969e-006 0.745372 
vn 0 -1 -2.51655e-007 
vn -0.745374 1.04254e-006 -0.666646 
vn -0.666648 -2.59717e-007 0.745373 
vn 3.17881e-006 1 -3.01553e-006 
vn -0.745374 1.04254e-006 -0.666646 
vn -0.666649 9.24696e-007 0.745372 
vn 0 -1 -1.0795e-006 
vn -0.745374 -4.95877e-007 -0.666646 
vn -0.666649 4.89626e-006 0.745372 
vn 3.17882e-006 1 -5.99579e-006 
vn -0.745374 -4.95877e-007 -0.666646 
vn -0.666648 -7.98233e-006 0.745373 
vn 0 -1 -1.0795e-006 
vn -0.745374 -4.95877e-007 -0.666646 
vn -0.666649 1.00858e-006 0.745372 
vn 0 1 1.86321e-006 
vn -0.745374 -4.95877e-007 -0.666646 
vn 0 -1 1.21416e-006 
vn 0.666646 -4.11197e-007 -0.745374 
vn 0.666646 -1.77775e-007 -0.745374 
vn 0.666647 5.28198e-007 -0.745374 
vn 0.666647 1.08695e-006 -0.745374 
vn 0.666647 2.99008e-007 -0.745374 
vn 0.666646 8.20655e-007 -0.745374 
vn 0.666646 4.9387e-008 -0.745375 
vn 0.666646 1.18159e-006 -0.745375 
vn 0.666647 5.64528e-009 -0.745374 
vn 0.666647 1.6638e-007 -0.745374 
vn 0.666647 6.72057e-007 -0.745374 
vn 0.666647 3.89798e-007 -0.745374 
vn 0.666646 8.98033e-007 -0.745374 
vn 0.666646 -1.05626e-007 -0.745374 
vn 0 1 0 
vn 0.666647 3.55808e-007 -0.745374 
vn 0.666646 4.89488e-007 -0.745374 
vn 0 1 0 
vn 0.666647 9.97896e-007 -0.745374 
vn 0 -1 -2.61381e-006 
vn -0.745373 7.91219e-008 -0.666648 
vn 0.666647 1.91664e-006 -0.745374 
vn 0 1 2.23848e-006 
vn -0.745373 7.91219e-008 -0.666648 
vn 0.666647 2.57257e-007 -0.745374 
vn 0 -1 7.94601e-008 
vn -0.745373 1.14538e-006 -0.666648 
vn 0.666647 6.4393e-007 -0.745374 
vn 3.17883e-006 1 -6.11724e-006 
vn -0.745373 1.14538e-006 -0.666648 
vn 0.666646 3.79775e-007 -0.745374 
vn 0 -1 9.62498e-007 
vn -0.745375 7.9122e-008 -0.666646 
vn 0.666646 1.77028e-006 -0.745375 
vn 0 1 -5.09965e-007 
vn -0.745375 7.9122e-008 -0.666646 
vn 0.666646 7.31201e-007 -0.745374 
vn 2.11922e-006 -1 -1.77491e-006 
vn -0.745374 1.14538e-006 -0.666646 
vn 0.666646 -2.81002e-007 -0.745374 
vn 0 1 2.13914e-006 
vn -0.745374 1.14538e-006 -0.666646 
vn 0.666646 3.79776e-007 -0.745375 
vn 4.23846e-006 -1 -4.51234e-006 
vn -0.745376 1.46136e-007 -0.666644 
vn 0.666646 1.77028e-006 -0.745375 
vn -3.17883e-006 1 4.69995e-006 
vn -0.745376 1.46136e-007 -0.666644 
vn 0.666647 6.35868e-009 -0.745374 
vn -0.745373 2.51392e-006 -0.666648 
vn 0 -1 5.65128e-007 
vn 0.666647 -7.48008e-007 -0.745374 
vn -0.745373 2.51392e-006 -0.666648 
vn 0 1 -4.10621e-007 
vn 0.666647 1.08077e-006 -0.745374 
vn -0.745375 7.91221e-008 -0.666646 
vn -2.11922e-006 -1 2.81687e-006 
vn 0.666647 6.85783e-008 -0.745374 
vn -0.745375 7.91221e-008 -0.666646 
vn 3.17882e-006 1 -3.07076e-006 
vn 0.666647 1.82583e-006 -0.745374 
vn -0.745374 7.9122e-008 -0.666646 
vn 0 -1 7.946e-008 
vn 0.666647 -1.29889e-007 -0.745374 
vn -0.745374 7.9122e-008 -0.666646 
vn 3.17883e-006 1 -5.71987e-006 
vn 0.666647 9.97896e-007 -0.745374 
vn -0.745374 7.9122e-008 -0.666646 
vn 0 -1 -8.03579e-007 
vn 0.666647 1.91665e-006 -0.745374 
vn -0.745374 7.9122e-008 -0.666646 
vn 3.17883e-006 1 -3.07077e-006 
vn 0.666646 -1.20579e-007 -0.745374 
vn -0.745373 1.29733e-007 -0.666647 
vn -3.94913e-007 -1 -3.14359e-006 
vn 0.666646 -4.03184e-007 -0.745374 
vn -0.745373 1.29733e-007 -0.666647 
vn 0 1 3.39961e-007 
vn 0.646743 0.242532 -0.723119 
vn 0 1 2.23848e-006 
vn -0.745373 7.91219e-008 -0.666648 
vn 0.646743 0.242534 -0.723119 
vn 3.17883e-006 1 -6.11724e-006 
vn -0.745373 1.14538e-006 -0.666648 
vn 0.646742 0.242534 -0.723119 
vn 0 1 -5.09965e-007 
vn -0.745375 7.9122e-008 -0.666646 
vn 0.646742 0.242533 -0.72312 
vn 0 1 2.13914e-006 
vn -0.745374 1.14538e-006 -0.666646 
vn 0.646743 0.242533 -0.72312 
vn -3.17883e-006 1 4.69995e-006 
vn -0.745376 1.46136e-007 -0.666644 
vn 0.646741 0.242539 -0.723119 
vn -0.745373 2.51392e-006 -0.666648 
vn 0 1 -4.10621e-007 
vn 0.646743 0.242534 -0.723119 
vn -0.745375 7.91221e-008 -0.666646 
vn 3.17882e-006 1 -3.07076e-006 
vn 0.646743 0.242534 -0.723119 
vn -0.745374 7.9122e-008 -0.666646 
vn 3.17883e-006 1 -5.71987e-006 
vn 0.646743 0.242532 -0.723119 
vn -0.745374 7.9122e-008 -0.666646 
vn 3.17883e-006 1 -3.07077e-006 
vn 0.646741 0.242534 -0.72312 
vn -0.745373 1.29733e-007 -0.666647 
vn 0 1 3.39961e-007 
vn 0.646743 0.242532 -0.723119 
vn 0 -1 -2.61381e-006 
vn -0.745373 7.91219e-008 -0.666648 
vn 0.646743 0.242534 -0.723119 
vn 0 -1 7.94601e-008 
vn -0.745373 1.14538e-006 -0.666648 
vn 0.646742 0.242534 -0.723119 
vn 0 -1 9.62498e-007 
vn -0.745375 7.9122e-008 -0.666646 
vn 0.646742 0.242533 -0.72312 
vn 2.11922e-006 -1 -1.77491e-006 
vn -0.745374 1.14538e-006 -0.666646 
vn 0.646743 0.242533 -0.72312 
vn 4.23846e-006 -1 -4.51234e-006 
vn -0.745376 1.46136e-007 -0.666644 
vn 0.646741 0.242539 -0.723119 
vn -0.745373 2.51392e-006 -0.666648 
vn 0 -1 5.65128e-007 
vn 0.646743 0.242534 -0.723119 
vn -0.745375 7.91221e-008 -0.666646 
vn -2.11922e-006 -1 2.81687e-006 
vn 0.646743 0.242534 -0.723119 
vn -0.745374 7.9122e-008 -0.666646 
vn 0 -1 7.946e-008 
vn 0.646743 0.242532 -0.723119 
vn -0.745374 7.9122e-008 -0.666646 
vn 0 -1 -8.03579e-007 
vn 0.646741 0.242534 -0.72312 
vn -0.745373 1.29733e-007 -0.666647 
vn -3.94913e-007 -1 -3.14359e-006 
vn -0.666647 4.82483e-007 0.745374 
vn 2.54305e-005 -1 -2.79478e-005 
vn -0.745374 1.1928e-008 -0.666647 
vn -0.666647 4.82483e-007 0.745374 
vn -2.54306e-005 1 2.76831e-005 
vn -0.745374 1.1928e-008 -0.666647 
vn -0.666646 -1.99782e-008 0.745374 
vn 2.54305e-005 -1 -2.79478e-005 
vn -0.745374 1.1928e-008 -0.666647 
vn -0.666647 1.08926e-007 0.745374 
vn -2.54306e-005 1 2.76831e-005 
vn -0.745374 1.1928e-008 -0.666647 
vn -0.666647 4.82483e-007 0.745374 
vn 0.745376 8.04633e-008 0.666645 
vn 2.54305e-005 -1 -2.79478e-005 
vn -0.666647 4.82483e-007 0.745374 
vn 0.745376 8.04633e-008 0.666645 
vn -2.54306e-005 1 2.76831e-005 
vn -0.666646 -1.20486e-007 0.745374 
vn 0.745376 8.04633e-008 0.666645 
vn 2.54305e-005 -1 -2.79478e-005 
vn -0.666646 8.41861e-009 0.745374 
vn 0.745376 8.04633e-008 0.666645 
vn -2.54306e-005 1 2.76831e-005 
vn -0.745373 1.02202e-005 -0.666647 
vn -0.666649 -2.25808e-006 0.745372 
vn -0.736196 -0.156436 -0.65844 
vn -0.666649 3.88837e-006 0.745372 
vn -0.736197 0.15644 -0.658438 
vn -0.66665 -1.513e-005 0.745371 
vn -0.708891 -0.309024 -0.634018 
vn -0.666648 1.177e-006 0.745373 
vn -0.708894 0.309014 -0.634019 
vn -0.666651 -1.78239e-005 0.74537 
vn -0.664131 -0.453993 -0.593987 
vn -0.666647 2.49714e-006 0.745374 
vn -0.664133 0.453987 -0.593988 
vn -0.666651 -1.32085e-005 0.74537 
vn -0.60302 -0.587784 -0.53933 
vn -0.666648 7.11248e-006 0.745372 
vn -0.603022 0.58778 -0.539331 
vn -0.666651 -6.81509e-006 0.74537 
vn -0.745374 -9.90255e-007 -0.666647 
vn -0.666645 -1.0226e-007 0.745375 
vn -0.736197 -0.156435 -0.658439 
vn -0.666644 -5.19057e-007 0.745377 
vn -0.736197 0.15643 -0.65844 
vn -0.666644 -1.02253e-007 0.745376 
vn -0.708892 -0.309018 -0.634019 
vn -0.666642 9.23471e-006 0.745378 
vn -0.708894 0.309009 -0.63402 
vn -0.666643 -4.75259e-006 0.745377 
vn -0.52706 -0.707105 -0.471392 
vn -0.666646 -1.73489e-006 0.745374 
vn -0.527061 0.707104 -0.471392 
vn -0.666648 6.80427e-006 0.745373 
vn -0.664132 -0.453993 -0.593985 
vn -0.666642 1.31618e-005 0.745378 
vn -0.664135 0.453984 -0.593989 
vn -0.666643 -3.46591e-006 0.745377 
vn -0.438117 -0.809019 -0.391843 
vn -0.666647 -3.35627e-006 0.745374 
vn -0.438117 0.80902 -0.391843 
vn -0.666652 5.30561e-006 0.745369 
vn -0.60302 -0.587788 -0.539326 
vn -0.66664 2.36866e-006 0.74538 
vn -0.603022 0.587783 -0.53933 
vn -0.666643 -3.77232e-006 0.745378 
vn -0.745373 1.02202e-005 -0.666647 
vn -0.666645 -1.0226e-007 0.745375 
vn -0.736196 -0.156436 -0.65844 
vn -0.666644 -5.19057e-007 0.745377 
vn -0.736197 0.15644 -0.658438 
vn -0.666644 -1.02253e-007 0.745376 
vn -0.745377 -1.03883e-006 -0.666644 
vn -0.666649 6.60293e-006 0.745372 
vn -0.736202 -0.156413 -0.658439 
vn -0.66664 6.60277e-006 0.74538 
vn -0.736201 0.156418 -0.658439 
vn -0.666648 1.13901e-005 0.745373 
vn -0.708895 -0.309007 -0.634021 
vn -0.666641 1.139e-005 0.745379 
vn -0.708892 0.309021 -0.634018 
vn -0.666654 -1.7351e-006 0.745367 
vn -0.708891 -0.309024 -0.634018 
vn -0.666642 9.23471e-006 0.745378 
vn -0.708894 0.309014 -0.634019 
vn -0.666643 -4.75259e-006 0.745377 
vn -0.664134 -0.453983 -0.593991 
vn -0.666646 -1.73533e-006 0.745375 
vn -0.664132 0.453989 -0.593989 
vn -0.666645 -3.67719e-006 0.745376 
vn -0.603014 -0.587793 -0.539327 
vn -0.666634 -4.17794e-005 0.745386 
vn -0.603016 0.587791 -0.539327 
vn -0.666635 2.53155e-005 0.745385 
vn -0.338391 -0.891008 -0.302649 
vn -0.666644 2.25334e-007 0.745376 
vn -0.338392 0.891007 -0.30265 
vn -0.666647 6.37153e-007 0.745374 
vn -0.527064 -0.707099 -0.471396 
vn -0.666644 -1.27863e-005 0.745377 
vn -0.527056 0.707112 -0.471387 
vn -0.666648 5.88631e-007 0.745373 
vn -0.664131 -0.453993 -0.593987 
vn -0.666642 1.31618e-005 0.745378 
vn -0.664133 0.453987 -0.593988 
vn -0.666643 -3.46591e-006 0.745377 
vn -0.680838 -0.407027 -0.608925 
vn -0.666641 -1.20219e-006 0.745379 
vn -0.680838 0.407026 -0.608925 
vn -0.666641 -4.80443e-006 0.745379 
vn -0.438133 -0.809005 -0.391854 
vn -0.66667 5.88918e-007 0.745353 
vn -0.438128 0.80901 -0.391849 
vn -0.666666 -2.14555e-005 0.745357 
vn -0.338393 -0.891007 -0.302649 
vn -0.666665 -2.40485e-006 0.745358 
vn -0.338399 0.891003 -0.302653 
vn -0.666655 -1.99079e-005 0.745367 
vn -0.60302 -0.587784 -0.53933 
vn -0.66664 2.36866e-006 0.74538 
vn -0.603022 0.58778 -0.539331 
vn -0.666643 -3.77232e-006 0.745378 
vn -0.230337 -0.951055 -0.206007 
vn -0.666657 1.8194e-005 0.745365 
vn -0.230336 0.951056 -0.206005 
vn -0.666647 -9.99919e-006 0.745374 
vn -0.230334 -0.951056 -0.206005 
vn -0.666646 -1.903e-006 0.745375 
vn -0.230334 0.951056 -0.206005 
vn -0.666641 1.91272e-006 0.745379 
vn -0.116606 -0.987688 -0.10429 
vn -0.666637 9.0523e-006 0.745382 
vn -0.116605 0.987688 -0.104288 
vn -0.666635 -3.06954e-011 0.745384 
vn -0.389458 -0.852639 -0.348322 
vn -0.738936 -0.131155 -0.660887 
vn -0.666642 2.93815e-006 0.745378 
vn -0.738936 0.131156 -0.660887 
vn -0.389456 0.852641 -0.348321 
vn -0.666639 -2.80296e-006 0.74538 
vn -8.10888e-007 -1 -4.67101e-007 
vn -0.666647 -5.67413e-006 0.745374 
vn -0.666648 -7.85352e-007 0.745373 
vn -0.666646 -2.31207e-006 0.745374 
vn -0.666644 -7.85478e-007 0.745376 
vn -0.666645 7.03573e-006 0.745375 
vn -0.66664 -4.04141e-005 0.74538 
vn -0.666652 -6.03663e-006 0.745369 
vn -0.666643 -3.10666e-005 0.745377 
vn -0.666651 -5.08639e-006 0.74537 
vn -0.666649 -1.2725e-005 0.745371 
vn -0.666658 -1.40489e-005 0.745364 
vn -0.666649 -1.16291e-005 0.745372 
vn -0.666633 3.39356e-006 0.745386 
vn -0.666655 -5.30918e-011 0.745367 
vn -0.666647 -5.67413e-006 0.745374 
vn -0.666637 9.0523e-006 0.745382 
vn -0.666657 1.8194e-005 0.745365 
vn -0.666665 -2.40485e-006 0.745358 
vn -0.66667 5.88918e-007 0.745353 
vn -0.666644 -1.27863e-005 0.745377 
vn -0.666634 -4.17794e-005 0.745386 
vn -0.666646 -1.73533e-006 0.745375 
vn -0.666641 1.139e-005 0.745379 
vn -0.66664 6.60277e-006 0.74538 
vn -0.666649 6.60293e-006 0.745372 
vn -0.666648 1.13901e-005 0.745373 
vn -0.666654 -1.7351e-006 0.745367 
vn -0.666645 -3.67719e-006 0.745376 
vn -0.666635 2.53155e-005 0.745385 
vn -0.666648 5.88631e-007 0.745373 
vn -0.666666 -2.14555e-005 0.745357 
vn -0.666655 -1.99079e-005 0.745367 
vn -0.666647 -9.99919e-006 0.745374 
vn -0.666635 -3.06954e-011 0.745384 
vn -0.666628 5.67423e-006 0.745391 
vn -0.666636 3.39366e-006 0.745384 
vn -0.666635 -1.16291e-005 0.745384 
vn -0.666652 -1.40489e-005 0.745369 
vn -0.66666 -1.27246e-005 0.745362 
vn -0.666657 -5.08605e-006 0.745364 
vn -0.666651 -6.03698e-006 0.74537 
vn -5.66127e-007 1 -4.27865e-007 
vn -0.666628 5.67423e-006 0.745391 
vn -0.52706 -0.707105 -0.471392 
vn -0.666641 -1.20219e-006 0.745379 
vn -0.527061 0.707104 -0.471392 
vn -0.666641 -4.80443e-006 0.745379 
vn -0.666649 -2.25808e-006 0.745372 
vn -0.745377 -1.03883e-006 -0.666644 
vn -0.666649 3.88837e-006 0.745372 
vn -0.736202 -0.156413 -0.658439 
vn -0.66665 -1.513e-005 0.745371 
vn -0.736201 0.156418 -0.658439 
vn -0.666648 1.177e-006 0.745373 
vn -0.708895 -0.309007 -0.634021 
vn -0.666651 -1.78239e-005 0.74537 
vn -0.708892 0.309021 -0.634018 
vn 0.116601 -0.987688 0.104287 
vn -0.666655 -5.30918e-011 0.745367 
vn 0.116599 0.987689 0.104285 
vn -0.666636 3.39366e-006 0.745384 
vn -0.666647 2.49714e-006 0.745374 
vn -0.664134 -0.453983 -0.593991 
vn -0.666651 -1.32085e-005 0.74537 
vn -0.664132 0.453989 -0.593989 
vn -0.666648 7.11248e-006 0.745372 
vn -0.603014 -0.587793 -0.539327 
vn -0.666651 -6.81509e-006 0.74537 
vn -0.603016 0.587791 -0.539327 
vn 0.230339 -0.951054 0.206012 
vn -0.666633 3.39356e-006 0.745386 
vn 0.230334 0.951056 0.206009 
vn -0.666635 -1.16291e-005 0.745384 
vn -0.666646 -1.73489e-006 0.745374 
vn -0.527064 -0.707099 -0.471396 
vn -0.666648 6.80427e-006 0.745373 
vn -0.527056 0.707112 -0.471387 
vn -0.116603 -0.987688 -0.104287 
vn -0.666649 -1.89749e-006 0.745372 
vn -0.116602 0.987688 -0.104287 
vn -0.666645 1.17049e-006 0.745375 
vn 0.338398 -0.891003 0.302656 
vn -0.666649 -1.16291e-005 0.745372 
vn 0.338402 0.891 0.302661 
vn -0.666652 -1.40489e-005 0.745369 
vn -0.666647 -3.35627e-006 0.745374 
vn -0.438133 -0.809005 -0.391854 
vn -0.666652 5.30561e-006 0.745369 
vn -0.438128 0.80901 -0.391849 
vn -0.438117 -0.809019 -0.391843 
vn -0.666642 2.93815e-006 0.745378 
vn -0.438117 0.80902 -0.391843 
vn -0.666639 -2.80296e-006 0.74538 
vn 0.438127 -0.809011 0.39185 
vn -0.666658 -1.40489e-005 0.745364 
vn 0.438121 0.809016 0.391847 
vn -0.66666 -1.27246e-005 0.745362 
vn -0.338393 -0.891006 -0.302651 
vn -0.666647 2.20282e-006 0.745374 
vn -0.338392 0.891007 -0.302651 
vn -0.666644 -2.27828e-006 0.745376 
vn -0.666644 2.25334e-007 0.745376 
vn -0.338393 -0.891007 -0.302649 
vn -0.666647 6.37153e-007 0.745374 
vn -0.338399 0.891003 -0.302653 
vn 0.527063 -0.707102 0.471392 
vn -0.666649 -1.2725e-005 0.745371 
vn 0.527061 0.707104 0.471392 
vn -0.666657 -5.08605e-006 0.745364 
vn -0.666646 -1.903e-006 0.745375 
vn -0.230337 -0.951055 -0.206007 
vn -0.666641 1.91272e-006 0.745379 
vn -0.230336 0.951056 -0.206005 
vn 0.603021 -0.587783 0.53933 
vn -0.666651 -5.08639e-006 0.74537 
vn 0.603026 0.587775 0.539333 
vn -0.666651 -6.03698e-006 0.74537 
vn -0.632437 0.316228 0.707123 
vn 0.745374 -1.04003e-006 0.666647 
vn 0 -1 1.73517e-006 
vn -0.632437 0.316227 0.707124 
vn 0.745375 -1.04003e-006 0.666646 
vn 0 -1 -5.71759e-007 
vn -0.632436 0.316228 0.707124 
vn 0.745374 -1.04003e-006 0.666647 
vn 0 -1 5.65155e-007 
vn -0.632437 0.316228 0.707124 
vn 0.745375 -1.04003e-006 0.666645 
vn 0 -1 -9.71188e-008 
vn -0.632437 0.316225 0.707125 
vn 0.745374 -1.04002e-006 0.666646 
vn 0 -1 -1.98901e-008 
vn -0.632437 0.316228 0.707123 
vn 0.745374 -1.04003e-006 0.666647 
vn 0 -1 -2.51655e-007 
vn -0.632437 0.316227 0.707124 
vn 0.745374 2.94069e-008 0.666646 
vn 0 -1 -7.50536e-008 
vn -0.632437 0.316228 0.707123 
vn 0.745376 -1.04003e-006 0.666645 
vn 0 -1 -2.51655e-007 
vn -0.632436 0.316228 0.707124 
vn 0.745375 2.94069e-008 0.666645 
vn 0 -1 -1.0795e-006 
vn -0.632436 0.316228 0.707124 
vn 0.745373 2.9407e-008 0.666647 
vn 0 -1 -1.0795e-006 
vn 0.664136 -0.453982 0.593989 
vn -0.666652 -6.03663e-006 0.745369 
vn 0.664134 0.45399 0.593986 
vn -0.666643 -3.10666e-005 0.745377 
vn -0.666649 -1.89749e-006 0.745372 
vn -0.116606 -0.987688 -0.10429 
vn -0.666645 1.17049e-006 0.745375 
vn -0.116605 0.987688 -0.104288 
vn 0.708895 -0.309011 0.634019 
vn -0.666645 7.03573e-006 0.745375 
vn 0.708895 0.309017 0.634017 
vn -0.66664 -4.04141e-005 0.74538 
vn 0.736196 -0.156437 0.658439 
vn -0.666646 -2.31207e-006 0.745374 
vn 0.736199 0.156428 0.658439 
vn -0.666644 -7.85478e-007 0.745376 
vn 0.745373 -1.44876e-005 0.666648 
vn -0.666648 -7.85352e-007 0.745373 
vn -0.338391 -0.891008 -0.302649 
vn -0.666647 2.20282e-006 0.745374 
vn -0.338392 0.891007 -0.30265 
vn -0.666644 -2.27828e-006 0.745376 
vn -1.49472e-008 -1 2.05525e-007 
vn -0.666651 -1.68215e-006 0.74537 
vn -0.666651 -1.68215e-006 0.74537 
vn -8.10888e-007 -1 -4.67101e-007 
vn -0.666652 1.60137e-006 0.745369 
vn -5.66127e-007 1 -4.27865e-007 
vn 5.9789e-008 1 5.9789e-008 
vn -0.666652 1.60137e-006 0.745369 
vn -0.666646 -1.25126e-006 0.745374 
vn 0.116601 -0.987688 0.104287 
vn -0.666651 1.47301e-006 0.74537 
vn 0.116599 0.987689 0.104285 
vn -0.230333 -0.951056 -0.206006 
vn -0.666649 1.32224e-006 0.745372 
vn -0.230333 0.951057 -0.206005 
vn -0.666649 -1.88596e-006 0.745372 
vn -0.666642 -2.33721e-006 0.745378 
vn 0.230339 -0.951054 0.206012 
vn -0.666646 2.87022e-006 0.745374 
vn 0.230334 0.951056 0.206009 
vn -0.745374 -9.90255e-007 -0.666647 
vn 0.666641 1.46478e-006 -0.745379 
vn -0.736197 -0.156435 -0.658439 
vn 0.666641 1.46478e-006 -0.745379 
vn -0.736197 0.15643 -0.65844 
vn 0.66664 -8.80389e-007 -0.745379 
vn -0.66664 3.30013e-007 0.74538 
vn 0.338398 -0.891003 0.302656 
vn -0.666643 -1.10259e-006 0.745377 
vn 0.338402 0.891 0.302661 
vn -0.230334 -0.951056 -0.206005 
vn -0.666649 1.32224e-006 0.745372 
vn -0.230334 0.951056 -0.206005 
vn -0.666649 -1.88596e-006 0.745372 
vn -0.666641 -6.18306e-006 0.745379 
vn 0.438127 -0.809011 0.39185 
vn -0.666643 1.11799e-007 0.745377 
vn 0.438121 0.809016 0.391847 
vn -0.708892 -0.309018 -0.634019 
vn 0.66664 1.2669e-006 -0.74538 
vn -0.708894 0.309009 -0.63402 
vn 0.666639 3.49066e-006 -0.745381 
vn 0.116602 -0.987688 0.104286 
vn -0.666646 -1.25126e-006 0.745374 
vn 0.116602 0.987688 0.104286 
vn -0.666651 1.47301e-006 0.74537 
vn -0.666645 -2.09498e-006 0.745375 
vn 0.527063 -0.707102 0.471392 
vn -0.666646 2.30205e-006 0.745374 
vn 0.527061 0.707104 0.471392 
vn -0.666645 5.1757e-006 0.745375 
vn 0.603021 -0.587783 0.53933 
vn -0.666645 1.21129e-005 0.745375 
vn 0.603026 0.587775 0.539333 
vn -0.666649 -8.20825e-006 0.745372 
vn 0.664136 -0.453982 0.593989 
vn -0.666646 1.9808e-005 0.745374 
vn 0.664134 0.45399 0.593986 
vn -0.664132 -0.453993 -0.593985 
vn 0.666638 -2.82915e-006 -0.745382 
vn -0.664135 0.453984 -0.593989 
vn 0.666639 8.24065e-006 -0.745381 
vn -0.666646 -1.06736e-005 0.745375 
vn 0.708895 -0.309011 0.634019 
vn -0.666645 1.17473e-005 0.745376 
vn 0.708895 0.309017 0.634017 
vn -0.666644 -8.57382e-006 0.745376 
vn 0.736196 -0.156437 0.658439 
vn -0.666646 9.66456e-006 0.745374 
vn 0.736199 0.156428 0.658439 
vn -0.666646 -4.95973e-007 0.745375 
vn 0.745373 -1.44876e-005 0.666648 
vn -0.116603 -0.987688 -0.104287 
vn -0.666642 1.44707e-006 0.745378 
vn -0.116602 0.987688 -0.104287 
vn -0.666646 -1.7213e-006 0.745375 
vn -0.116603 -0.987688 -0.104287 
vn -0.666642 1.44707e-006 0.745378 
vn -0.116602 0.987688 -0.104287 
vn -0.666646 -1.7213e-006 0.745375 
vn 0.230332 -0.951057 0.206004 
vn -0.666642 -2.33721e-006 0.745378 
vn 0.230335 0.951056 0.206006 
vn -0.666646 2.87022e-006 0.745374 
vn -0.60302 -0.587788 -0.539326 
vn 0.666643 -8.69354e-006 -0.745377 
vn -0.603022 0.587783 -0.53933 
vn 0.666643 1.30785e-005 -0.745377 
vn 0.666641 1.46478e-006 -0.745379 
vn 0.666641 1.46478e-006 -0.745379 
vn 0.66664 -8.80389e-007 -0.745379 
vn 0.66664 1.2669e-006 -0.74538 
vn 0.666639 3.49066e-006 -0.745381 
vn -0.632437 0.316228 0.707123 
vn 0.745374 -1.04003e-006 0.666647 
vn 0 1 8.69795e-007 
vn -0.632437 0.316227 0.707124 
vn 0.745375 -1.04003e-006 0.666646 
vn 0 1 2.19434e-006 
vn -0.632436 0.316228 0.707124 
vn 0.745374 -1.04003e-006 0.666647 
vn -3.17881e-006 1 3.43058e-006 
vn -0.632437 0.316228 0.707124 
vn 0.745375 -1.04003e-006 0.666645 
vn -6.35761e-006 1 7.31591e-006 
vn -0.632437 0.316225 0.707125 
vn 0.745374 -1.04002e-006 0.666646 
vn 1.90728e-005 1 -2.24422e-005 
vn -0.632437 0.316228 0.707123 
vn 0.745374 -1.04003e-006 0.666647 
vn 0 1 2.19434e-006 
vn -0.632437 0.316227 0.707124 
vn 0.745374 2.94069e-008 0.666646 
vn 0 1 1.86321e-006 
vn -0.632437 0.316228 0.707123 
vn 0.745376 -1.04003e-006 0.666645 
vn 3.17881e-006 1 -3.01553e-006 
vn -0.632436 0.316228 0.707124 
vn 0.745375 2.94069e-008 0.666645 
vn 3.17882e-006 1 -5.99579e-006 
vn -0.632436 0.316228 0.707124 
vn 0.745373 2.9407e-008 0.666647 
vn 0 1 1.86321e-006 
vn -1.4013e-007 -1 -2.27945e-007 
vn -0.666642 2.18341e-006 0.745378 
vn -1.49472e-008 -1 2.05525e-007 
vn -0.666642 2.18341e-006 0.745378 
vn 5.9789e-008 1 5.9789e-008 
vn -0.666644 -2.04882e-006 0.745376 
vn 8.03414e-008 1 1.70025e-007 
vn -0.666644 -2.04882e-006 0.745376 
vn 0.666638 -2.82915e-006 -0.745382 
vn 0.666639 8.24065e-006 -0.745381 
vn 0.338392 -0.891007 0.302651 
vn -0.66664 3.30013e-007 0.74538 
vn 0.338395 0.891005 0.302654 
vn -0.666643 -1.10259e-006 0.745377 
vn -0.680838 -0.407027 -0.608925 
vn 0.666646 -5.59573e-006 -0.745375 
vn -0.680838 0.407026 -0.608925 
vn 0.666643 9.89063e-006 -0.745377 
vn 0.666643 -8.69354e-006 -0.745377 
vn 0.666643 1.30785e-005 -0.745377 
vn 0.43812 -0.809016 0.391847 
vn -0.666641 -6.18306e-006 0.745379 
vn 0.438123 0.809013 0.391849 
vn -0.666643 1.11799e-007 0.745377 
vn 0.116602 -0.987688 0.104286 
vn -0.666644 2.54436e-006 0.745377 
vn 0.116602 0.987688 0.104286 
vn -0.666644 -2.82187e-006 0.745377 
vn -0.389458 -0.852639 -0.348322 
vn -0.738936 -0.131155 -0.660887 
vn 0.666648 -1.27948e-006 -0.745373 
vn -0.738936 0.131156 -0.660887 
vn -0.389456 0.852641 -0.348321 
vn 0.666642 1.49623e-006 -0.745378 
vn 0.666646 -5.59573e-006 -0.745375 
vn 0.666643 9.89063e-006 -0.745377 
vn 0.116602 -0.987688 0.104287 
vn -0.666644 2.54436e-006 0.745377 
vn 0.116602 0.987688 0.104287 
vn -0.666644 -2.82187e-006 0.745377 
vn 0.527058 -0.707107 0.471391 
vn -0.666645 -2.09498e-006 0.745375 
vn 0.527061 0.707104 0.471392 
vn -0.666646 2.30205e-006 0.745374 
vn 0.666648 -1.27948e-006 -0.745373 
vn 0.666642 1.49623e-006 -0.745378 
vn 0.230332 -0.951057 0.206004 
vn -0.666645 2.30487e-006 0.745375 
vn 0.230335 0.951056 0.206006 
vn -0.666648 -2.42864e-006 0.745373 
vn -0.338393 -0.891006 -0.302651 
vn 0.666649 -1.1129e-006 -0.745372 
vn -0.338392 0.891007 -0.302651 
vn 0.666648 2.49971e-006 -0.745373 
vn 0.60302 -0.587787 0.539328 
vn -0.666645 5.1757e-006 0.745375 
vn 0.603022 0.587783 0.539329 
vn -0.666645 1.21129e-005 0.745375 
vn 0.230333 -0.951057 0.206005 
vn -0.666645 2.30487e-006 0.745375 
vn 0.230332 0.951057 0.206005 
vn -0.666648 -2.42864e-006 0.745373 
vn -0.666644 -5.66027e-006 0.745376 
vn 0.745374 -1.04003e-006 0.666647 
vn 0 -1 1.73517e-006 
vn -0.666643 3.0866e-006 0.745377 
vn 0.745374 -1.04003e-006 0.666647 
vn 0 1 8.69795e-007 
vn -0.666642 -5.66027e-006 0.745378 
vn 0.745375 -1.04003e-006 0.666646 
vn 0 -1 -5.71759e-007 
vn -0.666643 3.08661e-006 0.745377 
vn 0.745375 -1.04003e-006 0.666646 
vn 0 1 2.19434e-006 
vn -0.666644 -5.66023e-006 0.745376 
vn 0.745374 -1.04003e-006 0.666647 
vn 0 -1 5.65155e-007 
vn -0.666644 3.08662e-006 0.745377 
vn 0.745374 -1.04003e-006 0.666647 
vn -3.17881e-006 1 3.43058e-006 
vn -0.666643 -5.66022e-006 0.745377 
vn 0.745375 -1.04003e-006 0.666645 
vn 0 -1 -9.71188e-008 
vn -0.666643 3.08663e-006 0.745377 
vn 0.745375 -1.04003e-006 0.666645 
vn -6.35761e-006 1 7.31591e-006 
vn -0.666643 -5.6604e-006 0.745377 
vn 0.745374 -1.04002e-006 0.666646 
vn 0 -1 -1.98901e-008 
vn -0.666644 3.08652e-006 0.745376 
vn 0.745374 -1.04002e-006 0.666646 
vn 1.90728e-005 1 -2.24422e-005 
vn -0.666643 -5.66025e-006 0.745377 
vn 0.745374 -1.04003e-006 0.666647 
vn 0 -1 -2.51655e-007 
vn -0.666643 3.0866e-006 0.745378 
vn 0.745374 -1.04003e-006 0.666647 
vn 0 1 2.19434e-006 
vn -0.666641 -6.86329e-006 0.745379 
vn 0.745374 2.94069e-008 0.666646 
vn 0 -1 -7.50536e-008 
vn -0.666642 4.63733e-006 0.745378 
vn 0.745374 2.94069e-008 0.666646 
vn 0 1 1.86321e-006 
vn -0.666645 -6.42349e-006 0.745375 
vn 0.745376 -1.04003e-006 0.666645 
vn 0 -1 -2.51655e-007 
vn -0.666644 -1.86307e-007 0.745376 
vn 0.745376 -1.04003e-006 0.666645 
vn 3.17881e-006 1 -3.01553e-006 
vn -0.666644 1.41081e-006 0.745376 
vn 0.745375 2.94069e-008 0.666645 
vn 0 -1 -1.0795e-006 
vn -0.666645 5.38237e-006 0.745376 
vn 0.745375 2.94069e-008 0.666645 
vn 3.17882e-006 1 -5.99579e-006 
vn -0.666643 -7.62649e-006 0.745377 
vn 0.745373 2.9407e-008 0.666647 
vn 0 -1 -1.0795e-006 
vn -0.666644 1.36442e-006 0.745376 
vn 0.745373 2.9407e-008 0.666647 
vn 0 1 1.86321e-006 
vn 0.666649 -1.1129e-006 -0.745372 
vn 0.666648 2.49971e-006 -0.745373 
vn 0.664134 -0.453991 0.593986 
vn -0.666649 -8.20825e-006 0.745372 
vn 0.664134 0.45399 0.593986 
vn -0.666646 1.9808e-005 0.745374 
vn 0.338392 -0.891007 0.302651 
vn -0.666644 2.56826e-006 0.745376 
vn 0.338395 0.891005 0.302654 
vn -0.666649 -1.74446e-006 0.745372 
vn 0.708892 -0.309019 0.634018 
vn -0.666646 -1.06736e-005 0.745375 
vn 0.708892 0.309019 0.634018 
vn -0.666645 1.17473e-005 0.745376 
vn -0.230333 -0.951056 -0.206006 
vn 0.666644 -2.22619e-006 -0.745377 
vn -0.230333 0.951057 -0.206005 
vn 0.666647 3.01806e-006 -0.745374 
vn 0.736197 -0.156432 0.65844 
vn -0.666644 -8.57382e-006 0.745376 
vn 0.736198 0.15643 0.658439 
vn -0.666646 9.66456e-006 0.745374 
vn 0.745374 5.04469e-007 0.666646 
vn -0.666646 -4.95973e-007 0.745375 
vn 0.338393 -0.891007 0.302651 
vn -0.666644 2.56826e-006 0.745376 
vn 0.338391 0.891008 0.302649 
vn -0.666649 -1.74446e-006 0.745372 
vn 0.666644 -2.22619e-006 -0.745377 
vn 0.666647 3.01806e-006 -0.745374 
vn 0.43812 -0.809016 0.391847 
vn -0.666647 2.61267e-006 0.745374 
vn 0.438123 0.809013 0.391849 
vn -0.666646 -1.69614e-006 0.745374 
vn -0.116603 -0.987688 -0.104287 
vn 0.666644 -2.84481e-006 -0.745377 
vn -0.116602 0.987688 -0.104287 
vn 0.666645 2.62657e-006 -0.745376 
vn 0.527058 -0.707107 0.471391 
vn -0.66665 2.91313e-006 0.745371 
vn 0.527061 0.707104 0.471392 
vn -0.666648 -5.34819e-006 0.745372 
vn 0.738935 -0.131157 0.660888 
vn 0.389457 -0.85264 0.348322 
vn -0.666647 2.61267e-006 0.745374 
vn 0.389455 0.852642 0.34832 
vn 0.738935 0.131155 0.660888 
vn -0.666646 -1.69614e-006 0.745374 
vn 0.666644 -2.84481e-006 -0.745377 
vn 0.666645 2.62657e-006 -0.745376 
vn 0.60302 -0.587787 0.539328 
vn -0.66665 -9.70994e-007 0.745371 
vn 0.603022 0.587783 0.539329 
vn -0.666652 -2.64546e-006 0.745369 
vn 0.680836 -0.407028 0.608926 
vn -0.66665 2.91313e-006 0.745371 
vn 0.680837 0.407026 0.608926 
vn -0.666648 -5.34819e-006 0.745372 
vn 0.664134 -0.453991 0.593986 
vn -0.666653 3.65724e-007 0.745369 
vn 0.664134 0.45399 0.593986 
vn -0.666653 -9.70988e-007 0.745368 
vn -0.666647 3.54656e-007 0.745374 
vn -0.666647 1.57077e-008 0.745374 
vn 6.16995e-007 -1 -8.88557e-007 
vn -0.666645 -3.65529e-006 0.745375 
vn -0.666642 -1.28683e-006 0.745378 
vn -0.666644 -1.28681e-006 0.745377 
vn -0.666643 -1.2868e-006 0.745377 
vn -0.666643 -1.28689e-006 0.745377 
vn -0.666645 2.06176e-006 0.745376 
vn -0.666646 -1.98461e-008 0.745374 
vn -1.4013e-007 -1 -2.27945e-007 
vn 0.666647 -2.24875e-006 -0.745374 
vn 0.666647 -2.24875e-006 -0.745374 
vn -0.666646 -5.32907e-015 0.745374 
vn 0.666647 1.78872e-006 -0.745374 
vn 8.03414e-008 1 1.70025e-007 
vn 0.666647 1.78872e-006 -0.745374 
vn -0.666646 2.23179e-008 0.745374 
vn -0.666644 -3.76942e-006 0.745376 
vn -0.666642 -1.88835e-006 0.745378 
vn -0.666643 -8.9308e-007 0.745377 
vn -0.666644 6.1225e-007 0.745376 
vn -0.666644 -1.12206e-006 0.745376 
vn -0.666645 8.40418e-007 0.745375 
vn -0.666646 -9.50476e-008 0.745374 
vn -0.666647 3.07772e-010 0.745374 
vn 0 1 0 
vn 0 1 0 
vn 0.708892 -0.309019 0.634018 
vn -0.666651 -3.65364e-007 0.74537 
vn 0.708892 0.309019 0.634018 
vn -0.666649 3.65725e-007 0.745371 
vn 0.736197 -0.156432 0.65844 
vn -0.666653 6.41822e-007 0.745369 
vn 0.736198 0.15643 0.658439 
vn -0.666649 -3.65365e-007 0.745372 
vn 0.745374 5.04469e-007 0.666646 
vn -0.666651 6.4182e-007 0.74537 
vn 0.603019 -0.587787 0.539328 
vn -0.66665 -9.70994e-007 0.745371 
vn 0.60302 0.587786 0.539328 
vn -0.666652 -2.64546e-006 0.745369 
vn 0.66665 -1.368e-006 -0.745371 
vn 0.666649 1.49754e-006 -0.745372 
vn 0.116602 -0.987688 0.104287 
vn 0.66665 -1.368e-006 -0.745371 
vn 0.116602 0.987688 0.104287 
vn 0.666649 1.49754e-006 -0.745372 
vn 0.664133 -0.45399 0.593987 
vn -0.666653 3.65724e-007 0.745369 
vn 0.664133 0.45399 0.593987 
vn -0.666653 -9.70988e-007 0.745368 
vn 0.708893 -0.309018 0.634018 
vn -0.666651 -3.65364e-007 0.74537 
vn 0.708893 0.309018 0.634018 
vn -0.666649 3.65725e-007 0.745371 
vn 0.666648 -1.33505e-006 -0.745373 
vn 0.666649 1.95214e-006 -0.745372 
vn 0.736197 -0.156438 0.658438 
vn -0.666653 6.41822e-007 0.745369 
vn 0.736198 0.156437 0.658438 
vn -0.666649 -3.65365e-007 0.745372 
vn 0.745375 -9.71571e-007 0.666646 
vn -0.666651 6.4182e-007 0.74537 
vn 0.230333 -0.951057 0.206005 
vn 0.666648 -1.33505e-006 -0.745373 
vn 0.230332 0.951057 0.206005 
vn 0.666649 1.95214e-006 -0.745372 
vn 0.666647 6.42401e-007 -0.745374 
vn 0.745374 -2.97197e-007 0.666646 
vn 0 -1 -2.61381e-006 
vn 0.666646 1.56115e-006 -0.745374 
vn 0.745374 -2.97197e-007 0.666646 
vn 0 1 2.23848e-006 
vn 0.666647 5.78432e-007 -0.745374 
vn 0.745372 8.94901e-007 0.666649 
vn 0 -1 7.94601e-008 
vn 0.666647 9.65106e-007 -0.745373 
vn 0.745372 8.94901e-007 0.666649 
vn 3.17883e-006 1 -6.11724e-006 
vn 0.666648 7.65143e-008 -0.745373 
vn 0.745373 8.94901e-007 0.666648 
vn 0 -1 9.62498e-007 
vn 0.666647 1.46702e-006 -0.745373 
vn 0.745373 8.94901e-007 0.666648 
vn 0 1 -5.09965e-007 
vn 0.666646 1.48698e-006 -0.745374 
vn 0.745375 -5.98286e-007 0.666646 
vn 2.11922e-006 -1 -1.77491e-006 
vn 0.666646 4.74774e-007 -0.745374 
vn 0.745375 -5.98286e-007 0.666646 
vn 0 1 2.13914e-006 
vn 0.666646 1.7064e-007 -0.745374 
vn 0.745372 8.94901e-007 0.666648 
vn 4.23846e-006 -1 -4.51234e-006 
vn 0.666646 1.56114e-006 -0.745374 
vn 0.745372 8.94901e-007 0.666648 
vn -3.17883e-006 1 4.69995e-006 
vn 0.666647 7.65147e-008 -0.745374 
vn 0 -1 5.65128e-007 
vn 0.745374 -1.48929e-006 0.666647 
vn 0.666646 -6.77852e-007 -0.745375 
vn 0 1 -4.10621e-007 
vn 0.745374 -1.48929e-006 0.666647 
vn 0.666645 1.50492e-006 -0.745375 
vn -2.11922e-006 -1 2.81687e-006 
vn 0.745373 1.1256e-007 0.666647 
vn 0.666645 4.9273e-007 -0.745375 
vn 3.17882e-006 1 -3.07076e-006 
vn 0.745373 1.1256e-007 0.666647 
vn 0.666645 1.97668e-006 -0.745375 
vn 0 -1 7.946e-008 
vn 0.745373 1.12559e-007 0.666647 
vn 0.666646 2.09666e-008 -0.745375 
vn 3.17883e-006 1 -5.71987e-006 
vn 0.745373 1.12559e-007 0.666647 
vn 0.666647 6.42401e-007 -0.745374 
vn 0 -1 -8.03579e-007 
vn 0.745373 1.30466e-006 0.666648 
vn 0.666646 1.56115e-006 -0.745374 
vn 3.17883e-006 1 -3.07077e-006 
vn 0.745373 1.30466e-006 0.666648 
vn 0.666646 7.65144e-008 -0.745374 
vn -3.94913e-007 -1 -3.14359e-006 
vn 0.745373 -7.9876e-008 0.666647 
vn 0.666646 -2.06091e-007 -0.745374 
vn 0 1 3.39961e-007 
vn 0.745373 -7.9876e-008 0.666647 
vn 0.666647 -2.13182e-006 -0.745374 
vn 0.66665 1.74735e-006 -0.745371 
vn 0.338393 -0.891007 0.302651 
vn 0.666647 -2.13182e-006 -0.745374 
vn 0.338391 0.891008 0.302649 
vn 0.66665 1.74735e-006 -0.745371 
vn 0.666647 -1.5315e-006 -0.745373 
vn 0.666651 7.29465e-007 -0.74537 
vn 0.66665 4.02361e-007 -0.745371 
vn 0.666651 3.23255e-006 -0.74537 
vn 0.738935 -0.131157 0.660888 
vn 0.389457 -0.85264 0.348322 
vn 0.666647 -1.5315e-006 -0.745373 
vn 0.389455 0.852642 0.34832 
vn 0.738935 0.131155 0.660888 
vn 0.666651 7.29465e-007 -0.74537 
vn 0.666654 -3.65185e-007 -0.745367 
vn 0.66665 6.27572e-006 -0.745371 
vn 0.646743 0.242532 -0.723119 
vn 0.745374 -2.97197e-007 0.666646 
vn 0 1 2.23848e-006 
vn 0.646743 0.242534 -0.723119 
vn 0.745372 8.94901e-007 0.666649 
vn 3.17883e-006 1 -6.11724e-006 
vn 0.646742 0.242534 -0.723119 
vn 0.745373 8.94901e-007 0.666648 
vn 0 1 -5.09965e-007 
vn 0.646742 0.242533 -0.72312 
vn 0.745375 -5.98286e-007 0.666646 
vn 0 1 2.13914e-006 
vn 0.646743 0.242533 -0.72312 
vn 0.745372 8.94901e-007 0.666648 
vn -3.17883e-006 1 4.69995e-006 
vn 0.646741 0.242539 -0.723119 
vn 0 1 -4.10621e-007 
vn 0.745374 -1.48929e-006 0.666647 
vn 0.646743 0.242534 -0.723119 
vn 3.17882e-006 1 -3.07076e-006 
vn 0.745373 1.1256e-007 0.666647 
vn 0.646743 0.242534 -0.723119 
vn 3.17883e-006 1 -5.71987e-006 
vn 0.745373 1.12559e-007 0.666647 
vn 0.646743 0.242532 -0.723119 
vn 3.17883e-006 1 -3.07077e-006 
vn 0.745373 1.30466e-006 0.666648 
vn 0.646741 0.242534 -0.72312 
vn 0 1 3.39961e-007 
vn 0.745373 -7.9876e-008 0.666647 
vn 0.680836 -0.407028 0.608926 
vn 0.66665 4.02361e-007 -0.745371 
vn 0.680837 0.407026 0.608926 
vn 0.666651 3.23255e-006 -0.74537 
vn 7.61039e-007 -1 -7.15542e-007 
vn -0.975039 1.84311e-007 0.222032 
vn -0.932685 7.27271e-008 0.360692 
vn -6.16745e-007 1 5.19876e-007 
vn 0.262923 2.78468e-008 -0.964817 
vn -0.932685 7.27271e-008 0.360692 
vn 9.67426e-007 -1 -5.132e-007 
vn 0.262923 2.78468e-008 -0.964817 
vn -1.43223e-006 1 9.15232e-007 
vn -0.975039 1.84311e-007 0.222032 
vn 0.666652 -2.19143e-006 -0.745369 
vn 0.666653 7.24138e-006 -0.745368 
vn 6.16995e-007 -1 -8.88557e-007 
vn 0.666647 1.29369e-008 -0.745374 
vn 0.666646 -4.11197e-007 -0.745374 
vn 0.666647 2.91202e-007 -0.745374 
vn 0.666647 1.06979e-006 -0.745374 
vn 0.666647 5.2081e-007 -0.745373 
vn 0.666647 1.477e-006 -0.745374 
vn 0.666646 3.22707e-007 -0.745374 
vn 0.666646 1.04217e-006 -0.745374 
vn 0.666647 1.29369e-008 -0.745374 
vn 0.666647 1.66332e-007 -0.745374 
vn 0.666647 1.66332e-007 -0.745374 
vn 0.666647 3.88109e-007 -0.745374 
vn 0.666647 3.88109e-007 -0.745374 
vn 0.666647 3.88107e-007 -0.745374 
vn 0.666647 3.88107e-007 -0.745374 
vn 0.666647 1.66332e-007 -0.745374 
vn 0.666647 1.66332e-007 -0.745374 
vn 0.666647 1.66332e-008 -0.745374 
vn 0.666646 5.2416e-008 -0.745374 
vn 0.666646 4.13534e-007 -0.745375 
vn 0.666645 1.23471e-006 -0.745375 
vn 0.666646 3.31684e-007 -0.745374 
vn 0.666646 8.18833e-007 -0.745374 
vn 0.666646 2.57688e-008 -0.745374 
vn 0.666647 1.66332e-008 -0.745374 
vn 0.666647 5.82162e-008 -0.745374 
vn 0.666647 5.82162e-008 -0.745374 
vn 0 1 0 
vn 0.666646 4.89488e-007 -0.745374 
vn 0 1 0 
vn 0.666652 -1.22573e-006 -0.745369 
vn 0.666653 5.46935e-006 -0.745368 
vn 0.666651 -2.99775e-006 -0.74537 
vn 0.666651 2.48813e-006 -0.74537 
vn 0.66665 -1.74544e-006 -0.745371 
vn 0.603019 -0.587787 0.539328 
vn 0.666654 -3.65185e-007 -0.745367 
vn 0.60302 0.587786 0.539328 
vn 0.66665 6.27572e-006 -0.745371 
vn 0.646743 0.242532 -0.723119 
vn 0.745374 -2.97197e-007 0.666646 
vn 0 -1 -2.61381e-006 
vn 0.646743 0.242534 -0.723119 
vn 0.745372 8.94901e-007 0.666649 
vn 0 -1 7.94601e-008 
vn 0.646742 0.242534 -0.723119 
vn 0.745373 8.94901e-007 0.666648 
vn 0 -1 9.62498e-007 
vn 0.646742 0.242533 -0.72312 
vn 0.745375 -5.98286e-007 0.666646 
vn 2.11922e-006 -1 -1.77491e-006 
vn 0.646743 0.242533 -0.72312 
vn 0.745372 8.94901e-007 0.666648 
vn 4.23846e-006 -1 -4.51234e-006 
vn 0.646741 0.242539 -0.723119 
vn 0 -1 5.65128e-007 
vn 0.745374 -1.48929e-006 0.666647 
vn 0.646743 0.242534 -0.723119 
vn -2.11922e-006 -1 2.81687e-006 
vn 0.745373 1.1256e-007 0.666647 
vn 0.646743 0.242534 -0.723119 
vn 0 -1 7.946e-008 
vn 0.745373 1.12559e-007 0.666647 
vn 0.646743 0.242532 -0.723119 
vn 0 -1 -8.03579e-007 
vn 0.745373 1.30466e-006 0.666648 
vn 0.646741 0.242534 -0.72312 
vn -3.94913e-007 -1 -3.14359e-006 
vn 0.745373 -7.9876e-008 0.666647 
vn 5.74565e-007 -1 -1.29597e-008 
vn -0.896278 2.0627e-008 -0.443493 
vn -0.262927 -1.13171e-007 0.964816 
vn -0.896278 2.0627e-008 -0.443493 
vn -6.16745e-007 1 5.19876e-007 
vn -0.262927 -2.84217e-014 0.964816 
vn -0.745374 -2.65277e-008 -0.666646 
vn -0.262927 1.13171e-007 0.964816 
vn -0.896278 2.06271e-008 -0.443492 
vn 9.67426e-007 -1 -5.132e-007 
vn -1.05928e-006 1 1.27132e-007 
vn -0.896278 2.06271e-008 -0.443492 
vn 0.664133 -0.45399 0.593987 
vn 0.666652 -2.19143e-006 -0.745369 
vn 0.664133 0.45399 0.593987 
vn 0.666653 7.24138e-006 -0.745368 
vn 0.708893 -0.309018 0.634018 
vn 0.666652 -1.22573e-006 -0.745369 
vn 0.708893 0.309018 0.634018 
vn 0.666653 5.46935e-006 -0.745368 
vn 0.736197 -0.156438 0.658438 
vn 0.666651 -2.99775e-006 -0.74537 
vn 0.736198 0.156437 0.658438 
vn 0.666651 2.48813e-006 -0.74537 
vn 0.745375 -9.71571e-007 0.666646 
vn 0.66665 -1.74544e-006 -0.745371 
vn -0.666646 -1.98461e-008 0.745374 
vn 4.44277e-007 -1 7.28624e-007 
vn -0.745374 -2.65277e-008 -0.666646 
vn -0.666646 -5.32907e-015 0.745374 
vn -0.745374 -2.65277e-008 -0.666646 
vn -0.666646 2.23179e-008 0.745374 
vn -8.88555e-007 1 -4.13842e-007 
vn -0.745374 -2.65277e-008 -0.666646 
vn 0.745373 1.34824e-007 0.666647 
vn 8.17225e-007 -1 -6.7654e-007 
vn -0.803837 2.71317e-007 0.59485 
vn 0.745374 3.37059e-008 0.666647 
vn -0.803837 6.78293e-008 0.59485 
vn 0.745374 -1.01117e-007 0.666646 
vn -0.803837 6.78293e-008 0.59485 
vn 0.745374 -1.34823e-007 0.666646 
vn -1.63446e-006 1 1.16236e-006 
vn -0.803837 2.71317e-007 0.59485 
vn 7.61039e-007 -1 -7.15542e-007 
vn 0.999491 5.52768e-008 -0.0319004 
vn 0.994311 -3.39318e-008 -0.106519 
vn -6.16745e-007 1 5.19876e-007 
vn 0.262923 2.78468e-008 -0.964817 
vn 0.994311 -3.39317e-008 -0.106519 
vn 9.67426e-007 -1 -5.132e-007 
vn 0.262923 2.78468e-008 -0.964817 
vn -1.43223e-006 1 9.15232e-007 
vn 0.999491 5.52768e-008 -0.0319003 
vn 0.745373 1.34824e-007 0.666647 
vn 8.17225e-007 -1 -6.7654e-007 
vn 0.968143 -4.14908e-007 -0.250399 
vn 0.745374 3.37059e-008 0.666647 
vn 0.968143 -3.11181e-007 -0.250399 
vn 0.745374 -1.01117e-007 0.666646 
vn 0.968143 -3.11181e-007 -0.250399 
vn 0.745374 -1.34823e-007 0.666646 
vn -1.63446e-006 1 1.16236e-006 
vn 0.968143 -4.14908e-007 -0.250399 
vn 5.74565e-007 -1 -1.29597e-008 
vn 0.896279 3.45155e-007 0.443492 
vn -0.262927 -1.13171e-007 0.964816 
vn 0.896279 3.45155e-007 0.443492 
vn -6.16745e-007 1 5.19876e-007 
vn -0.262927 -2.84217e-014 0.964816 
vn 0.745374 1.42493e-007 0.666646 
vn -0.262927 1.13171e-007 0.964816 
vn 0.896279 3.45155e-007 0.443492 
vn 9.67426e-007 -1 -5.132e-007 
vn -1.05928e-006 1 1.27132e-007 
vn 0.896279 3.45155e-007 0.443492 
vn -0.666647 6.26793e-008 0.745374 
vn 4.44277e-007 -1 7.28624e-007 
vn 0.745374 1.42493e-007 0.666646 
vn 0.745374 1.42493e-007 0.666646 
vn -0.666647 4.26326e-014 0.745374 
vn -0.666647 -6.02075e-008 0.745374 
vn -8.88555e-007 1 -4.13842e-007 
vn 0.745374 1.42493e-007 0.666646 
vn -0.666647 1.57077e-008 0.745374 
vn 1.23399e-006 -1 -2.99127e-006 
vn 0.745375 -1.44767e-008 0.666646 
vn -0.666647 6.26793e-008 0.745374 
vn 0.745374 -4.52137e-007 0.666646 
vn 0.745375 -1.44767e-008 0.666646 
vn -0.666647 1.09651e-007 0.745374 
vn 0.745372 -3.49211e-007 0.666648 
vn -0.666647 4.26326e-014 0.745374 
vn 0.745371 -2.46285e-007 0.66665 
vn -0.666647 -1.09651e-007 0.745374 
vn 0.745373 -3.33243e-009 0.666648 
vn -0.666647 -6.02075e-008 0.745374 
vn 0.745374 1.10504e-007 0.666646 
vn -0.666647 -1.3339e-008 0.745374 
vn 0.745374 -6.5145e-008 0.666646 
vn 0.745374 -1.86129e-008 0.666647 
vn -0.666647 -1.59139e-008 0.745374 
vn 0.745374 -6.5145e-008 0.666646 
vn 0 1 0 
vn 0.745373 -7.02588e-007 0.666647 
vn 0.745373 -5.79456e-007 0.666648 
vn 0.745373 -1.40859e-007 0.666648 
vn 0.745374 -7.125e-007 0.666647 
vn 0.745376 -6.77339e-007 0.666644 
vn 0.745376 -6.30709e-007 0.666644 
vn 0.745376 -1.27685e-007 0.666644 
vn 1.23399e-006 -1 -2.99127e-006 
vn 0.745375 -1.44767e-008 0.666646 
vn 0.666647 1.29369e-008 -0.745374 
vn 0.745374 -4.52137e-007 0.666646 
vn 0.666647 1.66332e-007 -0.745374 
vn 0.745375 -1.44767e-008 0.666646 
vn 0.666647 1.29369e-008 -0.745374 
vn 0.745373 -3.64079e-007 0.666647 
vn 0.666647 1.66332e-007 -0.745374 
vn 0.666647 3.88109e-007 -0.745374 
vn 0.745377 -2.41393e-007 0.666644 
vn 0.666647 3.88109e-007 -0.745374 
vn 0.666647 3.88107e-007 -0.745374 
vn 0.745378 1.64277e-008 0.666643 
vn 0.666647 3.88107e-007 -0.745374 
vn 0.666647 1.66332e-007 -0.745374 
vn 0.745374 1.10504e-007 0.666646 
vn 0.666647 1.66332e-007 -0.745374 
vn 0.666647 1.66332e-008 -0.745374 
vn 0.745374 -6.5145e-008 0.666646 
vn 0.666647 5.82162e-008 -0.745374 
vn 0.745374 -1.86129e-008 0.666647 
vn 0.666647 1.66332e-008 -0.745374 
vn 0.745374 -6.5145e-008 0.666646 
vn 0.666647 5.82162e-008 -0.745374 
vn 0 1 0 
vn 0 1 -4.54453e-008 
vn -1.69447e-008 -1.76606e-008 1 
vn -1 5.19679e-009 0 
vn 0 0 1 
vn 0 1 -4.54453e-008 
vn -1 5.19679e-009 0 
vn -1.69447e-008 -1.76606e-008 1 
vn -1 5.19679e-009 0 
vn 1 -1.70049e-007 -1.40246e-007 
vn 0 -1 -1.28875e-008 
vn -6.44388e-009 0 1 
vn 1 -1.70049e-007 -1.40246e-007 
vn 0 -1 -1.28875e-008 
vn -1.12492e-008 4.04099e-008 1 
vn -1 5.19679e-009 0 
vn 0 1 1.13713e-008 
vn 1 -1.70049e-007 -1.40246e-007 
vn -6.44388e-009 0 1 
vn 0 1 1.13713e-008 
vn 1 -1.70049e-007 -1.40246e-007 
vn 0 -1 -4.74803e-009 
vn -1.12492e-008 4.04099e-008 1 
vn -1 5.19679e-009 0 
vn 0 0 1 
vn 0 -1 -4.74803e-009 
vn -1 5.19679e-009 0 
vn 1 0 0 
vn 2.38419e-008 0 -1 
vn -1.19209e-007 -1 0 
vn 1 0 0 
vn 0 0 1 
vn -1.19209e-007 -1 0 
vn 1 0 0 
vn 2.38419e-008 0 -1 
vn 1.19209e-007 1 0 
vn 1 0 0 
vn 0 0 1 
vn 1.19209e-007 1 0 
vn -0.980581 4.67577e-007 -0.196116 
vn 0 -1 -1.58946e-006 
vn 0 0 1 
vn -1 1.43053e-007 0 
vn -2.38417e-006 -1 1.11261e-005 
vn 0 0 -1 
vn -1 1.43053e-007 0 
vn -2.38417e-006 -1 1.11261e-005 
vn -0.447213 -8.52992e-008 0.894427 
vn -0.980581 4.67577e-007 -0.196116 
vn 0 0 1 
vn 0 1 1.27157e-006 
vn -1 1.43053e-007 0 
vn 0 0 -1 
vn 2.38417e-006 1 -1.03314e-005 
vn -1 1.43053e-007 0 
vn -0.447213 -8.52992e-008 0.894427 
vn 2.38417e-006 1 -1.03314e-005 
vn -0.980581 4.67578e-007 -0.196116 
vn 0 0 1 
vn 0 -1 -2.22524e-006 
vn -1 1.43053e-007 0 
vn 0 0 -1 
vn -2.38417e-006 -1 1.11261e-005 
vn -1 1.43053e-007 0 
vn -2.38417e-006 -1 1.11261e-005 
vn -0.447213 -8.52992e-008 0.894427 
vn -0.980581 4.67578e-007 -0.196116 
vn 0 1 2.54313e-006 
vn 0 0 1 
vn -1 1.43053e-007 0 
vn 0 0 -1 
vn 3.1789e-006 1 -1.4305e-005 
vn -1 1.43053e-007 0 
vn 3.1789e-006 1 -1.4305e-005 
vn -0.447213 -8.52992e-008 0.894427 
vn -0.980581 4.67577e-007 -0.196116 
vn 0 -1 -1.58946e-006 
vn 0 0 -1 
vn -0.980581 4.67577e-007 -0.196116 
vn 0 0 -1 
vn 0 1 1.27157e-006 
vn -0.980581 4.67578e-007 -0.196116 
vn 0 0 -1 
vn 0 -1 -2.22524e-006 
vn -0.980581 4.67578e-007 -0.196116 
vn 0 1 2.54313e-006 
vn 0 0 -1 
vn 2.38419e-008 0 -1 
vn -1.19209e-007 -1 3.72529e-008 
vn -1 0 0 
vn -1.19209e-007 -1 3.72529e-008 
vn -1 0 0 
vn 0 0 1 
vn -1.19209e-007 -1 3.72529e-008 
vn -1 0 0 
vn 4.76836e-007 -1 5.68434e-013 
vn -1.19209e-007 3.55271e-015 -1 
vn -1 0 0 
vn 4.76836e-007 -1 5.68434e-013 
vn -1 0 0 
vn -9.53674e-008 0 1 
vn -1 0 0 
vn 0 -1 -1.58946e-006 
vn 0 0 -1 
vn -1 0 0 
vn 0 0 1 
vn 0 -1 -1.58946e-006 
vn 0 0 1 
vn -1.19209e-007 1.59872e-014 -1 
vn -1 0 0 
vn -2.38417e-006 -1 1.11261e-005 
vn 0 0 -1 
vn -1 0 0 
vn -0.229753 -4.38219e-008 0.973249 
vn -2.38417e-006 -1 1.11261e-005 
vn -1 0 0 
vn 0 0 -1 
vn 0 1 1.27157e-006 
vn 0 0 1 
vn -1 0 0 
vn 0 0 1 
vn 0 1 1.27157e-006 
vn -1.46302e-007 1.48568e-014 -1 
vn -1 0 0 
vn 0 0 -1 
vn 2.38417e-006 1 -1.03314e-005 
vn -1 0 0 
vn -0.229753 -4.38219e-008 0.973249 
vn 2.38417e-006 1 -1.03314e-005 
vn -1 0 0 
vn 0 0 -1 
vn 0 -1 -2.22524e-006 
vn 0 0 1 
vn -1 0 0 
vn 0 0 1 
vn 0 -1 -2.22524e-006 
vn -1.46302e-007 -1.35649e-014 -1 
vn -1 0 0 
vn 0 0 -1 
vn -2.38417e-006 -1 1.11261e-005 
vn -1 0 0 
vn -0.229753 -4.38219e-008 0.973249 
vn -2.38417e-006 -1 1.11261e-005 
vn -1 0 0 
vn 0 1 2.54313e-006 
vn 0 0 -1 
vn -1 0 0 
vn 0 0 1 
vn 0 1 2.54313e-006 
vn 0 0 1 
vn 1.78814e-007 8.19564e-008 -1 
vn -1 0 0 
vn 0 0 -1 
vn 3.1789e-006 1 -1.4305e-005 
vn -1 0 0 
vn -0.229753 -4.38219e-008 0.973249 
vn 3.1789e-006 1 -1.4305e-005 
vn 2.38419e-008 0 -1 
vn 1.19209e-007 1 3.72529e-008 
vn -1 0 0 
vn 1.19209e-007 1 3.72529e-008 
vn -1 0 0 
vn 0 0 1 
vn 1.19209e-007 1 3.72529e-008 
vn -1 0 0 
vn -4.76836e-007 1 -4.76837e-006 
vn 4.76837e-007 1.63913e-007 -1 
vn -1 0 0 
vn -4.76836e-007 1 -4.76837e-006 
vn -1 0 0 
vn -9.53674e-008 0 1 
vn 0 1 -2.44608e-008 
vn -1.69447e-008 -1.76606e-008 1 
vn 1 2.78852e-009 0 
vn 0 0 1 
vn 0 1 -2.44608e-008 
vn 1 2.78852e-009 0 
vn -1.69447e-008 -1.76606e-008 1 
vn 1 2.78852e-009 0 
vn -1 -1.91085e-007 7.01231e-008 
vn 0 -1 -3.51563e-008 
vn -6.44388e-009 0 1 
vn -1 -1.91085e-007 7.01231e-008 
vn 0 -1 -3.51563e-008 
vn -1.12492e-008 4.04099e-008 1 
vn 1 2.78852e-009 0 
vn 0 1 2.08474e-008 
vn -1 -1.91085e-007 7.01231e-008 
vn -6.44388e-009 0 1 
vn 0 1 2.08474e-008 
vn -1 -1.91085e-007 7.01231e-008 
vn 0 -1 1.62365e-008 
vn -1.12492e-008 4.04099e-008 1 
vn 1 2.78852e-009 0 
vn 0 0 1 
vn 0 -1 1.62365e-008 
vn 1 2.78852e-009 0 
vn 2.38418e-007 -1 1.49012e-006 
vn -2.98023e-008 -4.37101e-007 -1 
vn -1.19209e-007 3.55271e-015 -1 
vn 3.97364e-008 4.76837e-007 1 
vn 2.38418e-007 -1 1.49012e-006 
vn -9.53674e-008 0 1 
vn -5.34773e-007 -1.457e-007 -1 
vn -4.68402e-006 -4.60945e-006 1 
vn -7.66344e-007 0 -1 
vn -6.8765e-006 -3.5925e-011 1 
vn -2.66801e-007 5.32907e-015 -1 
vn -6.87258e-006 1.68257e-011 1 
vn -2.75833e-007 4.95227e-015 -1 
vn -7.25295e-006 3.52429e-011 1 
vn -7.66346e-007 0 -1 
vn -7.26472e-006 -8.4583e-011 1 
vn -4.94746e-007 0 -1 
vn -4.70505e-006 4.76822e-006 1 
vn -5.22632e-007 0 -1 
vn -4.7061e-006 -4.76837e-006 1 
vn -7.66345e-007 0 -1 
vn -6.8765e-006 -9.54969e-012 1 
vn -5.59665e-007 -4.52164e-015 -1 
vn -5.1707e-006 -4.4703e-007 1 
vn -4.51293e-007 2.73188e-008 -1 
vn -3.59432e-006 7.10543e-013 1 
vn -7.66344e-007 0 -1 
vn -3.46883e-006 -1.7053e-012 1 
vn -5.06888e-007 1.457e-007 -1 
vn -2.20223e-006 -5.96047e-007 1 
vn -1.46165e-008 0 1 
vn -4.76836e-007 1 -4.76837e-006 
vn 4.76837e-007 1.63913e-007 -1 
vn -2.98022e-008 4.37101e-007 -1 
vn 0 1 2.98024e-006 
vn -1.67264e-012 0 1 
vn -4.76836e-007 1 -4.76837e-006 
vn 0 1 2.98024e-006 
vn -9.53674e-008 0 1 
vn -7.0459e-006 -7.1526e-006 1 
vn 0 -1 1.21196e-006 
vn -1 -2.11927e-007 0 
vn 5.02627e-008 0.316228 0.948683 
vn 0 -1 1.21196e-006 
vn -1 -2.11927e-007 0 
vn -3.06368e-013 0.242532 -0.970143 
vn 0 -1 -3.48799e-007 
vn -1 5.72215e-007 0 
vn -7.87259e-007 0 -1 
vn 0 -1 -3.48799e-007 
vn -1 5.72215e-007 0 
vn -3.06368e-013 0.242532 -0.970143 
vn 0 1 3.3776e-007 
vn -1 5.72215e-007 0 
vn -7.45431e-007 0 -1 
vn 0 1 3.3776e-007 
vn -1 5.72215e-007 0 
vn -7.0208e-006 7.15254e-006 1 
vn 0 1 2.38417e-007 
vn -1 -2.11927e-007 0 
vn 5.02627e-008 0.316228 0.948683 
vn 0 1 2.38417e-007 
vn -1 -2.11927e-007 0 
vn -6.73219e-006 -7.15261e-006 1 
vn 0 -1 3.17892e-007 
vn -1 -2.11927e-007 0 
vn -3.35095e-008 0.316228 0.948683 
vn 0 -1 3.17892e-007 
vn -1 -2.11927e-007 0 
vn -3.06368e-013 0.242532 -0.970143 
vn 0 -1 1.35105e-006 
vn -1 -3.81476e-007 0 
vn -7.87258e-007 0 -1 
vn 0 -1 1.35105e-006 
vn -1 -3.81476e-007 0 
vn -3.06368e-013 0.242532 -0.970143 
vn 0 1 -4.92733e-006 
vn -1 -3.81476e-007 0 
vn -7.4543e-007 0 -1 
vn 0 1 -4.92733e-006 
vn -1 -3.81476e-007 0 
vn -6.72278e-006 7.15256e-006 1 
vn 0 1 2.55638e-006 
vn -1 -2.11927e-007 0 
vn -3.35095e-008 0.316228 0.948683 
vn 0 1 2.55638e-006 
vn -1 -2.11927e-007 0 
vn -7.02238e-006 -7.15252e-006 1 
vn 0 -1 1.27819e-006 
vn -1 -2.11927e-007 0 
vn 2.93205e-008 0.316228 0.948683 
vn 0 -1 1.27819e-006 
vn -1 -2.11927e-007 0 
vn -3.06368e-013 0.242532 -0.970143 
vn 0 -1 2.64913e-008 
vn -1 -3.81477e-007 0 
vn 6.42358e-008 0 -1 
vn 0 -1 2.64913e-008 
vn -1 -3.81477e-007 0 
vn -3.06368e-013 0.242532 -0.970143 
vn 0 1 -9.27189e-008 
vn -1 -3.81477e-007 0 
vn 1.06063e-007 0 -1 
vn 0 1 -9.27189e-008 
vn -1 -3.81477e-007 0 
vn -7.03649e-006 7.15261e-006 1 
vn 0 1 4.87434e-006 
vn -1 -2.11927e-007 0 
vn 2.93205e-008 0.316228 0.948683 
vn 0 1 4.87434e-006 
vn -1 -2.11927e-007 0 
vn -7.46942e-006 -7.15254e-006 1 
vn 0 -1 1.1921e-007 
vn -1 -2.11927e-007 0 
vn 2.93205e-008 0.316228 0.948683 
vn 0 -1 1.1921e-007 
vn -1 -2.11927e-007 0 
vn -3.06368e-013 0.242532 -0.970143 
vn 0 -1 -3.63812e-006 
vn -1 -3.81476e-007 0 
vn -7.87261e-007 0 -1 
vn 0 -1 -3.63812e-006 
vn -1 -3.81476e-007 0 
vn -3.06368e-013 0.242532 -0.970143 
vn 0 1 2.25836e-006 
vn -1 -3.81476e-007 0 
vn -7.45433e-007 0 -1 
vn 0 1 2.25836e-006 
vn -1 -3.81476e-007 0 
vn -7.49922e-006 7.15262e-006 1 
vn 0 1 7.1923e-006 
vn -1 -2.11927e-007 0 
vn 2.93205e-008 0.316228 0.948683 
vn 0 1 7.1923e-006 
vn -1 -2.11927e-007 0 
vn -7.03021e-006 -7.15279e-006 1 
vn 0 -1 -2.11929e-007 
vn -1 -2.11926e-007 0 
vn -3.35124e-008 0.316225 0.948684 
vn 0 -1 -2.11929e-007 
vn -1 -2.11926e-007 0 
vn -3.06369e-013 0.242533 -0.970143 
vn 0 -1 -4.76399e-006 
vn -1 5.72214e-007 0 
vn -7.87259e-007 0 -1 
vn 0 -1 -4.76399e-006 
vn -1 5.72214e-007 0 
vn -3.06369e-013 0.242533 -0.970143 
vn 0 1 6.96052e-006 
vn -1 5.72214e-007 0 
vn -7.45431e-007 0 -1 
vn 0 1 6.96052e-006 
vn -1 5.72214e-007 0 
vn -7.04433e-006 7.15233e-006 1 
vn 1.26319e-012 1 -3.06236e-005 
vn -1 -2.11926e-007 0 
vn -3.35124e-008 0.316225 0.948684 
vn 1.26319e-012 1 -3.06236e-005 
vn -1 -2.11926e-007 0 
vn -7.04591e-006 -7.15256e-006 1 
vn 0 -1 1.04639e-006 
vn -1 -2.11927e-007 0 
vn 5.02627e-008 0.316228 0.948683 
vn 0 -1 1.04639e-006 
vn -1 -2.11927e-007 0 
vn 3.2125e-008 0.242538 -0.970142 
vn -1 9.53664e-008 0 
vn 0 -1 1.04198e-006 
vn -7.87259e-007 0 -1 
vn -1 9.53664e-008 0 
vn 0 -1 1.04198e-006 
vn 3.2125e-008 0.242538 -0.970142 
vn -1 9.53664e-008 0 
vn 0 1 1.33117e-006 
vn -7.45431e-007 0 -1 
vn -1 9.53664e-008 0 
vn 0 1 1.33117e-006 
vn -7.02081e-006 7.15257e-006 1 
vn 0 1 5.69554e-007 
vn -1 -2.11927e-007 0 
vn 5.02627e-008 0.316228 0.948683 
vn 0 1 5.69554e-007 
vn -1 -2.11927e-007 0 
vn -6.73218e-006 -7.15259e-006 1 
vn 0 -1 -1.30468e-006 
vn -1 -3.44382e-007 0 
vn 3.35095e-008 0.316227 0.948683 
vn 0 -1 -1.30468e-006 
vn -1 -3.44382e-007 0 
vn 3.06369e-013 0.242532 -0.970143 
vn -1 -1.09673e-006 1.90736e-006 
vn 0 -1 1.66011e-006 
vn -7.8726e-007 0 -1 
vn -1 -1.09673e-006 1.90736e-006 
vn 0 -1 1.66011e-006 
vn 3.06369e-013 0.242532 -0.970143 
vn -1 -1.09673e-006 1.90736e-006 
vn 0 1 -2.31134e-006 
vn -7.45432e-007 0 -1 
vn -1 -1.09673e-006 1.90736e-006 
vn 0 1 -2.31134e-006 
vn -6.72277e-006 7.15257e-006 1 
vn 0 1 1.29806e-006 
vn -1 -3.44382e-007 0 
vn 3.35095e-008 0.316227 0.948683 
vn 0 1 1.29806e-006 
vn -1 -3.44382e-007 0 
vn -3.61863e-006 -8.04663e-006 1 
vn 0 -1 -1.27156e-006 
vn -1 -2.11927e-007 0 
vn 5.02628e-008 0.316228 0.948683 
vn 0 -1 -1.27156e-006 
vn -1 -2.11927e-007 0 
vn 3.06369e-013 0.242532 -0.970143 
vn -1 5.72214e-007 0 
vn 0 -1 1.35105e-006 
vn -7.87261e-007 0 -1 
vn -1 5.72214e-007 0 
vn 0 -1 1.35105e-006 
vn 3.06369e-013 0.242532 -0.970143 
vn -1 5.72214e-007 0 
vn 0 1 -5.95386e-006 
vn -7.45433e-007 0 -1 
vn -1 5.72214e-007 0 
vn 0 1 -5.95386e-006 
vn -3.60138e-006 -8.9407e-007 1 
vn 0 1 -5.39092e-006 
vn -1 -2.11927e-007 0 
vn 5.02628e-008 0.316228 0.948683 
vn 0 1 -5.39092e-006 
vn -1 -2.11927e-007 0 
vn -3.58725e-006 8.94072e-007 1 
vn 0 -1 8.60952e-008 
vn -1 -3.44383e-007 0 
vn -5.02628e-008 0.316228 0.948683 
vn 0 -1 8.60952e-008 
vn -1 -3.44383e-007 0 
vn 3.06368e-013 0.242532 -0.970143 
vn -1 5.72214e-007 0 
vn 0 -1 -7.90319e-007 
vn -7.87259e-007 0 -1 
vn -1 5.72214e-007 0 
vn 0 -1 -7.90319e-007 
vn 3.06368e-013 0.242532 -0.970143 
vn -1 5.72214e-007 0 
vn 0 1 -3.20542e-006 
vn -7.45431e-007 0 -1 
vn -1 5.72214e-007 0 
vn 0 1 -3.20542e-006 
vn -3.61705e-006 8.04663e-006 1 
vn 0 1 -7.31151e-006 
vn -1 -3.44383e-007 0 
vn -5.02628e-008 0.316228 0.948683 
vn 0 1 -7.31151e-006 
vn -1 -3.44383e-007 0 
vn -3.3206e-006 -8.04663e-006 1 
vn 0 -1 9.13937e-007 
vn -1 -3.44382e-007 0 
vn 5.02627e-008 0.316228 0.948683 
vn 0 -1 9.13937e-007 
vn -1 -3.44382e-007 0 
vn 6.42481e-008 0.242533 -0.970143 
vn -1 9.53663e-008 0 
vn -5.29819e-007 -1 1.63802e-006 
vn -7.87258e-007 0 -1 
vn -1 9.53663e-008 0 
vn -5.29819e-007 -1 1.63802e-006 
vn 6.42481e-008 0.242533 -0.970143 
vn -1 9.53663e-008 0 
vn 0 1 -2.11263e-006 
vn -7.4543e-007 0 -1 
vn -1 9.53663e-008 0 
vn 0 1 -2.11263e-006 
vn -3.30335e-006 -8.9407e-007 1 
vn 0 1 1.6292e-006 
vn -1 -3.44382e-007 0 
vn 5.02627e-008 0.316228 0.948683 
vn 0 1 1.6292e-006 
vn -1 -3.44382e-007 0 
vn -2.19248e-008 0 1 
vn -1.01055e-011 -1 -3.94716e-005 
vn -1 -3.33786e-007 -1.1921e-006 
vn 2.64909e-007 6.31593e-014 1 
vn -1.01055e-011 -1 -3.94716e-005 
vn -1 -3.33786e-007 -1.1921e-006 
vn -1.67264e-012 0 1 
vn 5.05276e-012 1 3.88093e-005 
vn -1 -3.33786e-007 -1.1921e-006 
vn 2.64909e-007 6.31593e-014 1 
vn 5.05276e-012 1 3.88093e-005 
vn -1 -3.33786e-007 -1.1921e-006 
vn -2.19248e-008 0 1 
vn 1 3.57626e-008 0 
vn -1.01055e-011 -1 -3.94716e-005 
vn 2.64909e-007 6.31593e-014 1 
vn 1 3.57626e-008 0 
vn -1.01055e-011 -1 -3.94716e-005 
vn -1.67264e-012 0 1 
vn 1 3.57626e-008 0 
vn 5.05276e-012 1 3.88093e-005 
vn 2.64909e-007 6.31593e-014 1 
vn 1 3.57626e-008 0 
vn 5.05276e-012 1 3.88093e-005 
vn -1 -7.47362e-007 1.34446e-010 
vn -1.02996e-005 8.12861e-012 -1 
vn -1 -7.47362e-007 1.34446e-010 
vn 1.05224e-005 8.01492e-012 1 
vn -0.987688 -0.156435 1.63539e-009 
vn -1.14654e-005 -1.49187e-006 -1 
vn -0.987688 -0.156435 1.63539e-009 
vn 1.10229e-005 1.49188e-006 1 
vn -0.987688 0.156434 -1.01742e-010 
vn -7.52797e-006 1.49188e-006 -1 
vn -0.987688 0.156434 -1.01742e-010 
vn 1.07358e-005 -1.49187e-006 1 
vn -0.951057 -0.309016 2.7178e-009 
vn -1.14172e-005 -2.947e-006 -1 
vn -0.951057 -0.309016 2.7178e-009 
vn 9.92952e-006 2.94701e-006 1 
vn -0.951057 0.309016 2.54361e-009 
vn -7.69454e-006 2.94701e-006 -1 
vn -0.951057 0.309016 2.54361e-009 
vn 1.1415e-005 -2.947e-006 1 
vn -0.891007 -0.45399 -4.71022e-009 
vn -1.00864e-005 -4.32957e-006 -1 
vn -0.891007 -0.45399 -4.71022e-009 
vn 8.39603e-006 4.32959e-006 1 
vn -0.891006 0.453991 9.52863e-009 
vn -8.0433e-006 4.3296e-006 -1 
vn -0.891006 0.453991 9.52863e-009 
vn 7.42806e-006 -4.32959e-006 1 
vn -0.809017 -0.587785 -6.81373e-009 
vn -8.67922e-006 -5.60555e-006 -1 
vn -0.809017 -0.587785 -6.81373e-009 
vn 6.98418e-006 5.60557e-006 1 
vn -0.809017 0.587786 4.60759e-009 
vn -6.16788e-006 5.60557e-006 -1 
vn -0.809017 0.587786 4.60759e-009 
vn 5.78638e-006 -5.60556e-006 1 
vn -1.02996e-005 8.12861e-012 -1 
vn -1 4.89522e-007 2.30831e-010 
vn 1.05224e-005 8.01492e-012 1 
vn -1 4.89522e-007 2.30831e-010 
vn -1.89719e-006 2.42295e-012 1 
vn -1.14654e-005 -1.49187e-006 -1 
vn -0.987689 -0.156433 2.18628e-009 
vn 1.10229e-005 1.49188e-006 1 
vn -0.987689 -0.156433 2.18628e-009 
vn -9.41266e-007 -2.48644e-007 1 
vn -7.52797e-006 1.49188e-006 -1 
vn -0.987688 0.156434 -2.16631e-009 
vn 1.07358e-005 -1.49187e-006 1 
vn -0.987688 0.156434 -2.16631e-009 
vn -1.79556e-006 2.48649e-007 1 
vn -1.14172e-005 -2.947e-006 -1 
vn -0.951057 -0.309017 3.33433e-009 
vn 9.92952e-006 2.94701e-006 1 
vn -0.951057 -0.309017 3.33433e-009 
vn -2.1734e-006 -4.91166e-007 1 
vn -7.69454e-006 2.94701e-006 -1 
vn -0.951056 0.309017 1.04688e-009 
vn 1.1415e-005 -2.947e-006 1 
vn -0.951056 0.309017 1.04688e-009 
vn -1.34139e-006 4.91171e-007 1 
vn -1.00864e-005 -4.32957e-006 -1 
vn -0.891006 -0.453991 -4.51421e-009 
vn 8.39603e-006 4.32959e-006 1 
vn -0.891006 -0.453991 -4.51421e-009 
vn -4.0496e-007 -7.21595e-007 1 
vn -8.0433e-006 4.3296e-006 -1 
vn -0.891007 0.45399 -4.02891e-009 
vn 7.42806e-006 -4.32959e-006 1 
vn -0.891007 0.45399 -4.02891e-009 
vn -2.22362e-006 7.216e-007 1 
vn -0.913416 -0.407027 -4.29265e-009 
vn -7.29781e-006 -3.93964e-006 -1 
vn -0.913416 -0.407027 -4.29265e-009 
vn 5.95609e-006 3.93965e-006 1 
vn -0.913416 0.407027 1.32915e-012 
vn -6.49321e-006 3.93964e-006 -1 
vn -0.913416 0.407027 1.32915e-012 
vn 8.18444e-006 -3.93964e-006 1 
vn -8.67922e-006 -5.60555e-006 -1 
vn -0.809017 -0.587785 -2.08319e-008 
vn 6.98418e-006 5.60557e-006 1 
vn -0.809017 -0.587785 -2.08319e-008 
vn 4.77272e-007 -9.34262e-007 1 
vn -6.16788e-006 5.60557e-006 -1 
vn -0.809017 0.587785 1.11843e-008 
vn 5.78638e-006 -5.60556e-006 1 
vn -0.809017 0.587785 1.11843e-008 
vn -2.47437e-006 9.34264e-007 1 
vn -0.522499 -0.85264 -3.52649e-009 
vn -0.991362 -0.131156 -6.33049e-009 
vn -2.42507e-006 -1.75571e-006 -1 
vn -0.522499 -0.85264 -3.52649e-009 
vn -0.991362 -0.131156 -6.33049e-009 
vn 4.18423e-006 1.7557e-006 1 
vn -0.991362 0.131156 4.40568e-009 
vn -0.522497 0.852641 -5.41779e-008 
vn -4.34664e-006 1.75571e-006 -1 
vn -0.991362 0.131156 4.40568e-009 
vn -0.522497 0.852641 -5.41779e-008 
vn 2.81374e-006 -1.75571e-006 1 
vn -7.29781e-006 -3.93964e-006 -1 
vn -0.707107 -0.707106 -7.97435e-009 
vn 5.95609e-006 3.93965e-006 1 
vn -0.707107 -0.707106 -7.97435e-009 
vn -3.7172e-006 -1.12392e-006 1 
vn -6.49321e-006 3.93964e-006 -1 
vn -0.707106 0.707108 3.22673e-008 
vn 8.18444e-006 -3.93964e-006 1 
vn -0.707106 0.707108 3.22673e-008 
vn -2.75108e-006 1.12392e-006 1 
vn -2.42507e-006 -1.75571e-006 -1 
vn -0.587786 -0.809017 6.63432e-009 
vn 4.18423e-006 1.7557e-006 1 
vn -0.587786 -0.809017 6.63432e-009 
vn -7.72698e-006 -1.2859e-006 1 
vn -4.34664e-006 1.75571e-006 -1 
vn -0.587785 0.809017 -5.74979e-009 
vn 2.81374e-006 -1.75571e-006 1 
vn -0.587785 0.809017 -5.74979e-009 
vn 6.47515e-007 1.2859e-006 1 
vn -0.45399 -0.891007 3.38163e-010 
vn -1.51755e-006 -1.86128e-006 -1 
vn -0.45399 -0.891007 3.38163e-010 
vn 3.13741e-006 1.86129e-006 1 
vn -0.453989 0.891007 -1.15921e-008 
vn -3.94332e-006 1.86129e-006 -1 
vn -0.453989 0.891007 -1.15921e-008 
vn -2.56629e-006 -1.86128e-006 1 
vn 7.02081e-006 -7.15259e-006 1 
vn 1 9.27185e-008 0 
vn 0 -1 1.21196e-006 
vn 5.02627e-008 0.316228 0.948683 
vn 1 9.27185e-008 0 
vn 0 -1 1.21196e-006 
vn -3.06368e-013 0.242532 -0.970143 
vn 1 2.74182e-007 0 
vn 0 -1 -3.48799e-007 
vn 7.45431e-007 0 -1 
vn 1 2.74182e-007 0 
vn 0 -1 -3.48799e-007 
vn -3.06368e-013 0.242532 -0.970143 
vn 1 2.74182e-007 0 
vn 0 1 3.3776e-007 
vn 7.87259e-007 0 -1 
vn 1 2.74182e-007 0 
vn 0 1 3.3776e-007 
vn 7.04591e-006 7.15254e-006 1 
vn 1 9.27185e-008 0 
vn 0 1 2.38417e-007 
vn 5.02627e-008 0.316228 0.948683 
vn 1 9.27185e-008 0 
vn 0 1 2.38417e-007 
vn 6.73848e-006 -7.15261e-006 1 
vn 1 9.27184e-008 0 
vn 0 -1 3.17892e-007 
vn -3.35095e-008 0.316228 0.948683 
vn 1 9.27184e-008 0 
vn 0 -1 3.17892e-007 
vn -3.06368e-013 0.242532 -0.970143 
vn 1 -2.62262e-007 1.90736e-006 
vn 0 -1 1.35105e-006 
vn 7.45431e-007 0 -1 
vn 1 -2.62262e-007 1.90736e-006 
vn 0 -1 1.35105e-006 
vn -3.06368e-013 0.242532 -0.970143 
vn 1 -2.62262e-007 1.90736e-006 
vn 0 1 -4.92733e-006 
vn 7.87259e-007 0 -1 
vn 1 -2.62262e-007 1.90736e-006 
vn 0 1 -4.92733e-006 
vn 6.74789e-006 7.15256e-006 1 
vn 1 9.27184e-008 0 
vn 0 1 2.55638e-006 
vn -3.35095e-008 0.316228 0.948683 
vn 1 9.27184e-008 0 
vn 0 1 2.55638e-006 
vn 7.04434e-006 -7.15252e-006 1 
vn 1 9.27186e-008 0 
vn 0 -1 1.27819e-006 
vn 2.93205e-008 0.316228 0.948683 
vn 1 9.27186e-008 0 
vn 0 -1 1.27819e-006 
vn -3.06368e-013 0.242532 -0.970143 
vn 1 -8.3449e-008 0 
vn 0 -1 2.64913e-008 
vn 7.45432e-007 0 -1 
vn 1 -8.3449e-008 0 
vn 0 -1 2.64913e-008 
vn -3.06368e-013 0.242532 -0.970143 
vn 1 -8.3449e-008 0 
vn 0 1 -9.27189e-008 
vn 7.87259e-007 0 -1 
vn 1 -8.3449e-008 0 
vn 0 1 -9.27189e-008 
vn 7.03023e-006 7.15261e-006 1 
vn 1 9.27186e-008 0 
vn 0 1 4.87434e-006 
vn 2.93205e-008 0.316228 0.948683 
vn 1 9.27186e-008 0 
vn 0 1 4.87434e-006 
vn 7.49138e-006 -7.15254e-006 1 
vn 1 9.27186e-008 0 
vn 0 -1 1.1921e-007 
vn 2.93205e-008 0.316228 0.948683 
vn 1 9.27186e-008 0 
vn 0 -1 1.1921e-007 
vn -3.06368e-013 0.242532 -0.970143 
vn 1 -9.17914e-007 0 
vn 0 -1 -3.63812e-006 
vn 7.45433e-007 0 -1 
vn 1 -9.17914e-007 0 
vn 0 -1 -3.63812e-006 
vn -3.06368e-013 0.242532 -0.970143 
vn 1 -9.17914e-007 0 
vn 0 1 2.25836e-006 
vn 7.87261e-007 0 -1 
vn 1 -9.17914e-007 0 
vn 0 1 2.25836e-006 
vn 7.46158e-006 7.15263e-006 1 
vn 1 9.27186e-008 0 
vn 0 1 7.1923e-006 
vn 2.93205e-008 0.316228 0.948683 
vn 1 9.27186e-008 0 
vn 0 1 7.1923e-006 
vn 7.03649e-006 -7.15279e-006 1 
vn 1 -1.05963e-007 0 
vn 0 -1 -2.11929e-007 
vn -3.35124e-008 0.316225 0.948684 
vn 1 -1.05963e-007 0 
vn 0 -1 -2.11929e-007 
vn -3.06369e-013 0.242533 -0.970143 
vn 1 3.57627e-008 0 
vn 0 -1 -4.76399e-006 
vn 7.45431e-007 0 -1 
vn 1 3.57627e-008 0 
vn 0 -1 -4.76399e-006 
vn -3.06369e-013 0.242533 -0.970143 
vn 1 3.57627e-008 0 
vn 0 1 6.96052e-006 
vn 7.87259e-007 0 -1 
vn 1 3.57627e-008 0 
vn 0 1 6.96052e-006 
vn 7.02238e-006 7.15234e-006 1 
vn 1 -1.05963e-007 0 
vn 1.26319e-012 1 -3.06236e-005 
vn -3.35124e-008 0.316225 0.948684 
vn 1 -1.05963e-007 0 
vn 1.26319e-012 1 -3.06236e-005 
vn 7.02082e-006 -7.15256e-006 1 
vn 1 9.27185e-008 0 
vn 0 -1 1.04639e-006 
vn 5.02627e-008 0.316228 0.948683 
vn 1 9.27185e-008 0 
vn 0 -1 1.04639e-006 
vn 3.2125e-008 0.242538 -0.970142 
vn 0 -1 1.04198e-006 
vn 1 -5.60285e-007 0 
vn 7.45431e-007 0 -1 
vn 0 -1 1.04198e-006 
vn 1 -5.60285e-007 0 
vn 3.2125e-008 0.242538 -0.970142 
vn 0 1 1.33117e-006 
vn 1 -5.60285e-007 0 
vn 7.87259e-007 0 -1 
vn 0 1 1.33117e-006 
vn 1 -5.60285e-007 0 
vn 7.04591e-006 7.15257e-006 1 
vn 1 9.27185e-008 0 
vn 0 1 5.69554e-007 
vn 5.02627e-008 0.316228 0.948683 
vn 1 9.27185e-008 0 
vn 0 1 5.69554e-007 
vn 6.73846e-006 -7.15259e-006 1 
vn 1 2.64909e-008 0 
vn 0 -1 -1.30468e-006 
vn 3.35095e-008 0.316227 0.948683 
vn 1 2.64909e-008 0 
vn 0 -1 -1.30468e-006 
vn 3.06369e-013 0.242532 -0.970143 
vn 0 -1 1.66011e-006 
vn 1 3.93394e-007 -9.53679e-007 
vn 7.45431e-007 0 -1 
vn 0 -1 1.66011e-006 
vn 1 3.93394e-007 -9.53679e-007 
vn 3.06369e-013 0.242532 -0.970143 
vn 0 1 -2.31134e-006 
vn 1 3.93394e-007 -9.53679e-007 
vn 7.87259e-007 0 -1 
vn 0 1 -2.31134e-006 
vn 1 3.93394e-007 -9.53679e-007 
vn 6.74787e-006 7.15256e-006 1 
vn 1 2.64909e-008 0 
vn 0 1 1.29806e-006 
vn 3.35095e-008 0.316227 0.948683 
vn 1 2.64909e-008 0 
vn 0 1 1.29806e-006 
vn 3.59354e-006 -8.04663e-006 1 
vn 1 9.27186e-008 0 
vn 0 -1 -1.27156e-006 
vn 5.02628e-008 0.316228 0.948683 
vn 1 9.27186e-008 0 
vn 0 -1 -1.27156e-006 
vn 3.06369e-013 0.242532 -0.970143 
vn 0 -1 1.35105e-006 
vn 1 3.93394e-007 -9.5368e-007 
vn 7.45431e-007 0 -1 
vn 0 -1 1.35105e-006 
vn 1 3.93394e-007 -9.5368e-007 
vn 3.06369e-013 0.242532 -0.970143 
vn 0 1 -5.95386e-006 
vn 1 3.93394e-007 -9.5368e-007 
vn 7.87259e-007 0 -1 
vn 0 1 -5.95386e-006 
vn 1 3.93394e-007 -9.5368e-007 
vn 3.61079e-006 -8.9407e-007 1 
vn 1 9.27186e-008 0 
vn 0 1 -5.39092e-006 
vn 5.02628e-008 0.316228 0.948683 
vn 1 9.27186e-008 0 
vn 0 1 -5.39092e-006 
vn 3.6249e-006 8.94069e-007 1 
vn 1 2.64909e-008 0 
vn 0 -1 8.60952e-008 
vn -5.02628e-008 0.316228 0.948683 
vn 1 2.64909e-008 0 
vn 0 -1 8.60952e-008 
vn 3.06368e-013 0.242532 -0.970143 
vn 0 -1 -7.90319e-007 
vn 1 5.12601e-007 0 
vn 7.45431e-007 0 -1 
vn 0 -1 -7.90319e-007 
vn 1 5.12601e-007 0 
vn 3.06368e-013 0.242532 -0.970143 
vn 0 1 -3.20542e-006 
vn 1 5.12601e-007 0 
vn 7.87259e-007 0 -1 
vn 0 1 -3.20542e-006 
vn 1 5.12601e-007 0 
vn 3.5951e-006 8.04662e-006 1 
vn 1 2.64909e-008 0 
vn 0 1 -7.31151e-006 
vn -5.02628e-008 0.316228 0.948683 
vn 1 2.64909e-008 0 
vn 0 1 -7.31151e-006 
vn 3.29551e-006 -8.04663e-006 1 
vn 1 2.64909e-008 0 
vn 0 -1 9.13937e-007 
vn 5.02627e-008 0.316228 0.948683 
vn 1 2.64909e-008 0 
vn 0 -1 9.13937e-007 
vn 6.42481e-008 0.242533 -0.970143 
vn -5.29819e-007 -1 1.63802e-006 
vn 1 -8.34453e-008 0 
vn 7.45431e-007 0 -1 
vn -5.29819e-007 -1 1.63802e-006 
vn 1 -8.34453e-008 0 
vn 6.42481e-008 0.242533 -0.970143 
vn 0 1 -2.11263e-006 
vn 1 -8.34453e-008 0 
vn 7.87259e-007 0 -1 
vn 0 1 -2.11263e-006 
vn 1 -8.34453e-008 0 
vn 3.31277e-006 -8.9407e-007 1 
vn 1 2.64909e-008 0 
vn 0 1 1.6292e-006 
vn 5.02627e-008 0.316228 0.948683 
vn 1 2.64909e-008 0 
vn 0 1 1.6292e-006 
vn -1.51755e-006 -1.86128e-006 -1 
vn -0.45399 -0.891007 -4.41153e-010 
vn 3.13741e-006 1.86129e-006 1 
vn -0.45399 -0.891007 -4.41153e-010 
vn -5.72779e-006 -1.41622e-006 1 
vn -3.94332e-006 1.86129e-006 -1 
vn -0.453991 0.891006 -3.12858e-008 
vn -2.56629e-006 -1.86128e-006 1 
vn -0.453991 0.891006 -3.12858e-008 
vn 6.18698e-007 1.41622e-006 1 
vn -0.309018 -0.951056 4.69662e-008 
vn -2.01679e-006 -1.88771e-006 -1 
vn -0.309018 -0.951056 4.69662e-008 
vn 4.26421e-006 1.88772e-006 1 
vn -0.309018 0.951056 6.77218e-008 
vn -2.95207e-006 1.88772e-006 -1 
vn -0.309018 0.951056 6.77218e-008 
vn 1.19625e-006 -1.88771e-006 1 
vn -2.01679e-006 -1.88771e-006 -1 
vn -0.309017 -0.951057 6.93651e-009 
vn 4.26421e-006 1.88772e-006 1 
vn -0.309017 -0.951057 6.93651e-009 
vn 3.33847e-007 -1.51167e-006 1 
vn -2.95207e-006 1.88772e-006 -1 
vn -0.309017 0.951057 -4.16094e-008 
vn 1.19625e-006 -1.88771e-006 1 
vn -0.309017 0.951057 -4.16094e-008 
vn -3.12305e-006 1.51166e-006 1 
vn -1.89719e-006 2.42295e-012 1 
vn -1 -1.6442e-007 4.25827e-011 
vn -1 -1.6442e-007 4.25827e-011 
vn 3.01439e-006 0 1 
vn -9.41266e-007 -2.48644e-007 1 
vn -0.987688 -0.156434 7.23914e-010 
vn -0.987688 -0.156434 7.23914e-010 
vn -3.64657e-008 0 1 
vn -1.79556e-006 2.48649e-007 1 
vn -0.987688 0.156439 6.16731e-010 
vn -0.987688 0.156439 6.16731e-010 
vn -9.76679e-007 0 1 
vn -2.1734e-006 -4.91166e-007 1 
vn -0.951058 -0.309014 2.16283e-010 
vn -0.951058 -0.309014 2.16283e-010 
vn -3.97658e-006 0 1 
vn -1.34139e-006 4.91171e-007 1 
vn -0.951056 0.30902 -7.50528e-011 
vn -0.951056 0.30902 -7.50528e-011 
vn -5.14467e-007 0 1 
vn -4.0496e-007 -7.21595e-007 1 
vn -0.891008 -0.453988 -1.43385e-009 
vn -0.891008 -0.453988 -1.43385e-009 
vn -4.43878e-006 0 1 
vn -2.22362e-006 7.216e-007 1 
vn -0.891008 0.453988 -4.53565e-009 
vn -0.891008 0.453988 -4.53565e-009 
vn -4.1904e-006 0 1 
vn 4.77272e-007 -9.34262e-007 1 
vn -0.809013 -0.58779 3.32579e-009 
vn -0.809013 -0.58779 3.32579e-009 
vn -7.62845e-007 0 1 
vn -2.47437e-006 9.34264e-007 1 
vn -0.809015 0.587788 3.09133e-009 
vn -0.809015 0.587788 3.09133e-009 
vn 2.61448e-006 0 1 
vn -0.156435 -0.987688 9.22981e-008 
vn -2.15426e-006 -1.90256e-006 -1 
vn -0.156435 -0.987688 9.22981e-008 
vn 2.09846e-006 1.90256e-006 1 
vn -0.156435 0.987688 1.05205e-007 
vn 8.46712e-007 1.90256e-006 -1 
vn -0.156435 0.987688 1.05205e-007 
vn 1.33655e-006 -1.90256e-006 1 
vn -3.7172e-006 -1.12392e-006 1 
vn -0.707103 -0.707111 -2.24392e-009 
vn -0.707103 -0.707111 -2.24392e-009 
vn 1.95769e-006 0 1 
vn -2.75108e-006 1.12392e-006 1 
vn -0.707105 0.707109 1.16935e-008 
vn -0.707105 0.707109 1.16935e-008 
vn 1.33774e-005 0 1 
vn -2.15426e-006 -1.90256e-006 -1 
vn -0.156435 -0.987688 3.19022e-008 
vn 2.09846e-006 1.90256e-006 1 
vn -0.156435 -0.987688 3.19022e-008 
vn -2.27474e-006 -1.56989e-006 1 
vn 8.46712e-007 1.90256e-006 -1 
vn -0.156434 0.987688 -3.9338e-008 
vn 1.33655e-006 -1.90256e-006 1 
vn -0.156434 0.987688 -3.9338e-008 
vn 5.57105e-007 1.56989e-006 1 
vn -7.72698e-006 -1.2859e-006 1 
vn -0.587786 -0.809016 -1.46672e-008 
vn -0.587786 -0.809016 -1.46672e-008 
vn 8.72177e-006 0 1 
vn 6.47515e-007 1.2859e-006 1 
vn -0.587785 0.809017 -1.0035e-008 
vn -0.587785 0.809017 -1.0035e-008 
vn -5.1798e-007 0 1 
vn -5.72779e-006 -1.41622e-006 1 
vn -0.45399 -0.891007 -1.78485e-008 
vn -0.45399 -0.891007 -1.78485e-008 
vn 1.72829e-005 0 1 
vn 6.18698e-007 1.41622e-006 1 
vn -0.45399 0.891007 -1.8724e-008 
vn -0.45399 0.891007 -1.8724e-008 
vn -1.09095e-005 0 1 
vn 3.33847e-007 -1.51167e-006 1 
vn -0.309015 -0.951057 -1.82816e-008 
vn -0.309015 -0.951057 -1.82816e-008 
vn 1.39576e-005 0 1 
vn -3.12305e-006 1.51166e-006 1 
vn -0.309018 0.951056 3.07015e-009 
vn -0.309018 0.951056 3.07015e-009 
vn -8.67816e-006 0 1 
vn -2.27474e-006 -1.56989e-006 1 
vn -0.156434 -0.987688 -1.55223e-008 
vn -0.156434 -0.987688 -1.55223e-008 
vn -5.03865e-006 0 1 
vn 5.57105e-007 1.56989e-006 1 
vn -0.156434 0.987688 -3.02889e-009 
vn -0.156434 0.987688 -3.02889e-009 
vn 8.24416e-007 0 1 
vn -4.76837e-007 -1 1.1921e-006 
vn -5.5631e-007 6.62274e-008 -1 
vn -2.98023e-008 -4.37101e-007 -1 
vn 3.97364e-008 4.76837e-007 1 
vn -2.11928e-008 0 1 
vn -4.76837e-007 -1 1.1921e-006 
vn 4.8702e-007 -1.457e-007 -1 
vn 4.69379e-006 -4.60945e-006 1 
vn 7.66345e-007 0 -1 
vn 6.89219e-006 -3.41061e-011 1 
vn 7.66345e-007 0 -1 
vn 6.89612e-006 1.86446e-011 1 
vn 7.66346e-007 0 -1 
vn 7.2608e-006 3.70619e-011 1 
vn 7.66346e-007 0 -1 
vn 7.24903e-006 -8.29914e-011 1 
vn 5.27047e-007 0 -1 
vn 4.67275e-006 4.76822e-006 1 
vn -5.5631e-007 6.62274e-008 -1 
vn 2.03012e-014 0 -1 
vn -1.05967e-008 0 1 
vn 1.04631e-007 -1 5.31173e-008 
vn -2.36079e-006 -1.90735e-006 -1 
vn 1.04631e-007 -1 5.31173e-008 
vn 2.04378e-006 1.90735e-006 1 
vn 2.03012e-014 0 -1 
vn 1.84741e-012 0 -1 
vn -2.36079e-006 -1.90735e-006 -1 
vn -6.35258e-008 -1 8.50512e-009 
vn 2.04378e-006 1.90735e-006 1 
vn -6.35258e-008 -1 8.50512e-009 
vn -8.74631e-007 -1.58946e-006 1 
vn -8.74631e-007 -1.58946e-006 1 
vn -3.54997e-007 -1 -6.65571e-009 
vn -3.54997e-007 -1 -6.65571e-009 
vn -1.45411e-005 0 1 
vn 1.84741e-012 0 -1 
vn -1.94215e-012 0 -1 
vn -1.35525e-019 0 1 
vn -2.69745e-009 0 1 
vn -2.26199e-006 0 1 
vn 7.38964e-013 0 1 
vn 3.94364e-006 0 1 
vn -2.69127e-006 0 1 
vn 1.25728e-005 0 1 
vn 2.15268e-006 0 1 
vn 7.29198e-006 0 1 
vn -1.03292e-005 0 1 
vn -1.01505e-005 0 1 
vn -8.14146e-006 0 1 
vn -1.87553e-005 0 1 
vn -1.45411e-005 0 1 
vn -1.45411e-005 0 1 
vn -5.03865e-006 0 1 
vn 1.39576e-005 0 1 
vn 1.72829e-005 0 1 
vn 8.72177e-006 0 1 
vn 1.95769e-006 0 1 
vn -7.62845e-007 0 1 
vn -4.43878e-006 0 1 
vn -3.97658e-006 0 1 
vn -3.64657e-008 0 1 
vn 3.01439e-006 0 1 
vn -9.76679e-007 0 1 
vn -5.14467e-007 0 1 
vn -4.1904e-006 0 1 
vn 2.61448e-006 0 1 
vn 1.33774e-005 0 1 
vn -5.1798e-007 0 1 
vn -1.09095e-005 0 1 
vn -8.67816e-006 0 1 
vn 8.24416e-007 0 1 
vn 8.24411e-007 0 1 
vn -8.67812e-006 0 1 
vn -1.39577e-005 0 1 
vn -1.28014e-006 0 1 
vn 4.23292e-006 0 1 
vn -8.05401e-006 0 1 
vn -7.61211e-007 0 1 
vn 5.57104e-007 1.58945e-006 1 
vn -2.50366e-007 1 -1.30387e-008 
vn -2.50366e-007 1 -1.30387e-008 
vn 8.24411e-007 0 1 
vn 8.36704e-007 1.90735e-006 -1 
vn 7.09994e-008 1 2.23387e-008 
vn -1.16731e-008 -1.90735e-006 1 
vn 7.09994e-008 1 2.23387e-008 
vn 5.57104e-007 1.58945e-006 1 
vn -1.94215e-012 0 -1 
vn 2.03012e-014 0 -1 
vn 4.85785e-008 1 1.06127e-007 
vn 8.36704e-007 1.90735e-006 -1 
vn 4.85785e-008 1 1.06127e-007 
vn -1.16731e-008 -1.90735e-006 1 
vn 2.03012e-014 0 -1 
vn 3.40598e-008 0 -1 
vn 3.12528e-013 0 1 
vn 4.99162e-007 0 -1 
vn 4.67171e-006 -4.76837e-006 1 
vn 7.66345e-007 0 -1 
vn 6.89219e-006 -1.00044e-011 1 
vn 7.66345e-007 0 -1 
vn 5.1707e-006 -4.47031e-007 1 
vn 7.66345e-007 0 -1 
vn 3.61784e-006 -1.98952e-013 1 
vn 7.66345e-007 0 -1 
vn 3.4453e-006 -2.95586e-012 1 
vn 5.14905e-007 1.457e-007 -1 
vn 2.20851e-006 -5.96047e-007 1 
vn 3.40598e-008 0 -1 
vn -5.96046e-007 -2.98024e-007 -1 
vn -2.78435e-008 0 1 
vn -5.96046e-007 -2.98024e-007 -1 
vn 4.76836e-007 1 -4.17232e-006 
vn -2.98022e-008 4.37101e-007 -1 
vn 0 1 2.98024e-006 
vn -3.17904e-008 0 1 
vn 4.76836e-007 1 -4.17232e-006 
vn 0 1 2.98024e-006 
vn 4.20564e-006 -1.56989e-006 1 
vn 0.156434 -0.987688 1.56662e-008 
vn 0.156434 -0.987688 1.56662e-008 
vn -1.45411e-005 0 1 
vn -3.12305e-006 1.56989e-006 1 
vn 0.156434 0.987688 4.05375e-009 
vn 0.156434 0.987688 4.05375e-009 
vn -8.67812e-006 0 1 
vn 2.48802e-006 -1.51166e-006 1 
vn 0.309017 -0.951057 3.21989e-009 
vn 0.309017 -0.951057 3.21989e-009 
vn -1.87553e-005 0 1 
vn -3.33842e-007 1.51166e-006 1 
vn 0.309018 0.951056 1.52172e-008 
vn 0.309018 0.951056 1.52172e-008 
vn -1.39577e-005 0 1 
vn 3.19149e-006 -1.41622e-006 1 
vn 0.453991 -0.891007 -1.70924e-008 
vn 0.453991 -0.891007 -1.70924e-008 
vn -8.14146e-006 0 1 
vn -1.5751e-006 1.41622e-006 1 
vn 0.45399 0.891007 -6.66923e-009 
vn 0.45399 0.891007 -6.66923e-009 
vn -1.28014e-006 0 1 
vn 2.52765e-006 -1.2859e-006 1 
vn 0.587784 -0.809018 2.44242e-010 
vn 0.587784 -0.809018 2.44242e-010 
vn -1.01505e-005 0 1 
vn -5.28461e-007 1.2859e-006 1 
vn 0.587784 0.809018 -1.20976e-008 
vn 0.587784 0.809018 -1.20976e-008 
vn 4.23292e-006 0 1 
vn -2.40142e-006 -1.90256e-006 -1 
vn 0.156434 -0.987688 -4.76836e-008 
vn 4.84144e-006 1.90256e-006 1 
vn 0.156434 -0.987688 -4.76836e-008 
vn 4.20564e-006 -1.56989e-006 1 
vn 6.30182e-007 1.90256e-006 -1 
vn 0.156435 0.987688 2.14736e-009 
vn -2.55196e-008 -1.90256e-006 1 
vn 0.156435 0.987688 2.14736e-009 
vn -3.12305e-006 1.56989e-006 1 
vn 2.43357e-006 -1.12392e-006 1 
vn 0.707107 -0.707107 2.20056e-009 
vn 0.707107 -0.707107 2.20056e-009 
vn -1.03292e-005 0 1 
vn 2.44714e-006 1.12392e-006 1 
vn 0.707106 0.707108 1.18487e-009 
vn 0.707106 0.707108 1.18487e-009 
vn -8.05401e-006 0 1 
vn 0.156434 -0.987688 4.14043e-009 
vn -2.40142e-006 -1.90256e-006 -1 
vn 0.156434 -0.987688 4.14043e-009 
vn 4.84144e-006 1.90256e-006 1 
vn 0.156435 0.987688 1.05205e-007 
vn 6.30182e-007 1.90256e-006 -1 
vn 0.156435 0.987688 1.05205e-007 
vn -2.55196e-008 -1.90256e-006 1 
vn 2.95065e-006 -9.34261e-007 1 
vn 0.809018 -0.587784 -9.84374e-010 
vn 0.809018 -0.587784 -9.84374e-010 
vn 7.29198e-006 0 1 
vn 1.58659e-006 9.3426e-007 1 
vn 0.809017 0.587785 -3.28819e-010 
vn 0.809017 0.587785 -3.28819e-010 
vn -7.61211e-007 0 1 
vn -3.16517e-007 -7.21599e-007 1 
vn 0.891006 -0.453992 3.19784e-009 
vn 0.891006 -0.453992 3.19784e-009 
vn 1.25728e-005 0 1 
vn 2.94509e-006 7.216e-007 1 
vn 0.891006 0.453991 -6.51328e-010 
vn 0.891006 0.453991 -6.51328e-010 
vn 2.15268e-006 0 1 
vn 1.50701e-007 -4.91169e-007 1 
vn 0.951057 -0.309017 1.2325e-009 
vn 0.951057 -0.309017 1.2325e-009 
vn 3.94364e-006 0 1 
vn 1.93526e-006 4.91172e-007 1 
vn 0.951056 0.309019 -2.42378e-009 
vn 0.951056 0.309019 -2.42378e-009 
vn -2.69127e-006 0 1 
vn 2.27183e-006 -2.48645e-007 1 
vn 0.987689 -0.156433 -1.74175e-011 
vn 0.987689 -0.156433 -1.74175e-011 
vn -2.26199e-006 0 1 
vn 3.1658e-007 2.48646e-007 1 
vn 0.987688 0.156437 -4.23875e-010 
vn 0.987688 0.156437 -4.23875e-010 
vn 7.38964e-013 0 1 
vn 9.54987e-007 4.9738e-014 1 
vn 1 2.91471e-006 7.38099e-011 
vn 1 2.91471e-006 7.38099e-011 
vn -2.69745e-009 0 1 
vn -9.41159e-007 -1.88771e-006 -1 
vn 0.309017 -0.951057 -4.81682e-008 
vn 2.23008e-006 1.88771e-006 1 
vn 0.309017 -0.951057 -4.81682e-008 
vn 2.48802e-006 -1.51166e-006 1 
vn 1.29725e-006 1.88772e-006 -1 
vn 0.309017 0.951056 -1.60209e-008 
vn 1.40643e-006 -1.88771e-006 1 
vn 0.309017 0.951056 -1.60209e-008 
vn -3.33842e-007 1.51166e-006 1 
vn 0.309017 -0.951056 -1.75159e-008 
vn -9.41159e-007 -1.88771e-006 -1 
vn 0.309017 -0.951056 -1.75159e-008 
vn 2.23008e-006 1.88771e-006 1 
vn 0.309018 0.951056 3.06187e-008 
vn 1.29725e-006 1.88772e-006 -1 
vn 0.309018 0.951056 3.06187e-008 
vn 1.40643e-006 -1.88771e-006 1 
vn 1.22177e-006 -1.86129e-006 -1 
vn 0.45399 -0.891007 -3.44895e-009 
vn -1.2175e-006 1.86129e-006 1 
vn 0.45399 -0.891007 -3.44895e-009 
vn 3.19149e-006 -1.41622e-006 1 
vn 4.14973e-007 1.86129e-006 -1 
vn 0.453991 0.891006 -5.47382e-009 
vn -1.07183e-006 -1.86129e-006 1 
vn 0.453991 0.891006 -5.47382e-009 
vn -1.5751e-006 1.41622e-006 1 
vn 0.453991 -0.891006 -1.77465e-008 
vn 1.22177e-006 -1.86129e-006 -1 
vn 0.453991 -0.891006 -1.77465e-008 
vn -1.2175e-006 1.86129e-006 1 
vn 0.453991 0.891007 -1.72712e-009 
vn 4.14973e-007 1.86129e-006 -1 
vn 0.453991 0.891007 -1.72712e-009 
vn -1.07183e-006 -1.86129e-006 1 
vn 4.35157e-006 -1.7557e-006 -1 
vn 0.587785 -0.809017 2.06489e-008 
vn -4.9081e-006 1.75571e-006 1 
vn 0.587785 -0.809017 2.06489e-008 
vn 2.52765e-006 -1.2859e-006 1 
vn 3.78784e-006 1.7557e-006 -1 
vn 0.587786 0.809017 -3.10498e-008 
vn -6.49226e-006 -1.75571e-006 1 
vn 0.587786 0.809017 -3.10498e-008 
vn -5.28461e-007 1.2859e-006 1 
vn 6.88117e-006 -3.93963e-006 -1 
vn 0.707107 -0.707107 4.15994e-009 
vn -7.21455e-006 3.93964e-006 1 
vn 0.707107 -0.707107 4.15994e-009 
vn 2.43357e-006 -1.12392e-006 1 
vn 8.62026e-006 3.93963e-006 -1 
vn 0.707107 0.707107 2.51658e-010 
vn -6.30865e-006 -3.93964e-006 1 
vn 0.707107 0.707107 2.51658e-010 
vn 2.44714e-006 1.12392e-006 1 
vn 0.991362 -0.131156 4.49873e-009 
vn 0.522499 -0.85264 -3.52649e-009 
vn 4.35157e-006 -1.7557e-006 -1 
vn 0.991362 -0.131156 4.49873e-009 
vn 0.522499 -0.85264 -3.52649e-009 
vn -4.9081e-006 1.75571e-006 1 
vn 0.522499 0.85264 3.94688e-008 
vn 0.991362 0.131156 8.2558e-009 
vn 3.78784e-006 1.7557e-006 -1 
vn 0.522499 0.85264 3.94688e-008 
vn 0.991362 0.131156 8.2558e-009 
vn -6.49226e-006 -1.75571e-006 1 
vn 6.16788e-006 -5.60555e-006 -1 
vn 0.809017 -0.587786 -3.39093e-009 
vn -8.11483e-006 5.60556e-006 1 
vn 0.809017 -0.587786 -3.39093e-009 
vn 2.95065e-006 -9.34261e-007 1 
vn 9.73763e-006 5.60554e-006 -1 
vn 0.809018 0.587784 1.3988e-008 
vn -7.40755e-006 -5.60555e-006 1 
vn 0.809018 0.587784 1.3988e-008 
vn 1.58659e-006 9.3426e-007 1 
vn 0.913416 -0.407027 4.67048e-010 
vn 6.88117e-006 -3.93963e-006 -1 
vn 0.913416 -0.407027 4.67048e-010 
vn -7.21455e-006 3.93964e-006 1 
vn 0.913416 0.407026 -7.25437e-009 
vn 8.62026e-006 3.93963e-006 -1 
vn 0.913416 0.407026 -7.25437e-009 
vn -6.30865e-006 -3.93964e-006 1 
vn 7.40827e-006 -4.32959e-006 -1 
vn 0.891006 -0.453991 -4.48126e-009 
vn -8.06309e-006 4.3296e-006 1 
vn 0.891006 -0.453991 -4.48126e-009 
vn -3.16517e-007 -7.21599e-007 1 
vn 9.87472e-006 4.32959e-006 -1 
vn 0.891007 0.45399 1.50582e-009 
vn -9.45443e-006 -4.32958e-006 1 
vn 0.891007 0.45399 1.50582e-009 
vn 2.94509e-006 7.216e-007 1 
vn 8.9646e-006 -2.94701e-006 -1 
vn 0.951056 -0.309017 -6.14619e-009 
vn -7.1814e-006 2.94702e-006 1 
vn 0.951056 -0.309017 -6.14619e-009 
vn 1.50701e-007 -4.91169e-007 1 
vn 8.4537e-006 2.94702e-006 -1 
vn 0.951056 0.309017 -3.9896e-010 
vn -9.29447e-006 -2.94701e-006 1 
vn 0.951056 0.309017 -3.9896e-010 
vn 1.93526e-006 4.91172e-007 1 
vn 8.58635e-006 -1.49187e-006 -1 
vn 0.987689 -0.156433 -2.34703e-009 
vn -8.2638e-006 1.49188e-006 1 
vn 0.987689 -0.156433 -2.34703e-009 
vn 2.27183e-006 -2.48645e-007 1 
vn 8.58057e-006 1.49188e-006 -1 
vn 0.987689 0.156433 -1.80336e-010 
vn -7.95355e-006 -1.49187e-006 1 
vn 0.987689 0.156433 -1.80336e-010 
vn 3.1658e-007 2.48646e-007 1 
vn 7.83819e-006 4.3201e-012 -1 
vn 1 0 -4.25077e-010 
vn -8.36789e-006 3.72324e-012 1 
vn 1 0 -4.25077e-010 
vn 9.54987e-007 4.9738e-014 1 
vn 0.809017 -0.587785 1.74379e-009 
vn 6.16788e-006 -5.60555e-006 -1 
vn 0.809017 -0.587785 1.74379e-009 
vn -8.11483e-006 5.60556e-006 1 
vn 0.809017 0.587785 -1.80173e-008 
vn 9.73763e-006 5.60554e-006 -1 
vn 0.809017 0.587785 -1.80173e-008 
vn -7.40755e-006 -5.60555e-006 1 
vn 0.891007 -0.45399 2.95012e-009 
vn 7.40827e-006 -4.32959e-006 -1 
vn 0.891007 -0.45399 2.95012e-009 
vn -8.06309e-006 4.3296e-006 1 
vn 0.891007 0.453991 -7.46946e-009 
vn 9.87472e-006 4.32959e-006 -1 
vn 0.891007 0.453991 -7.46946e-009 
vn -9.45443e-006 -4.32958e-006 1 
vn 0.951057 -0.309016 -1.76491e-009 
vn 8.9646e-006 -2.94701e-006 -1 
vn 0.951057 -0.309016 -1.76491e-009 
vn -7.1814e-006 2.94702e-006 1 
vn 0.951057 0.309017 3.90685e-010 
vn 8.4537e-006 2.94702e-006 -1 
vn 0.951057 0.309017 3.90685e-010 
vn -9.29447e-006 -2.94701e-006 1 
vn 0.987688 -0.156435 -1.0888e-009 
vn 8.58635e-006 -1.49187e-006 -1 
vn 0.987688 -0.156435 -1.0888e-009 
vn -8.2638e-006 1.49188e-006 1 
vn 0.987688 0.156435 1.06265e-009 
vn 8.58057e-006 1.49188e-006 -1 
vn 0.987688 0.156435 1.06265e-009 
vn -7.95355e-006 -1.49187e-006 1 
vn 1 -3.73681e-009 1.76674e-010 
vn 7.83819e-006 4.3201e-012 -1 
vn 1 -3.73681e-009 1.76674e-010 
vn -8.36789e-006 3.72324e-012 1 
vn -1.05967e-008 0 1 
vn 5.96047e-007 -1 -1.98683e-007 
vn -1 5.96046e-009 0 
vn 3.74439e-007 -1 -5.96047e-007 
vn -0.963715 5.56743e-009 0.266933 
vn 0.447214 6.66396e-009 0.894427 
vn -0.963715 5.56743e-009 0.266933 
vn -1.33729e-007 1 8.0237e-007 
vn -1.35525e-019 0 1 
vn -1 5.96046e-009 0 
vn 0.447214 3.10862e-015 0.894427 
vn -1 5.96046e-009 0 
vn 0.447215 -6.66396e-009 0.894427 
vn -0.963715 5.56743e-009 0.266934 
vn 3.82081e-007 -1 -9.3992e-007 
vn 3.12528e-013 0 1 
vn -1.19209e-006 1 -1.98682e-007 
vn -1 5.96046e-009 0 
vn -9.01711e-007 1 3.47694e-007 
vn -0.963715 5.56743e-009 0.266934 
vn 2.19467e-007 -1 -1.02123e-006 
vn -0.578752 5.98873e-009 0.815504 
vn -0.454745 2.83425e-009 0.890622 
vn -1.33729e-007 1 8.0237e-007 
vn -0.447214 -4.93139e-009 -0.894427 
vn -0.454745 2.83425e-009 0.890622 
vn 3.82081e-007 -1 -9.3992e-007 
vn -0.447214 -4.93139e-009 -0.894427 
vn -5.91766e-007 1 1.48416e-006 
vn -0.578752 5.98873e-009 0.815504 
vn -1.77489e-007 0 1 
vn 5.96047e-007 -1 -1.98683e-007 
vn 1 1.49015e-009 0 
vn 3.74439e-007 -1 -5.96047e-007 
vn 0.963715 -1.17151e-009 -0.266933 
vn 0.447214 6.66396e-009 0.894427 
vn 0.963715 -1.17151e-009 -0.266933 
vn -1.33729e-007 1 8.0237e-007 
vn 1 1.49015e-009 0 
vn -4.76829e-008 0 1 
vn 0.447214 3.10862e-015 0.894427 
vn 1 1.49015e-009 0 
vn 0.447215 -6.66396e-009 0.894427 
vn 0.963715 -1.17151e-009 -0.266933 
vn 3.82081e-007 -1 -9.3992e-007 
vn 1.1921e-007 0 1 
vn -1.19209e-006 1 -1.98682e-007 
vn 1 1.49015e-009 0 
vn -9.01711e-007 1 3.47694e-007 
vn 0.963715 -1.17151e-009 -0.266933 
vn 2.19467e-007 -1 -1.02123e-006 
vn 0.723728 -8.61366e-009 -0.690085 
vn 0.670122 -7.95106e-009 -0.742251 
vn -1.33729e-007 1 8.0237e-007 
vn -0.447214 -4.93139e-009 -0.894427 
vn 0.670122 -7.95106e-009 -0.742251 
vn 3.82081e-007 -1 -9.3992e-007 
vn -0.447214 -4.93139e-009 -0.894427 
vn -5.91766e-007 1 1.48416e-006 
vn 0.723728 -8.61365e-009 -0.690086 
vn 1 3.57645e-009 0 
vn 2.86102e-007 -1 -1.04904e-006 
vn 0.554699 -1.30595e-008 -0.832051 
vn 1 3.57645e-009 0 
vn 2.86102e-007 -1 -1.04904e-006 
vn -0.202606 6.19915e-009 0.97926 
vn 1 8.94114e-010 0 
vn 0.554699 -9.79459e-009 -0.832051 
vn 1 8.94114e-010 0 
vn -0.202606 1.54979e-009 0.97926 
vn 1 -2.68233e-009 0 
vn 0.554699 -9.79459e-009 -0.832051 
vn 1 -2.68233e-009 0 
vn -0.202606 1.54979e-009 0.97926 
vn 1 -3.57645e-009 0 
vn -5.72203e-007 1 2.07424e-006 
vn 0.554699 -1.30594e-008 -0.832051 
vn 1 -3.57645e-009 0 
vn -5.72203e-007 1 2.07424e-006 
vn -0.202606 6.19915e-009 0.97926 
vn 0 1 -2.44608e-008 
vn -1.69447e-008 -1.76606e-008 1 
vn -1 3.01033e-010 0 
vn 0 0 1 
vn 0 1 -2.44608e-008 
vn -1 3.01033e-010 0 
vn -1.69447e-008 -1.76606e-008 1 
vn -1 3.01033e-010 0 
vn 1 5.91668e-009 -4.82096e-008 
vn 0 -1 -3.51563e-008 
vn -6.44388e-009 0 1 
vn 1 5.91668e-009 -4.82096e-008 
vn 0 -1 -3.51563e-008 
vn -1.12492e-008 4.04099e-008 1 
vn -1 3.01033e-010 0 
vn 0 1 2.08474e-008 
vn 1 5.91668e-009 -4.82096e-008 
vn -6.44388e-009 0 1 
vn 0 1 2.08474e-008 
vn 1 5.91668e-009 -4.82096e-008 
vn 0 -1 1.62365e-008 
vn -1.12492e-008 4.04099e-008 1 
vn -1 3.01033e-010 0 
vn 0 0 1 
vn 0 -1 1.62365e-008 
vn -1 3.01033e-010 0 
vn 1 0 0 
vn 2.38419e-008 0 -1 
vn -1.19209e-007 -1 3.72529e-008 
vn 1 0 0 
vn 0 0 1 
vn -1.19209e-007 -1 3.72529e-008 
vn -9.53675e-007 -1 -5.96046e-007 
vn 1 0 0 
vn -5.5631e-007 6.62274e-008 -1 
vn -2.11928e-008 0 1 
vn -9.53675e-007 -1 -5.96046e-007 
vn 1 0 0 
vn 1 0 0 
vn 2.03012e-014 0 -1 
vn 1 0 0 
vn -5.5631e-007 6.62274e-008 -1 
vn -1.77489e-007 0 1 
vn 1 0 0 
vn 1 0 0 
vn 1 0 0 
vn 2.03012e-014 0 -1 
vn 1.84741e-012 0 -1 
vn 1 0 0 
vn 1 0 0 
vn -3.33785e-007 0 1 
vn 1 0 0 
vn 1 0 0 
vn 1.84741e-012 0 -1 
vn -1.94215e-012 0 -1 
vn 1 0 0 
vn 1 0 0 
vn 1 0 0 
vn -4.76829e-008 0 1 
vn 1 0 0 
vn 1 0 0 
vn -1.94215e-012 0 -1 
vn 2.03012e-014 0 -1 
vn 1 0 0 
vn 1 0 0 
vn 2.38419e-007 0 1 
vn 1 0 0 
vn 1 0 0 
vn 2.03012e-014 0 -1 
vn 3.40598e-008 0 -1 
vn 1.1921e-007 0 1 
vn 1 0 0 
vn 1 0 0 
vn -5.96046e-007 -2.98024e-007 -1 
vn 1 0 0 
vn 3.40598e-008 0 -1 
vn -4.76839e-008 0 1 
vn 1 0 0 
vn 1 0 0 
vn 1 0 0 
vn 2.38419e-008 0 -1 
vn 1.19209e-007 1 3.72529e-008 
vn 1 0 0 
vn 0 0 1 
vn 1.19209e-007 1 3.72529e-008 
vn 1 0 0 
vn -5.96046e-007 -2.98024e-007 -1 
vn 4.76836e-007 1 -4.17232e-006 
vn -9.53678e-008 0 1 
vn 1 0 0 
vn 4.76836e-007 1 -4.17232e-006 
vn -1 0 0 
vn 2.38419e-008 0 -1 
vn 1.19209e-007 -1 -5.21541e-008 
vn -1 0 0 
vn 0 0 1 
vn 1.19209e-007 -1 -5.21541e-008 
vn 9.53675e-007 -1 -5.96046e-007 
vn -1 -9.93362e-010 0 
vn 6.75519e-007 6.62274e-008 -1 
vn 0 0 1 
vn 9.53675e-007 -1 -5.96046e-007 
vn -1 -9.93362e-010 0 
vn -1 -5.8557e-009 0 
vn 2.03012e-014 0 -1 
vn -1 -9.93362e-010 0 
vn 6.75519e-007 6.62274e-008 -1 
vn 9.23868e-008 0 1 
vn -1 -5.8557e-009 0 
vn -1 -9.93362e-010 0 
vn -1 -4.49437e-010 0 
vn 2.03012e-014 0 -1 
vn 1.84741e-012 0 -1 
vn -1 -2.34824e-008 0 
vn -1 -2.67976e-008 0 
vn 1.84774e-007 0 1 
vn -1 -5.42226e-009 0 
vn -1 -1.9884e-008 0 
vn 1.84741e-012 0 -1 
vn -1.94215e-012 0 -1 
vn -1 -5.29935e-008 0 
vn -1 -3.64387e-008 0 
vn -1 -3.10584e-008 0 
vn 2.712e-007 0 1 
vn -1 -4.98881e-009 0 
vn -1 -2.87483e-008 0 
vn -1.94215e-012 0 -1 
vn 2.03012e-014 0 -1 
vn -1 -3.40681e-008 0 
vn -1 -2.08227e-008 0 
vn 3.57627e-007 0 1 
vn -1 -8.88032e-009 0 
vn -1 -7.02451e-009 0 
vn 2.03012e-014 0 -1 
vn 3.40598e-008 0 -1 
vn 1.78813e-007 0 1 
vn -1 -7.02451e-009 0 
vn -1 -4.47073e-009 0 
vn 5.96047e-007 -2.98024e-007 -1 
vn -1 -1.27718e-009 0 
vn 3.40598e-008 0 -1 
vn -4.76839e-008 0 1 
vn -1 -4.47073e-009 0 
vn -1 -1.27718e-009 0 
vn -1 0 0 
vn 2.38419e-008 0 -1 
vn -1.19209e-007 1 -5.21541e-008 
vn -1 0 0 
vn 0 0 1 
vn -1.19209e-007 1 -5.21541e-008 
vn -1 -4.47073e-009 0 
vn 5.96047e-007 -2.98024e-007 -1 
vn -4.76836e-007 1 -4.17232e-006 
vn -9.53678e-008 0 1 
vn -1 -4.47073e-009 0 
vn -4.76836e-007 1 -4.17232e-006 
vn 0 1 4.54453e-008 
vn -1.69447e-008 -1.76606e-008 1 
vn 1 7.60505e-010 0 
vn 0 0 1 
vn 0 1 4.54453e-008 
vn 1 7.60505e-010 0 
vn -1.69447e-008 -1.76606e-008 1 
vn 1 7.60505e-010 0 
vn -1 3.15554e-008 -3.50616e-008 
vn 0 -1 -2.27426e-009 
vn -6.44388e-009 0 1 
vn -1 3.15554e-008 -3.50616e-008 
vn 0 -1 -2.27426e-009 
vn -1.12492e-008 4.04099e-008 1 
vn 1 7.60505e-010 0 
vn 0 1 2.65331e-008 
vn -1 3.15554e-008 -3.50616e-008 
vn -6.44388e-009 0 1 
vn 0 1 2.65331e-008 
vn -1 3.15554e-008 -3.50616e-008 
vn 0 -1 4.74803e-009 
vn -1.12492e-008 4.04099e-008 1 
vn 1 7.60505e-010 0 
vn 0 0 1 
vn 0 -1 4.74803e-009 
vn 1 7.60505e-010 0 
vn -1 5.95718e-010 0 
vn -2.86101e-007 -1 -1.04904e-006 
vn -0.554698 -2.38057e-008 -0.832052 
vn -1 5.95718e-010 0 
vn -2.86101e-007 -1 -1.04904e-006 
vn 0.202605 -2.41565e-010 0.979261 
vn -1 1.4893e-010 0 
vn -0.554698 -1.78543e-008 -0.832052 
vn -1 1.4893e-010 0 
vn 0.202605 -6.03912e-011 0.979261 
vn -1 -4.46789e-010 0 
vn -0.554698 -1.78543e-008 -0.832052 
vn -1 -4.46789e-010 0 
vn 0.202605 -6.03912e-011 0.979261 
vn -1 -5.95719e-010 0 
vn 5.72202e-007 1 2.07424e-006 
vn -0.554699 -2.38057e-008 -0.832051 
vn -1 -5.95719e-010 0 
vn 5.72202e-007 1 2.07424e-006 
vn 0.202605 -2.41565e-010 0.979261 
vn -2.19467e-007 -1 -9.25706e-007 
vn -0.723727 -3.24563e-008 -0.690086 
vn -0.670121 -2.56323e-008 -0.742252 
vn 1.33728e-007 1 7.06849e-007 
vn 0.447214 1.43943e-008 -0.894427 
vn -0.670122 -2.56323e-008 -0.742251 
vn -3.82082e-007 -1 -1.03544e-006 
vn 0.447214 1.43943e-008 -0.894427 
vn 5.91766e-007 1 1.6752e-006 
vn -0.723728 -3.24563e-008 -0.690086 
vn 9.23868e-008 0 1 
vn -5.96047e-007 -1 1.98683e-007 
vn -1 3.27825e-008 0 
vn -3.74439e-007 -1 -3.01844e-007 
vn -0.963715 -3.49841e-009 -0.266933 
vn -0.447214 1.86591e-008 0.894427 
vn -0.963715 -3.49841e-009 -0.266933 
vn 1.33728e-007 1 7.06849e-007 
vn -1 3.27824e-008 0 
vn 2.712e-007 0 1 
vn -0.447214 8.88178e-015 0.894427 
vn -1 3.27824e-008 0 
vn -0.447215 -1.8659e-008 0.894427 
vn -0.963715 -3.49843e-009 -0.266934 
vn -3.82082e-007 -1 -1.03544e-006 
vn 1.78813e-007 0 1 
vn 1.19209e-006 1 1.98682e-007 
vn -1 3.27824e-008 0 
vn 9.01711e-007 1 7.37416e-007 
vn -0.963715 -3.49843e-009 -0.266934 
vn -2.19467e-007 -1 -9.25706e-007 
vn 0.578752 4.33973e-008 0.815504 
vn 0.454745 2.8671e-008 0.890622 
vn 1.33728e-007 1 7.06849e-007 
vn 0.447214 1.43943e-008 -0.894427 
vn 0.454745 2.8671e-008 0.890622 
vn -3.82082e-007 -1 -1.03544e-006 
vn 0.447214 1.43943e-008 -0.894427 
vn 5.91766e-007 1 1.6752e-006 
vn 0.578752 4.33973e-008 0.815504 
vn 3.12528e-013 0 1 
vn -5.96047e-007 -1 1.98683e-007 
vn 1 -2.98023e-008 0 
vn -3.74439e-007 -1 -3.01844e-007 
vn 0.963715 2.5905e-008 0.266934 
vn -0.447214 1.86591e-008 0.894427 
vn 0.963715 2.5905e-008 0.266934 
vn 1.33728e-007 1 7.06849e-007 
vn -1.19209e-007 0 1 
vn 1 -2.98023e-008 0 
vn -0.447214 8.88178e-015 0.894427 
vn 1 -2.98023e-008 0 
vn -0.447215 -1.8659e-008 0.894427 
vn 0.963715 2.5905e-008 0.266934 
vn -3.82082e-007 -1 -1.03544e-006 
vn -1.1921e-007 0 1 
vn 1.19209e-006 1 1.98682e-007 
vn 1 -2.98023e-008 0 
vn 9.01711e-007 1 7.37416e-007 
vn 0.963715 2.5905e-008 0.266934 
vn -1 -2.12998e-007 -1.12758e-010 
vn -9.73593e-006 -7.78755e-012 -1 
vn -1 -2.12998e-007 -1.12758e-010 
vn 1.00528e-005 -8.35598e-012 1 
vn -0.987688 -0.156435 3.37507e-010 
vn -1.01739e-005 -1.49188e-006 -1 
vn -0.987688 -0.156435 3.37507e-010 
vn 9.94873e-006 1.49187e-006 1 
vn -0.987688 0.156434 -1.23191e-009 
vn -9.41991e-006 1.49187e-006 -1 
vn -0.987688 0.156434 -1.23191e-009 
vn 1.21871e-005 -1.49188e-006 1 
vn -0.951057 -0.309016 -1.90285e-010 
vn -1.0023e-005 -2.94701e-006 -1 
vn -0.951057 -0.309016 -1.90285e-010 
vn 1.03566e-005 2.947e-006 1 
vn -0.951057 0.309016 -1.76276e-009 
vn -8.9829e-006 2.947e-006 -1 
vn -0.951057 0.309016 -1.76276e-009 
vn 1.03529e-005 -2.94701e-006 1 
vn -0.891007 -0.45399 -2.05945e-009 
vn -1.05834e-005 -4.3296e-006 -1 
vn -0.891007 -0.45399 -2.05945e-009 
vn 8.06309e-006 4.32957e-006 1 
vn -0.891007 0.45399 -7.46947e-009 
vn -8.81633e-006 4.32958e-006 -1 
vn -0.891007 0.45399 -7.46947e-009 
vn 8.39604e-006 -4.3296e-006 1 
vn -0.809017 -0.587785 9.7217e-009 
vn -8.28465e-006 -5.60557e-006 -1 
vn -0.809017 -0.587785 9.7217e-009 
vn 7.05644e-006 5.60555e-006 1 
vn -0.809017 0.587785 -1.80173e-008 
vn -6.56246e-006 5.60556e-006 -1 
vn -0.809017 0.587785 -1.80173e-008 
vn 9.52432e-006 -5.60557e-006 1 
vn -9.73593e-006 -7.78755e-012 -1 
vn -1 -3.58734e-007 -4.25077e-010 
vn 1.00528e-005 -8.35598e-012 1 
vn -1 -3.58734e-007 -4.25077e-010 
vn -1.50839e-006 -2.37321e-012 1 
vn -1.01739e-005 -1.49188e-006 -1 
vn -0.987688 -0.156434 -2.34703e-009 
vn 9.94873e-006 1.49187e-006 1 
vn -0.987688 -0.156434 -2.34703e-009 
vn -2.27183e-006 -2.48649e-007 1 
vn -9.41991e-006 1.49187e-006 -1 
vn -0.987689 0.156433 -1.80336e-010 
vn 1.21871e-005 -1.49188e-006 1 
vn -0.987689 0.156433 -1.80336e-010 
vn -2.14005e-006 2.48644e-007 1 
vn -1.0023e-005 -2.94701e-006 -1 
vn -0.951057 -0.309016 1.93746e-009 
vn 1.03566e-005 2.947e-006 1 
vn -0.951057 -0.309016 1.93746e-009 
vn -2.69083e-006 -4.91171e-007 1 
vn -8.9829e-006 2.947e-006 -1 
vn -0.951057 0.309016 -1.63566e-009 
vn 1.03529e-005 -2.94701e-006 1 
vn -0.951057 0.309016 -1.63566e-009 
vn -3.20533e-006 4.91166e-007 1 
vn -1.05834e-005 -4.3296e-006 -1 
vn -0.891007 -0.45399 9.89877e-009 
vn 8.06309e-006 4.32957e-006 1 
vn -0.891007 -0.45399 9.89877e-009 
vn -2.22362e-006 -7.216e-007 1 
vn -8.81633e-006 4.32958e-006 -1 
vn -0.891006 0.453992 -5.70681e-009 
vn 8.39604e-006 -4.3296e-006 1 
vn -0.891006 0.453992 -5.70681e-009 
vn -4.04955e-007 7.21596e-007 1 
vn -0.913416 -0.407027 8.32266e-009 
vn -3.00159e-006 -3.93965e-006 -1 
vn -0.913416 -0.407027 8.32266e-009 
vn 6.7296e-006 3.93964e-006 1 
vn -0.913416 0.407027 -1.2282e-008 
vn -5.04864e-006 3.93964e-006 -1 
vn -0.913416 0.407027 -1.2282e-008 
vn 8.42542e-006 -3.93964e-006 1 
vn -8.28465e-006 -5.60557e-006 -1 
vn -0.809017 -0.587786 2.90546e-009 
vn 7.05644e-006 5.60555e-006 1 
vn -0.809017 -0.587786 2.90546e-009 
vn -2.95065e-006 -9.34264e-007 1 
vn -6.56246e-006 5.60556e-006 -1 
vn -0.809016 0.587786 8.01204e-009 
vn 9.52432e-006 -5.60557e-006 1 
vn -0.809016 0.587786 8.01204e-009 
vn -1.58658e-006 9.34263e-007 1 
vn -0.991362 -0.131156 -6.33049e-009 
vn -0.522498 -0.852641 -3.52649e-009 
vn -4.71997e-007 -1.7557e-006 -1 
vn -0.991362 -0.131156 -6.33049e-009 
vn -0.522498 -0.852641 -3.52649e-009 
vn 4.42316e-006 1.75571e-006 1 
vn -0.522498 0.85264 3.94688e-008 
vn -0.991362 0.131156 -1.38638e-009 
vn -2.333e-006 1.75571e-006 -1 
vn -0.522498 0.85264 3.94688e-008 
vn -0.991362 0.131156 -1.38638e-009 
vn 2.66195e-006 -1.7557e-006 1 
vn -3.00159e-006 -3.93965e-006 -1 
vn -0.707106 -0.707107 4.15993e-009 
vn 6.7296e-006 3.93964e-006 1 
vn -0.707106 -0.707107 4.15993e-009 
vn -2.43356e-006 -1.12392e-006 1 
vn -5.04864e-006 3.93964e-006 -1 
vn -0.707107 0.707106 7.20951e-009 
vn 8.42542e-006 -3.93964e-006 1 
vn -0.707107 0.707106 7.20951e-009 
vn -4.98727e-006 1.12392e-006 1 
vn -4.71997e-007 -1.7557e-006 -1 
vn -0.587785 -0.809017 3.84958e-008 
vn 4.42316e-006 1.75571e-006 1 
vn -0.587785 -0.809017 3.84958e-008 
vn -2.52765e-006 -1.28589e-006 1 
vn -2.333e-006 1.75571e-006 -1 
vn -0.587787 0.809016 -2.4092e-008 
vn 2.66195e-006 -1.7557e-006 1 
vn -0.587787 0.809016 -2.4092e-008 
vn 5.28466e-007 1.2859e-006 1 
vn -0.45399 -0.891007 9.85092e-009 
vn -1.22177e-006 -1.86129e-006 -1 
vn -0.45399 -0.891007 9.85092e-009 
vn 1.2175e-006 1.86128e-006 1 
vn -0.453991 0.891006 2.58632e-008 
vn -4.14975e-007 1.86128e-006 -1 
vn -0.453991 0.891006 2.58632e-008 
vn 8.39222e-007 -1.86129e-006 1 
vn -1.22177e-006 -1.86129e-006 -1 
vn -0.45399 -0.891007 2.60499e-008 
vn 1.2175e-006 1.86128e-006 1 
vn -0.45399 -0.891007 2.60499e-008 
vn 1.88875e-006 -1.41621e-006 1 
vn -4.14975e-007 1.86128e-006 -1 
vn -0.453992 0.891006 -4.85268e-008 
vn 8.39222e-007 -1.86129e-006 1 
vn -0.453992 0.891006 -4.85268e-008 
vn 6.65536e-006 1.41622e-006 1 
vn -0.309017 -0.951056 1.00815e-008 
vn -2.51374e-006 -1.88772e-006 -1 
vn -0.309017 -0.951056 1.00815e-008 
vn 1.22482e-006 1.88771e-006 1 
vn -0.309019 0.951056 5.82091e-008 
vn -1.29725e-006 1.88771e-006 -1 
vn -0.309019 0.951056 5.82091e-008 
vn 2.19128e-006 -1.88772e-006 1 
vn -2.51374e-006 -1.88772e-006 -1 
vn -0.309017 -0.951057 -3.65162e-008 
vn 1.22482e-006 1.88771e-006 1 
vn -0.309017 -0.951057 -3.65162e-008 
vn 2.59223e-006 -1.51166e-006 1 
vn -1.29725e-006 1.88771e-006 -1 
vn -0.309018 0.951056 -5.90738e-008 
vn 2.19128e-006 -1.88772e-006 1 
vn -0.309018 0.951056 -5.90738e-008 
vn 5.4141e-006 1.51167e-006 1 
vn -1.50839e-006 -2.37321e-012 1 
vn -1 4.65233e-006 -7.38101e-011 
vn -1 4.65233e-006 -7.38101e-011 
vn 1.52408e-006 0 1 
vn -2.27183e-006 -2.48649e-007 1 
vn -0.987688 -0.156434 5.33998e-010 
vn -0.987688 -0.156434 5.33998e-010 
vn 2.26198e-006 0 1 
vn -2.14005e-006 2.48644e-007 1 
vn -0.987688 0.156438 -8.76611e-010 
vn -0.987688 0.156438 -8.76611e-010 
vn 1.52138e-006 0 1 
vn -2.69083e-006 -4.91171e-007 1 
vn -0.951057 -0.309016 -8.10675e-010 
vn -0.951057 -0.309016 -8.10675e-010 
vn 5.58186e-006 0 1 
vn -3.20533e-006 4.91166e-007 1 
vn -0.951057 0.309017 7.86361e-010 
vn -0.951057 0.309017 7.86361e-010 
vn -6.83426e-006 0 1 
vn -2.22362e-006 -7.216e-007 1 
vn -0.891009 -0.453985 -3.2926e-009 
vn -0.891009 -0.453985 -3.2926e-009 
vn 1.60036e-005 0 1 
vn -4.04955e-007 7.21596e-007 1 
vn -0.891006 0.453991 3.1316e-009 
vn -0.891006 0.453991 3.1316e-009 
vn -2.1527e-006 0 1 
vn -2.95065e-006 -9.34264e-007 1 
vn -0.809017 -0.587785 3.86908e-009 
vn -0.809017 -0.587785 3.86908e-009 
vn 1.1759e-005 0 1 
vn -1.58658e-006 9.34263e-007 1 
vn -0.809011 0.587794 -3.04319e-009 
vn -0.809011 0.587794 -3.04319e-009 
vn 1.02867e-005 0 1 
vn -0.156434 -0.987688 4.59008e-008 
vn -1.05348e-006 -1.90256e-006 -1 
vn -0.156434 -0.987688 4.59008e-008 
vn 2.00031e-006 1.90256e-006 1 
vn -0.156435 0.987688 1.05205e-007 
vn -6.30181e-007 1.90256e-006 -1 
vn -0.156435 0.987688 1.05205e-007 
vn 2.55201e-008 -1.90256e-006 1 
vn -2.43356e-006 -1.12392e-006 1 
vn -0.707107 -0.707106 1.23561e-008 
vn -0.707107 -0.707106 1.23561e-008 
vn -8.72171e-006 0 1 
vn -4.98727e-006 1.12392e-006 1 
vn -0.707103 0.707111 -7.37408e-009 
vn -0.707103 0.707111 -7.37408e-009 
vn -1.0997e-005 0 1 
vn -1.05348e-006 -1.90256e-006 -1 
vn -0.156434 -0.987688 -6.18009e-009 
vn 2.00031e-006 1.90256e-006 1 
vn -0.156434 -0.987688 -6.18009e-009 
vn 8.74627e-007 -1.56989e-006 1 
vn -6.30181e-007 1.90256e-006 -1 
vn -0.156435 0.987688 -3.9338e-008 
vn 2.55201e-008 -1.90256e-006 1 
vn -0.156435 0.987688 -3.9338e-008 
vn -1.95722e-006 1.56989e-006 1 
vn -2.52765e-006 -1.28589e-006 1 
vn -0.58779 -0.809014 1.02107e-008 
vn -0.58779 -0.809014 1.02107e-008 
vn -8.90046e-006 0 1 
vn 5.28466e-007 1.2859e-006 1 
vn -0.587789 0.809014 9.42268e-009 
vn -0.587789 0.809014 9.42268e-009 
vn -4.2329e-006 0 1 
vn 1.88875e-006 -1.41621e-006 1 
vn -0.45399 -0.891007 -5.46798e-009 
vn -0.45399 -0.891007 -5.46798e-009 
vn 8.1414e-006 0 1 
vn 6.65536e-006 1.41622e-006 1 
vn -0.453992 0.891006 2.35643e-008 
vn -0.453992 0.891006 2.35643e-008 
vn 2.0331e-005 0 1 
vn 2.59223e-006 -1.51166e-006 1 
vn -0.309014 -0.951057 -1.6446e-008 
vn -0.309014 -0.951057 -1.6446e-008 
vn 1.87552e-005 0 1 
vn 5.4141e-006 1.51167e-006 1 
vn -0.309015 0.951057 4.35287e-009 
vn -0.309015 0.951057 4.35287e-009 
vn 1.39576e-005 0 1 
vn 8.74627e-007 -1.56989e-006 1 
vn -0.156434 -0.987688 -3.45277e-010 
vn -0.156434 -0.987688 -3.45277e-010 
vn 1.45411e-005 0 1 
vn -1.95722e-006 1.56989e-006 1 
vn -0.156434 0.987689 3.02887e-009 
vn -0.156434 0.987689 3.02887e-009 
vn 8.67815e-006 0 1 
vn 4.76837e-007 -1 1.1921e-006 
vn 6.75519e-007 6.62274e-008 -1 
vn -2.98023e-008 -4.37101e-007 -1 
vn 3.97364e-008 4.76837e-007 1 
vn 0 0 1 
vn 4.76837e-007 -1 1.1921e-006 
vn -5.34772e-007 -1.457e-007 -1 
vn -4.68403e-006 -4.60945e-006 1 
vn -7.66344e-007 0 -1 
vn -6.87651e-006 -1.59162e-011 1 
vn -7.66345e-007 0 -1 
vn -6.87259e-006 1.86446e-011 1 
vn -7.66346e-007 0 -1 
vn -7.25296e-006 3.72893e-011 1 
vn -7.66346e-007 0 -1 
vn -7.26472e-006 -8.29914e-011 1 
vn -4.94747e-007 0 -1 
vn -4.70505e-006 4.76822e-006 1 
vn 6.75519e-007 6.62274e-008 -1 
vn 2.03012e-014 0 -1 
vn 3.12528e-013 0 1 
vn -4.85785e-008 -1 9.48777e-008 
vn 2.36079e-006 -1.90735e-006 -1 
vn -4.85785e-008 -1 9.48777e-008 
vn -2.04378e-006 1.90735e-006 1 
vn 2.03012e-014 0 -1 
vn 1.84741e-012 0 -1 
vn 2.36079e-006 -1.90735e-006 -1 
vn 1.34525e-007 -1 5.00087e-008 
vn -2.04378e-006 1.90735e-006 1 
vn 1.34525e-007 -1 5.00087e-008 
vn 8.74623e-007 -1.58946e-006 1 
vn 8.74623e-007 -1.58946e-006 1 
vn 4.85785e-008 -1 1.38594e-008 
vn 4.85785e-008 -1 1.38594e-008 
vn 1.45412e-005 0 1 
vn 1.84741e-012 0 -1 
vn -1.94215e-012 0 -1 
vn -1.19209e-007 0 1 
vn 1.52408e-006 0 1 
vn 2.26198e-006 0 1 
vn 1.52138e-006 0 1 
vn 5.58186e-006 0 1 
vn -6.83426e-006 0 1 
vn 1.60036e-005 0 1 
vn -2.1527e-006 0 1 
vn 1.1759e-005 0 1 
vn -8.72171e-006 0 1 
vn -8.90046e-006 0 1 
vn 8.1414e-006 0 1 
vn 1.87552e-005 0 1 
vn 1.45411e-005 0 1 
vn 1.45412e-005 0 1 
vn 2.40896e-005 0 1 
vn 5.09336e-006 0 1 
vn -1.72829e-005 0 1 
vn -8.72177e-006 0 1 
vn -1.95769e-006 0 1 
vn 7.62844e-007 0 1 
vn 4.43878e-006 0 1 
vn 3.97658e-006 0 1 
vn 4.19391e-006 0 1 
vn 1.14306e-006 0 1 
vn 9.76679e-007 0 1 
vn 5.14467e-007 0 1 
vn 4.1904e-006 0 1 
vn 1.64364e-005 0 1 
vn 5.67345e-006 0 1 
vn -1.85329e-005 0 1 
vn -8.14139e-006 0 1 
vn 8.67816e-006 0 1 
vn -8.24416e-007 0 1 
vn -8.24384e-007 0 1 
vn 8.67815e-006 0 1 
vn 1.39576e-005 0 1 
vn 2.0331e-005 0 1 
vn -4.2329e-006 0 1 
vn -1.0997e-005 0 1 
vn 1.02867e-005 0 1 
vn -5.57105e-007 1.58945e-006 1 
vn -4.85785e-008 1 2.01213e-008 
vn -4.85785e-008 1 2.01213e-008 
vn -8.24384e-007 0 1 
vn -8.36704e-007 1.90735e-006 -1 
vn 9.34202e-008 1 -1.91466e-008 
vn 1.16736e-008 -1.90735e-006 1 
vn 9.34202e-008 1 -1.91466e-008 
vn -5.57105e-007 1.58945e-006 1 
vn -1.94215e-012 0 -1 
vn 2.03012e-014 0 -1 
vn -1.00894e-007 1 1.06127e-007 
vn -8.36704e-007 1.90735e-006 -1 
vn -1.00894e-007 1 1.06127e-007 
vn 1.16736e-008 -1.90735e-006 1 
vn 2.03012e-014 0 -1 
vn 3.40598e-008 0 -1 
vn -1.1921e-007 0 1 
vn -5.22631e-007 0 -1 
vn -4.7061e-006 -4.76837e-006 1 
vn -7.66344e-007 0 -1 
vn -6.8765e-006 -1.09139e-011 1 
vn -7.66344e-007 0 -1 
vn -5.1707e-006 -4.47048e-007 1 
vn -7.66344e-007 0 -1 
vn -3.59432e-006 -1.98952e-013 1 
vn -7.66344e-007 0 -1 
vn -3.46883e-006 -2.27374e-012 1 
vn -5.06888e-007 1.457e-007 -1 
vn -2.20223e-006 -5.96045e-007 1 
vn 3.40598e-008 0 -1 
vn 5.96047e-007 -2.98024e-007 -1 
vn -2.78435e-008 0 1 
vn 5.96047e-007 -2.98024e-007 -1 
vn -4.76836e-007 1 -4.17232e-006 
vn -2.98022e-008 4.37101e-007 -1 
vn 0 1 2.98024e-006 
vn -3.17904e-008 0 1 
vn -4.76836e-007 1 -4.17232e-006 
vn 0 1 2.98024e-006 
vn 2.27473e-006 -1.56989e-006 1 
vn 0.156435 -0.987688 1.55224e-008 
vn 0.156435 -0.987688 1.55224e-008 
vn 2.40896e-005 0 1 
vn 4.52316e-006 1.56989e-006 1 
vn 0.156434 0.987688 3.02881e-009 
vn 0.156434 0.987688 3.02881e-009 
vn -8.24416e-007 0 1 
vn -3.33829e-007 -1.51167e-006 1 
vn 0.309015 -0.951057 1.82816e-008 
vn 0.309015 -0.951057 1.82816e-008 
vn 5.09336e-006 0 1 
vn 3.12305e-006 1.51166e-006 1 
vn 0.309018 0.951056 -3.07016e-009 
vn 0.309018 0.951056 -3.07016e-009 
vn 8.67816e-006 0 1 
vn -4.43273e-006 -1.41622e-006 1 
vn 0.453989 -0.891007 1.78484e-008 
vn 0.453989 -0.891007 1.78484e-008 
vn -1.72829e-005 0 1 
vn 4.46157e-006 1.41622e-006 1 
vn 0.453992 0.891006 1.87241e-008 
vn 0.453992 0.891006 1.87241e-008 
vn -8.14139e-006 0 1 
vn 2.6467e-006 -1.2859e-006 1 
vn 0.587786 -0.809017 1.46671e-008 
vn 0.587786 -0.809017 1.46671e-008 
vn -8.72177e-006 0 1 
vn 4.43275e-006 1.2859e-006 1 
vn 0.587784 0.809018 1.0035e-008 
vn 0.587784 0.809018 1.0035e-008 
vn -1.85329e-005 0 1 
vn 2.15426e-006 -1.90256e-006 -1 
vn 0.156435 -0.987688 3.19023e-008 
vn -2.03041e-006 1.90256e-006 1 
vn 0.156435 -0.987688 3.19023e-008 
vn 2.27473e-006 -1.56989e-006 1 
vn -8.46712e-007 1.90256e-006 -1 
vn 0.156435 0.987688 -3.9338e-008 
vn -1.33655e-006 -1.90256e-006 1 
vn 0.156435 0.987688 -3.9338e-008 
vn 4.52316e-006 1.56989e-006 1 
vn 1.17707e-006 -1.12392e-006 1 
vn 0.707104 -0.70711 2.24388e-009 
vn 0.707104 -0.70711 2.24388e-009 
vn -1.95769e-006 0 1 
vn 2.75108e-006 1.12392e-006 1 
vn 0.707102 0.707112 -1.16935e-008 
vn 0.707102 0.707112 -1.16935e-008 
vn 5.67345e-006 0 1 
vn 0.156435 -0.987688 9.22982e-008 
vn 2.15426e-006 -1.90256e-006 -1 
vn 0.156435 -0.987688 9.22982e-008 
vn -2.03041e-006 1.90256e-006 1 
vn 0.156435 0.987688 1.05205e-007 
vn -8.46712e-007 1.90256e-006 -1 
vn 0.156435 0.987688 1.05205e-007 
vn -1.33655e-006 -1.90256e-006 1 
vn -4.7727e-007 -9.34262e-007 1 
vn 0.809016 -0.587787 -3.3258e-009 
vn 0.809016 -0.587787 -3.3258e-009 
vn 7.62844e-007 0 1 
vn 2.47437e-006 9.34264e-007 1 
vn 0.809012 0.587792 -3.09132e-009 
vn 0.809012 0.587792 -3.09132e-009 
vn 1.64364e-005 0 1 
vn 1.67502e-006 -7.21595e-007 1 
vn 0.89101 -0.453983 1.43386e-009 
vn 0.89101 -0.453983 1.43386e-009 
vn 4.43878e-006 0 1 
vn 2.22362e-006 7.216e-007 1 
vn 0.891009 0.453986 4.53565e-009 
vn 0.891009 0.453986 4.53565e-009 
vn 4.1904e-006 0 1 
vn 1.53837e-006 -4.91166e-007 1 
vn 0.951057 -0.309016 -2.16281e-010 
vn 0.951057 -0.309016 -2.16281e-010 
vn 3.97658e-006 0 1 
vn 2.61146e-006 4.91171e-007 1 
vn 0.951059 0.309011 7.50565e-011 
vn 0.951059 0.309011 7.50565e-011 
vn 5.14467e-007 0 1 
vn 2.26171e-006 -2.48644e-007 1 
vn 0.987687 -0.156444 -7.23913e-010 
vn 0.987687 -0.156444 -7.23913e-010 
vn 4.19391e-006 0 1 
vn 2.43059e-006 2.48649e-007 1 
vn 0.987688 0.156436 -6.16731e-010 
vn 0.987688 0.156436 -6.16731e-010 
vn 9.76679e-007 0 1 
vn 1.94757e-006 2.43006e-012 1 
vn 1 -2.58587e-006 -4.25826e-011 
vn 1 -2.58587e-006 -4.25826e-011 
vn 1.14306e-006 0 1 
vn 2.01679e-006 -1.88771e-006 -1 
vn 0.309017 -0.951057 6.93652e-009 
vn -8.09316e-007 1.88772e-006 1 
vn 0.309017 -0.951057 6.93652e-009 
vn -3.33829e-007 -1.51167e-006 1 
vn -6.45652e-007 1.88772e-006 -1 
vn 0.309017 0.951057 -4.16094e-008 
vn -1.19625e-006 -1.88771e-006 1 
vn 0.309017 0.951057 -4.16094e-008 
vn 3.12305e-006 1.51166e-006 1 
vn 0.309018 -0.951056 4.69662e-008 
vn 2.01679e-006 -1.88771e-006 -1 
vn 0.309018 -0.951056 4.69662e-008 
vn -8.09316e-007 1.88772e-006 1 
vn 0.309017 0.951056 6.77218e-008 
vn -6.45652e-007 1.88772e-006 -1 
vn 0.309017 0.951056 6.77218e-008 
vn -1.19625e-006 -1.88771e-006 1 
vn 1.51755e-006 -1.86128e-006 -1 
vn 0.45399 -0.891007 -4.41152e-010 
vn -3.13741e-006 1.86129e-006 1 
vn 0.45399 -0.891007 -4.41152e-010 
vn -4.43273e-006 -1.41622e-006 1 
vn 3.45601e-007 1.86129e-006 -1 
vn 0.453991 0.891006 -3.12858e-008 
vn -1.26402e-006 -1.86128e-006 1 
vn 0.453991 0.891006 -3.12858e-008 
vn 4.46157e-006 1.41622e-006 1 
vn -7.04591e-006 -7.15259e-006 1 
vn -1 2.6491e-007 0 
vn 0 -1 -1.21196e-006 
vn 5.02627e-008 0.316228 0.948683 
vn -1 2.6491e-007 0 
vn 0 -1 -1.21196e-006 
vn -3.06368e-013 0.242532 -0.970143 
vn -1 3.57631e-007 0 
vn 0 -1 -1.58948e-007 
vn -7.87257e-007 0 -1 
vn -1 3.57631e-007 0 
vn 0 -1 -1.58948e-007 
vn -3.06368e-013 0.242532 -0.970143 
vn -1 3.57631e-007 0 
vn 0 1 5.56313e-007 
vn -7.4543e-007 0 -1 
vn -1 3.57631e-007 0 
vn 0 1 5.56313e-007 
vn -7.02081e-006 7.15257e-006 1 
vn -1 2.6491e-007 0 
vn 0 1 -2.38417e-007 
vn 5.02627e-008 0.316228 0.948683 
vn -1 2.6491e-007 0 
vn 0 1 -2.38417e-007 
vn -6.7322e-006 -7.1526e-006 1 
vn -1 2.64909e-007 0 
vn 0 -1 -3.17892e-007 
vn -3.35095e-008 0.316227 0.948683 
vn -1 2.64909e-007 0 
vn 0 -1 -3.17892e-007 
vn -3.06368e-013 0.242532 -0.970143 
vn -1 -4.76838e-007 1.90736e-006 
vn 0 -1 1.05965e-007 
vn -7.87259e-007 0 -1 
vn -1 -4.76838e-007 1.90736e-006 
vn 0 -1 1.05965e-007 
vn -3.06368e-013 0.242532 -0.970143 
vn -1 -4.76838e-007 1.90736e-006 
vn 0 1 -2.68884e-006 
vn -7.45432e-007 0 -1 
vn -1 -4.76838e-007 1.90736e-006 
vn 0 1 -2.68884e-006 
vn -6.72279e-006 7.15256e-006 1 
vn -1 2.64909e-007 0 
vn 0 1 -2.55638e-006 
vn -3.35095e-008 0.316227 0.948683 
vn -1 2.64909e-007 0 
vn 0 1 -2.55638e-006 
vn -7.02239e-006 -7.15252e-006 1 
vn -1 2.6491e-007 0 
vn 0 -1 -1.27819e-006 
vn 2.93205e-008 0.316228 0.948683 
vn -1 2.6491e-007 0 
vn 0 -1 -1.27819e-006 
vn -3.06368e-013 0.242532 -0.970143 
vn -1 0 0 
vn 0 -1 -2.64913e-008 
vn -7.87259e-007 0 -1 
vn -1 0 0 
vn 0 -1 -2.64913e-008 
vn -3.06368e-013 0.242532 -0.970143 
vn -1 0 0 
vn 0 1 9.27189e-008 
vn -7.45432e-007 0 -1 
vn -1 0 0 
vn 0 1 9.27189e-008 
vn -7.0365e-006 7.15261e-006 1 
vn -1 2.6491e-007 0 
vn 0 1 5.19223e-006 
vn 2.93205e-008 0.316228 0.948683 
vn -1 2.6491e-007 0 
vn 0 1 5.19223e-006 
vn -7.46941e-006 -7.15253e-006 1 
vn -1 2.6491e-007 0 
vn 0 -1 -1.1921e-007 
vn 2.93205e-008 0.316228 0.948683 
vn -1 2.6491e-007 0 
vn 0 -1 -1.1921e-007 
vn -3.06368e-013 0.242532 -0.970143 
vn -1 -8.34465e-007 -1.13687e-012 
vn 0 -1 -3.07297e-006 
vn -7.87261e-007 0 -1 
vn -1 -8.34465e-007 -1.13687e-012 
vn 0 -1 -3.07297e-006 
vn -3.06368e-013 0.242532 -0.970143 
vn -1 -8.34465e-007 -1.13687e-012 
vn 0 1 -2.25836e-006 
vn -7.45433e-007 0 -1 
vn -1 -8.34465e-007 -1.13687e-012 
vn 0 1 -2.25836e-006 
vn -7.49922e-006 7.15263e-006 1 
vn -1 2.6491e-007 0 
vn 0 1 7.64265e-006 
vn 2.93205e-008 0.316228 0.948683 
vn -1 2.6491e-007 0 
vn 0 1 7.64265e-006 
vn -7.03021e-006 -7.15279e-006 1 
vn -1 -2.64908e-007 0 
vn 0 -1 2.11929e-007 
vn -3.35124e-008 0.316225 0.948684 
vn -1 -2.64908e-007 0 
vn 0 -1 2.11929e-007 
vn -3.06369e-013 0.242533 -0.970143 
vn -1 1.19212e-007 0 
vn 0 -1 -5.12604e-006 
vn -7.87259e-007 0 -1 
vn -1 1.19212e-007 0 
vn 0 -1 -5.12604e-006 
vn -3.06369e-013 0.242533 -0.970143 
vn -1 1.19212e-007 0 
vn 0 1 3.10608e-006 
vn -7.45431e-007 0 -1 
vn -1 1.19212e-007 0 
vn 0 1 3.10608e-006 
vn -7.04433e-006 7.15234e-006 1 
vn -1 -2.64908e-007 0 
vn -1.26319e-012 1 -2.97759e-005 
vn -3.35124e-008 0.316225 0.948684 
vn -1 -2.64908e-007 0 
vn -1.26319e-012 1 -2.97759e-005 
vn -7.04591e-006 -7.15256e-006 1 
vn -1 2.6491e-007 0 
vn 0 -1 -1.04639e-006 
vn 5.02627e-008 0.316228 0.948683 
vn -1 2.6491e-007 0 
vn 0 -1 -1.04639e-006 
vn 3.2125e-008 0.242539 -0.970142 
vn 0 -1 -1.04198e-006 
vn -1 -4.76836e-007 0 
vn -7.87258e-007 0 -1 
vn 0 -1 -1.04198e-006 
vn -1 -4.76836e-007 0 
vn 3.2125e-008 0.242539 -0.970142 
vn 0 1 -1.33117e-006 
vn -1 -4.76836e-007 0 
vn -7.45431e-007 0 -1 
vn 0 1 -1.33117e-006 
vn -1 -4.76836e-007 0 
vn -7.02081e-006 7.15257e-006 1 
vn -1 2.6491e-007 0 
vn 0 1 -5.69554e-007 
vn 5.02627e-008 0.316228 0.948683 
vn -1 2.6491e-007 0 
vn 0 1 -5.69554e-007 
vn -6.73218e-006 -7.15259e-006 1 
vn -1 -1.32454e-007 0 
vn 0 -1 1.30468e-006 
vn 3.35095e-008 0.316227 0.948683 
vn -1 -1.32454e-007 0 
vn 0 -1 1.30468e-006 
vn 3.06369e-013 0.242532 -0.970143 
vn 0 -1 1.76166e-006 
vn -1 -1.19208e-007 -9.53679e-007 
vn -7.87257e-007 0 -1 
vn 0 -1 1.76166e-006 
vn -1 -1.19208e-007 -9.53679e-007 
vn 3.06369e-013 0.242532 -0.970143 
vn 0 1 -2.49016e-006 
vn -1 -1.19208e-007 -9.53679e-007 
vn -7.4543e-007 0 -1 
vn 0 1 -2.49016e-006 
vn -1 -1.19208e-007 -9.53679e-007 
vn -6.72277e-006 7.15256e-006 1 
vn -1 -1.32454e-007 0 
vn 0 1 -1.29806e-006 
vn 3.35095e-008 0.316227 0.948683 
vn -1 -1.32454e-007 0 
vn 0 1 -1.29806e-006 
vn -3.61864e-006 -8.04666e-006 1 
vn -1 2.6491e-007 0 
vn 0 -1 1.27156e-006 
vn 5.02628e-008 0.316228 0.948683 
vn -1 2.6491e-007 0 
vn 0 -1 1.27156e-006 
vn 3.06369e-013 0.242532 -0.970143 
vn 0 -1 -3.13479e-007 
vn -1 -1.19208e-007 -9.5368e-007 
vn -7.87258e-007 0 -1 
vn 0 -1 -3.13479e-007 
vn -1 -1.19208e-007 -9.5368e-007 
vn 3.06369e-013 0.242532 -0.970143 
vn 0 1 -2.68884e-006 
vn -1 -1.19208e-007 -9.5368e-007 
vn -7.4543e-007 0 -1 
vn 0 1 -2.68884e-006 
vn -1 -1.19208e-007 -9.5368e-007 
vn -3.60138e-006 -8.94069e-007 1 
vn -1 2.6491e-007 0 
vn 0 1 -4.67566e-006 
vn 5.02628e-008 0.316228 0.948683 
vn -1 2.6491e-007 0 
vn 0 1 -4.67566e-006 
vn -3.58726e-006 8.94069e-007 1 
vn -1 -1.32455e-007 0 
vn 0 -1 -8.60952e-008 
vn -5.02628e-008 0.316228 0.948683 
vn -1 -1.32455e-007 0 
vn 0 -1 -8.60952e-008 
vn 3.06368e-013 0.242532 -0.970143 
vn 0 -1 7.90319e-007 
vn -1 5.9605e-007 -1.13687e-012 
vn -7.87258e-007 0 -1 
vn 0 -1 7.90319e-007 
vn -1 5.9605e-007 -1.13687e-012 
vn 3.06368e-013 0.242532 -0.970143 
vn 0 1 -6.86118e-006 
vn -1 5.9605e-007 -1.13687e-012 
vn -7.4543e-007 0 -1 
vn 0 1 -6.86118e-006 
vn -1 5.9605e-007 -1.13687e-012 
vn -3.61706e-006 8.04662e-006 1 
vn -1 -1.32455e-007 0 
vn 0 1 -2.75506e-006 
vn -5.02628e-008 0.316228 0.948683 
vn -1 -1.32455e-007 0 
vn 0 1 -2.75506e-006 
vn -3.3206e-006 -8.04663e-006 1 
vn -1 -1.32455e-007 0 
vn 0 -1 -9.13937e-007 
vn 5.02627e-008 0.316228 0.948683 
vn -1 -1.32455e-007 0 
vn 0 -1 -9.13937e-007 
vn -9.63759e-008 0.242533 -0.970143 
vn 5.29819e-007 -1 -1.63802e-006 
vn -1 1.19204e-007 0 
vn -7.87259e-007 0 -1 
vn 5.29819e-007 -1 -1.63802e-006 
vn -1 1.19204e-007 0 
vn -9.63759e-008 0.242533 -0.970143 
vn 0 1 2.11263e-006 
vn -1 1.19204e-007 0 
vn -7.45431e-007 0 -1 
vn 0 1 2.11263e-006 
vn -1 1.19204e-007 0 
vn -3.30335e-006 -8.94068e-007 1 
vn -1 -1.32455e-007 0 
vn 0 1 -1.6292e-006 
vn 5.02627e-008 0.316228 0.948683 
vn -1 -1.32455e-007 0 
vn 0 1 -1.6292e-006 
vn 0.45399 -0.891007 3.38168e-010 
vn 1.51755e-006 -1.86128e-006 -1 
vn 0.45399 -0.891007 3.38168e-010 
vn -3.13741e-006 1.86129e-006 1 
vn 0.453989 0.891007 -1.15921e-008 
vn 3.45601e-007 1.86129e-006 -1 
vn 0.453989 0.891007 -1.15921e-008 
vn -1.26402e-006 -1.86128e-006 1 
vn 2.42507e-006 -1.75571e-006 -1 
vn 0.587786 -0.809017 6.63433e-009 
vn -4.18423e-006 1.7557e-006 1 
vn 0.587786 -0.809017 6.63433e-009 
vn 2.6467e-006 -1.2859e-006 1 
vn 4.34664e-006 1.75571e-006 -1 
vn 0.587785 0.809017 -5.7498e-009 
vn -4.21933e-006 -1.75571e-006 1 
vn 0.587785 0.809017 -5.7498e-009 
vn 4.43275e-006 1.2859e-006 1 
vn 5.18103e-006 -3.93964e-006 -1 
vn 0.707108 -0.707106 -7.97436e-009 
vn -5.95609e-006 3.93965e-006 1 
vn 0.707108 -0.707106 -7.97436e-009 
vn 1.17707e-006 -1.12392e-006 1 
vn 6.49321e-006 3.93964e-006 -1 
vn 0.707106 0.707108 3.22673e-008 
vn -5.75971e-006 -3.93964e-006 1 
vn 0.707106 0.707108 3.22673e-008 
vn 2.75108e-006 1.12392e-006 1 
vn 0.522498 -0.852641 -3.52649e-009 
vn 0.991362 -0.131156 -6.33049e-009 
vn 2.42507e-006 -1.75571e-006 -1 
vn 0.522498 -0.852641 -3.52649e-009 
vn 0.991362 -0.131156 -6.33049e-009 
vn -4.18423e-006 1.7557e-006 1 
vn 0.991362 0.131155 4.40568e-009 
vn 0.522497 0.852641 -5.41779e-008 
vn 4.34664e-006 1.75571e-006 -1 
vn 0.991362 0.131155 4.40568e-009 
vn 0.522497 0.852641 -5.41779e-008 
vn -4.21933e-006 -1.75571e-006 1 
vn 5.50406e-006 -5.60555e-006 -1 
vn 0.809017 -0.587785 -2.08319e-008 
vn -9.10095e-006 5.60557e-006 1 
vn 0.809017 -0.587785 -2.08319e-008 
vn -4.7727e-007 -9.34262e-007 1 
vn 6.16788e-006 5.60557e-006 -1 
vn 0.809016 0.587786 1.11843e-008 
vn -6.84477e-006 -5.60556e-006 1 
vn 0.809016 0.587786 1.11843e-008 
vn 2.47437e-006 9.34264e-007 1 
vn 0.913416 -0.407027 -4.29265e-009 
vn 5.18103e-006 -3.93964e-006 -1 
vn 0.913416 -0.407027 -4.29265e-009 
vn -5.95609e-006 3.93965e-006 1 
vn 0.913417 0.407026 1.32684e-012 
vn 6.49321e-006 3.93964e-006 -1 
vn 0.913417 0.407026 1.32684e-012 
vn -5.75971e-006 -3.93964e-006 1 
vn 7.96961e-006 -4.32957e-006 -1 
vn 0.891007 -0.453991 -4.51421e-009 
vn -1.05128e-005 4.32959e-006 1 
vn 0.891007 -0.453991 -4.51421e-009 
vn 1.67502e-006 -7.21595e-007 1 
vn 8.04331e-006 4.3296e-006 -1 
vn 0.891006 0.453991 -4.0289e-009 
vn -7.42806e-006 -4.32959e-006 1 
vn 0.891006 0.453991 -4.0289e-009 
vn 2.22362e-006 7.216e-007 1 
vn 8.24203e-006 -2.947e-006 -1 
vn 0.951057 -0.309016 3.33433e-009 
vn -8.87113e-006 2.94701e-006 1 
vn 0.951057 -0.309016 3.33433e-009 
vn 1.53837e-006 -4.91166e-007 1 
vn 9.81133e-006 2.94701e-006 -1 
vn 0.951057 0.309017 1.04688e-009 
vn -9.29819e-006 -2.947e-006 1 
vn 0.951057 0.309017 1.04688e-009 
vn 2.61146e-006 4.91171e-007 1 
vn 8.14236e-006 -1.49187e-006 -1 
vn 0.987689 -0.156432 2.18629e-009 
vn -9.9645e-006 1.49188e-006 1 
vn 0.987689 -0.156432 2.18629e-009 
vn 2.26171e-006 -2.48644e-007 1 
vn 9.11556e-006 1.49188e-006 -1 
vn 0.987688 0.156434 -2.16631e-009 
vn -1.06689e-005 -1.49187e-006 1 
vn 0.987688 0.156434 -2.16631e-009 
vn 2.43059e-006 2.48649e-007 1 
vn 8.56421e-006 8.12861e-012 -1 
vn 1 1.70025e-006 2.30831e-010 
vn -1.15139e-005 8.01492e-012 1 
vn 1 1.70025e-006 2.30831e-010 
vn 1.94757e-006 2.43006e-012 1 
vn 0.809017 -0.587785 -6.81373e-009 
vn 5.50406e-006 -5.60555e-006 -1 
vn 0.809017 -0.587785 -6.81373e-009 
vn -9.10095e-006 5.60557e-006 1 
vn 0.809017 0.587785 4.6076e-009 
vn 6.16788e-006 5.60557e-006 -1 
vn 0.809017 0.587785 4.6076e-009 
vn -6.84477e-006 -5.60556e-006 1 
vn 0.891007 -0.45399 -4.71022e-009 
vn 7.96961e-006 -4.32957e-006 -1 
vn 0.891007 -0.45399 -4.71022e-009 
vn -1.05128e-005 4.32959e-006 1 
vn 0.891007 0.45399 9.52864e-009 
vn 8.04331e-006 4.3296e-006 -1 
vn 0.891007 0.45399 9.52864e-009 
vn -7.42806e-006 -4.32959e-006 1 
vn 0.951057 -0.309016 2.7178e-009 
vn 8.24203e-006 -2.947e-006 -1 
vn 0.951057 -0.309016 2.7178e-009 
vn -8.87113e-006 2.94701e-006 1 
vn 0.951057 0.309015 2.54361e-009 
vn 9.81133e-006 2.94701e-006 -1 
vn 0.951057 0.309015 2.54361e-009 
vn -9.29819e-006 -2.947e-006 1 
vn 0.987689 -0.156433 1.63539e-009 
vn 8.14236e-006 -1.49187e-006 -1 
vn 0.987689 -0.156433 1.63539e-009 
vn -9.9645e-006 1.49188e-006 1 
vn 0.987688 0.156435 -1.01742e-010 
vn 9.11556e-006 1.49188e-006 -1 
vn 0.987688 0.156435 -1.01742e-010 
vn -1.06689e-005 -1.49187e-006 1 
vn 1 1.66288e-006 1.34446e-010 
vn 8.56421e-006 8.12861e-012 -1 
vn 1 1.66288e-006 1.34446e-010 
vn -1.15139e-005 8.01492e-012 1 
vn -2.19248e-008 0 1 
vn -1 1.4305e-007 0 
vn 1.01055e-011 -1 -3.57629e-005 
vn -2.6491e-007 6.31594e-014 1 
vn -1 1.4305e-007 0 
vn 1.01055e-011 -1 -3.57629e-005 
vn -1.67264e-012 0 1 
vn -1 1.4305e-007 0 
vn -5.05276e-012 1 3.8412e-005 
vn -2.6491e-007 6.31594e-014 1 
vn -1 1.4305e-007 0 
vn -5.05276e-012 1 3.8412e-005 
vn -2.19248e-008 0 1 
vn 1.01055e-011 -1 -3.57629e-005 
vn 1 -4.76837e-008 -1.1921e-006 
vn -2.6491e-007 6.31594e-014 1 
vn 1.01055e-011 -1 -3.57629e-005 
vn 1 -4.76837e-008 -1.1921e-006 
vn -1.67264e-012 0 1 
vn -5.05276e-012 1 3.8412e-005 
vn 1 -4.76837e-008 -1.1921e-006 
vn -2.6491e-007 6.31594e-014 1 
vn -5.05276e-012 1 3.8412e-005 
vn 1 -4.76837e-008 -1.1921e-006 
vn 7.02081e-006 -7.1526e-006 1 
vn 0 -1 -1.21196e-006 
vn 1 1.05964e-007 0 
vn 5.02627e-008 0.316228 0.948683 
vn 0 -1 -1.21196e-006 
vn 1 1.05964e-007 0 
vn -3.06368e-013 0.242532 -0.970143 
vn 0 -1 -1.58948e-007 
vn 1 -4.76715e-008 0 
vn 7.4543e-007 0 -1 
vn 0 -1 -1.58948e-007 
vn 1 -4.76715e-008 0 
vn -3.06368e-013 0.242532 -0.970143 
vn 0 1 5.56313e-007 
vn 1 -4.76715e-008 0 
vn 7.87258e-007 0 -1 
vn 0 1 5.56313e-007 
vn 1 -4.76715e-008 0 
vn 7.04591e-006 7.15257e-006 1 
vn 0 1 -2.38417e-007 
vn 1 1.05964e-007 0 
vn 5.02627e-008 0.316228 0.948683 
vn 0 1 -2.38417e-007 
vn 1 1.05964e-007 0 
vn 6.73847e-006 -7.15261e-006 1 
vn 0 -1 -3.17892e-007 
vn 1 1.05964e-007 0 
vn -3.35095e-008 0.316227 0.948683 
vn 0 -1 -3.17892e-007 
vn 1 1.05964e-007 0 
vn -3.06368e-013 0.242532 -0.970143 
vn 0 -1 1.05965e-007 
vn 1 1.90738e-007 0 
vn 7.4543e-007 0 -1 
vn 0 -1 1.05965e-007 
vn 1 1.90738e-007 0 
vn -3.06368e-013 0.242532 -0.970143 
vn 0 1 -2.68884e-006 
vn 1 1.90738e-007 0 
vn 7.87258e-007 0 -1 
vn 0 1 -2.68884e-006 
vn 1 1.90738e-007 0 
vn 6.74788e-006 7.15255e-006 1 
vn 0 1 -2.55638e-006 
vn 1 1.05964e-007 0 
vn -3.35095e-008 0.316227 0.948683 
vn 0 1 -2.55638e-006 
vn 1 1.05964e-007 0 
vn 7.04434e-006 -7.15252e-006 1 
vn 0 -1 -1.27819e-006 
vn 1 1.05964e-007 0 
vn 2.93205e-008 0.316228 0.948683 
vn 0 -1 -1.27819e-006 
vn 1 1.05964e-007 0 
vn -3.06368e-013 0.242532 -0.970143 
vn 0 -1 -2.64913e-008 
vn 1 1.90738e-007 0 
vn -1.06063e-007 0 -1 
vn 0 -1 -2.64913e-008 
vn 1 1.90738e-007 0 
vn -3.06368e-013 0.242532 -0.970143 
vn 0 1 9.27189e-008 
vn 1 1.90738e-007 0 
vn -6.42359e-008 0 -1 
vn 0 1 9.27189e-008 
vn 1 1.90738e-007 0 
vn 7.03022e-006 7.15261e-006 1 
vn 0 1 5.19223e-006 
vn 1 1.05964e-007 0 
vn 2.93205e-008 0.316228 0.948683 
vn 0 1 5.19223e-006 
vn 1 1.05964e-007 0 
vn 7.49137e-006 -7.15254e-006 1 
vn 0 -1 -1.1921e-007 
vn 1 1.05964e-007 0 
vn 2.93205e-008 0.316228 0.948683 
vn 0 -1 -1.1921e-007 
vn 1 1.05964e-007 0 
vn -3.06368e-013 0.242532 -0.970143 
vn 0 -1 -3.07297e-006 
vn 1 1.90738e-007 0 
vn 7.45433e-007 0 -1 
vn 0 -1 -3.07297e-006 
vn 1 1.90738e-007 0 
vn -3.06368e-013 0.242532 -0.970143 
vn 0 1 -2.25836e-006 
vn 1 1.90738e-007 0 
vn 7.87261e-007 0 -1 
vn 0 1 -2.25836e-006 
vn 1 1.90738e-007 0 
vn 7.46157e-006 7.15262e-006 1 
vn 0 1 7.64265e-006 
vn 1 1.05964e-007 0 
vn 2.93205e-008 0.316228 0.948683 
vn 0 1 7.64265e-006 
vn 1 1.05964e-007 0 
vn 7.03649e-006 -7.15279e-006 1 
vn 0 -1 2.11929e-007 
vn 1 1.05963e-007 0 
vn -3.35124e-008 0.316225 0.948684 
vn 0 -1 2.11929e-007 
vn 1 1.05963e-007 0 
vn -3.06369e-013 0.242533 -0.970143 
vn 0 -1 -5.12604e-006 
vn 1 -4.76714e-008 0 
vn 7.4543e-007 0 -1 
vn 0 -1 -5.12604e-006 
vn 1 -4.76714e-008 0 
vn -3.06369e-013 0.242533 -0.970143 
vn 0 1 3.10608e-006 
vn 1 -4.76714e-008 0 
vn 7.87258e-007 0 -1 
vn 0 1 3.10608e-006 
vn 1 -4.76714e-008 0 
vn 7.02238e-006 7.15233e-006 1 
vn -1.26319e-012 1 -2.97759e-005 
vn 1 1.05963e-007 0 
vn -3.35124e-008 0.316225 0.948684 
vn -1.26319e-012 1 -2.97759e-005 
vn 1 1.05963e-007 0 
vn 7.02081e-006 -7.15256e-006 1 
vn 0 -1 -1.04639e-006 
vn 1 1.05964e-007 0 
vn 5.02627e-008 0.316228 0.948683 
vn 0 -1 -1.04639e-006 
vn 1 1.05964e-007 0 
vn 3.2125e-008 0.242539 -0.970142 
vn 1 1.90733e-007 0 
vn 0 -1 -1.04198e-006 
vn 7.45431e-007 0 -1 
vn 1 1.90733e-007 0 
vn 0 -1 -1.04198e-006 
vn 3.2125e-008 0.242539 -0.970142 
vn 1 1.90733e-007 0 
vn 0 1 -1.33117e-006 
vn 7.87259e-007 0 -1 
vn 1 1.90733e-007 0 
vn 0 1 -1.33117e-006 
vn 7.0459e-006 7.15257e-006 1 
vn 0 1 -5.69554e-007 
vn 1 1.05964e-007 0 
vn 5.02627e-008 0.316228 0.948683 
vn 0 1 -5.69554e-007 
vn 1 1.05964e-007 0 
vn 6.73845e-006 -7.15259e-006 1 
vn 0 -1 1.30468e-006 
vn 1 -2.64915e-008 0 
vn 3.35095e-008 0.316227 0.948683 
vn 0 -1 1.30468e-006 
vn 1 -2.64915e-008 0 
vn 3.06369e-013 0.242532 -0.970143 
vn 1 -5.24517e-007 1.90736e-006 
vn 0 -1 1.76166e-006 
vn 7.45432e-007 0 -1 
vn 1 -5.24517e-007 1.90736e-006 
vn 0 -1 1.76166e-006 
vn 3.06369e-013 0.242532 -0.970143 
vn 1 -5.24517e-007 1.90736e-006 
vn 0 1 -2.49016e-006 
vn 7.8726e-007 0 -1 
vn 1 -5.24517e-007 1.90736e-006 
vn 0 1 -2.49016e-006 
vn 6.74786e-006 7.15256e-006 1 
vn 0 1 -1.29806e-006 
vn 1 -2.64915e-008 0 
vn 3.35095e-008 0.316227 0.948683 
vn 0 1 -1.29806e-006 
vn 1 -2.64915e-008 0 
vn 3.59354e-006 -8.04666e-006 1 
vn 0 -1 1.27156e-006 
vn 1 1.05964e-007 0 
vn 5.02628e-008 0.316228 0.948683 
vn 0 -1 1.27156e-006 
vn 1 1.05964e-007 0 
vn 3.06369e-013 0.242532 -0.970143 
vn 1 -4.76714e-008 0 
vn 0 -1 -3.13479e-007 
vn 7.45432e-007 0 -1 
vn 1 -4.76714e-008 0 
vn 0 -1 -3.13479e-007 
vn 3.06369e-013 0.242532 -0.970143 
vn 1 -4.76714e-008 0 
vn 0 1 -2.68884e-006 
vn 7.8726e-007 0 -1 
vn 1 -4.76714e-008 0 
vn 0 1 -2.68884e-006 
vn 3.61079e-006 -8.94074e-007 1 
vn 0 1 -4.67566e-006 
vn 1 1.05964e-007 0 
vn 5.02628e-008 0.316228 0.948683 
vn 0 1 -4.67566e-006 
vn 1 1.05964e-007 0 
vn 3.62489e-006 8.9407e-007 1 
vn 0 -1 -8.60952e-008 
vn 1 -2.64915e-008 0 
vn -5.02628e-008 0.316228 0.948683 
vn 0 -1 -8.60952e-008 
vn 1 -2.64915e-008 0 
vn 3.06368e-013 0.242532 -0.970143 
vn 1 -4.76714e-008 0 
vn 0 -1 7.90319e-007 
vn 7.45431e-007 0 -1 
vn 1 -4.76714e-008 0 
vn 0 -1 7.90319e-007 
vn 3.06368e-013 0.242532 -0.970143 
vn 1 -4.76714e-008 0 
vn 0 1 -6.86118e-006 
vn 7.87259e-007 0 -1 
vn 1 -4.76714e-008 0 
vn 0 1 -6.86118e-006 
vn 3.59509e-006 8.04663e-006 1 
vn 0 1 -2.75506e-006 
vn 1 -2.64915e-008 0 
vn -5.02628e-008 0.316228 0.948683 
vn 0 1 -2.75506e-006 
vn 1 -2.64915e-008 0 
vn 3.29551e-006 -8.04663e-006 1 
vn 0 -1 -9.13937e-007 
vn 1 -2.64915e-008 0 
vn 5.02627e-008 0.316228 0.948683 
vn 0 -1 -9.13937e-007 
vn 1 -2.64915e-008 0 
vn -9.63759e-008 0.242533 -0.970143 
vn 1 1.90733e-007 0 
vn 5.29819e-007 -1 -1.63802e-006 
vn 7.4543e-007 0 -1 
vn 1 1.90733e-007 0 
vn 5.29819e-007 -1 -1.63802e-006 
vn -9.63759e-008 0.242533 -0.970143 
vn 1 1.90733e-007 0 
vn 0 1 2.11263e-006 
vn 7.87257e-007 0 -1 
vn 1 1.90733e-007 0 
vn 0 1 2.11263e-006 
vn 3.31276e-006 -8.94071e-007 1 
vn 0 1 -1.6292e-006 
vn 1 -2.64915e-008 0 
vn 5.02627e-008 0.316228 0.948683 
vn 0 1 -1.6292e-006 
vn 1 -2.64915e-008 0 
vn -2.38418e-007 -1 2.68221e-006 
vn -2.98023e-008 -4.37101e-007 -1 
vn 0 0 -1 
vn 3.97364e-008 4.76837e-007 1 
vn -2.38418e-007 -1 2.68221e-006 
vn 8.58306e-008 0 1 
vn 4.87019e-007 -1.457e-007 -1 
vn 4.69379e-006 -4.60945e-006 1 
vn 7.66344e-007 0 -1 
vn 6.89219e-006 -1.95541e-011 1 
vn 2.66801e-007 0 -1 
vn 6.89611e-006 1.50067e-011 1 
vn 2.66802e-007 4.30632e-016 -1 
vn 7.26079e-006 3.36513e-011 1 
vn 7.66345e-007 0 -1 
vn 7.24903e-006 -8.61746e-011 1 
vn 5.27046e-007 0 -1 
vn 4.67275e-006 4.76822e-006 1 
vn 4.99161e-007 0 -1 
vn 4.67171e-006 -4.76838e-006 1 
vn 7.66345e-007 0 -1 
vn 6.89218e-006 -1.27329e-011 1 
vn 5.10897e-007 4.30632e-016 -1 
vn 5.1707e-006 -4.4705e-007 1 
vn 4.31424e-007 2.73188e-008 -1 
vn 3.61784e-006 -1.76215e-012 1 
vn 7.66345e-007 0 -1 
vn 3.4453e-006 -2.78533e-012 1 
vn 5.14904e-007 1.457e-007 -1 
vn 2.20851e-006 -5.96047e-007 1 
vn -1.46165e-008 0 1 
vn 4.76836e-007 1 -2.38418e-006 
vn -4.76837e-007 1.63913e-007 -1 
vn -2.98022e-008 4.37101e-007 -1 
vn 0 1 2.98024e-006 
vn -1.67264e-012 0 1 
vn 4.76836e-007 1 -2.38418e-006 
vn 0 1 2.98024e-006 
vn 8.58306e-008 0 1 
vn 0 1 4.54453e-008 
vn -1.69447e-008 -1.76606e-008 1 
vn -1 -9.50632e-009 0 
vn 0 0 1 
vn 0 1 4.54453e-008 
vn -1 -9.50632e-009 0 
vn -1.69447e-008 -1.76606e-008 1 
vn -1 -9.50632e-009 0 
vn 1 2.19134e-007 0 
vn 0 -1 -2.27426e-009 
vn -6.44388e-009 0 1 
vn 1 2.19134e-007 0 
vn 0 -1 -2.27426e-009 
vn -1.12492e-008 4.04099e-008 1 
vn -1 -9.50632e-009 0 
vn 0 1 2.65331e-008 
vn 1 2.19134e-007 0 
vn -6.44388e-009 0 1 
vn 0 1 2.65331e-008 
vn 1 2.19134e-007 0 
vn 0 -1 4.74803e-009 
vn -1.12492e-008 4.04099e-008 1 
vn -1 -9.50632e-009 0 
vn 0 0 1 
vn 0 -1 4.74803e-009 
vn -1 -9.50632e-009 0 
vn 2.38419e-008 0 -1 
vn 1.19209e-007 -1 -5.21541e-008 
vn 1 -3.40598e-009 0 
vn 1.19209e-007 -1 -5.21541e-008 
vn 1 -1.70299e-009 0 
vn 0 0 1 
vn 1.19209e-007 -1 -5.21541e-008 
vn 1 0 0 
vn -4.76836e-007 -1 2.38418e-006 
vn 0 0 -1 
vn 1 2.08615e-008 0 
vn -4.76836e-007 -1 2.38418e-006 
vn 1 2.08615e-008 0 
vn 8.58306e-008 0 1 
vn 1 -1.70299e-009 0 
vn 0 -1 -1.58946e-006 
vn 0 0 -1 
vn 1 0 0 
vn 0 0 1 
vn 0 -1 -1.58946e-006 
vn 0 0 1 
vn 1.19209e-007 0 -1 
vn 1 2.08615e-008 0 
vn 2.38417e-006 -1 1.11262e-005 
vn 0 0 -1 
vn 1 2.08615e-008 0 
vn 0.229753 2.73889e-008 0.973249 
vn 2.38417e-006 -1 1.11262e-005 
vn 1 -1.70299e-009 0 
vn 0 0 -1 
vn 0 1 1.27156e-006 
vn 0 0 1 
vn 1 0 0 
vn 0 0 1 
vn 0 1 1.27156e-006 
vn 1.19209e-007 1.2919e-015 -1 
vn 1 7.58598e-009 0 
vn 0 0 -1 
vn -2.38417e-006 1 -1.03314e-005 
vn 1 7.58598e-009 0 
vn 0.229753 2.73889e-008 0.973249 
vn -2.38417e-006 1 -1.03314e-005 
vn 1 -1.70299e-009 0 
vn 0 0 -1 
vn 0 -1 -2.22524e-006 
vn 0 0 1 
vn 1 0 0 
vn 0 0 1 
vn 0 -1 -2.22524e-006 
vn 0 1.2919e-015 -1 
vn 1 7.58598e-009 0 
vn 0 0 -1 
vn 2.38417e-006 -1 1.11261e-005 
vn 1 7.58598e-009 0 
vn 0.229753 0 0.973249 
vn 2.38417e-006 -1 1.11261e-005 
vn 1 -1.70299e-009 0 
vn 0 1 2.54313e-006 
vn 0 0 -1 
vn 1 0 0 
vn 0 0 1 
vn 0 1 2.54313e-006 
vn 0 0 1 
vn -2.38419e-007 8.19564e-008 -1 
vn 1 2.08615e-008 0 
vn 0 0 -1 
vn -3.1789e-006 1 -1.4305e-005 
vn 1 2.08615e-008 0 
vn 0.229753 0 0.973249 
vn -3.1789e-006 1 -1.4305e-005 
vn 2.38419e-008 0 -1 
vn -1.19209e-007 1 -5.21541e-008 
vn 1 -3.40598e-009 0 
vn -1.19209e-007 1 -5.21541e-008 
vn 1 -1.70299e-009 0 
vn 0 0 1 
vn -1.19209e-007 1 -5.21541e-008 
vn 1 0 0 
vn 4.76836e-007 1 -2.38418e-006 
vn -4.76837e-007 1.63913e-007 -1 
vn 1 2.08615e-008 0 
vn 4.76836e-007 1 -2.38418e-006 
vn 1 2.08615e-008 0 
vn 8.58306e-008 0 1 
vn 0.980581 -4.67577e-007 -0.196116 
vn 0 -1 -1.58946e-006 
vn 0 0 -1 
vn 0.980581 -4.67577e-007 -0.196116 
vn 0 0 -1 
vn 0 1 1.27156e-006 
vn 0.980581 -4.67578e-007 -0.196116 
vn 0 0 -1 
vn 0 -1 -2.22524e-006 
vn 0.980581 -4.67578e-007 -0.196116 
vn 0 1 2.54313e-006 
vn 0 0 -1 
vn 0.980581 -4.67577e-007 -0.196116 
vn 0 -1 -1.58946e-006 
vn 0 0 1 
vn 1 -4.76775e-008 4.76833e-006 
vn 2.38417e-006 -1 1.11262e-005 
vn 0 0 -1 
vn 1 -4.76775e-008 4.76833e-006 
vn 2.38417e-006 -1 1.11262e-005 
vn 0.447214 5.33123e-008 0.894427 
vn 0.980581 -4.67577e-007 -0.196116 
vn 0 0 1 
vn 0 1 1.27156e-006 
vn 1 -4.76775e-008 4.76833e-006 
vn 0 0 -1 
vn -2.38417e-006 1 -1.03314e-005 
vn 1 -4.76775e-008 4.76833e-006 
vn 0.447214 5.33123e-008 0.894427 
vn -2.38417e-006 1 -1.03314e-005 
vn 0.980581 -4.67578e-007 -0.196116 
vn 0 0 1 
vn 0 -1 -2.22524e-006 
vn 1 7.15266e-008 0 
vn 0 0 -1 
vn 2.38417e-006 -1 1.11261e-005 
vn 1 7.15266e-008 0 
vn 2.38417e-006 -1 1.11261e-005 
vn 0.447213 0 0.894427 
vn 0.980581 -4.67578e-007 -0.196116 
vn 0 1 2.54313e-006 
vn 0 0 1 
vn 1 7.15266e-008 0 
vn 0 0 -1 
vn -3.1789e-006 1 -1.4305e-005 
vn 1 7.15266e-008 0 
vn -3.1789e-006 1 -1.4305e-005 
vn 0.447213 0 0.894427 
vn -1 0 0 
vn 2.38419e-008 0 -1 
vn 1.19209e-007 -1 0 
vn -1 0 0 
vn 0 0 1 
vn 1.19209e-007 -1 0 
vn -1 0 0 
vn 2.38419e-008 0 -1 
vn -1.19209e-007 1 0 
vn -1 0 0 
vn 0 0 1 
vn -1.19209e-007 1 0 
vn 0 1 4.54453e-008 
vn -1.69447e-008 -1.76606e-008 1 
vn 1 1.12808e-008 0 
vn 0 0 1 
vn 0 1 4.54453e-008 
vn 1 1.12808e-008 0 
vn -1.69447e-008 -1.76606e-008 1 
vn 1 1.12808e-008 0 
vn -1 -4.08466e-007 -1.40246e-007 
vn 0 -1 -2.27426e-009 
vn -6.44388e-009 0 1 
vn -1 -4.08466e-007 -1.40246e-007 
vn 0 -1 -2.27426e-009 
vn -1.12492e-008 4.04099e-008 1 
vn 1 1.12808e-008 0 
vn 0 1 -1.13713e-008 
vn -1 -4.08466e-007 -1.40246e-007 
vn -6.44388e-009 0 1 
vn 0 1 -1.13713e-008 
vn -1 -4.08466e-007 -1.40246e-007 
vn 0 -1 4.74803e-009 
vn -1.12492e-008 4.04099e-008 1 
vn 1 1.12808e-008 0 
vn 0 0 1 
vn 0 -1 4.74803e-009 
vn 1 1.12808e-008 0 
vn -1.23399e-006 -1 -6.07079e-007 
vn -0.745374 7.89292e-009 0.666646 
vn -0.666647 7.64387e-009 -0.745374 
vn -0.745375 2.92338e-009 0.666646 
vn -0.666647 9.82784e-008 -0.745374 
vn -0.745374 7.89292e-009 0.666646 
vn -0.666647 7.64387e-009 -0.745374 
vn -0.745373 2.01259e-007 0.666647 
vn -0.666647 9.82784e-008 -0.745374 
vn -0.666647 2.29317e-007 -0.745374 
vn -0.745377 -6.18877e-008 0.666644 
vn -0.666647 2.29317e-007 -0.745374 
vn -0.666647 2.29316e-007 -0.745374 
vn -0.745378 1.92975e-009 0.666642 
vn -0.666647 2.29316e-007 -0.745374 
vn -0.666647 9.82784e-008 -0.745374 
vn -0.745375 2.68688e-007 0.666646 
vn -0.666647 9.82784e-008 -0.745374 
vn -0.666647 9.82784e-009 -0.745374 
vn -0.745375 3.55181e-008 0.666646 
vn -0.666647 3.43975e-008 -0.745374 
vn -0.745375 1.0148e-008 0.666646 
vn -0.666647 9.82784e-009 -0.745374 
vn -0.745375 3.55181e-008 0.666646 
vn -0.666647 3.43975e-008 -0.745374 
vn 0 1 0 
vn -0.745375 -1.57455e-007 0.666646 
vn -0.745377 -5.51142e-007 0.666643 
vn -0.745376 -3.32886e-007 0.666644 
vn -0.745376 -8.37713e-008 0.666644 
vn -0.745375 -2.81558e-007 0.666646 
vn -0.745373 -2.68872e-007 0.666647 
vn -0.745373 9.97798e-008 0.666648 
vn 0.666647 -6.54683e-009 0.745374 
vn -1.23399e-006 -1 -6.07079e-007 
vn -0.745374 7.89292e-009 0.666646 
vn 0.666647 4.91669e-008 0.745374 
vn -0.745375 2.92338e-009 0.666646 
vn -0.745374 7.89292e-009 0.666646 
vn 0.666647 1.04881e-007 0.745374 
vn -0.745374 1.51038e-008 0.666647 
vn 0.666647 5.32907e-014 0.745374 
vn -0.745371 2.72842e-008 0.66665 
vn 0.666647 -1.04881e-007 0.745374 
vn -0.745372 2.77256e-007 0.666648 
vn 0.666647 -4.67642e-008 0.745374 
vn -0.745375 2.68688e-007 0.666646 
vn 0.666647 -1.41902e-008 0.745374 
vn -0.745375 3.55181e-008 0.666646 
vn -0.745375 1.0148e-008 0.666646 
vn 0.666647 -3.97327e-008 0.745374 
vn -0.745375 3.55181e-008 0.666646 
vn 0 1 0 
vn 0.666647 4.91669e-008 0.745374 
vn -4.44278e-007 -1 7.28626e-007 
vn -0.745376 1.19991e-007 0.666644 
vn -0.745376 1.19991e-007 0.666644 
vn 0.666647 5.32907e-014 0.745374 
vn 0.666647 -4.67642e-008 0.745374 
vn 8.88558e-007 1 -1.1589e-006 
vn -0.745376 1.19991e-007 0.666644 
vn -5.74565e-007 -1 3.48021e-008 
vn -0.896279 2.61802e-007 0.44349 
vn 0.262927 -1.22672e-007 0.964816 
vn -0.896279 2.61802e-007 0.44349 
vn 6.16746e-007 1 5.19876e-007 
vn 0.262926 7.10543e-015 0.964816 
vn -0.745376 1.19991e-007 0.666644 
vn 0.262925 1.22672e-007 0.964816 
vn -0.896279 2.61803e-007 0.443491 
vn -9.67424e-007 -1 -6.08719e-007 
vn 1.05928e-006 1 -3.88678e-007 
vn -0.896279 2.61803e-007 0.443491 
vn -0.745375 -5.85713e-008 0.666645 
vn -8.17226e-007 -1 -6.7654e-007 
vn -0.968143 -3.91467e-007 -0.2504 
vn -0.745375 -1.46428e-008 0.666646 
vn -0.968143 -2.936e-007 -0.2504 
vn -0.745374 4.39286e-008 0.666647 
vn -0.968143 -2.936e-007 -0.2504 
vn -0.745373 5.85715e-008 0.666648 
vn 1.63445e-006 1 1.01334e-006 
vn -0.968143 -3.91467e-007 -0.2504 
vn -7.61039e-007 -1 -6.67781e-007 
vn -0.999491 -3.51201e-009 -0.0319007 
vn -0.994311 -6.90214e-008 -0.106519 
vn 6.16746e-007 1 5.19876e-007 
vn -0.262923 -3.67676e-008 -0.964817 
vn -0.994311 -6.90213e-008 -0.106519 
vn -9.67424e-007 -1 -6.08719e-007 
vn -0.262923 -3.67676e-008 -0.964817 
vn 1.43223e-006 1 6.97444e-007 
vn -0.999491 -3.51175e-009 -0.0319006 
vn -0.745375 -5.85713e-008 0.666645 
vn -8.17226e-007 -1 -6.7654e-007 
vn 0.803837 2.47608e-007 0.59485 
vn -0.745375 -1.46428e-008 0.666646 
vn 0.803837 6.19021e-008 0.59485 
vn -0.745374 4.39286e-008 0.666647 
vn 0.803837 6.1902e-008 0.59485 
vn -0.745373 5.85715e-008 0.666648 
vn 1.63445e-006 1 1.01334e-006 
vn 0.803837 2.47608e-007 0.59485 
vn 0.666646 -7.69253e-008 0.745374 
vn -4.44278e-007 -1 7.28626e-007 
vn 0.745374 1.05706e-008 -0.666646 
vn 0.666646 -1.47304e-007 0.745374 
vn 0.745374 1.05706e-008 -0.666646 
vn 0.666646 -6.79758e-008 0.745374 
vn 8.88558e-007 1 -1.1589e-006 
vn 0.745374 1.05706e-008 -0.666646 
vn -0.745375 9.34202e-008 0.666646 
vn -0.666651 -1.50613e-007 -0.74537 
vn -0.736198 -0.156435 0.658438 
vn -0.666653 -3.31042e-006 -0.745369 
vn -0.736198 0.156433 0.658438 
vn -0.66665 4.08297e-006 -0.745371 
vn -0.708894 -0.309014 0.634019 
vn -0.666653 -6.17402e-006 -0.745368 
vn -0.708893 0.309017 0.634019 
vn -0.666651 9.39028e-006 -0.74537 
vn -0.664135 -0.453986 0.593988 
vn -0.666653 -5.13817e-006 -0.745368 
vn -0.664132 0.453991 0.593986 
vn -0.666652 6.52666e-006 -0.745369 
vn -5.74565e-007 -1 3.48021e-008 
vn 0.896278 2.51056e-007 -0.443492 
vn 0.262927 -1.22672e-007 0.964816 
vn 0.896278 2.51056e-007 -0.443492 
vn 6.16746e-007 1 5.19876e-007 
vn 0.262926 7.10543e-015 0.964816 
vn 0.745374 1.05706e-008 -0.666646 
vn 0.262925 1.22672e-007 0.964816 
vn 0.896278 2.51056e-007 -0.443492 
vn -9.67424e-007 -1 -6.08719e-007 
vn 1.05928e-006 1 -3.88678e-007 
vn 0.896278 2.51056e-007 -0.443492 
vn -0.646743 0.242531 -0.72312 
vn -0.745374 -9.22388e-007 0.666647 
vn 0 -1 3.53063e-008 
vn -0.646742 0.242532 -0.723121 
vn -0.745372 2.69712e-007 0.666649 
vn 0 -1 1.40402e-006 
vn -0.646743 0.242533 -0.72312 
vn -0.745372 2.69713e-007 0.666649 
vn 0 -1 -1.46586e-006 
vn -0.646743 0.242533 -0.723119 
vn -0.745374 -9.85079e-007 0.666647 
vn -2.11923e-006 -1 -1.11264e-006 
vn -0.646743 0.242532 -0.72312 
vn -0.745372 2.69712e-007 0.666649 
vn -4.23846e-006 -1 -4.62271e-006 
vn -0.646742 0.24254 -0.723118 
vn 0 -1 -3.17903e-007 
vn -0.745373 -9.22384e-007 0.666647 
vn -0.646742 0.242532 -0.72312 
vn 2.11923e-006 -1 2.81687e-006 
vn -0.745373 -2.74232e-007 0.666647 
vn -0.646742 0.242532 -0.72312 
vn 0 -1 2.06629e-006 
vn -0.745373 -2.74232e-007 0.666648 
vn -0.646742 0.24253 -0.723121 
vn 0 -1 2.0663e-006 
vn -0.745373 -2.74232e-007 0.666647 
vn -0.646743 0.242533 -0.723119 
vn 3.94914e-007 -1 -4.94504e-007 
vn -0.745373 -9.43565e-007 0.666647 
vn -0.603021 -0.587783 0.53933 
vn -0.666654 -3.06438e-006 -0.745367 
vn -0.603019 0.587787 0.539327 
vn -0.666653 3.32895e-006 -0.745368 
vn -0.666651 -1.50613e-007 -0.74537 
vn -0.666653 -3.31042e-006 -0.745369 
vn -0.66665 4.08297e-006 -0.745371 
vn -0.666653 -6.17402e-006 -0.745368 
vn -0.666651 9.39028e-006 -0.74537 
vn -6.16996e-007 -1 -8.8856e-007 
vn -0.666647 7.64387e-009 -0.745374 
vn -0.666646 -2.94623e-007 -0.745374 
vn -0.666647 -4.36711e-007 -0.745374 
vn -0.666647 -4.01535e-007 -0.745374 
vn -0.666647 -9.03455e-007 -0.745373 
vn -0.666647 5.57396e-008 -0.745374 
vn -0.666646 -4.76371e-007 -0.745374 
vn -0.666647 -3.20049e-007 -0.745374 
vn -0.666647 7.64387e-009 -0.745374 
vn -0.666647 9.82784e-008 -0.745374 
vn -0.666647 9.82784e-008 -0.745374 
vn -0.666647 2.29317e-007 -0.745374 
vn -0.666647 2.29317e-007 -0.745374 
vn -0.666647 2.29316e-007 -0.745374 
vn -0.666647 2.29316e-007 -0.745374 
vn -0.666647 9.82784e-008 -0.745374 
vn -0.666647 9.82784e-008 -0.745374 
vn -0.666647 9.82784e-009 -0.745374 
vn -0.666646 -5.38989e-007 -0.745374 
vn -0.666646 -1.07496e-006 -0.745375 
vn -0.666646 -7.27328e-007 -0.745375 
vn -0.666646 -6.13799e-007 -0.745374 
vn -0.666646 -6.56986e-007 -0.745374 
vn -0.666647 -2.03131e-007 -0.745374 
vn -0.666647 9.82784e-009 -0.745374 
vn -0.666647 3.43975e-008 -0.745374 
vn -0.666647 3.43975e-008 -0.745374 
vn 0 1 0 
vn -0.666646 3.94136e-007 -0.745374 
vn 0 1 0 
vn -0.666653 -5.13817e-006 -0.745368 
vn -0.666652 6.52666e-006 -0.745369 
vn -7.61039e-007 -1 -6.67781e-007 
vn 0.975039 3.93586e-007 0.222032 
vn 0.932685 2.15047e-007 0.360693 
vn 6.16746e-007 1 5.19876e-007 
vn -0.262923 -3.67676e-008 -0.964817 
vn 0.932685 2.15047e-007 0.360693 
vn -9.67424e-007 -1 -6.08719e-007 
vn -0.262923 -3.67676e-008 -0.964817 
vn 1.43223e-006 1 6.97444e-007 
vn 0.975039 3.93586e-007 0.222032 
vn -0.680837 -0.407024 0.608927 
vn -0.666654 -2.06865e-006 -0.745367 
vn -0.680836 0.407028 0.608925 
vn -0.666651 3.71213e-006 -0.74537 
vn -0.646743 0.242531 -0.72312 
vn -0.745374 -9.22388e-007 0.666647 
vn 0 1 -1.07289e-006 
vn -0.646742 0.242532 -0.723121 
vn -0.745372 2.69712e-007 0.666649 
vn -3.17881e-006 1 -4.13038e-006 
vn -0.646743 0.242533 -0.72312 
vn -0.745372 2.69713e-007 0.666649 
vn 0 1 6.49016e-007 
vn -0.646743 0.242533 -0.723119 
vn -0.745374 -9.85079e-007 0.666647 
vn 0 1 -1.78826e-007 
vn -0.646743 0.242532 -0.72312 
vn -0.745372 2.69712e-007 0.666649 
vn 3.17882e-006 1 4.20322e-006 
vn -0.646742 0.24254 -0.723118 
vn 0 1 1.5762e-006 
vn -0.745373 -9.22384e-007 0.666647 
vn -0.646742 0.242532 -0.72312 
vn -3.17882e-006 1 -2.73962e-006 
vn -0.745373 -2.74232e-007 0.666647 
vn -0.646742 0.242532 -0.72312 
vn -3.17882e-006 1 -4.06417e-006 
vn -0.745373 -2.74232e-007 0.666648 
vn -0.646742 0.24253 -0.723121 
vn -3.17883e-006 1 -5.38874e-006 
vn -0.745373 -2.74232e-007 0.666647 
vn -0.646743 0.242533 -0.723119 
vn 0 1 1.99563e-006 
vn -0.745373 -9.43565e-007 0.666647 
vn -0.666654 -3.06438e-006 -0.745367 
vn -0.666653 3.32895e-006 -0.745368 
vn -0.738935 -0.131155 0.660888 
vn -0.389457 -0.85264 0.348322 
vn -0.666652 -1.89314e-006 -0.745369 
vn -0.389457 0.852641 0.348321 
vn -0.738935 0.131157 0.660888 
vn -0.666649 2.40578e-006 -0.745372 
vn -0.666654 -2.06865e-006 -0.745367 
vn -0.666651 3.71213e-006 -0.74537 
vn -0.666652 -1.89314e-006 -0.745369 
vn -0.666649 2.40578e-006 -0.745372 
vn -0.338393 -0.891007 0.302651 
vn -0.666647 -2.0954e-006 -0.745374 
vn -0.338393 0.891006 0.302652 
vn -0.666646 2.32377e-006 -0.745375 
vn -0.666647 -2.0954e-006 -0.745374 
vn -0.666646 2.32377e-006 -0.745375 
vn -0.666647 -5.07755e-007 -0.745374 
vn -0.745374 -9.22388e-007 0.666647 
vn 0 -1 3.53063e-008 
vn -0.666647 -4.92783e-007 -0.745374 
vn -0.745374 -9.22388e-007 0.666647 
vn 0 1 -1.07289e-006 
vn -0.666647 -3.10286e-007 -0.745374 
vn -0.745372 2.69712e-007 0.666649 
vn 0 -1 1.40402e-006 
vn -0.666647 -9.94705e-007 -0.745374 
vn -0.745372 2.69712e-007 0.666649 
vn -3.17881e-006 1 -4.13038e-006 
vn -0.666648 -8.12206e-007 -0.745373 
vn -0.745372 2.69713e-007 0.666649 
vn 0 -1 -1.46586e-006 
vn -0.666647 -4.92781e-007 -0.745373 
vn -0.745372 2.69713e-007 0.666649 
vn 0 1 6.49016e-007 
vn -0.666646 6.0426e-007 -0.745374 
vn -0.745374 -9.85079e-007 0.666647 
vn -2.11923e-006 -1 -1.11264e-006 
vn -0.666646 -1.40531e-007 -0.745374 
vn -0.745374 -9.85079e-007 0.666647 
vn 0 1 -1.78826e-007 
vn -0.666647 -8.12211e-007 -0.745374 
vn -0.745372 2.69712e-007 0.666649 
vn -4.23846e-006 -1 -4.62271e-006 
vn -0.666647 -4.92781e-007 -0.745374 
vn -0.745372 2.69712e-007 0.666649 
vn 3.17882e-006 1 4.20322e-006 
vn -0.666646 -8.21191e-007 -0.745375 
vn 0 -1 -3.17903e-007 
vn -0.745373 -9.22384e-007 0.666647 
vn -0.666646 -8.06216e-007 -0.745375 
vn 0 1 1.5762e-006 
vn -0.745373 -9.22384e-007 0.666647 
vn -0.666645 -1.34371e-006 -0.745375 
vn 2.11923e-006 -1 2.81687e-006 
vn -0.745373 -2.74232e-007 0.666647 
vn -0.666645 -4.15391e-007 -0.745375 
vn -3.17882e-006 1 -2.73962e-006 
vn -0.745373 -2.74232e-007 0.666647 
vn -0.666646 -1.03926e-006 -0.745375 
vn 0 -1 2.06629e-006 
vn -0.745373 -2.74232e-007 0.666648 
vn -0.666645 -7.19843e-007 -0.745375 
vn -3.17882e-006 1 -4.06417e-006 
vn -0.745373 -2.74232e-007 0.666648 
vn -0.666647 -5.07755e-007 -0.745374 
vn 0 -1 2.0663e-006 
vn -0.745373 -2.74232e-007 0.666647 
vn -0.666646 -4.92785e-007 -0.745374 
vn -3.17883e-006 1 -5.38874e-006 
vn -0.745373 -2.74232e-007 0.666647 
vn -0.666646 -8.21187e-007 -0.745374 
vn 3.94914e-007 -1 -4.94504e-007 
vn -0.745373 -9.43565e-007 0.666647 
vn -0.666647 -5.01765e-007 -0.745374 
vn 0 1 1.99563e-006 
vn -0.745373 -9.43565e-007 0.666647 
vn -0.230333 -0.951057 0.206005 
vn -0.666648 -2.01588e-006 -0.745373 
vn -0.230334 0.951056 0.206006 
vn -0.666645 1.97657e-006 -0.745375 
vn -0.745375 9.34202e-008 0.666646 
vn 0.666651 -1.14986e-006 0.74537 
vn -0.736198 -0.156435 0.658438 
vn 0.666652 -1.14986e-006 0.745369 
vn -0.736198 0.156433 0.658438 
vn 0.666651 -6.78028e-007 0.745371 
vn -0.666648 -2.01588e-006 -0.745373 
vn -0.666645 1.97657e-006 -0.745375 
vn -0.708894 -0.309014 0.634019 
vn 0.666653 7.78906e-006 0.745368 
vn -0.708893 0.309017 0.634019 
vn 0.666653 -4.58253e-006 0.745368 
vn -0.664135 -0.453986 0.593988 
vn 0.666654 8.11809e-006 0.745368 
vn -0.664132 0.453991 0.593986 
vn 0.666655 -3.91771e-006 0.745366 
vn -0.116602 -0.987688 0.104286 
vn -0.66665 -1.98502e-006 -0.745371 
vn -0.116602 0.987688 0.104287 
vn -0.666649 1.47447e-006 -0.745372 
vn -0.66665 -1.98502e-006 -0.745371 
vn -0.666649 1.47447e-006 -0.745372 
vn -0.603021 -0.587783 0.53933 
vn 0.66665 4.54937e-006 0.745371 
vn -0.603019 0.587787 0.539327 
vn 0.666649 -1.95816e-006 0.745371 
vn -0.745374 2.86987e-006 0.666646 
vn 0.666651 -1.14986e-006 0.74537 
vn -0.736196 -0.156434 0.65844 
vn 0.666652 -1.14986e-006 0.745369 
vn -0.736198 0.156435 0.658438 
vn 0.666651 -6.78028e-007 0.745371 
vn -0.708892 -0.30902 0.634018 
vn 0.666653 7.78906e-006 0.745368 
vn -0.708892 0.309019 0.634018 
vn 0.666653 -4.58253e-006 0.745368 
vn 0.666647 3.44043e-007 0.745374 
vn 0.666647 -6.54683e-009 0.745374 
vn -6.16996e-007 -1 -8.8856e-007 
vn 0.666644 -4.44811e-006 0.745376 
vn 0.666644 -1.61672e-007 0.745377 
vn 0.666643 -1.61622e-007 0.745377 
vn 0.666643 -1.61606e-007 0.745377 
vn 0.666644 -1.61705e-007 0.745377 
vn 0.666645 4.35004e-006 0.745376 
vn 0.666646 -7.69253e-008 0.745374 
vn -8.03414e-008 -1 3.26971e-007 
vn -0.666647 -2.52438e-006 -0.745374 
vn -0.666647 -2.52438e-006 -0.745374 
vn 0.666646 -1.47304e-007 0.745374 
vn -0.666643 2.51517e-006 -0.745377 
vn -3.06418e-007 1 2.54103e-007 
vn -0.666643 2.51517e-006 -0.745377 
vn 0.666646 -6.79758e-008 0.745374 
vn 0.666644 -4.55988e-006 0.745376 
vn 0.666642 -6.25284e-007 0.745378 
vn 0.666643 3.14377e-007 0.745377 
vn 0.666644 -1.722e-006 0.745376 
vn 0.666644 8.82983e-009 0.745376 
vn 0.666645 -2.59576e-007 0.745375 
vn 0.666647 -7.50168e-008 0.745374 
vn 0.666647 -6.3161e-008 0.745374 
vn 0 1 0 
vn 0 1 0 
vn -0.664135 -0.453987 0.593987 
vn 0.666654 8.11809e-006 0.745368 
vn -0.664134 0.45399 0.593986 
vn 0.666655 -3.91771e-006 0.745366 
vn -0.680837 -0.407024 0.608927 
vn 0.666649 4.52254e-006 0.745372 
vn -0.680836 0.407028 0.608925 
vn 0.66665 -3.75371e-006 0.745371 
vn -0.603021 -0.587784 0.539329 
vn 0.66665 4.54937e-006 0.745371 
vn -0.603021 0.587784 0.539329 
vn 0.666649 -1.95816e-006 0.745371 
vn -0.666647 -1.92562e-006 -0.745373 
vn -0.666641 2.6258e-006 -0.745379 
vn -0.738935 -0.131155 0.660888 
vn -0.389457 -0.85264 0.348322 
vn 0.666646 1.37683e-006 0.745375 
vn -0.389457 0.852641 0.348321 
vn -0.738935 0.131157 0.660888 
vn 0.666646 -2.33638e-006 0.745374 
vn -0.527061 -0.707103 0.471393 
vn 0.666649 4.52254e-006 0.745372 
vn -0.52706 0.707105 0.471392 
vn 0.66665 -3.75371e-006 0.745371 
vn 0.116602 -0.987688 -0.104287 
vn -0.666647 -1.92562e-006 -0.745373 
vn 0.116602 0.987688 -0.104287 
vn -0.666641 2.6258e-006 -0.745379 
vn -0.438123 -0.809013 0.39185 
vn 0.666646 1.37683e-006 0.745375 
vn -0.43812 0.809016 0.391847 
vn 0.666646 -2.33638e-006 0.745374 
vn -0.666647 -2.17474e-006 -0.745373 
vn -0.666647 3.09097e-006 -0.745374 
vn -0.338393 -0.891007 0.302651 
vn 0.666644 2.43683e-006 0.745376 
vn -0.338393 0.891006 0.302652 
vn 0.666644 -2.21591e-006 0.745376 
vn -0.745374 2.86987e-006 0.666646 
vn 0.666645 3.23827e-006 0.745375 
vn -0.736196 -0.156434 0.65844 
vn 0.666644 -2.92983e-006 0.745376 
vn -0.736198 0.156435 0.658438 
vn 0.666646 3.23827e-006 0.745374 
vn 0.230332 -0.951057 -0.206004 
vn -0.666647 -2.17474e-006 -0.745373 
vn 0.230334 0.951056 -0.206006 
vn -0.666647 3.09097e-006 -0.745374 
vn -0.708892 -0.30902 0.634018 
vn 0.666643 7.7434e-007 0.745377 
vn -0.708892 0.309019 0.634018 
vn 0.666646 -2.92982e-006 0.745375 
vn -0.338393 -0.891006 0.302653 
vn 0.666644 2.43683e-006 0.745376 
vn -0.338392 0.891007 0.302651 
vn 0.666644 -2.21591e-006 0.745376 
vn -0.664135 -0.453987 0.593987 
vn 0.666643 -5.44339e-006 0.745377 
vn -0.664134 0.45399 0.593986 
vn 0.666649 1.09348e-005 0.745372 
vn -0.666647 -2.24627e-006 -0.745374 
vn -0.666648 2.56506e-006 -0.745373 
vn 0.666643 -6.84419e-006 0.745377 
vn -0.745375 4.49396e-007 0.666645 
vn 0 -1 -2.51654e-007 
vn 0.666643 6.52089e-006 0.745377 
vn -0.745375 4.49396e-007 0.666645 
vn 0 1 -3.7661e-006 
vn 0.666644 -6.84424e-006 0.745376 
vn -0.745375 4.49395e-007 0.666645 
vn 0 -1 1.08392e-006 
vn 0.666644 6.5209e-006 0.745377 
vn -0.745375 4.49395e-007 0.666645 
vn 0 1 2.07523e-007 
vn 0.666642 -6.84414e-006 0.745378 
vn -0.745374 4.49396e-007 0.666647 
vn 0 -1 -7.59392e-007 
vn 0.666643 6.52094e-006 0.745377 
vn -0.745374 4.49396e-007 0.666647 
vn 3.1788e-006 1 5.08624e-006 
vn 0.666643 -6.84415e-006 0.745377 
vn -0.745375 4.49396e-007 0.666646 
vn 0 -1 1.22743e-006 
vn 0.666644 6.52096e-006 0.745377 
vn -0.745375 4.49396e-007 0.666646 
vn 6.3576e-006 1 7.15032e-006 
vn 0.666644 -6.84437e-006 0.745377 
vn -0.745374 4.49393e-007 0.666647 
vn 0 -1 9.73519e-007 
vn 0.666644 6.52071e-006 0.745376 
vn -0.745374 4.49393e-007 0.666647 
vn -1.90728e-005 1 -2.17798e-005 
vn 0.666643 -6.84418e-006 0.745378 
vn -0.745375 4.49396e-007 0.666645 
vn 0 -1 -9.13927e-007 
vn 0.666642 6.52089e-006 0.745378 
vn -0.745375 4.49396e-007 0.666645 
vn 0 1 2.07523e-007 
vn 0.666642 -7.77145e-006 0.745378 
vn -0.745374 1.51883e-006 0.666647 
vn 0 -1 -7.37327e-007 
vn 0.666642 7.84547e-006 0.745378 
vn -0.745374 1.51883e-006 0.666647 
vn 0 1 5.38661e-007 
vn 0.666644 -7.21671e-006 0.745376 
vn -0.745375 4.49395e-007 0.666645 
vn 0 -1 -9.13927e-007 
vn 0.666644 -1.38065e-006 0.745376 
vn -0.745375 4.49395e-007 0.666645 
vn -3.1788e-006 1 -3.18109e-006 
vn 0.666644 -2.06336e-006 0.745377 
vn -0.745374 1.51883e-006 0.666646 
vn 0 -1 1.23846e-006 
vn 0.666644 8.53415e-006 0.745377 
vn -0.745374 1.51883e-006 0.666646 
vn -3.17882e-006 1 -5.49907e-006 
vn 0.666645 -8.51649e-006 0.745376 
vn -0.745374 1.51884e-006 0.666647 
vn 0 -1 1.23846e-006 
vn 0.666644 -4.28598e-007 0.745376 
vn -0.745374 1.51884e-006 0.666647 
vn 0 1 5.38661e-007 
vn -0.230333 -0.951057 0.206005 
vn 0.666649 1.42985e-006 0.745372 
vn -0.230334 0.951056 0.206006 
vn 0.666652 -1.5801e-006 0.745369 
vn -0.603021 -0.587784 0.539329 
vn 0.666642 -7.23755e-006 0.745378 
vn -0.603021 0.587784 0.539329 
vn 0.666648 1.48777e-005 0.745373 
vn 0.338392 -0.891007 -0.30265 
vn -0.666647 -2.24627e-006 -0.745374 
vn 0.338393 0.891006 -0.302652 
vn -0.666648 2.56506e-006 -0.745373 
vn -0.230334 -0.951056 0.206005 
vn 0.666649 1.42985e-006 0.745372 
vn -0.230333 0.951057 0.206005 
vn 0.666652 -1.5801e-006 0.745369 
vn -0.666645 -1.10916e-006 -0.745375 
vn -0.666644 7.8867e-007 -0.745376 
vn -0.527061 -0.707103 0.471393 
vn 0.666651 -8.92484e-006 0.74537 
vn -0.52706 0.707105 0.471392 
vn 0.666646 5.12962e-006 0.745374 
vn -0.116602 -0.987688 0.104286 
vn 0.666647 1.67457e-006 0.745373 
vn -0.116602 0.987688 0.104287 
vn 0.666647 -1.59484e-006 0.745373 
vn -0.666644 -3.09449e-006 -0.745376 
vn -0.666645 3.48081e-006 -0.745375 
vn 0.389459 -0.852639 -0.348323 
vn 0.738936 -0.131155 -0.660887 
vn -0.666645 -1.10916e-006 -0.745375 
vn 0.738936 0.131156 -0.660887 
vn 0.389457 0.85264 -0.348322 
vn -0.666644 7.8867e-007 -0.745376 
vn -0.116601 -0.987689 0.104285 
vn 0.666647 1.67457e-006 0.745373 
vn -0.116602 0.987688 0.104286 
vn 0.666647 -1.59484e-006 0.745373 
vn -0.438123 -0.809013 0.39185 
vn 0.666646 -5.16963e-006 0.745374 
vn -0.43812 0.809016 0.391847 
vn 0.666643 -1.63794e-006 0.745377 
vn -0.666643 -5.74603e-006 -0.745377 
vn -0.666643 5.37555e-007 -0.745377 
vn 0.680838 -0.407025 -0.608925 
vn -0.666644 -3.09449e-006 -0.745376 
vn 0.680837 0.407026 -0.608925 
vn -0.666645 3.48081e-006 -0.745375 
vn -0.338393 -0.891006 0.302653 
vn 0.66664 2.05897e-006 0.74538 
vn -0.338392 0.891007 0.302651 
vn 0.666643 -8.92169e-008 0.745377 
vn -0.66664 4.26643e-007 -0.74538 
vn -0.666638 -1.51248e-006 -0.745382 
vn -8.03414e-008 -1 3.26971e-007 
vn 0.666642 1.76119e-006 0.745378 
vn -1.00894e-007 -1 -1.38262e-007 
vn 0.666642 1.76119e-006 0.745378 
vn -6.42731e-007 1 5.79206e-007 
vn 0.666644 -1.51779e-006 0.745376 
vn -3.06418e-007 1 2.54103e-007 
vn 0.666644 -1.51779e-006 0.745376 
vn 0.632436 0.316227 0.707124 
vn -0.745375 4.49396e-007 0.666645 
vn 0 1 -3.7661e-006 
vn 0.632437 0.316227 0.707124 
vn -0.745375 4.49395e-007 0.666645 
vn 0 1 2.07523e-007 
vn 0.632436 0.316227 0.707124 
vn -0.745374 4.49396e-007 0.666647 
vn 3.1788e-006 1 5.08624e-006 
vn 0.632436 0.316227 0.707124 
vn -0.745375 4.49396e-007 0.666646 
vn 6.3576e-006 1 7.15032e-006 
vn 0.632437 0.316225 0.707125 
vn -0.745374 4.49393e-007 0.666647 
vn -1.90728e-005 1 -2.17798e-005 
vn 0.632437 0.316227 0.707124 
vn -0.745375 4.49396e-007 0.666645 
vn 0 1 2.07523e-007 
vn 0.632437 0.316228 0.707124 
vn -0.745374 1.51883e-006 0.666647 
vn 0 1 5.38661e-007 
vn 0.632437 0.316227 0.707124 
vn -0.745375 4.49395e-007 0.666645 
vn -3.1788e-006 1 -3.18109e-006 
vn 0.632436 0.316228 0.707124 
vn -0.745374 1.51883e-006 0.666646 
vn -3.17882e-006 1 -5.49907e-006 
vn 0.632437 0.316228 0.707124 
vn -0.745374 1.51884e-006 0.666647 
vn 0 1 5.38661e-007 
vn -0.66664 1.58033e-006 -0.74538 
vn -0.666637 -1.72066e-006 -0.745382 
vn -0.66664 -2.66956e-006 -0.74538 
vn -0.66664 -5.66959e-007 -0.74538 
vn -0.66664 1.564e-006 -0.74538 
vn 0.603023 -0.587782 -0.539329 
vn -0.666643 -5.74603e-006 -0.745377 
vn 0.603019 0.587788 -0.539327 
vn -0.666643 5.37555e-007 -0.745377 
vn -0.230334 -0.951056 0.206005 
vn 0.666642 -4.23983e-006 0.745378 
vn -0.230333 0.951057 0.206005 
vn 0.666641 4.59924e-006 0.745379 
vn 0.116602 -0.987688 -0.104286 
vn 0.666642 2.05121e-006 0.745378 
vn 0.116603 0.987688 -0.104287 
vn 0.666646 -1.79638e-006 0.745375 
vn 0.116602 -0.987688 -0.104287 
vn 0.666642 2.05121e-006 0.745378 
vn 0.116602 0.987688 -0.104287 
vn 0.666646 -1.79638e-006 0.745375 
vn 0.666645 3.23827e-006 0.745375 
vn -0.745374 1.9424e-005 0.666647 
vn 0.666644 -2.92983e-006 0.745376 
vn -0.736199 -0.156434 0.658437 
vn 0.666646 3.23827e-006 0.745374 
vn -0.736194 0.156462 0.658436 
vn 0.666643 7.7434e-007 0.745377 
vn -0.708887 -0.309048 0.63401 
vn 0.666646 -2.92982e-006 0.745375 
vn -0.708886 0.309048 0.634011 
vn 0.664133 -0.453992 -0.593986 
vn -0.66664 4.26643e-007 -0.74538 
vn 0.664132 0.453994 -0.593985 
vn -0.666638 -1.51248e-006 -0.745382 
vn 0.666643 -5.44339e-006 0.745377 
vn -0.664123 -0.454016 0.593978 
vn 0.666649 1.09348e-005 0.745372 
vn -0.664127 0.454008 0.59398 
vn 0.666642 -7.23755e-006 0.745378 
vn -0.603018 -0.58779 0.539326 
vn 0.666648 1.48777e-005 0.745373 
vn -0.603019 0.587788 0.539327 
vn 0.666651 -8.92484e-006 0.74537 
vn -0.52706 -0.707107 0.471389 
vn 0.666646 5.12962e-006 0.745374 
vn -0.527052 0.707116 0.471385 
vn -0.116601 -0.987689 0.104285 
vn 0.666641 -2.27195e-006 0.745379 
vn -0.116602 0.987688 0.104286 
vn 0.666639 8.40479e-007 0.745381 
vn 0.708891 -0.309021 -0.634018 
vn -0.66664 1.58033e-006 -0.74538 
vn 0.708893 0.309014 -0.634019 
vn -0.666637 -1.72066e-006 -0.745382 
vn 0.666646 -5.16963e-006 0.745374 
vn -0.438127 -0.80901 0.391851 
vn 0.666643 -1.63794e-006 0.745377 
vn -0.438115 0.809022 0.391841 
vn 0.230334 -0.951056 -0.206005 
vn 0.666649 2.12205e-006 0.745372 
vn 0.230335 0.951056 -0.206007 
vn 0.666649 -2.6911e-006 0.745372 
vn 0.66664 2.05897e-006 0.74538 
vn -0.338401 -0.891 0.30266 
vn 0.666643 -8.92169e-008 0.745377 
vn -0.338392 0.891007 0.302651 
vn 0.736197 -0.156436 -0.658439 
vn -0.66664 -2.66956e-006 -0.74538 
vn 0.736197 0.156431 -0.65844 
vn -0.66664 -5.66959e-007 -0.74538 
vn 0.745374 -1.46483e-006 -0.666647 
vn -0.66664 1.564e-006 -0.74538 
vn 0.666642 -4.23983e-006 0.745378 
vn -0.230336 -0.951055 0.20601 
vn 0.666641 4.59924e-006 0.745379 
vn -0.230332 0.951057 0.206005 
vn 0.230332 -0.951057 -0.206004 
vn 0.666649 2.12205e-006 0.745372 
vn 0.230334 0.951056 -0.206006 
vn 0.666649 -2.6911e-006 0.745372 
vn 0.666641 -2.27195e-006 0.745379 
vn -0.116599 -0.987689 0.104284 
vn 0.666639 8.40479e-007 0.745381 
vn -0.1166 0.987689 0.104285 
vn -1.00894e-007 -1 -1.38262e-007 
vn 0.666645 -1.41883e-006 0.745375 
vn 0.666645 -1.41883e-006 0.745375 
vn 6.59547e-007 -1 -4.6897e-007 
vn 0.666646 2.94798e-006 0.745374 
vn 1.44241e-006 1 -1.08928e-006 
vn -6.42731e-007 1 5.79206e-007 
vn 0.666646 2.94798e-006 0.745374 
vn 0.338395 -0.891006 -0.302652 
vn 0.666643 1.80102e-006 0.745378 
vn 0.338393 0.891006 -0.302651 
vn 0.666644 -1.31654e-006 0.745376 
vn -0.745374 1.9424e-005 0.666647 
vn 0.666651 -7.51561e-006 0.74537 
vn -0.736199 -0.156434 0.658437 
vn 0.666646 8.12497e-006 0.745374 
vn -0.736194 0.156462 0.658436 
vn 0.666647 -7.51561e-006 0.745374 
vn -0.708887 -0.309048 0.63401 
vn 0.666645 2.10909e-005 0.745375 
vn -0.708886 0.309048 0.634011 
vn 0.66665 8.12462e-006 0.745371 
vn 0.666644 -2.48526e-007 0.745377 
vn 0.116602 -0.987689 -0.104285 
vn 0.666645 2.53105e-006 0.745375 
vn 0.116602 0.987689 -0.104286 
vn -0.664123 -0.454016 0.593978 
vn 0.666652 2.81068e-005 0.745369 
vn -0.664127 0.454008 0.59398 
vn 0.666653 2.10909e-005 0.745368 
vn 0.632436 0.316227 0.707124 
vn -0.745375 4.49396e-007 0.666645 
vn 0 -1 -2.51654e-007 
vn 0.632437 0.316227 0.707124 
vn -0.745375 4.49395e-007 0.666645 
vn 0 -1 1.08392e-006 
vn 0.632436 0.316227 0.707124 
vn -0.745374 4.49396e-007 0.666647 
vn 0 -1 -7.59392e-007 
vn 0.632436 0.316227 0.707124 
vn -0.745375 4.49396e-007 0.666646 
vn 0 -1 1.22743e-006 
vn 0.632437 0.316225 0.707125 
vn -0.745374 4.49393e-007 0.666647 
vn 0 -1 9.73519e-007 
vn 0.632437 0.316227 0.707124 
vn -0.745375 4.49396e-007 0.666645 
vn 0 -1 -9.13927e-007 
vn 0.632437 0.316228 0.707124 
vn -0.745374 1.51883e-006 0.666647 
vn 0 -1 -7.37327e-007 
vn 0.632437 0.316227 0.707124 
vn -0.745375 4.49395e-007 0.666645 
vn 0 -1 -9.13927e-007 
vn 0.632436 0.316228 0.707124 
vn -0.745374 1.51883e-006 0.666646 
vn 0 -1 1.23846e-006 
vn 0.632437 0.316228 0.707124 
vn -0.745374 1.51884e-006 0.666647 
vn 0 -1 1.23846e-006 
vn -0.603018 -0.58779 0.539326 
vn 0.666651 2.68298e-005 0.74537 
vn -0.603019 0.587788 0.539327 
vn 0.666651 2.81071e-005 0.74537 
vn 0.666646 -7.54259e-008 0.745375 
vn 0.230339 -0.951055 -0.206008 
vn 0.666647 3.56168e-006 0.745374 
vn 0.230332 0.951057 -0.206002 
vn -0.52706 -0.707107 0.471389 
vn 0.666649 2.42468e-005 0.745371 
vn -0.527052 0.707116 0.471385 
vn 0.666657 2.68295e-005 0.745364 
vn 0.66665 2.28446e-007 0.745371 
vn 0.338398 -0.891004 -0.302653 
vn 0.666647 2.46472e-006 0.745374 
vn 0.338391 0.891009 -0.302646 
vn 0.338392 -0.891007 -0.30265 
vn 0.666643 1.80102e-006 0.745378 
vn 0.338393 0.891006 -0.302652 
vn 0.666644 -1.31654e-006 0.745376 
vn -0.438127 -0.80901 0.391851 
vn 0.666658 2.65783e-005 0.745364 
vn -0.438115 0.809022 0.391841 
vn 0.66666 2.42466e-005 0.745362 
vn 0.438122 -0.809015 -0.391847 
vn 0.666638 1.94339e-006 0.745382 
vn 0.438118 0.809019 -0.391843 
vn 0.666643 -1.49332e-006 0.745378 
vn 0.666649 -2.62198e-006 0.745371 
vn 0.438122 -0.809016 -0.391844 
vn 0.666646 2.28447e-007 0.745374 
vn 0.438121 0.809017 -0.391844 
vn -0.338401 -0.891 0.30266 
vn 0.666649 3.36578e-006 0.745372 
vn -0.338392 0.891007 0.302651 
vn 0.666652 7.52759e-006 0.745369 
vn 0.116602 -0.987688 -0.104286 
vn 0.666644 -2.48526e-007 0.745377 
vn 0.116603 0.987688 -0.104287 
vn 0.666645 2.53105e-006 0.745375 
vn 0.666649 2.55068e-006 0.745372 
vn 0.527059 -0.707106 -0.471391 
vn 0.666651 -2.62198e-006 0.74537 
vn 0.527053 0.707114 -0.471386 
vn -0.230336 -0.951055 0.20601 
vn 0.666633 -1.88201e-005 0.745387 
vn -0.230332 0.951057 0.206005 
vn 0.666635 -1.56849e-005 0.745384 
vn 0.666651 1.04442e-005 0.74537 
vn 0.603015 -0.587792 -0.539328 
vn 0.666654 -7.60983e-006 0.745367 
vn 0.60301 0.587801 -0.539323 
vn 0.666651 7.30637e-006 0.74537 
vn 0.664126 -0.454007 -0.593982 
vn 0.666649 -9.87682e-006 0.745372 
vn 0.664132 0.45399 -0.593989 
vn -0.116599 -0.987689 0.104284 
vn 0.666655 -9.6707e-006 0.745367 
vn -0.1166 0.987689 0.104285 
vn 0.666636 -9.29464e-006 0.745384 
vn 0.666649 -2.43413e-006 0.745372 
vn 0.708891 -0.309032 -0.634014 
vn 0.666648 -2.85414e-006 0.745372 
vn 0.708891 0.309023 -0.634017 
vn 0.666649 -3.90969e-006 0.745372 
vn 0.736202 -0.156423 -0.658437 
vn 0.66665 1.57995e-006 0.745371 
vn 0.736197 0.156451 -0.658435 
vn 0.666649 1.04378e-007 0.745372 
vn 0.745377 2.00779e-005 -0.666643 
vn 0.527058 -0.707107 -0.47139 
vn 0.666641 1.70211e-006 0.745379 
vn 0.527058 0.707108 -0.47139 
vn 0.666644 -7.31256e-006 0.745376 
vn 6.59547e-007 -1 -4.6897e-007 
vn 0.666668 -1.94031e-006 0.745355 
vn 0.666651 -7.51561e-006 0.74537 
vn 0.666646 8.12497e-006 0.745374 
vn 0.666647 -7.51561e-006 0.745374 
vn 0.666645 2.10909e-005 0.745375 
vn 0.66665 8.12462e-006 0.745371 
vn 0.666652 2.81068e-005 0.745369 
vn 0.666653 2.10909e-005 0.745368 
vn 0.666651 2.68298e-005 0.74537 
vn 0.666649 2.42468e-005 0.745371 
vn 0.666658 2.65783e-005 0.745364 
vn 0.666649 3.36578e-006 0.745372 
vn 0.666633 -1.88201e-005 0.745387 
vn 0.666655 -9.6707e-006 0.745367 
vn 0.666668 -1.94031e-006 0.745355 
vn 0.666659 2.68943e-006 0.745363 
vn 0.666657 3.19868e-006 0.745365 
vn 0.666665 1.41202e-005 0.745358 
vn 0.666649 3.98215e-005 0.745372 
vn 0.666622 -6.59925e-006 0.745396 
vn 0.666634 -3.78211e-005 0.745386 
vn 0.666657 -1.5791e-005 0.745365 
vn 0.666656 -3.7149e-005 0.745365 
vn 0.666644 1.33332e-005 0.745376 
vn 0.666647 1.33334e-005 0.745373 
vn 0.666648 9.5316e-007 0.745373 
vn 0.666654 2.23111e-005 0.745367 
vn 0.666645 2.8049e-007 0.745376 
vn 0.666613 3.15017e-005 0.745404 
vn 0.666606 1.71833e-006 0.745411 
vn 0.666644 -4.93192e-006 0.745376 
vn 0.666655 2.22491e-005 0.745367 
vn 0.666647 2.68922e-006 0.745374 
vn 0.666656 -3.73542e-006 0.745365 
vn 0.666649 -1.94033e-006 0.745372 
vn 0.666636 -9.29464e-006 0.745384 
vn 0.666635 -1.56849e-005 0.745384 
vn 0.666652 7.52759e-006 0.745369 
vn 0.66666 2.42466e-005 0.745362 
vn 0.666657 2.68295e-005 0.745364 
vn 0.666651 2.81071e-005 0.74537 
vn 1.44241e-006 1 -1.08928e-006 
vn 0.666649 -1.94033e-006 0.745372 
vn 0.389459 -0.852639 -0.348323 
vn 0.738936 -0.131155 -0.660887 
vn 0.666638 1.94339e-006 0.745382 
vn 0.738936 0.131156 -0.660887 
vn 0.389457 0.85264 -0.348322 
vn 0.666643 -1.49332e-006 0.745378 
vn 0.116602 -0.987689 -0.104285 
vn 0.666659 2.68943e-006 0.745363 
vn 0.116602 0.987689 -0.104286 
vn 0.666656 -3.73542e-006 0.745365 
vn 0.230334 -0.951056 -0.206005 
vn 0.666646 -7.54259e-008 0.745375 
vn 0.230335 0.951056 -0.206007 
vn 0.666647 3.56168e-006 0.745374 
vn 0.230339 -0.951055 -0.206008 
vn 0.666657 3.19868e-006 0.745365 
vn 0.230332 0.951057 -0.206002 
vn 0.666647 2.68922e-006 0.745374 
vn 0.603018 -0.587788 -0.539328 
vn 0.66664 3.37541e-006 0.74538 
vn 0.603022 0.587781 -0.539331 
vn 0.666643 -7.59864e-006 0.745377 
vn 0.338398 -0.891004 -0.302653 
vn 0.666665 1.41202e-005 0.745358 
vn 0.338391 0.891009 -0.302646 
vn 0.666655 2.22491e-005 0.745367 
vn 0.438122 -0.809016 -0.391844 
vn 0.666649 3.98215e-005 0.745372 
vn 0.438121 0.809017 -0.391844 
vn 0.666644 -4.93192e-006 0.745376 
vn 0.680838 -0.407025 -0.608925 
vn 0.666641 1.70211e-006 0.745379 
vn 0.680837 0.407026 -0.608925 
vn 0.666644 -7.31256e-006 0.745376 
vn 0.664131 -0.453994 -0.593986 
vn 0.666642 5.102e-006 0.745378 
vn 0.664134 0.453987 -0.593989 
vn 0.666641 -1.05714e-006 0.745379 
vn 0.527059 -0.707106 -0.471391 
vn 0.666622 -6.59925e-006 0.745396 
vn 0.527053 0.707114 -0.471386 
vn 0.666606 1.71833e-006 0.745411 
vn 0.338395 -0.891006 -0.302652 
vn 0.66665 2.28446e-007 0.745371 
vn 0.338393 0.891006 -0.302651 
vn 0.666647 2.46472e-006 0.745374 
vn 0.603015 -0.587792 -0.539328 
vn 0.666634 -3.78211e-005 0.745386 
vn 0.60301 0.587801 -0.539323 
vn 0.666613 3.15017e-005 0.745404 
vn 0.664126 -0.454007 -0.593982 
vn 0.666657 -1.5791e-005 0.745365 
vn 0.664132 0.45399 -0.593989 
vn 0.666645 2.8049e-007 0.745376 
vn 0.708891 -0.309022 -0.634018 
vn 0.666641 3.17639e-006 0.745379 
vn 0.708893 0.309016 -0.634019 
vn 0.66664 1.48765e-006 0.74538 
vn 0.708891 -0.309032 -0.634014 
vn 0.666656 -3.7149e-005 0.745365 
vn 0.708891 0.309023 -0.634017 
vn 0.666654 2.23111e-005 0.745367 
vn 0.736202 -0.156423 -0.658437 
vn 0.666644 1.33332e-005 0.745376 
vn 0.736197 0.156451 -0.658435 
vn 0.666648 9.5316e-007 0.745373 
vn 0.745377 2.00779e-005 -0.666643 
vn 0.666647 1.33334e-005 0.745373 
vn 0.736197 -0.156432 -0.65844 
vn 0.666642 1.48765e-006 0.745378 
vn 0.736198 0.156432 -0.658439 
vn 0.666646 3.38349e-006 0.745375 
vn 0.745373 3.85265e-006 -0.666647 
vn 0.666647 3.38349e-006 0.745373 
vn 0.603023 -0.587782 -0.539329 
vn 0.66664 3.37541e-006 0.74538 
vn 0.603019 0.587788 -0.539327 
vn 0.666643 -7.59864e-006 0.745377 
vn 0.438122 -0.809015 -0.391847 
vn 0.666649 -2.62198e-006 0.745371 
vn 0.438118 0.809019 -0.391843 
vn 0.666646 2.28447e-007 0.745374 
vn 0.664133 -0.453992 -0.593986 
vn 0.666642 5.102e-006 0.745378 
vn 0.664132 0.453994 -0.593985 
vn 0.666641 -1.05714e-006 0.745379 
vn 0.527058 -0.707107 -0.47139 
vn 0.666649 2.55068e-006 0.745372 
vn 0.527058 0.707108 -0.47139 
vn 0.666651 -2.62198e-006 0.74537 
vn 0.708891 -0.309021 -0.634018 
vn 0.666641 3.17639e-006 0.745379 
vn 0.708893 0.309014 -0.634019 
vn 0.66664 1.48765e-006 0.74538 
vn 0.736197 -0.156436 -0.658439 
vn 0.666642 1.48765e-006 0.745378 
vn 0.736197 0.156431 -0.65844 
vn 0.666646 3.38349e-006 0.745375 
vn 0.745374 -1.46483e-006 -0.666647 
vn 0.666647 3.38349e-006 0.745373 
vn 0.603018 -0.587788 -0.539328 
vn 0.666651 1.04442e-005 0.74537 
vn 0.603022 0.587781 -0.539331 
vn 0.666654 -7.60983e-006 0.745367 
vn 0.664131 -0.453994 -0.593986 
vn 0.666651 7.30637e-006 0.74537 
vn 0.664134 0.453987 -0.593989 
vn 0.666649 -9.87682e-006 0.745372 
vn 0.708891 -0.309022 -0.634018 
vn 0.666649 -2.43413e-006 0.745372 
vn 0.708893 0.309016 -0.634019 
vn 0.666648 -2.85414e-006 0.745372 
vn 0.736197 -0.156432 -0.65844 
vn 0.666649 -3.90969e-006 0.745372 
vn 0.736198 0.156432 -0.658439 
vn 0.66665 1.57995e-006 0.745371 
vn 0.745373 3.85265e-006 -0.666647 
vn 0.666649 1.04378e-007 0.745372 
vn 0.666646 -2.12586e-007 0.745374 
vn -0.745376 2.73859e-007 0.666645 
vn -2.54306e-005 -1 -2.72857e-005 
vn 0.666647 -7.48752e-008 0.745374 
vn -0.745376 2.73859e-007 0.666645 
vn 2.54305e-005 1 2.96699e-005 
vn 0.666647 1.43306e-007 0.745374 
vn -0.745376 2.73859e-007 0.666645 
vn -2.54306e-005 -1 -2.72857e-005 
vn 0.666647 1.43306e-007 0.745374 
vn -0.745376 2.73859e-007 0.666645 
vn 2.54305e-005 1 2.96699e-005 
vn 0.666646 -2.36837e-007 0.745374 
vn -2.54306e-005 -1 -2.72857e-005 
vn 0.745374 8.61245e-008 -0.666647 
vn 0.666647 -9.91263e-008 0.745374 
vn 2.54305e-005 1 2.96699e-005 
vn 0.745374 8.61245e-008 -0.666647 
vn 0.666647 1.43306e-007 0.745374 
vn -2.54306e-005 -1 -2.72857e-005 
vn 0.745374 8.61245e-008 -0.666647 
vn 0.666647 1.43306e-007 0.745374 
vn 2.54305e-005 1 2.96699e-005 
vn 0.745374 8.61245e-008 -0.666647 
vn -0.646743 0.242531 -0.72312 
vn 0 -1 3.53063e-008 
vn 0.745374 8.10288e-007 -0.666647 
vn -0.646742 0.242532 -0.723121 
vn 0 -1 1.40402e-006 
vn 0.745372 -5.07645e-007 -0.666648 
vn -0.646743 0.242533 -0.72312 
vn 0 -1 -1.46586e-006 
vn 0.745376 8.10289e-007 -0.666645 
vn -0.646743 0.242533 -0.723119 
vn -2.11923e-006 -1 -1.11264e-006 
vn 0.745375 1.87655e-006 -0.666646 
vn -0.646743 0.242532 -0.72312 
vn -4.23846e-006 -1 -4.62271e-006 
vn 0.745376 -5.53196e-007 -0.666644 
vn -0.646742 0.24254 -0.723118 
vn 0.745374 2.76818e-006 -0.666647 
vn 0 -1 -3.17903e-007 
vn -0.646742 0.242532 -0.72312 
vn 0.745374 8.10289e-007 -0.666646 
vn 2.11923e-006 -1 2.81687e-006 
vn -0.646742 0.242532 -0.72312 
vn 0.745375 -1.57391e-006 -0.666645 
vn 0 -1 2.06629e-006 
vn -0.646742 0.24253 -0.723121 
vn 0.745375 -1.57391e-006 -0.666646 
vn 0 -1 2.0663e-006 
vn -0.646743 0.242533 -0.723119 
vn 0.745374 3.83991e-007 -0.666647 
vn 3.94914e-007 -1 -4.94504e-007 
vn -0.646743 0.242531 -0.72312 
vn 0 1 -1.07289e-006 
vn 0.745374 8.10288e-007 -0.666647 
vn -0.646742 0.242532 -0.723121 
vn -3.17881e-006 1 -4.13038e-006 
vn 0.745372 -5.07645e-007 -0.666648 
vn -0.646743 0.242533 -0.72312 
vn 0 1 6.49016e-007 
vn 0.745376 8.10289e-007 -0.666645 
vn -0.646743 0.242533 -0.723119 
vn 0 1 -1.78826e-007 
vn 0.745375 1.87655e-006 -0.666646 
vn -0.646743 0.242532 -0.72312 
vn 3.17882e-006 1 4.20322e-006 
vn 0.745376 -5.53196e-007 -0.666644 
vn -0.646742 0.24254 -0.723118 
vn 0.745374 2.76818e-006 -0.666647 
vn 0 1 1.5762e-006 
vn -0.646742 0.242532 -0.72312 
vn 0.745374 8.10289e-007 -0.666646 
vn -3.17882e-006 1 -2.73962e-006 
vn -0.646742 0.242532 -0.72312 
vn 0.745375 -1.57391e-006 -0.666645 
vn -3.17882e-006 1 -4.06417e-006 
vn -0.646742 0.24253 -0.723121 
vn 0.745375 -1.57391e-006 -0.666646 
vn -3.17883e-006 1 -5.38874e-006 
vn -0.646743 0.242533 -0.723119 
vn 0.745374 3.83991e-007 -0.666647 
vn 0 1 1.99563e-006 
vn -0.666646 -8.18062e-007 -0.745374 
vn 0 -1 3.53063e-008 
vn 0.745374 8.10288e-007 -0.666647 
vn -0.666646 -8.03091e-007 -0.745374 
vn 0 1 -1.07289e-006 
vn 0.745374 8.10288e-007 -0.666647 
vn -0.666646 -6.53406e-007 -0.745374 
vn 0 -1 1.40402e-006 
vn 0.745372 -5.07645e-007 -0.666648 
vn -0.666647 -1.33782e-006 -0.745374 
vn -3.17881e-006 1 -4.13038e-006 
vn 0.745372 -5.07645e-007 -0.666648 
vn -0.666646 -9.28268e-007 -0.745374 
vn 0 -1 -1.46586e-006 
vn 0.745376 8.10289e-007 -0.666645 
vn -0.666646 -6.08843e-007 -0.745375 
vn 0 1 6.49016e-007 
vn 0.745376 8.10289e-007 -0.666645 
vn -0.666646 7.15258e-007 -0.745375 
vn -2.11923e-006 -1 -1.11264e-006 
vn 0.745375 1.87655e-006 -0.666646 
vn -0.666646 -2.95332e-008 -0.745375 
vn 0 1 -1.78826e-007 
vn 0.745375 1.87655e-006 -0.666646 
vn -0.666645 -9.95582e-007 -0.745375 
vn -4.23846e-006 -1 -4.62271e-006 
vn 0.745376 -5.53196e-007 -0.666644 
vn -0.666645 -6.76152e-007 -0.745375 
vn 3.17882e-006 1 4.20322e-006 
vn 0.745376 -5.53196e-007 -0.666644 
vn -0.666645 -7.34022e-007 -0.745375 
vn 0.745374 2.76818e-006 -0.666647 
vn 0 -1 -3.17903e-007 
vn -0.666645 -7.19047e-007 -0.745375 
vn 0.745374 2.76818e-006 -0.666647 
vn 0 1 1.5762e-006 
vn -0.666645 -1.30002e-006 -0.745375 
vn 0.745374 8.10289e-007 -0.666646 
vn 2.11923e-006 -1 2.81687e-006 
vn -0.666645 -3.71704e-007 -0.745375 
vn 0.745374 8.10289e-007 -0.666646 
vn -3.17882e-006 1 -2.73962e-006 
vn -0.666646 -9.28268e-007 -0.745374 
vn 0.745375 -1.57391e-006 -0.666645 
vn 0 -1 2.06629e-006 
vn -0.666646 -6.08846e-007 -0.745374 
vn 0.745375 -1.57391e-006 -0.666645 
vn -3.17882e-006 1 -4.06417e-006 
vn -0.666647 -8.18062e-007 -0.745374 
vn 0.745375 -1.57391e-006 -0.666646 
vn 0 -1 2.0663e-006 
vn -0.666646 -8.03092e-007 -0.745374 
vn 0.745375 -1.57391e-006 -0.666646 
vn -3.17883e-006 1 -5.38874e-006 
vn -0.666644 -9.28265e-007 -0.745376 
vn 0.745374 3.83991e-007 -0.666647 
vn 3.94914e-007 -1 -4.94504e-007 
vn -0.666645 -6.08842e-007 -0.745376 
vn 0.745374 3.83991e-007 -0.666647 
vn 0 1 1.99563e-006 
vn 0 -1 -1.17004e-006 
vn -0.666646 -2.94623e-007 -0.745374 
vn -0.666646 -1.1282e-007 -0.745374 
vn -0.666646 -6.43582e-007 -0.745374 
vn -0.666646 -7.28248e-007 -0.745374 
vn -0.666646 -8.41027e-007 -0.745374 
vn -0.666646 -3.30169e-008 -0.745375 
vn -0.666645 -5.12558e-007 -0.745375 
vn -0.666646 -4.42296e-007 -0.745375 
vn -0.666646 -4.80876e-007 -0.745375 
vn -0.666645 -1.00954e-006 -0.745375 
vn -0.666646 -4.70803e-007 -0.745374 
vn -0.666647 -4.63039e-007 -0.745374 
vn -0.666645 -8.65679e-007 -0.745375 
vn -0.666645 -2.74516e-007 -0.745375 
vn 0 1 0 
vn -0.666647 2.90682e-007 -0.745374 
vn -0.666646 3.94136e-007 -0.745374 
vn 0 1 0 
vn 0.666651 -6.68815e-006 0.74537 
vn 0 -1 -2.51654e-007 
vn 0.745374 -1.99566e-007 -0.666647 
vn 0.666651 6.67693e-006 0.74537 
vn 0 1 -3.7661e-006 
vn 0.745374 -1.99566e-007 -0.666647 
vn 0.666652 -6.6882e-006 0.745369 
vn 0 -1 1.08392e-006 
vn 0.745374 -1.99565e-007 -0.666647 
vn 0.666652 6.67694e-006 0.745369 
vn 0 1 2.07523e-007 
vn 0.745374 -1.99565e-007 -0.666647 
vn 0.666651 -6.68811e-006 0.74537 
vn 0 -1 -7.59392e-007 
vn 0.745374 -1.99566e-007 -0.666647 
vn 0.666652 6.67698e-006 0.745369 
vn 3.1788e-006 1 5.08624e-006 
vn 0.745374 -1.99566e-007 -0.666647 
vn 0.666652 -6.68811e-006 0.745369 
vn 0 -1 1.22743e-006 
vn 0.745374 -1.99566e-007 -0.666647 
vn 0.666652 6.677e-006 0.745369 
vn 6.3576e-006 1 7.15032e-006 
vn 0.745374 -1.99566e-007 -0.666647 
vn 0.666651 -6.68833e-006 0.74537 
vn 0 -1 9.73519e-007 
vn 0.745374 1.12497e-006 -0.666646 
vn 0.666651 6.67675e-006 0.74537 
vn -1.90728e-005 1 -2.17798e-005 
vn 0.745374 1.12497e-006 -0.666646 
vn 0.666651 -6.68814e-006 0.74537 
vn 0 -1 -9.13927e-007 
vn 0.745374 -1.99566e-007 -0.666647 
vn 0.666651 6.67693e-006 0.74537 
vn 0 1 2.07523e-007 
vn 0.745374 -1.99566e-007 -0.666647 
vn 0.666652 -8.15254e-006 0.745369 
vn 0 -1 -7.37327e-007 
vn 0.745374 3.81279e-007 -0.666647 
vn 0.666652 7.46438e-006 0.745369 
vn 0 1 5.38661e-007 
vn 0.745374 3.81279e-007 -0.666647 
vn 0.666648 -7.22179e-006 0.745373 
vn 0 -1 -9.13927e-007 
vn 0.745374 -1.99566e-007 -0.666647 
vn 0.666648 -1.38572e-006 0.745373 
vn -3.1788e-006 1 -3.18109e-006 
vn 0.745374 -1.99566e-007 -0.666647 
vn 0.66665 -2.38809e-006 0.745371 
vn 0 -1 1.23846e-006 
vn 0.745374 3.8128e-007 -0.666647 
vn 0.66665 8.20941e-006 0.745371 
vn -3.17882e-006 1 -5.49907e-006 
vn 0.745374 3.8128e-007 -0.666647 
vn 0.66665 -8.68617e-006 0.745371 
vn 0 -1 1.23846e-006 
vn 0.745374 3.8128e-007 -0.666647 
vn 0.66665 -5.98278e-007 0.745371 
vn 0 1 5.38661e-007 
vn 0.745374 3.8128e-007 -0.666647 
vn 0.632436 0.316227 0.707124 
vn 0 1 -3.7661e-006 
vn 0.745374 -1.99566e-007 -0.666647 
vn 0.632437 0.316227 0.707124 
vn 0 1 2.07523e-007 
vn 0.745374 -1.99565e-007 -0.666647 
vn 0.632436 0.316227 0.707124 
vn 3.1788e-006 1 5.08624e-006 
vn 0.745374 -1.99566e-007 -0.666647 
vn 0.632436 0.316227 0.707124 
vn 6.3576e-006 1 7.15032e-006 
vn 0.745374 -1.99566e-007 -0.666647 
vn 0.632437 0.316225 0.707125 
vn -1.90728e-005 1 -2.17798e-005 
vn 0.745374 1.12497e-006 -0.666646 
vn 0.632437 0.316227 0.707124 
vn 0 1 2.07523e-007 
vn 0.745374 -1.99566e-007 -0.666647 
vn 0.632437 0.316228 0.707124 
vn 0 1 5.38661e-007 
vn 0.745374 3.81279e-007 -0.666647 
vn 0.632437 0.316227 0.707124 
vn -3.1788e-006 1 -3.18109e-006 
vn 0.745374 -1.99566e-007 -0.666647 
vn 0.632436 0.316228 0.707124 
vn -3.17882e-006 1 -5.49907e-006 
vn 0.745374 3.8128e-007 -0.666647 
vn 0.632437 0.316228 0.707124 
vn 0 1 5.38661e-007 
vn 0.745374 3.8128e-007 -0.666647 
vn 0.666647 3.44043e-007 0.745374 
vn 0 -1 -1.17004e-006 
vn 0.666647 -3.87353e-009 0.745374 
vn 0.66665 -4.34408e-006 0.745371 
vn 0.666652 -5.63205e-009 0.745369 
vn 0.666651 -5.58225e-009 0.74537 
vn 0.666652 -5.56634e-009 0.745369 
vn 0.666651 -5.66547e-009 0.74537 
vn 0.66665 4.45407e-006 0.745371 
vn 0.666649 -4.45586e-006 0.745371 
vn 0.666651 -7.37808e-007 0.74537 
vn 0.66665 1.21294e-007 0.745371 
vn 0.666649 -1.88691e-006 0.745372 
vn 0.66665 -2.38379e-007 0.745371 
vn 0.666649 -3.72696e-007 0.745372 
vn 0.666646 -1.31735e-007 0.745374 
vn 0.666647 -9.91263e-008 0.745374 
vn 0 1 0 
vn 0 1 0 
vn 0.666647 -3.87353e-009 0.745374 
vn 0.632436 0.316227 0.707124 
vn 0 -1 -2.51654e-007 
vn 0.745374 -1.99566e-007 -0.666647 
vn 0.632437 0.316227 0.707124 
vn 0 -1 1.08392e-006 
vn 0.745374 -1.99565e-007 -0.666647 
vn 0.632436 0.316227 0.707124 
vn 0 -1 -7.59392e-007 
vn 0.745374 -1.99566e-007 -0.666647 
vn 0.632436 0.316227 0.707124 
vn 0 -1 1.22743e-006 
vn 0.745374 -1.99566e-007 -0.666647 
vn 0.632437 0.316225 0.707125 
vn 0 -1 9.73519e-007 
vn 0.745374 1.12497e-006 -0.666646 
vn 0.632437 0.316227 0.707124 
vn 0 -1 -9.13927e-007 
vn 0.745374 -1.99566e-007 -0.666647 
vn 0.632437 0.316228 0.707124 
vn 0 -1 -7.37327e-007 
vn 0.745374 3.81279e-007 -0.666647 
vn 0.632437 0.316227 0.707124 
vn 0 -1 -9.13927e-007 
vn 0.745374 -1.99566e-007 -0.666647 
vn 0.632436 0.316228 0.707124 
vn 0 -1 1.23846e-006 
vn 0.745374 3.8128e-007 -0.666647 
vn 0.632437 0.316228 0.707124 
vn 0 -1 1.23846e-006 
vn 0.745374 3.8128e-007 -0.666647 
vn 0 1 4.54453e-008 
vn -1.69447e-008 -1.76606e-008 1 
vn -1 1.68579e-008 0 
vn 0 0 1 
vn 0 1 4.54453e-008 
vn -1 1.68579e-008 0 
vn -1.69447e-008 -1.76606e-008 1 
vn -1 1.68579e-008 0 
vn 1 1.20962e-007 0 
vn 0 -1 -2.27426e-009 
vn -6.44388e-009 0 1 
vn 1 1.20962e-007 0 
vn 0 -1 -2.27426e-009 
vn -1.12492e-008 4.04099e-008 1 
vn -1 1.68579e-008 0 
vn 0 1 -1.13713e-008 
vn 1 1.20962e-007 0 
vn -6.44388e-009 0 1 
vn 0 1 -1.13713e-008 
vn 1 1.20962e-007 0 
vn 0 -1 4.74803e-009 
vn -1.12492e-008 4.04099e-008 1 
vn -1 1.68579e-008 0 
vn 0 0 1 
vn 0 -1 4.74803e-009 
vn -1 1.68579e-008 0 
vn 0 -1 -1.17004e-006 
vn -0.666646 -1.1282e-007 -0.745374 
vn 0.745376 3.84453e-008 -0.666645 
vn -0.666646 -2.56987e-007 -0.745374 
vn 0.745376 3.84453e-008 -0.666645 
vn 0 -1 1.22151e-006 
vn -0.666646 3.09599e-006 -0.745374 
vn -0.666647 -2.05466e-007 -0.745374 
vn 0.745376 1.39801e-008 -0.666645 
vn -0.666646 3.09599e-006 -0.745374 
vn 0 1 1.35388e-006 
vn -0.666647 7.12284e-008 -0.745374 
vn 0.745376 1.39801e-008 -0.666645 
vn 0 -1 1.2215e-006 
vn -0.666647 1.71381e-007 -0.745374 
vn 0.745376 4.4415e-008 -0.666644 
vn 2.71156e-006 1 4.33407e-006 
vn 0 1 0 
vn -0.666647 2.90682e-007 -0.745374 
vn 0.745376 4.4415e-008 -0.666644 
vn 2.38419e-008 0 -1 
vn 1.19209e-007 -1 0 
vn 1 0 0 
vn 1.19209e-007 -1 0 
vn 1 0 0 
vn 0 0 1 
vn 1.19209e-007 -1 0 
vn 1 0 0 
vn 1 0 0 
vn 0 -1 -1.58946e-006 
vn 0 0 -1 
vn 1 0 0 
vn 0 0 1 
vn 0 -1 -1.58946e-006 
vn 1 0 0 
vn 0 0 -1 
vn 0 1 1.27157e-006 
vn 0 0 1 
vn 1 0 0 
vn 0 1 1.27157e-006 
vn 1 0 0 
vn 0 0 -1 
vn 0 -1 -2.22525e-006 
vn 0 0 1 
vn 1 0 0 
vn 0 -1 -2.22525e-006 
vn 1 0 0 
vn 0 1 2.54314e-006 
vn 0 0 -1 
vn 1 0 0 
vn 0 0 1 
vn 0 1 2.54314e-006 
vn 2.38419e-008 0 -1 
vn -1.19209e-007 1 0 
vn 1 0 0 
vn -1.19209e-007 1 0 
vn 1 0 0 
vn 0 0 1 
vn -1.19209e-007 1 0 
vn 1 0 0 
vn 0 -1 -1.17004e-006 
vn 0.745376 3.84453e-008 -0.666645 
vn 0.666647 -3.87353e-009 0.745374 
vn 0.745376 3.84453e-008 -0.666645 
vn 0.820064 6.59896e-008 0.572272 
vn 0 -1 1.22151e-006 
vn 0.745376 1.39801e-008 -0.666645 
vn 0.820064 6.59896e-008 0.572272 
vn 0 1 1.35388e-006 
vn 0.745376 1.39801e-008 -0.666645 
vn 0.820064 3.17072e-008 0.572272 
vn 0 -1 1.2215e-006 
vn 0.745376 4.4415e-008 -0.666644 
vn 0.820064 3.17072e-008 0.572272 
vn 2.71156e-006 1 4.33407e-006 
vn 0 1 0 
vn 0.745376 4.4415e-008 -0.666644 
vn 0.666647 -3.87353e-009 0.745374 
vn 0.980581 9.35154e-007 -0.196115 
vn 0 -1 -1.58946e-006 
vn 0 0 -1 
vn 0.980581 9.35154e-007 -0.196115 
vn 0 0 -1 
vn 0 1 1.27157e-006 
vn 0.980581 9.35156e-007 -0.196115 
vn 0 0 -1 
vn 0 -1 -2.22525e-006 
vn 0.980581 9.35156e-007 -0.196115 
vn 0 1 2.54314e-006 
vn 0 0 -1 
vn 0.745373 -4.03868e-007 -0.666648 
vn 0 -1 1.22151e-006 
vn -0.666646 3.09599e-006 -0.745374 
vn 0.745373 -4.03868e-007 -0.666648 
vn -0.666646 3.09599e-006 -0.745374 
vn 0 1 1.35388e-006 
vn 0.745373 1.58432e-007 -0.666648 
vn -0.666647 4.38559e-007 -0.745374 
vn 0 -1 1.2215e-006 
vn 0.745373 1.58432e-007 -0.666648 
vn -0.666647 4.38559e-007 -0.745374 
vn 2.71156e-006 1 4.33407e-006 
vn 0.745373 -4.03868e-007 -0.666648 
vn 0 -1 1.22151e-006 
vn 0.929607 1.32322e-007 0.368552 
vn 0.745373 -4.03868e-007 -0.666648 
vn 0.929607 1.32322e-007 0.368552 
vn 0 1 1.35388e-006 
vn 0.745373 1.58432e-007 -0.666648 
vn 0 -1 1.2215e-006 
vn 0.929607 6.55916e-008 0.368552 
vn 0.745373 1.58432e-007 -0.666648 
vn 2.71156e-006 1 4.33407e-006 
vn 0.929607 6.55916e-008 0.368552 
vn 0.980581 9.35154e-007 -0.196115 
vn 0 -1 -1.58946e-006 
vn 0 0 1 
vn 0.980581 9.35154e-007 -0.196115 
vn 0 0 1 
vn 0 1 1.27157e-006 
vn 0.980581 9.35156e-007 -0.196115 
vn 0 0 1 
vn 0 -1 -2.22525e-006 
vn 0.980581 9.35156e-007 -0.196115 
vn 0 1 2.54314e-006 
vn 0 0 1 
usemtl def_surf_mat
f 1354//2969 1355//2972 1331//2919 1330//2916 
f 698//1536 714//1606 1354//2970 1330//2917 
f 719//1623 700//1541 1331//2920 1323//2893 
f 1323//2893 1331//2920 1355//2973 1329//2913 
f 1329//2913 1355//2973 716//1611 725//1643 
f 1329//2914 725//1644 724//1640 1328//2910 
f 719//1624 1323//2894 1322//2890 718//1620 
f 724//1641 722//1633 1326//2903 1328//2911 
f 723//1637 721//1630 1325//2900 1327//2907 
f 720//1626 718//1621 1322//2891 1324//2896 
f 725//1645 719//1625 718//1622 720//1627 722//1634 724//1642 
f 1323//2895 1329//2915 1328//2912 1326//2904 1324//2897 1322//2892 
f 1326//2905 722//1635 723//1638 1327//2908 
f 722//1636 720//1628 721//1631 723//1639 
f 1324//2898 1326//2906 1327//2909 1325//2901 
f 720//1629 1324//2899 1325//2902 721//1632 
f 714//1607 715//1609 716//1612 1355//2974 1354//2971 
f 1330//2918 1331//2921 700//1542 699//1539 698//1537 
f 712//1595 716//1613 715//1610 711//1592 
f 690//1506 692//1515 697//1533 696//1530 
f 699//1540 700//1543 703//1553 702//1550 
f 725//1643 716//1611 712//1596 709//1581 706//1567 703//1554 700//1541 719//1623 
f 698//1538 699//1540 702//1550 705//1564 708//1578 711//1592 715//1610 714//1608 
f 686//1488 688//1497 695//1527 694//1524 
f 706//1568 709//1582 708//1578 705//1564 
f 702//1551 703//1555 686//1489 694//1525 
f 703//1556 706//1569 688//1498 686//1490 
f 705//1565 702//1552 694//1526 695//1528 
f 706//1570 705//1566 695//1529 688//1499 
f 712//1597 711//1593 697//1534 692//1516 
f 709//1583 712//1598 692//1517 690//1507 
f 711//1594 708//1579 696//1531 697//1535 
f 708//1580 709//1584 690//1508 696//1532 
f 839//1931 756//1681 753//1676 837//1925 
f 837//1925 753//1676 1153//2551 841//1937 
f 843//1943 1156//2556 756//1681 839//1931 
f 840//1934 838//1928 842//1940 844//1946 
f 841//1938 843//1944 844//1947 842//1941 
f 843//1945 839//1932 840//1935 844//1948 
f 837//1926 841//1939 842//1942 838//1929 
f 839//1933 837//1927 838//1930 840//1936 
f 753//1676 752//1675 1150//2548 1153//2551 
f 742//1665 740//1663 1071//2457 1140//2538 
f 730//1653 728//1649 1059//2443 1061//2447 
f 795//1799 740//1663 738//1661 789//1781 
f 789//1781 738//1661 1069//2455 946//2174 
f 946//2174 1069//2455 1071//2457 952//2192 
f 952//2192 1071//2457 740//1663 795//1799 
f 796//1802 790//1784 947//2177 953//2195 
f 787//1775 738//1661 736//1659 781//1757 
f 781//1757 736//1659 1067//2453 938//2150 
f 938//2150 1067//2453 1069//2455 944//2168 
f 944//2168 1069//2455 738//1661 787//1775 
f 788//1778 782//1760 939//2153 945//2171 
f 779//1751 736//1659 734//1657 773//1733 
f 773//1733 734//1657 1065//2451 930//2126 
f 930//2126 1065//2451 1067//2453 936//2144 
f 936//2144 1067//2453 736//1659 779//1751 
f 780//1754 774//1736 931//2129 937//2147 
f 771//1727 734//1657 732//1655 765//1709 
f 765//1709 732//1655 1063//2449 922//2102 
f 922//2102 1063//2449 1065//2451 928//2120 
f 928//2120 1065//2451 734//1657 771//1727 
f 772//1730 766//1712 923//2105 929//2123 
f 763//1703 732//1655 730//1653 757//1685 
f 757//1685 730//1653 1061//2447 914//2078 
f 914//2078 1061//2447 1063//2449 920//2096 
f 920//2096 1063//2449 732//1655 763//1703 
f 764//1706 758//1688 915//2081 921//2099 
f 946//2175 952//2193 953//2196 947//2178 
f 952//2194 795//1800 796//1803 953//2197 
f 789//1782 946//2176 947//2179 790//1785 
f 795//1801 789//1783 790//1786 796//1804 
f 938//2151 944//2169 945//2172 939//2154 
f 944//2170 787//1776 788//1779 945//2173 
f 781//1758 938//2152 939//2155 782//1761 
f 787//1777 781//1759 782//1762 788//1780 
f 930//2127 936//2145 937//2148 931//2130 
f 936//2146 779//1752 780//1755 937//2149 
f 773//1734 930//2128 931//2131 774//1737 
f 779//1753 773//1735 774//1738 780//1756 
f 922//2103 928//2121 929//2124 923//2106 
f 928//2122 771//1728 772//1731 929//2125 
f 765//1710 922//2104 923//2107 766//1713 
f 771//1729 765//1711 766//1714 772//1732 
f 914//2079 920//2097 921//2100 915//2082 
f 920//2098 763//1704 764//1707 921//2101 
f 757//1686 914//2080 915//2083 758//1689 
f 763//1705 757//1687 758//1690 764//1708 
f 835//1919 752//1675 750//1673 829//1901 
f 829//1901 750//1673 1148//2546 986//2294 
f 986//2294 1148//2546 1150//2548 992//2312 
f 992//2312 1150//2548 752//1675 835//1919 
f 836//1922 830//1904 987//2297 993//2315 
f 978//2270 1146//2544 1148//2546 984//2288 
f 984//2288 1148//2546 750//1673 827//1895 
f 827//1895 750//1673 748//1671 821//1877 
f 821//1877 748//1671 1146//2544 978//2270 
f 979//2273 985//2291 828//1898 822//1880 
f 819//1871 748//1671 746//1669 813//1853 
f 813//1853 746//1669 1144//2542 970//2246 
f 970//2246 1144//2542 1146//2544 976//2264 
f 976//2264 1146//2544 748//1671 819//1871 
f 820//1874 814//1856 971//2249 977//2267 
f 962//2222 1142//2540 1144//2542 968//2240 
f 968//2240 1144//2542 746//1669 811//1847 
f 811//1847 746//1669 744//1667 805//1829 
f 805//1829 744//1667 1142//2540 962//2222 
f 963//2225 969//2243 812//1850 806//1832 
f 803//1823 744//1667 742//1665 797//1805 
f 797//1805 742//1665 1140//2538 954//2198 
f 954//2198 1140//2538 1142//2540 960//2216 
f 960//2216 1142//2540 744//1667 803//1823 
f 804//1826 798//1808 955//2201 961//2219 
f 986//2295 992//2313 993//2316 987//2298 
f 992//2314 835//1920 836//1923 993//2317 
f 829//1902 986//2296 987//2299 830//1905 
f 835//1921 829//1903 830//1906 836//1924 
f 978//2271 984//2289 985//2292 979//2274 
f 821//1878 978//2272 979//2275 822//1881 
f 984//2290 827//1896 828//1899 985//2293 
f 827//1897 821//1879 822//1882 828//1900 
f 970//2247 976//2265 977//2268 971//2250 
f 976//2266 819//1872 820//1875 977//2269 
f 813//1854 970//2248 971//2251 814//1857 
f 819//1873 813//1855 814//1858 820//1876 
f 962//2223 968//2241 969//2244 963//2226 
f 805//1830 962//2224 963//2227 806//1833 
f 968//2242 811//1848 812//1851 969//2245 
f 811//1849 805//1831 806//1834 812//1852 
f 954//2199 960//2217 961//2220 955//2202 
f 960//2218 803//1824 804//1827 961//2221 
f 797//1806 954//2200 955//2203 798//1809 
f 803//1825 797//1807 798//1810 804//1828 
f 841//1937 1153//2551 1156//2556 843//1943 
f 1353//2966 1356//2978 1156//2556 1153//2551 
f 1353//2966 1153//2551 1138//2536 1296//2825 1308//2855 1350//2960 
f 1138//2536 1086//2478 1293//2818 1296//2825 
f 1293//2818 1086//2478 1074//2460 1290//2810 
f 1074//2460 1059//2444 1332//2925 1335//2932 1302//2840 1290//2810 
f 1308//2856 1296//2826 1297//2828 1309//2858 
f 1290//2811 1302//2841 1303//2843 1291//2813 
f 1294//2820 1306//2850 1307//2852 1295//2822 
f 1318//2880 1320//2884 1321//2887 1319//2882 
f 1296//2827 1293//2819 1294//2821 1295//2823 1297//2829 
f 1305//2848 1308//2857 1309//2859 1307//2853 1306//2851 
f 1306//2850 1294//2820 1292//2815 1304//2845 
f 1317//2878 1315//2873 1314//2870 1316//2876 
f 1293//2819 1290//2812 1291//2814 1292//2816 1294//2821 
f 1302//2842 1305//2848 1306//2851 1304//2846 1303//2844 
f 1309//2858 1297//2828 1301//2838 1313//2868 
f 1297//2829 1295//2823 1300//2835 1301//2839 
f 1291//2813 1303//2843 1310//2860 1298//2830 
f 1292//2816 1291//2814 1298//2831 1299//2832 
f 1307//2853 1309//2859 1313//2869 1312//2865 
f 1303//2844 1304//2846 1311//2862 1310//2861 
f 1295//2824 1307//2854 1312//2866 1300//2836 
f 1304//2847 1292//2817 1299//2833 1311//2863 
f 1313//2868 1301//2838 1321//2888 1320//2885 
f 1301//2839 1300//2835 1319//2883 1321//2889 
f 1312//2865 1313//2869 1320//2886 1318//2881 
f 1298//2830 1310//2860 1314//2871 1315//2874 
f 1310//2861 1311//2862 1316//2877 1314//2872 
f 1299//2832 1298//2831 1315//2875 1317//2879 
f 1311//2862 1312//2865 1318//2881 1316//2877 
f 1299//2834 1300//2837 1312//2867 1311//2864 
f 1317//2879 1319//2883 1300//2835 1299//2832 
f 1316//2876 1318//2880 1319//2882 1317//2878 
f 1356//2979 1353//2967 1351//2962 1355//2975 
f 1353//2968 1350//2961 1349//2957 1352//2964 
f 1058//2440 1059//2445 728//1650 726//1646 
f 1059//2445 1058//2440 1331//2922 1332//2926 
f 726//1646 728//1650 701//1547 700//1544 
f 1155//2554 1149//2547 751//1674 755//1679 
f 1305//2849 1344//2948 1348//2955 1350//2960 1308//2855 
f 1344//2948 1305//2849 1302//2840 1335//2932 1339//2940 
f 1350//2961 1348//2956 1347//2954 1346//2953 1345//2950 1349//2957 
f 1343//2947 1341//2945 1346//2953 1347//2954 
f 1348//2956 1344//2949 1343//2947 1347//2954 
f 1344//2949 1339//2941 1338//2939 1343//2947 
f 1341//2945 1342//2946 1340//2942 1345//2950 1346//2953 
f 1339//2941 1335//2933 1333//2928 1336//2935 1337//2938 1338//2939 
f 1338//2939 1337//2938 1342//2946 1341//2945 1343//2947 
f 1337//2938 1336//2935 1340//2942 1342//2946 
f 1335//2934 1332//2927 1331//2923 1334//2930 
f 1334//2931 1331//2924 1058//2441 1072//2458 
f 1336//2936 1333//2929 1073//2459 1077//2465 
f 1340//2943 1336//2937 1078//2466 1084//2476 
f 1345//2951 1340//2944 1085//2477 1132//2528 
f 1349//2958 1345//2952 1133//2529 1136//2534 
f 1352//2965 1349//2959 1137//2535 1151//2549 
f 1355//2976 1351//2963 1152//2550 1154//2552 
f 1060//2446 1058//2442 726//1647 729//1652 
f 1139//2537 1070//2456 739//1662 741//1664 
f 716//1614 717//1617 756//1682 754//1677 
f 716//1615 754//1678 747//1670 712//1599 
f 712//1599 747//1670 745//1668 709//1585 
f 709//1585 745//1668 735//1658 706//1571 
f 706//1571 735//1658 733//1656 703//1557 
f 703//1557 733//1656 727//1648 700//1545 
f 1154//2553 1156//2557 1356//2980 1355//2977 
f 755//1680 756//1683 1156//2558 1155//2555 
f 792//1790 737//1660 739//1662 794//1796 
f 794//1796 739//1662 1070//2456 951//2189 
f 951//2189 1070//2456 1068//2454 949//2183 
f 949//2183 1068//2454 737//1660 792//1790 
f 791//1787 793//1793 950//2186 948//2180 
f 784//1766 735//1658 737//1660 786//1772 
f 786//1772 737//1660 1068//2454 943//2165 
f 943//2165 1068//2454 1066//2452 941//2159 
f 941//2159 1066//2452 735//1658 784//1766 
f 783//1763 785//1769 942//2162 940//2156 
f 776//1742 733//1656 735//1658 778//1748 
f 778//1748 735//1658 1066//2452 935//2141 
f 935//2141 1066//2452 1064//2450 933//2135 
f 933//2135 1064//2450 733//1656 776//1742 
f 775//1739 777//1745 934//2138 932//2132 
f 768//1718 731//1654 733//1656 770//1724 
f 770//1724 733//1656 1064//2450 927//2117 
f 927//2117 1064//2450 1062//2448 925//2111 
f 925//2111 1062//2448 731//1654 768//1718 
f 767//1715 769//1721 926//2114 924//2108 
f 760//1694 729//1652 731//1654 762//1700 
f 762//1700 731//1654 1062//2448 919//2093 
f 919//2093 1062//2448 1060//2446 917//2087 
f 917//2087 1060//2446 729//1652 760//1694 
f 759//1691 761//1697 918//2090 916//2084 
f 959//2213 1141//2539 1139//2537 957//2207 
f 957//2207 1139//2537 741//1664 800//1814 
f 800//1814 741//1664 743//1666 802//1820 
f 802//1820 743//1666 1141//2539 959//2213 
f 958//2210 956//2204 799//1811 801//1817 
f 967//2237 1143//2541 1141//2539 965//2231 
f 965//2231 1141//2539 743//1666 808//1838 
f 808//1838 743//1666 745//1668 810//1844 
f 810//1844 745//1668 1143//2541 967//2237 
f 966//2234 964//2228 807//1835 809//1841 
f 975//2261 1145//2543 1143//2541 973//2255 
f 973//2255 1143//2541 745//1668 816//1862 
f 816//1862 745//1668 747//1670 818//1868 
f 818//1868 747//1670 1145//2543 975//2261 
f 974//2258 972//2252 815//1859 817//1865 
f 983//2285 1147//2545 1145//2543 981//2279 
f 981//2279 1145//2543 747//1670 824//1886 
f 824//1886 747//1670 749//1672 826//1892 
f 826//1892 749//1672 1147//2545 983//2285 
f 982//2282 980//2276 823//1883 825//1889 
f 991//2309 1149//2547 1147//2545 989//2303 
f 989//2303 1147//2545 749//1672 832//1910 
f 832//1910 749//1672 751//1674 834//1916 
f 834//1916 751//1674 1149//2547 991//2309 
f 990//2306 988//2300 831//1907 833//1913 
f 832//1911 834//1917 833//1914 831//1908 
f 834//1918 991//2310 990//2307 833//1915 
f 989//2304 832//1912 831//1909 988//2301 
f 991//2311 989//2305 988//2302 990//2308 
f 800//1815 802//1821 801//1818 799//1812 
f 802//1822 959//2214 958//2211 801//1819 
f 957//2208 800//1816 799//1813 956//2205 
f 959//2215 957//2209 956//2206 958//2212 
f 808//1839 810//1845 809//1842 807//1836 
f 810//1846 967//2238 966//2235 809//1843 
f 965//2232 808//1840 807//1837 964//2229 
f 967//2239 965//2233 964//2230 966//2236 
f 816//1863 818//1869 817//1866 815//1860 
f 818//1870 975//2262 974//2259 817//1867 
f 973//2256 816//1864 815//1861 972//2253 
f 975//2263 973//2257 972//2254 974//2260 
f 824//1887 826//1893 825//1890 823//1884 
f 826//1894 983//2286 982//2283 825//1891 
f 981//2280 824//1888 823//1885 980//2277 
f 983//2287 981//2281 980//2278 982//2284 
f 951//2190 949//2184 948//2181 950//2187 
f 949//2185 792//1791 791//1788 948//2182 
f 794//1797 951//2191 950//2188 793//1794 
f 792//1792 794//1798 793//1795 791//1789 
f 935//2142 933//2136 932//2133 934//2139 
f 933//2137 776//1743 775//1740 932//2134 
f 778//1749 935//2143 934//2140 777//1746 
f 776//1744 778//1750 777//1747 775//1741 
f 919//2094 917//2088 916//2085 918//2091 
f 917//2089 760//1695 759//1692 916//2086 
f 762//1701 919//2095 918//2092 761//1698 
f 760//1696 762//1702 761//1699 759//1693 
f 943//2166 941//2160 940//2157 942//2163 
f 941//2161 784//1767 783//1764 940//2158 
f 786//1773 943//2167 942//2164 785//1770 
f 784//1768 786//1774 785//1771 783//1765 
f 927//2118 925//2112 924//2109 926//2115 
f 925//2113 768//1719 767//1716 924//2110 
f 770//1725 927//2119 926//2116 769//1722 
f 768//1720 770//1726 769//1723 767//1717 
f 716//1616 712//1600 713//1603 717//1618 
f 692//1518 690//1509 691//1512 693//1521 
f 703//1558 700//1546 701//1548 704//1561 
f 709//1586 706//1572 707//1575 710//1589 
f 688//1500 686//1491 687//1494 689//1503 
f 728//1651 756//1684 717//1619 713//1604 710//1590 707//1576 704//1562 701//1549 
f 703//1559 704//1563 687//1495 686//1492 
f 706//1573 703//1560 686//1493 688//1501 
f 704//1562 707//1576 689//1504 687//1496 
f 707//1577 706//1574 688//1502 689//1505 
f 712//1601 709//1587 690//1510 692//1519 
f 713//1605 712//1602 692//1520 693//1522 
f 709//1588 710//1591 691//1513 690//1511 
f 710//1590 713//1604 693//1523 691//1514 
f 1288//2806 1289//2808 1285//2800 1284//2798 
f 1284//2798 1285//2800 1281//2792 1280//2790 
f 1280//2790 1281//2792 1277//2784 1276//2782 
f 1276//2782 1277//2784 1273//2776 1272//2774 
f 1272//2774 1273//2776 1248//2733 1247//2731 
f 1247//2731 1248//2733 1238//2712 1237//2709 
f 1237//2710 1238//2713 1222//2683 1221//2681 
f 1221//2681 1222//2683 1212//2665 1211//2663 
f 1211//2663 1212//2665 1184//2611 1183//2609 
f 1183//2609 1184//2611 1076//2463 1075//2461 
f 1075//2461 1076//2463 1029//2384 1028//2382 
f 1028//2382 1029//2384 1001//2330 1000//2328 
f 1000//2328 1001//2330 911//2072 910//2070 
f 910//2070 911//2072 895//2041 894//2038 
f 894//2039 895//2042 885//2022 884//2020 
f 884//2020 885//2022 860//1979 859//1977 
f 859//1977 860//1979 856//1971 855//1969 
f 855//1969 856//1971 852//1963 851//1961 
f 851//1961 852//1963 848//1955 847//1953 
f 847//1953 848//1955 846//1951 845//1949 
f 845//1949 846//1951 850//1959 849//1957 
f 849//1957 850//1959 854//1967 853//1965 
f 853//1965 854//1967 858//1975 857//1973 
f 857//1973 858//1975 862//1983 861//1981 
f 861//1981 862//1983 887//2026 886//2024 
f 886//2024 887//2026 897//2047 896//2044 
f 896//2045 897//2048 913//2076 912//2074 
f 912//2074 913//2076 1003//2334 1002//2332 
f 1002//2332 1003//2334 1031//2388 1030//2386 
f 1030//2386 1031//2388 1135//2532 1134//2530 
f 1134//2530 1135//2532 1186//2615 1185//2613 
f 1185//2613 1186//2615 1214//2669 1213//2667 
f 1213//2667 1214//2669 1224//2687 1223//2685 
f 1223//2685 1224//2687 1240//2718 1239//2715 
f 1239//2716 1240//2719 1250//2737 1249//2735 
f 1249//2735 1250//2737 1275//2780 1274//2778 
f 1274//2778 1275//2780 1279//2788 1278//2786 
f 1278//2786 1279//2788 1283//2796 1282//2794 
f 1282//2794 1283//2796 1287//2804 1286//2802 
f 1286//2802 1287//2804 1289//2808 1288//2806 
f 1270//2770 1271//2772 1265//2762 1264//2760 
f 1264//2760 1265//2762 1259//2752 1258//2750 
f 1258//2750 1259//2752 1253//2742 1252//2740 
f 1252//2740 1253//2742 1243//2724 1242//2722 
f 1242//2722 1243//2724 1233//2702 1232//2700 
f 1232//2700 1233//2702 1227//2692 1226//2690 
f 1226//2690 1227//2692 1217//2674 1216//2672 
f 1216//2672 1217//2674 1207//2656 1206//2654 
f 1206//2654 1207//2656 1175//2594 1174//2592 
f 1174//2592 1175//2594 1081//2470 1080//2468 
f 1080//2468 1081//2470 1038//2401 1037//2399 
f 1037//2399 1038//2401 1006//2339 1005//2337 
f 1005//2337 1006//2339 996//2321 995//2319 
f 995//2319 996//2321 906//2063 905//2061 
f 905//2061 906//2063 900//2053 899//2051 
f 899//2051 900//2053 890//2031 889//2029 
f 889//2029 890//2031 880//2013 879//2011 
f 879//2011 880//2013 874//2003 873//2001 
f 873//2001 874//2003 868//1993 867//1991 
f 867//1991 868//1993 865//1988 864//1986 
f 864//1986 865//1988 871//1998 870//1996 
f 870//1996 871//1998 877//2008 876//2006 
f 876//2006 877//2008 883//2018 882//2016 
f 882//2016 883//2018 893//2036 892//2034 
f 892//2034 893//2036 903//2058 902//2056 
f 902//2056 903//2058 909//2068 908//2066 
f 908//2066 909//2068 999//2326 998//2324 
f 998//2324 999//2326 1009//2344 1008//2342 
f 1008//2342 1009//2344 1041//2406 1040//2404 
f 1040//2404 1041//2406 1131//2526 1130//2524 
f 1130//2524 1131//2526 1178//2599 1177//2597 
f 1177//2597 1178//2599 1210//2661 1209//2659 
f 1209//2659 1210//2661 1220//2679 1219//2677 
f 1219//2677 1220//2679 1230//2697 1229//2695 
f 1229//2695 1230//2697 1236//2707 1235//2705 
f 1235//2705 1236//2707 1246//2729 1245//2727 
f 1245//2727 1246//2729 1256//2747 1255//2745 
f 1255//2745 1256//2747 1262//2757 1261//2755 
f 1261//2755 1262//2757 1268//2767 1267//2765 
f 1267//2765 1268//2767 1271//2772 1270//2770 
f 1263//2759 1269//2769 1288//2807 1284//2799 
f 1269//2769 1266//2764 1286//2803 1288//2807 
f 1257//2749 1263//2759 1284//2799 1280//2791 
f 1251//2739 1257//2749 1280//2791 1276//2783 
f 1241//2721 1251//2739 1276//2783 1272//2775 
f 1231//2699 1241//2721 1272//2775 1247//2732 
f 1225//2689 1231//2699 1247//2732 1237//2711 
f 1215//2671 1225//2689 1237//2711 1221//2682 
f 1205//2653 1215//2671 1221//2682 1211//2664 
f 1173//2591 1205//2653 1211//2664 1183//2610 
f 1079//2467 1173//2591 1183//2610 1075//2462 
f 1036//2398 1079//2467 1075//2462 1028//2383 
f 1004//2336 1036//2398 1028//2383 1000//2329 
f 994//2318 1004//2336 1000//2329 910//2071 
f 904//2060 994//2318 910//2071 894//2040 
f 898//2050 904//2060 894//2040 884//2021 
f 888//2028 898//2050 884//2021 859//1978 
f 878//2010 888//2028 859//1978 855//1970 
f 872//2000 878//2010 855//1970 851//1962 
f 866//1990 872//2000 851//1962 847//1954 
f 863//1985 866//1990 847//1954 845//1950 
f 869//1995 863//1985 845//1950 849//1958 
f 875//2005 869//1995 849//1958 853//1966 
f 881//2015 875//2005 853//1966 857//1974 
f 891//2033 881//2015 857//1974 861//1982 
f 901//2055 891//2033 861//1982 886//2025 
f 907//2065 901//2055 886//2025 896//2046 
f 997//2323 907//2065 896//2046 912//2075 
f 1007//2341 997//2323 912//2075 1002//2333 
f 1039//2403 1007//2341 1002//2333 1030//2387 
f 1129//2523 1039//2403 1030//2387 1134//2531 
f 1176//2596 1129//2523 1134//2531 1185//2614 
f 1208//2658 1176//2596 1185//2614 1213//2668 
f 1218//2676 1208//2658 1213//2668 1223//2686 
f 1228//2694 1218//2676 1223//2686 1239//2717 
f 1234//2704 1228//2694 1239//2717 1249//2736 
f 1244//2726 1234//2704 1249//2736 1274//2779 
f 1254//2744 1244//2726 1274//2779 1278//2787 
f 1260//2754 1254//2744 1278//2787 1282//2795 
f 1266//2764 1260//2754 1282//2795 1286//2803 
f 1270//2771 1264//2761 1285//2801 1289//2809 
f 1267//2766 1270//2771 1289//2809 1287//2805 
f 1264//2761 1258//2751 1281//2793 1285//2801 
f 1258//2751 1252//2741 1277//2785 1281//2793 
f 1252//2741 1242//2723 1273//2777 1277//2785 
f 1242//2723 1232//2701 1248//2734 1273//2777 
f 1232//2701 1226//2691 1238//2714 1248//2734 
f 1226//2691 1216//2673 1222//2684 1238//2714 
f 1216//2673 1206//2655 1212//2666 1222//2684 
f 1206//2655 1174//2593 1184//2612 1212//2666 
f 1174//2593 1080//2469 1076//2464 1184//2612 
f 1080//2469 1037//2400 1029//2385 1076//2464 
f 1037//2400 1005//2338 1001//2331 1029//2385 
f 1005//2338 995//2320 911//2073 1001//2331 
f 995//2320 905//2062 895//2043 911//2073 
f 905//2062 899//2052 885//2023 895//2043 
f 899//2052 889//2030 860//1980 885//2023 
f 889//2030 879//2012 856//1972 860//1980 
f 879//2012 873//2002 852//1964 856//1972 
f 873//2002 867//1992 848//1956 852//1964 
f 867//1992 864//1987 846//1952 848//1956 
f 864//1987 870//1997 850//1960 846//1952 
f 870//1997 876//2007 854//1968 850//1960 
f 876//2007 882//2017 858//1976 854//1968 
f 882//2017 892//2035 862//1984 858//1976 
f 892//2035 902//2057 887//2027 862//1984 
f 902//2057 908//2067 897//2049 887//2027 
f 908//2067 998//2325 913//2077 897//2049 
f 998//2325 1008//2343 1003//2335 913//2077 
f 1008//2343 1040//2405 1031//2389 1003//2335 
f 1040//2405 1130//2525 1135//2533 1031//2389 
f 1130//2525 1177//2598 1186//2616 1135//2533 
f 1177//2598 1209//2660 1214//2670 1186//2616 
f 1209//2660 1219//2678 1224//2688 1214//2670 
f 1219//2678 1229//2696 1240//2720 1224//2688 
f 1229//2696 1235//2706 1250//2738 1240//2720 
f 1235//2706 1245//2728 1275//2781 1250//2738 
f 1245//2728 1255//2746 1279//2789 1275//2781 
f 1255//2746 1261//2756 1283//2797 1279//2789 
f 1261//2756 1267//2766 1287//2805 1283//2797 
f 1265//2763 1271//2773 1203//2649 1199//2641 
f 1271//2773 1268//2768 1201//2645 1203//2649 
f 1259//2753 1265//2763 1199//2641 1195//2633 
f 1253//2743 1259//2753 1195//2633 1191//2625 
f 1243//2725 1253//2743 1191//2625 1187//2617 
f 1233//2703 1243//2725 1187//2617 1179//2601 
f 1227//2693 1233//2703 1179//2601 1169//2583 
f 1217//2675 1227//2693 1169//2583 1165//2575 
f 1207//2657 1217//2675 1165//2575 1161//2567 
f 1175//2595 1207//2657 1161//2567 1157//2559 
f 1081//2471 1175//2595 1157//2559 1082//2472 
f 1038//2402 1081//2471 1082//2472 1054//2432 
f 1006//2340 1038//2402 1054//2432 1050//2424 
f 996//2322 1006//2340 1050//2424 1046//2416 
f 906//2064 996//2322 1046//2416 1042//2408 
f 900//2054 906//2064 1042//2408 1032//2390 
f 890//2032 900//2054 1032//2390 1024//2374 
f 880//2014 890//2032 1024//2374 1020//2366 
f 874//2004 880//2014 1020//2366 1016//2358 
f 868//1994 874//2004 1016//2358 1012//2350 
f 865//1989 868//1994 1012//2350 1010//2346 
f 871//1999 865//1989 1010//2346 1014//2354 
f 877//2009 871//1999 1014//2354 1018//2362 
f 883//2019 877//2009 1018//2362 1022//2370 
f 893//2037 883//2019 1022//2370 1026//2378 
f 903//2059 893//2037 1026//2378 1034//2394 
f 909//2069 903//2059 1034//2394 1044//2412 
f 999//2327 909//2069 1044//2412 1048//2420 
f 1009//2345 999//2327 1048//2420 1052//2428 
f 1041//2407 1009//2345 1052//2428 1056//2436 
f 1131//2527 1041//2407 1056//2436 1127//2519 
f 1178//2600 1131//2527 1127//2519 1159//2563 
f 1210//2662 1178//2600 1159//2563 1163//2571 
f 1220//2680 1210//2662 1163//2571 1167//2579 
f 1230//2698 1220//2680 1167//2579 1171//2587 
f 1236//2708 1230//2698 1171//2587 1181//2605 
f 1246//2730 1236//2708 1181//2605 1189//2621 
f 1256//2748 1246//2730 1189//2621 1193//2629 
f 1262//2758 1256//2748 1193//2629 1197//2637 
f 1268//2768 1262//2758 1197//2637 1201//2645 
f 1199//2642 1203//2650 1204//2651 1200//2643 
f 1203//2650 1201//2646 1202//2647 1204//2651 
f 1195//2634 1199//2642 1200//2643 1196//2635 
f 1201//2646 1197//2638 1198//2639 1202//2647 
f 1191//2626 1195//2634 1196//2635 1192//2627 
f 1187//2618 1191//2626 1192//2627 1188//2619 
f 1179//2602 1187//2618 1188//2619 1180//2603 
f 1169//2584 1179//2602 1180//2603 1170//2585 
f 1165//2576 1169//2584 1170//2585 1166//2577 
f 1161//2568 1165//2576 1166//2577 1162//2569 
f 1157//2560 1161//2568 1162//2569 1158//2561 
f 1082//2473 1157//2560 1158//2561 1083//2474 
f 1054//2433 1082//2473 1083//2474 1055//2434 
f 1050//2425 1054//2433 1055//2434 1051//2426 
f 1046//2417 1050//2425 1051//2426 1047//2418 
f 1042//2409 1046//2417 1047//2418 1043//2410 
f 1032//2391 1042//2409 1043//2410 1033//2392 
f 1024//2375 1032//2391 1033//2392 1025//2376 
f 1020//2367 1024//2375 1025//2376 1021//2368 
f 1016//2359 1020//2367 1021//2368 1017//2360 
f 1012//2351 1016//2359 1017//2360 1013//2352 
f 1010//2347 1012//2351 1013//2352 1011//2348 
f 1014//2355 1010//2347 1011//2348 1015//2356 
f 1018//2363 1014//2355 1015//2356 1019//2364 
f 1022//2371 1018//2363 1019//2364 1023//2372 
f 1026//2379 1022//2371 1023//2372 1027//2380 
f 1034//2395 1026//2379 1027//2380 1035//2396 
f 1044//2413 1034//2395 1035//2396 1045//2414 
f 1048//2421 1044//2413 1045//2414 1049//2422 
f 1052//2429 1048//2421 1049//2422 1053//2430 
f 1056//2437 1052//2429 1053//2430 1057//2438 
f 1127//2520 1056//2437 1057//2438 1128//2521 
f 1159//2564 1127//2520 1128//2521 1160//2565 
f 1163//2572 1159//2564 1160//2565 1164//2573 
f 1167//2580 1163//2572 1164//2573 1168//2581 
f 1171//2588 1167//2580 1168//2581 1172//2589 
f 1181//2606 1171//2588 1172//2589 1182//2607 
f 1189//2622 1181//2606 1182//2607 1190//2623 
f 1193//2630 1189//2622 1190//2623 1194//2631 
f 1197//2638 1193//2630 1194//2631 1198//2639 
f 1200//2644 1204//2652 1087//2479 1088//2480 
f 1204//2652 1202//2648 1089//2481 1087//2479 
f 1196//2636 1200//2644 1088//2480 1090//2482 
f 1202//2648 1198//2640 1091//2483 1089//2481 
f 1192//2628 1196//2636 1090//2482 1092//2484 
f 1198//2640 1194//2632 1093//2485 1091//2483 
f 1188//2620 1192//2628 1092//2484 1094//2486 
f 1180//2604 1188//2620 1094//2486 1095//2487 
f 1170//2586 1180//2604 1095//2487 1096//2488 
f 1166//2578 1170//2586 1096//2488 1097//2489 
f 1162//2570 1166//2578 1097//2489 1098//2490 
f 1158//2562 1162//2570 1098//2490 1099//2491 
f 1083//2475 1158//2562 1099//2491 1100//2492 
f 1055//2435 1083//2475 1100//2492 1101//2493 
f 1051//2427 1055//2435 1101//2493 1102//2494 
f 1047//2419 1051//2427 1102//2494 1103//2495 
f 1043//2411 1047//2419 1103//2495 1104//2496 
f 1033//2393 1043//2411 1104//2496 1105//2497 
f 1025//2377 1033//2393 1105//2497 1106//2498 
f 1021//2369 1025//2377 1106//2498 1107//2499 
f 1017//2361 1021//2369 1107//2499 1108//2500 
f 1013//2353 1017//2361 1108//2500 1109//2501 
f 1011//2349 1013//2353 1109//2501 1110//2502 
f 1015//2357 1011//2349 1110//2502 1111//2503 
f 1019//2365 1015//2357 1111//2503 1112//2504 
f 1023//2373 1019//2365 1112//2504 1113//2505 
f 1027//2381 1023//2373 1113//2505 1114//2506 
f 1035//2397 1027//2381 1114//2506 1115//2507 
f 1045//2415 1035//2397 1115//2507 1116//2508 
f 1049//2423 1045//2415 1116//2508 1117//2509 
f 1053//2431 1049//2423 1117//2509 1118//2510 
f 1057//2439 1053//2431 1118//2510 1119//2511 
f 1128//2522 1057//2439 1119//2511 1120//2512 
f 1160//2566 1128//2522 1120//2512 1121//2513 
f 1164//2574 1160//2566 1121//2513 1122//2514 
f 1168//2582 1164//2574 1122//2514 1123//2515 
f 1172//2590 1168//2582 1123//2515 1124//2516 
f 1182//2608 1172//2590 1124//2516 1125//2517 
f 1190//2624 1182//2608 1125//2517 1126//2518 
f 1194//2632 1190//2624 1126//2518 1093//2485 
f 1357//2981 1358//2984 1382//3037 1381//3034 
f 1357//2982 1381//3035 2012//4412 1996//4342 
f 1385//3049 1358//2985 1998//4347 1989//4319 
f 1391//3069 1382//3038 1358//2985 1385//3049 
f 1995//4339 2014//4417 1382//3038 1391//3069 
f 1390//3066 1994//4336 1995//4340 1391//3070 
f 1988//4316 1384//3046 1385//3050 1989//4320 
f 1390//3067 1388//3059 1992//4329 1994//4337 
f 1389//3063 1387//3056 1991//4326 1993//4333 
f 1386//3052 1384//3047 1988//4317 1990//4322 
f 1994//4338 1992//4330 1990//4323 1988//4318 1989//4321 1995//4341 
f 1384//3048 1386//3053 1388//3060 1390//3068 1391//3071 1385//3051 
f 1389//3064 1993//4334 1992//4331 1388//3061 
f 1993//4335 1991//4327 1990//4324 1992//4332 
f 1387//3057 1389//3065 1388//3062 1386//3054 
f 1991//4328 1387//3058 1386//3055 1990//4325 
f 1381//3036 1382//3039 2014//4418 2013//4415 2012//4413 
f 1996//4343 1997//4345 1998//4348 1358//2986 1357//2983 
f 2009//4398 2013//4416 2014//4419 2010//4401 
f 2018//4432 2019//4435 2026//4465 2024//4456 
f 2000//4356 2001//4359 1998//4349 1997//4346 
f 1989//4319 1998//4347 2001//4360 2004//4373 2007//4387 2010//4402 2014//4417 1995//4339 
f 2012//4414 2013//4416 2009//4398 2006//4384 2003//4370 2000//4356 1997//4346 1996//4344 
f 2016//4426 2017//4429 2022//4447 2020//4438 
f 2003//4370 2006//4384 2007//4388 2004//4374 
f 2016//4427 2020//4439 2001//4361 2000//4357 
f 2020//4440 2022//4448 2004//4375 2001//4362 
f 2017//4430 2016//4428 2000//4358 2003//4371 
f 2022//4449 2017//4431 2003//4372 2004//4376 
f 2026//4466 2019//4436 2009//4399 2010//4403 
f 2024//4457 2026//4467 2010//4404 2007//4389 
f 2019//4437 2018//4433 2006//4385 2009//4400 
f 2018//4434 2024//4458 2007//4390 2006//4386 
f 1873//4025 1984//4307 1987//4312 1875//4031 
f 1869//4013 1652//3514 1984//4307 1873//4025 
f 1875//4031 1987//4312 1655//3519 1871//4019 
f 1872//4022 1870//4016 1874//4028 1876//4034 
f 1870//4017 1872//4023 1871//4020 1869//4014 
f 1872//4024 1876//4035 1875//4032 1871//4021 
f 1874//4029 1870//4018 1869//4015 1873//4026 
f 1876//4036 1874//4030 1873//4027 1875//4033 
f 1652//3514 1649//3511 1983//4306 1984//4307 
f 1639//3501 1570//3420 1971//4294 1973//4296 
f 1560//3410 1558//3406 1959//4280 1961//4284 
f 1909//4133 1969//4292 1971//4294 1915//4151 
f 1752//3740 1568//3418 1969//4292 1909//4133 
f 1758//3758 1570//3420 1568//3418 1752//3740 
f 1915//4151 1971//4294 1570//3420 1758//3758 
f 1759//3761 1753//3743 1910//4136 1916//4154 
f 1901//4109 1967//4290 1969//4292 1907//4127 
f 1744//3716 1566//3416 1967//4290 1901//4109 
f 1750//3734 1568//3418 1566//3416 1744//3716 
f 1907//4127 1969//4292 1568//3418 1750//3734 
f 1751//3737 1745//3719 1902//4112 1908//4130 
f 1893//4085 1965//4288 1967//4290 1899//4103 
f 1736//3692 1564//3414 1965//4288 1893//4085 
f 1742//3710 1566//3416 1564//3414 1736//3692 
f 1899//4103 1967//4290 1566//3416 1742//3710 
f 1743//3713 1737//3695 1894//4088 1900//4106 
f 1885//4061 1963//4286 1965//4288 1891//4079 
f 1728//3668 1562//3412 1963//4286 1885//4061 
f 1734//3686 1564//3414 1562//3412 1728//3668 
f 1891//4079 1965//4288 1564//3414 1734//3686 
f 1735//3689 1729//3671 1886//4064 1892//4082 
f 1877//4037 1961//4284 1963//4286 1883//4055 
f 1720//3644 1560//3410 1961//4284 1877//4037 
f 1726//3662 1562//3412 1560//3410 1720//3644 
f 1883//4055 1963//4286 1562//3412 1726//3662 
f 1727//3665 1721//3647 1878//4040 1884//4058 
f 1753//3744 1759//3762 1758//3759 1752//3741 
f 1759//3763 1916//4155 1915//4152 1758//3760 
f 1910//4137 1753//3745 1752//3742 1909//4134 
f 1916//4156 1910//4138 1909//4135 1915//4153 
f 1745//3720 1751//3738 1750//3735 1744//3717 
f 1751//3739 1908//4131 1907//4128 1750//3736 
f 1902//4113 1745//3721 1744//3718 1901//4110 
f 1908//4132 1902//4114 1901//4111 1907//4129 
f 1737//3696 1743//3714 1742//3711 1736//3693 
f 1743//3715 1900//4107 1899//4104 1742//3712 
f 1894//4089 1737//3697 1736//3694 1893//4086 
f 1900//4108 1894//4090 1893//4087 1899//4105 
f 1729//3672 1735//3690 1734//3687 1728//3669 
f 1735//3691 1892//4083 1891//4080 1734//3688 
f 1886//4065 1729//3673 1728//3670 1885//4062 
f 1892//4084 1886//4066 1885//4063 1891//4081 
f 1721//3648 1727//3666 1726//3663 1720//3645 
f 1727//3667 1884//4059 1883//4056 1726//3664 
f 1878//4041 1721//3649 1720//3646 1877//4038 
f 1884//4060 1878//4042 1877//4039 1883//4057 
f 1949//4253 1981//4304 1983//4306 1955//4271 
f 1792//3860 1647//3509 1981//4304 1949//4253 
f 1798//3878 1649//3511 1647//3509 1792//3860 
f 1955//4271 1983//4306 1649//3511 1798//3878 
f 1799//3881 1793//3863 1950//4256 1956//4274 
f 1790//3854 1647//3509 1645//3507 1784//3836 
f 1947//4247 1981//4304 1647//3509 1790//3854 
f 1941//4229 1979//4302 1981//4304 1947//4247 
f 1784//3836 1645//3507 1979//4302 1941//4229 
f 1942//4232 1948//4250 1791//3857 1785//3839 
f 1933//4205 1977//4300 1979//4302 1939//4223 
f 1776//3812 1643//3505 1977//4300 1933//4205 
f 1782//3830 1645//3507 1643//3505 1776//3812 
f 1939//4223 1979//4302 1645//3507 1782//3830 
f 1783//3833 1777//3815 1934//4208 1940//4226 
f 1774//3806 1643//3505 1641//3503 1768//3788 
f 1931//4199 1977//4300 1643//3505 1774//3806 
f 1925//4181 1975//4298 1977//4300 1931//4199 
f 1768//3788 1641//3503 1975//4298 1925//4181 
f 1926//4184 1932//4202 1775//3809 1769//3791 
f 1917//4157 1973//4296 1975//4298 1923//4175 
f 1760//3764 1639//3501 1973//4296 1917//4157 
f 1766//3782 1641//3503 1639//3501 1760//3764 
f 1923//4175 1975//4298 1641//3503 1766//3782 
f 1767//3785 1761//3767 1918//4160 1924//4178 
f 1793//3864 1799//3882 1798//3879 1792//3861 
f 1799//3883 1956//4275 1955//4272 1798//3880 
f 1950//4257 1793//3865 1792//3862 1949//4254 
f 1956//4276 1950//4258 1949//4255 1955//4273 
f 1785//3840 1791//3858 1790//3855 1784//3837 
f 1942//4233 1785//3841 1784//3838 1941//4230 
f 1791//3859 1948//4251 1947//4248 1790//3856 
f 1948//4252 1942//4234 1941//4231 1947//4249 
f 1777//3816 1783//3834 1782//3831 1776//3813 
f 1783//3835 1940//4227 1939//4224 1782//3832 
f 1934//4209 1777//3817 1776//3814 1933//4206 
f 1940//4228 1934//4210 1933//4207 1939//4225 
f 1769//3792 1775//3810 1774//3807 1768//3789 
f 1926//4185 1769//3793 1768//3790 1925//4182 
f 1775//3811 1932//4203 1931//4200 1774//3808 
f 1932//4204 1926//4186 1925//4183 1931//4201 
f 1761//3768 1767//3786 1766//3783 1760//3765 
f 1767//3787 1924//4179 1923//4176 1766//3784 
f 1918//4161 1761//3769 1760//3766 1917//4158 
f 1924//4180 1918//4162 1917//4159 1923//4177 
f 1871//4019 1655//3519 1652//3514 1869//4013 
f 1652//3514 1655//3519 1383//3043 1380//3031 
f 1377//3025 1410//3117 1422//3147 1637//3499 1652//3514 1380//3031 
f 1422//3147 1419//3140 1585//3441 1637//3499 
f 1416//3132 1573//3423 1585//3441 1419//3140 
f 1416//3132 1404//3102 1362//2997 1359//2990 1558//3407 1573//3423 
f 1411//3120 1423//3150 1422//3148 1410//3118 
f 1417//3135 1405//3105 1404//3103 1416//3133 
f 1421//3144 1409//3114 1408//3112 1420//3142 
f 1397//3084 1399//3089 1398//3086 1396//3082 
f 1423//3151 1421//3145 1420//3143 1419//3141 1422//3149 
f 1408//3113 1409//3115 1411//3121 1410//3119 1407//3110 
f 1406//3107 1418//3137 1420//3142 1408//3112 
f 1394//3078 1392//3072 1393//3075 1395//3080 
f 1420//3143 1418//3138 1417//3136 1416//3134 1419//3141 
f 1405//3106 1406//3108 1408//3113 1407//3110 1404//3104 
f 1403//3100 1415//3130 1423//3150 1411//3120 
f 1415//3131 1414//3127 1421//3145 1423//3151 
f 1412//3122 1400//3092 1405//3105 1417//3135 
f 1413//3124 1412//3123 1417//3136 1418//3138 
f 1402//3097 1403//3101 1411//3121 1409//3115 
f 1400//3093 1401//3094 1406//3108 1405//3106 
f 1414//3128 1402//3098 1409//3116 1421//3146 
f 1401//3095 1413//3125 1418//3139 1406//3109 
f 1398//3087 1399//3090 1415//3130 1403//3100 
f 1399//3091 1397//3085 1414//3127 1415//3131 
f 1396//3083 1398//3088 1403//3101 1402//3097 
f 1393//3076 1392//3073 1400//3092 1412//3122 
f 1392//3074 1394//3079 1401//3094 1400//3093 
f 1395//3081 1393//3077 1412//3123 1413//3124 
f 1394//3079 1396//3083 1402//3097 1401//3094 
f 1401//3096 1402//3099 1414//3129 1413//3126 
f 1413//3124 1414//3127 1397//3085 1395//3081 
f 1395//3080 1397//3084 1396//3082 1394//3078 
f 1382//3040 1378//3027 1380//3032 1383//3044 
f 1379//3029 1376//3022 1377//3026 1380//3033 
f 1957//4277 1959//4281 1558//3408 1557//3403 
f 1359//2991 1358//2987 1557//3403 1558//3408 
f 1998//4350 1999//4353 1959//4281 1957//4277 
f 1986//4310 1982//4305 1648//3510 1654//3517 
f 1410//3117 1377//3025 1375//3020 1371//3013 1407//3111 
f 1366//3005 1362//2997 1404//3102 1407//3111 1371//3013 
f 1376//3022 1372//3015 1373//3018 1374//3019 1375//3021 1377//3026 
f 1374//3019 1373//3018 1368//3010 1370//3012 
f 1374//3019 1370//3012 1371//3014 1375//3021 
f 1370//3012 1365//3004 1366//3006 1371//3014 
f 1373//3018 1372//3015 1367//3007 1369//3011 1368//3010 
f 1365//3004 1364//3003 1363//3000 1360//2993 1362//2998 1366//3006 
f 1370//3012 1368//3010 1369//3011 1364//3003 1365//3004 
f 1369//3011 1367//3007 1363//3000 1364//3003 
f 1361//2995 1358//2988 1359//2992 1362//2999 
f 1571//3421 1557//3404 1358//2989 1361//2996 
f 1576//3428 1572//3422 1360//2994 1363//3001 
f 1583//3439 1577//3429 1363//3002 1367//3008 
f 1631//3491 1584//3440 1367//3009 1372//3016 
f 1635//3497 1632//3492 1372//3017 1376//3023 
f 1650//3512 1636//3498 1376//3024 1379//3030 
f 1653//3515 1651//3513 1378//3028 1382//3041 
f 1960//4283 1957//4278 1557//3405 1559//3409 
f 1972//4295 1970//4293 1569//3419 1638//3500 
f 1985//4308 1987//4313 2015//4423 2014//4420 
f 2010//4405 1978//4301 1985//4309 2014//4421 
f 2007//4391 1976//4299 1978//4301 2010//4405 
f 2004//4377 1966//4289 1976//4299 2007//4391 
f 2001//4363 1964//4287 1966//4289 2004//4377 
f 1998//4351 1958//4279 1964//4287 2001//4363 
f 1382//3042 1383//3045 1655//3520 1653//3516 
f 1654//3518 1655//3521 1987//4314 1986//4311 
f 1914//4148 1970//4293 1968//4291 1912//4142 
f 1757//3755 1569//3419 1970//4293 1914//4148 
f 1755//3749 1567//3417 1569//3419 1757//3755 
f 1912//4142 1968//4291 1567//3417 1755//3749 
f 1754//3746 1756//3752 1913//4145 1911//4139 
f 1906//4124 1968//4291 1966//4289 1904//4118 
f 1749//3731 1567//3417 1968//4291 1906//4124 
f 1747//3725 1565//3415 1567//3417 1749//3731 
f 1904//4118 1966//4289 1565//3415 1747//3725 
f 1746//3722 1748//3728 1905//4121 1903//4115 
f 1898//4100 1966//4289 1964//4287 1896//4094 
f 1741//3707 1565//3415 1966//4289 1898//4100 
f 1739//3701 1563//3413 1565//3415 1741//3707 
f 1896//4094 1964//4287 1563//3413 1739//3701 
f 1738//3698 1740//3704 1897//4097 1895//4091 
f 1890//4076 1964//4287 1962//4285 1888//4070 
f 1733//3683 1563//3413 1964//4287 1890//4076 
f 1731//3677 1561//3411 1563//3413 1733//3683 
f 1888//4070 1962//4285 1561//3411 1731//3677 
f 1730//3674 1732//3680 1889//4073 1887//4067 
f 1882//4052 1962//4285 1960//4283 1880//4046 
f 1725//3659 1561//3411 1962//4285 1882//4052 
f 1723//3653 1559//3409 1561//3411 1725//3659 
f 1880//4046 1960//4283 1559//3409 1723//3653 
f 1722//3650 1724//3656 1881//4049 1879//4043 
f 1763//3773 1638//3500 1640//3502 1765//3779 
f 1920//4166 1972//4295 1638//3500 1763//3773 
f 1922//4172 1974//4297 1972//4295 1920//4166 
f 1765//3779 1640//3502 1974//4297 1922//4172 
f 1921//4169 1919//4163 1762//3770 1764//3776 
f 1771//3797 1640//3502 1642//3504 1773//3803 
f 1928//4190 1974//4297 1640//3502 1771//3797 
f 1930//4196 1976//4299 1974//4297 1928//4190 
f 1773//3803 1642//3504 1976//4299 1930//4196 
f 1929//4193 1927//4187 1770//3794 1772//3800 
f 1779//3821 1642//3504 1644//3506 1781//3827 
f 1936//4214 1976//4299 1642//3504 1779//3821 
f 1938//4220 1978//4301 1976//4299 1936//4214 
f 1781//3827 1644//3506 1978//4301 1938//4220 
f 1937//4217 1935//4211 1778//3818 1780//3824 
f 1787//3845 1644//3506 1646//3508 1789//3851 
f 1944//4238 1978//4301 1644//3506 1787//3845 
f 1946//4244 1980//4303 1978//4301 1944//4238 
f 1789//3851 1646//3508 1980//4303 1946//4244 
f 1945//4241 1943//4235 1786//3842 1788//3848 
f 1795//3869 1646//3508 1648//3510 1797//3875 
f 1952//4262 1980//4303 1646//3508 1795//3869 
f 1954//4268 1982//4305 1980//4303 1952//4262 
f 1797//3875 1648//3510 1982//4305 1954//4268 
f 1953//4265 1951//4259 1794//3866 1796//3872 
f 1951//4260 1953//4266 1954//4269 1952//4263 
f 1953//4267 1796//3873 1797//3876 1954//4270 
f 1794//3867 1951//4261 1952//4264 1795//3870 
f 1796//3874 1794//3868 1795//3871 1797//3877 
f 1919//4164 1921//4170 1922//4173 1920//4167 
f 1921//4171 1764//3777 1765//3780 1922//4174 
f 1762//3771 1919//4165 1920//4168 1763//3774 
f 1764//3778 1762//3772 1763//3775 1765//3781 
f 1927//4188 1929//4194 1930//4197 1928//4191 
f 1929//4195 1772//3801 1773//3804 1930//4198 
f 1770//3795 1927//4189 1928//4192 1771//3798 
f 1772//3802 1770//3796 1771//3799 1773//3805 
f 1935//4212 1937//4218 1938//4221 1936//4215 
f 1937//4219 1780//3825 1781//3828 1938//4222 
f 1778//3819 1935//4213 1936//4216 1779//3822 
f 1780//3826 1778//3820 1779//3823 1781//3829 
f 1943//4236 1945//4242 1946//4245 1944//4239 
f 1945//4243 1788//3849 1789//3852 1946//4246 
f 1786//3843 1943//4237 1944//4240 1787//3846 
f 1788//3850 1786//3844 1787//3847 1789//3853 
f 1756//3753 1754//3747 1755//3750 1757//3756 
f 1754//3748 1911//4140 1912//4143 1755//3751 
f 1913//4146 1756//3754 1757//3757 1914//4149 
f 1911//4141 1913//4147 1914//4150 1912//4144 
f 1740//3705 1738//3699 1739//3702 1741//3708 
f 1738//3700 1895//4092 1896//4095 1739//3703 
f 1897//4098 1740//3706 1741//3709 1898//4101 
f 1895//4093 1897//4099 1898//4102 1896//4096 
f 1724//3657 1722//3651 1723//3654 1725//3660 
f 1722//3652 1879//4044 1880//4047 1723//3655 
f 1881//4050 1724//3658 1725//3661 1882//4053 
f 1879//4045 1881//4051 1882//4054 1880//4048 
f 1748//3729 1746//3723 1747//3726 1749//3732 
f 1746//3724 1903//4116 1904//4119 1747//3727 
f 1905//4122 1748//3730 1749//3733 1906//4125 
f 1903//4117 1905//4123 1906//4126 1904//4120 
f 1732//3681 1730//3675 1731//3678 1733//3684 
f 1730//3676 1887//4068 1888//4071 1731//3679 
f 1889//4074 1732//3682 1733//3685 1890//4077 
f 1887//4069 1889//4075 1890//4078 1888//4072 
f 2015//4424 2011//4409 2010//4406 2014//4422 
f 2027//4471 2025//4462 2024//4459 2026//4468 
f 2002//4367 1999//4354 1998//4352 2001//4364 
f 2008//4395 2005//4381 2004//4378 2007//4392 
f 2023//4453 2021//4444 2020//4441 2022//4450 
f 1999//4355 2002//4368 2005//4382 2008//4396 2011//4410 2015//4425 1987//4315 1959//4282 
f 2020//4442 2021//4445 2002//4369 2001//4365 
f 2022//4451 2020//4443 2001//4366 2004//4379 
f 2021//4446 2023//4454 2005//4382 2002//4368 
f 2023//4455 2022//4452 2004//4380 2005//4383 
f 2026//4469 2024//4460 2007//4393 2010//4407 
f 2027//4472 2026//4470 2010//4408 2011//4411 
f 2024//4461 2025//4463 2008//4397 2007//4394 
f 2025//4464 2027//4473 2011//4410 2008//4396 
f 1426//3156 1427//3158 1425//3154 1424//3152 
f 1430//3164 1431//3166 1427//3158 1426//3156 
f 1434//3172 1435//3174 1431//3166 1430//3164 
f 1438//3180 1439//3182 1435//3174 1434//3172 
f 1463//3223 1464//3225 1439//3182 1438//3180 
f 1473//3241 1474//3244 1464//3225 1463//3223 
f 1489//3273 1490//3275 1474//3245 1473//3242 
f 1499//3291 1500//3293 1490//3275 1489//3273 
f 1527//3345 1528//3347 1500//3293 1499//3291 
f 1574//3424 1575//3426 1528//3347 1527//3345 
f 1682//3572 1683//3574 1575//3426 1574//3424 
f 1710//3626 1711//3628 1683//3574 1682//3572 
f 1800//3884 1801//3886 1711//3628 1710//3626 
f 1816//3912 1817//3915 1801//3886 1800//3884 
f 1826//3934 1827//3936 1817//3916 1816//3913 
f 1851//3977 1852//3979 1827//3936 1826//3934 
f 1855//3985 1856//3987 1852//3979 1851//3977 
f 1859//3993 1860//3995 1856//3987 1855//3985 
f 1863//4001 1864//4003 1860//3995 1859//3993 
f 1867//4009 1868//4011 1864//4003 1863//4001 
f 1865//4005 1866//4007 1868//4011 1867//4009 
f 1861//3997 1862//3999 1866//4007 1865//4005 
f 1857//3989 1858//3991 1862//3999 1861//3997 
f 1853//3981 1854//3983 1858//3991 1857//3989 
f 1828//3938 1829//3940 1854//3983 1853//3981 
f 1818//3918 1819//3921 1829//3940 1828//3938 
f 1802//3888 1803//3890 1819//3922 1818//3919 
f 1712//3630 1713//3632 1803//3890 1802//3888 
f 1684//3576 1685//3578 1713//3632 1712//3630 
f 1633//3493 1634//3495 1685//3578 1684//3576 
f 1529//3349 1530//3351 1634//3495 1633//3493 
f 1501//3295 1502//3297 1530//3351 1529//3349 
f 1491//3277 1492//3279 1502//3297 1501//3295 
f 1475//3247 1476//3250 1492//3279 1491//3277 
f 1465//3227 1466//3229 1476//3251 1475//3248 
f 1440//3184 1441//3186 1466//3229 1465//3227 
f 1436//3176 1437//3178 1441//3186 1440//3184 
f 1432//3168 1433//3170 1437//3178 1436//3176 
f 1428//3160 1429//3162 1433//3170 1432//3168 
f 1424//3152 1425//3154 1429//3162 1428//3160 
f 1446//3194 1447//3196 1444//3191 1443//3189 
f 1452//3204 1453//3206 1447//3196 1446//3194 
f 1458//3214 1459//3216 1453//3206 1452//3204 
f 1468//3232 1469//3234 1459//3216 1458//3214 
f 1478//3254 1479//3256 1469//3234 1468//3232 
f 1484//3264 1485//3266 1479//3256 1478//3254 
f 1494//3282 1495//3284 1485//3266 1484//3264 
f 1504//3300 1505//3302 1495//3284 1494//3282 
f 1536//3362 1537//3364 1505//3302 1504//3300 
f 1579//3431 1580//3433 1537//3364 1536//3362 
f 1673//3555 1674//3557 1580//3433 1579//3431 
f 1705//3617 1706//3619 1674//3557 1673//3555 
f 1715//3635 1716//3637 1706//3619 1705//3617 
f 1805//3893 1806//3895 1716//3637 1715//3635 
f 1811//3903 1812//3905 1806//3895 1805//3893 
f 1821//3925 1822//3927 1812//3905 1811//3903 
f 1831//3943 1832//3945 1822//3927 1821//3925 
f 1837//3953 1838//3955 1832//3945 1831//3943 
f 1843//3963 1844//3965 1838//3955 1837//3953 
f 1849//3973 1850//3975 1844//3965 1843//3963 
f 1846//3968 1847//3970 1850//3975 1849//3973 
f 1840//3958 1841//3960 1847//3970 1846//3968 
f 1834//3948 1835//3950 1841//3960 1840//3958 
f 1824//3930 1825//3932 1835//3950 1834//3948 
f 1814//3908 1815//3910 1825//3932 1824//3930 
f 1808//3898 1809//3900 1815//3910 1814//3908 
f 1718//3640 1719//3642 1809//3900 1808//3898 
f 1708//3622 1709//3624 1719//3642 1718//3640 
f 1676//3560 1677//3562 1709//3624 1708//3622 
f 1629//3487 1630//3489 1677//3562 1676//3560 
f 1539//3367 1540//3369 1630//3489 1629//3487 
f 1507//3305 1508//3307 1540//3369 1539//3367 
f 1497//3287 1498//3289 1508//3307 1507//3305 
f 1487//3269 1488//3271 1498//3289 1497//3287 
f 1481//3259 1482//3261 1488//3271 1487//3269 
f 1471//3237 1472//3239 1482//3261 1481//3259 
f 1461//3219 1462//3221 1472//3239 1471//3237 
f 1455//3209 1456//3211 1462//3221 1461//3219 
f 1449//3199 1450//3201 1456//3211 1455//3209 
f 1443//3189 1444//3191 1450//3201 1449//3199 
f 1426//3157 1424//3153 1442//3188 1445//3193 
f 1424//3153 1428//3161 1448//3198 1442//3188 
f 1430//3165 1426//3157 1445//3193 1451//3203 
f 1434//3173 1430//3165 1451//3203 1457//3213 
f 1438//3181 1434//3173 1457//3213 1467//3231 
f 1463//3224 1438//3181 1467//3231 1477//3253 
f 1473//3243 1463//3224 1477//3253 1483//3263 
f 1489//3274 1473//3243 1483//3263 1493//3281 
f 1499//3292 1489//3274 1493//3281 1503//3299 
f 1527//3346 1499//3292 1503//3299 1535//3361 
f 1574//3425 1527//3346 1535//3361 1578//3430 
f 1682//3573 1574//3425 1578//3430 1672//3554 
f 1710//3627 1682//3573 1672//3554 1704//3616 
f 1800//3885 1710//3627 1704//3616 1714//3634 
f 1816//3914 1800//3885 1714//3634 1804//3892 
f 1826//3935 1816//3914 1804//3892 1810//3902 
f 1851//3978 1826//3935 1810//3902 1820//3924 
f 1855//3986 1851//3978 1820//3924 1830//3942 
f 1859//3994 1855//3986 1830//3942 1836//3952 
f 1863//4002 1859//3994 1836//3952 1842//3962 
f 1867//4010 1863//4002 1842//3962 1848//3972 
f 1865//4006 1867//4010 1848//3972 1845//3967 
f 1861//3998 1865//4006 1845//3967 1839//3957 
f 1857//3990 1861//3998 1839//3957 1833//3947 
f 1853//3982 1857//3990 1833//3947 1823//3929 
f 1828//3939 1853//3982 1823//3929 1813//3907 
f 1818//3920 1828//3939 1813//3907 1807//3897 
f 1802//3889 1818//3920 1807//3897 1717//3639 
f 1712//3631 1802//3889 1717//3639 1707//3621 
f 1684//3577 1712//3631 1707//3621 1675//3559 
f 1633//3494 1684//3577 1675//3559 1628//3486 
f 1529//3350 1633//3494 1628//3486 1538//3366 
f 1501//3296 1529//3350 1538//3366 1506//3304 
f 1491//3278 1501//3296 1506//3304 1496//3286 
f 1475//3249 1491//3278 1496//3286 1486//3268 
f 1465//3228 1475//3249 1486//3268 1480//3258 
f 1440//3185 1465//3228 1480//3258 1470//3236 
f 1436//3177 1440//3185 1470//3236 1460//3218 
f 1432//3169 1436//3177 1460//3218 1454//3208 
f 1428//3161 1432//3169 1454//3208 1448//3198 
f 1425//3155 1427//3159 1446//3195 1443//3190 
f 1429//3163 1425//3155 1443//3190 1449//3200 
f 1427//3159 1431//3167 1452//3205 1446//3195 
f 1431//3167 1435//3175 1458//3215 1452//3205 
f 1435//3175 1439//3183 1468//3233 1458//3215 
f 1439//3183 1464//3226 1478//3255 1468//3233 
f 1464//3226 1474//3246 1484//3265 1478//3255 
f 1474//3246 1490//3276 1494//3283 1484//3265 
f 1490//3276 1500//3294 1504//3301 1494//3283 
f 1500//3294 1528//3348 1536//3363 1504//3301 
f 1528//3348 1575//3427 1579//3432 1536//3363 
f 1575//3427 1683//3575 1673//3556 1579//3432 
f 1683//3575 1711//3629 1705//3618 1673//3556 
f 1711//3629 1801//3887 1715//3636 1705//3618 
f 1801//3887 1817//3917 1805//3894 1715//3636 
f 1817//3917 1827//3937 1811//3904 1805//3894 
f 1827//3937 1852//3980 1821//3926 1811//3904 
f 1852//3980 1856//3988 1831//3944 1821//3926 
f 1856//3988 1860//3996 1837//3954 1831//3944 
f 1860//3996 1864//4004 1843//3964 1837//3954 
f 1864//4004 1868//4012 1849//3974 1843//3964 
f 1868//4012 1866//4008 1846//3969 1849//3974 
f 1866//4008 1862//4000 1840//3959 1846//3969 
f 1862//4000 1858//3992 1834//3949 1840//3959 
f 1858//3992 1854//3984 1824//3931 1834//3949 
f 1854//3984 1829//3941 1814//3909 1824//3931 
f 1829//3941 1819//3923 1808//3899 1814//3909 
f 1819//3923 1803//3891 1718//3641 1808//3899 
f 1803//3891 1713//3633 1708//3623 1718//3641 
f 1713//3633 1685//3579 1676//3561 1708//3623 
f 1685//3579 1634//3496 1629//3488 1676//3561 
f 1634//3496 1530//3352 1539//3368 1629//3488 
f 1530//3352 1502//3298 1507//3306 1539//3368 
f 1502//3298 1492//3280 1497//3288 1507//3306 
f 1492//3280 1476//3252 1487//3270 1497//3288 
f 1476//3252 1466//3230 1481//3260 1487//3270 
f 1466//3230 1441//3187 1471//3238 1481//3260 
f 1441//3187 1437//3179 1461//3220 1471//3238 
f 1437//3179 1433//3171 1455//3210 1461//3220 
f 1433//3171 1429//3163 1449//3200 1455//3210 
f 1511//3313 1509//3309 1444//3192 1447//3197 
f 1509//3309 1513//3317 1450//3202 1444//3192 
f 1515//3321 1511//3313 1447//3197 1453//3207 
f 1519//3329 1515//3321 1453//3207 1459//3217 
f 1523//3337 1519//3329 1459//3217 1469//3235 
f 1531//3353 1523//3337 1469//3235 1479//3257 
f 1541//3371 1531//3353 1479//3257 1485//3267 
f 1545//3379 1541//3371 1485//3267 1495//3285 
f 1549//3387 1545//3379 1495//3285 1505//3303 
f 1553//3395 1549//3387 1505//3303 1537//3365 
f 1581//3435 1553//3395 1537//3365 1580//3434 
f 1656//3522 1581//3435 1580//3434 1674//3558 
f 1660//3530 1656//3522 1674//3558 1706//3620 
f 1664//3538 1660//3530 1706//3620 1716//3638 
f 1668//3546 1664//3538 1716//3638 1806//3896 
f 1678//3564 1668//3546 1806//3896 1812//3906 
f 1686//3580 1678//3564 1812//3906 1822//3928 
f 1690//3588 1686//3580 1822//3928 1832//3946 
f 1694//3596 1690//3588 1832//3946 1838//3956 
f 1698//3604 1694//3596 1838//3956 1844//3966 
f 1702//3612 1698//3604 1844//3966 1850//3976 
f 1700//3608 1702//3612 1850//3976 1847//3971 
f 1696//3600 1700//3608 1847//3971 1841//3961 
f 1692//3592 1696//3600 1841//3961 1835//3951 
f 1688//3584 1692//3592 1835//3951 1825//3933 
f 1680//3568 1688//3584 1825//3933 1815//3911 
f 1670//3550 1680//3568 1815//3911 1809//3901 
f 1666//3542 1670//3550 1809//3901 1719//3643 
f 1662//3534 1666//3542 1719//3643 1709//3625 
f 1658//3526 1662//3534 1709//3625 1677//3563 
f 1626//3482 1658//3526 1677//3563 1630//3490 
f 1555//3399 1626//3482 1630//3490 1540//3370 
f 1551//3391 1555//3399 1540//3370 1508//3308 
f 1547//3383 1551//3391 1508//3308 1498//3290 
f 1543//3375 1547//3383 1498//3290 1488//3272 
f 1533//3357 1543//3375 1488//3272 1482//3262 
f 1525//3341 1533//3357 1482//3262 1472//3240 
f 1521//3333 1525//3341 1472//3240 1462//3222 
f 1517//3325 1521//3333 1462//3222 1456//3212 
f 1513//3317 1517//3325 1456//3212 1450//3202 
f 1512//3315 1510//3311 1509//3310 1511//3314 
f 1510//3311 1514//3319 1513//3318 1509//3310 
f 1516//3323 1512//3315 1511//3314 1515//3322 
f 1514//3319 1518//3327 1517//3326 1513//3318 
f 1520//3331 1516//3323 1515//3322 1519//3330 
f 1524//3339 1520//3331 1519//3330 1523//3338 
f 1532//3355 1524//3339 1523//3338 1531//3354 
f 1542//3373 1532//3355 1531//3354 1541//3372 
f 1546//3381 1542//3373 1541//3372 1545//3380 
f 1550//3389 1546//3381 1545//3380 1549//3388 
f 1554//3397 1550//3389 1549//3388 1553//3396 
f 1582//3437 1554//3397 1553//3396 1581//3436 
f 1657//3524 1582//3437 1581//3436 1656//3523 
f 1661//3532 1657//3524 1656//3523 1660//3531 
f 1665//3540 1661//3532 1660//3531 1664//3539 
f 1669//3548 1665//3540 1664//3539 1668//3547 
f 1679//3566 1669//3548 1668//3547 1678//3565 
f 1687//3582 1679//3566 1678//3565 1686//3581 
f 1691//3590 1687//3582 1686//3581 1690//3589 
f 1695//3598 1691//3590 1690//3589 1694//3597 
f 1699//3606 1695//3598 1694//3597 1698//3605 
f 1703//3614 1699//3606 1698//3605 1702//3613 
f 1701//3610 1703//3614 1702//3613 1700//3609 
f 1697//3602 1701//3610 1700//3609 1696//3601 
f 1693//3594 1697//3602 1696//3601 1692//3593 
f 1689//3586 1693//3594 1692//3593 1688//3585 
f 1681//3570 1689//3586 1688//3585 1680//3569 
f 1671//3552 1681//3570 1680//3569 1670//3551 
f 1667//3544 1671//3552 1670//3551 1666//3543 
f 1663//3536 1667//3544 1666//3543 1662//3535 
f 1659//3528 1663//3536 1662//3535 1658//3527 
f 1627//3484 1659//3528 1658//3527 1626//3483 
f 1556//3401 1627//3484 1626//3483 1555//3400 
f 1552//3393 1556//3401 1555//3400 1551//3392 
f 1548//3385 1552//3393 1551//3392 1547//3384 
f 1544//3377 1548//3385 1547//3384 1543//3376 
f 1534//3359 1544//3377 1543//3376 1533//3358 
f 1526//3343 1534//3359 1533//3358 1525//3342 
f 1522//3335 1526//3343 1525//3342 1521//3334 
f 1518//3327 1522//3335 1521//3334 1517//3326 
f 1587//3443 1586//3442 1510//3312 1512//3316 
f 1586//3442 1588//3444 1514//3320 1510//3312 
f 1589//3445 1587//3443 1512//3316 1516//3324 
f 1588//3444 1590//3446 1518//3328 1514//3320 
f 1591//3447 1589//3445 1516//3324 1520//3332 
f 1590//3446 1592//3448 1522//3336 1518//3328 
f 1593//3449 1591//3447 1520//3332 1524//3340 
f 1594//3450 1593//3449 1524//3340 1532//3356 
f 1595//3451 1594//3450 1532//3356 1542//3374 
f 1596//3452 1595//3451 1542//3374 1546//3382 
f 1597//3453 1596//3452 1546//3382 1550//3390 
f 1598//3454 1597//3453 1550//3390 1554//3398 
f 1599//3455 1598//3454 1554//3398 1582//3438 
f 1600//3456 1599//3455 1582//3438 1657//3525 
f 1601//3457 1600//3456 1657//3525 1661//3533 
f 1602//3458 1601//3457 1661//3533 1665//3541 
f 1603//3459 1602//3458 1665//3541 1669//3549 
f 1604//3460 1603//3459 1669//3549 1679//3567 
f 1605//3461 1604//3460 1679//3567 1687//3583 
f 1606//3462 1605//3461 1687//3583 1691//3591 
f 1607//3463 1606//3462 1691//3591 1695//3599 
f 1608//3464 1607//3463 1695//3599 1699//3607 
f 1609//3465 1608//3464 1699//3607 1703//3615 
f 1610//3466 1609//3465 1703//3615 1701//3611 
f 1611//3467 1610//3466 1701//3611 1697//3603 
f 1612//3468 1611//3467 1697//3603 1693//3595 
f 1613//3469 1612//3468 1693//3595 1689//3587 
f 1614//3470 1613//3469 1689//3587 1681//3571 
f 1615//3471 1614//3470 1681//3571 1671//3553 
f 1616//3472 1615//3471 1671//3553 1667//3545 
f 1617//3473 1616//3472 1667//3545 1663//3537 
f 1618//3474 1617//3473 1663//3537 1659//3529 
f 1619//3475 1618//3474 1659//3529 1627//3485 
f 1620//3476 1619//3475 1627//3485 1556//3402 
f 1621//3477 1620//3476 1556//3402 1552//3394 
f 1622//3478 1621//3477 1552//3394 1548//3386 
f 1623//3479 1622//3478 1548//3386 1544//3378 
f 1624//3480 1623//3479 1544//3378 1534//3360 
f 1625//3481 1624//3480 1534//3360 1526//3344 
f 1592//3448 1625//3481 1526//3344 1522//3336 
f 2028//4474 2029//4477 2031//4483 2030//4480 
f 2028//4475 2030//4481 2688//5887 2677//5855 
f 2033//4489 2029//4478 2679//5860 2663//5812 
f 2039//4509 2031//4484 2029//4478 2033//4489 
f 2669//5832 2690//5892 2031//4484 2039//4509 
f 2038//4506 2668//5829 2669//5833 2039//4510 
f 2662//5809 2032//4486 2033//4490 2663//5813 
f 2038//4507 2036//4499 2666//5822 2668//5830 
f 2037//4503 2035//4496 2665//5819 2667//5826 
f 2034//4492 2032//4487 2662//5810 2664//5815 
f 2668//5831 2666//5823 2664//5816 2662//5811 2663//5814 2669//5834 
f 2032//4488 2034//4493 2036//4500 2038//4508 2039//4511 2033//4491 
f 2037//4504 2667//5827 2666//5824 2036//4501 
f 2667//5828 2665//5820 2664//5817 2666//5825 
f 2035//4497 2037//4505 2036//4502 2034//4494 
f 2665//5821 2035//4498 2034//4495 2664//5818 
f 2030//4482 2031//4485 2690//5893 2689//5890 2688//5888 
f 2677//5856 2678//5858 2679//5861 2029//4479 2028//4476 
f 2686//5881 2689//5891 2690//5894 2687//5884 
f 2699//5919 2700//5922 2712//5958 2711//5955 
f 2680//5863 2681//5866 2679//5862 2678//5859 
f 2663//5812 2679//5860 2681//5867 2683//5872 2685//5878 2687//5885 2690//5892 2669//5832 
f 2688//5889 2689//5891 2686//5881 2684//5875 2682//5869 2680//5863 2678//5859 2677//5857 
f 2697//5913 2698//5916 2710//5952 2709//5949 
f 2682//5869 2684//5875 2685//5879 2683//5873 
f 2697//5914 2709//5950 2681//5868 2680//5864 
f 2709//5951 2710//5953 2683//5872 2681//5867 
f 2698//5917 2697//5915 2680//5865 2682//5870 
f 2710//5954 2698//5918 2682//5871 2683//5874 
f 2712//5959 2700//5923 2686//5882 2687//5886 
f 2711//5956 2712//5960 2687//5885 2685//5878 
f 2700//5924 2699//5920 2684//5876 2686//5883 
f 2699//5921 2711//5957 2685//5880 2684//5877 
f 2547//5518 2650//5774 2651//5775 2548//5521 
f 2543//5506 2237//4907 2650//5774 2547//5518 
f 2548//5521 2651//5775 2238//4908 2544//5509 
f 2546//5515 2545//5512 2549//5524 2550//5527 
f 2545//5513 2546//5516 2544//5510 2543//5507 
f 2546//5517 2550//5528 2548//5522 2544//5511 
f 2549//5525 2545//5514 2543//5508 2547//5519 
f 2550//5529 2549//5526 2547//5520 2548//5523 
f 2237//4907 2236//4906 2649//5773 2650//5774 
f 2231//4901 2223//4891 2643//5767 2644//5768 
f 2218//4886 2217//4883 2637//5759 2638//5762 
f 2615//5693 2642//5766 2643//5767 2616//5696 
f 2280//4997 2222//4890 2642//5766 2615//5693 
f 2281//5000 2223//4891 2222//4890 2280//4997 
f 2616//5696 2643//5767 2223//4891 2281//5000 
f 2330//5107 2400//5252 2656//5791 2631//5741 
f 2613//5687 2641//5765 2642//5766 2614//5690 
f 2278//4991 2221//4889 2641//5765 2613//5687 
f 2279//4994 2222//4890 2221//4889 2278//4991 
f 2614//5690 2642//5766 2222//4890 2279//4994 
f 2329//5104 2399//5249 2655//5788 2630//5738 
f 2611//5681 2640//5764 2641//5765 2612//5684 
f 2276//4985 2220//4888 2640//5764 2611//5681 
f 2277//4988 2221//4889 2220//4888 2276//4985 
f 2612//5684 2641//5765 2221//4889 2277//4988 
f 2328//5101 2398//5246 2654//5785 2629//5735 
f 2609//5675 2639//5763 2640//5764 2610//5678 
f 2274//4979 2219//4887 2639//5763 2609//5675 
f 2275//4982 2220//4888 2219//4887 2274//4979 
f 2610//5678 2640//5764 2220//4888 2275//4982 
f 2327//5098 2397//5243 2653//5782 2628//5732 
f 2607//5669 2638//5762 2639//5763 2608//5672 
f 2272//4973 2218//4886 2638//5762 2607//5669 
f 2273//4976 2219//4887 2218//4886 2272//4973 
f 2608//5672 2639//5763 2219//4887 2273//4976 
f 2326//5095 2396//5240 2652//5779 2627//5729 
f 2400//5253 2330//5108 2281//5001 2280//4998 
f 2330//5109 2631//5742 2616//5697 2281//5002 
f 2656//5792 2400//5254 2280//4999 2615//5694 
f 2631//5743 2656//5793 2615//5695 2616//5698 
f 2399//5250 2329//5105 2279//4995 2278//4992 
f 2329//5106 2630//5739 2614//5691 2279//4996 
f 2655//5789 2399//5251 2278//4993 2613//5688 
f 2630//5740 2655//5790 2613//5689 2614//5692 
f 2398//5247 2328//5102 2277//4989 2276//4986 
f 2328//5103 2629//5736 2612//5685 2277//4990 
f 2654//5786 2398//5248 2276//4987 2611//5682 
f 2629//5737 2654//5787 2611//5683 2612//5686 
f 2397//5244 2327//5099 2275//4983 2274//4980 
f 2327//5100 2628//5733 2610//5679 2275//4984 
f 2653//5783 2397//5245 2274//4981 2609//5676 
f 2628//5734 2653//5784 2609//5677 2610//5680 
f 2396//5241 2326//5096 2273//4977 2272//4974 
f 2326//5097 2627//5730 2608//5673 2273//4978 
f 2652//5780 2396//5242 2272//4975 2607//5670 
f 2627//5731 2652//5781 2607//5671 2608//5674 
f 2625//5723 2648//5772 2649//5773 2626//5726 
f 2290//5027 2235//4905 2648//5772 2625//5723 
f 2291//5030 2236//4906 2235//4905 2290//5027 
f 2626//5726 2649//5773 2236//4906 2291//5030 
f 2335//5122 2405//5267 2661//5806 2636//5756 
f 2289//5024 2235//4905 2234//4904 2288//5021 
f 2624//5720 2648//5772 2235//4905 2289//5024 
f 2623//5717 2647//5771 2648//5772 2624//5720 
f 2288//5021 2234//4904 2647//5771 2623//5717 
f 2660//5803 2635//5753 2334//5119 2404//5264 
f 2621//5711 2646//5770 2647//5771 2622//5714 
f 2286//5015 2233//4903 2646//5770 2621//5711 
f 2287//5018 2234//4904 2233//4903 2286//5015 
f 2622//5714 2647//5771 2234//4904 2287//5018 
f 2333//5116 2403//5261 2659//5800 2634//5750 
f 2285//5012 2233//4903 2232//4902 2284//5009 
f 2620//5708 2646//5770 2233//4903 2285//5012 
f 2619//5705 2645//5769 2646//5770 2620//5708 
f 2284//5009 2232//4902 2645//5769 2619//5705 
f 2658//5797 2633//5747 2332//5113 2402//5258 
f 2617//5699 2644//5768 2645//5769 2618//5702 
f 2282//5003 2231//4901 2644//5768 2617//5699 
f 2283//5006 2232//4902 2231//4901 2282//5003 
f 2618//5702 2645//5769 2232//4902 2283//5006 
f 2331//5110 2401//5255 2657//5794 2632//5744 
f 2405//5268 2335//5123 2291//5031 2290//5028 
f 2335//5124 2636//5757 2626//5727 2291//5032 
f 2661//5807 2405//5269 2290//5029 2625//5724 
f 2636//5758 2661//5808 2625//5725 2626//5728 
f 2404//5265 2334//5120 2289//5025 2288//5022 
f 2660//5804 2404//5266 2288//5023 2623//5718 
f 2334//5121 2635//5754 2624//5721 2289//5026 
f 2635//5755 2660//5805 2623//5719 2624//5722 
f 2403//5262 2333//5117 2287//5019 2286//5016 
f 2333//5118 2634//5751 2622//5715 2287//5020 
f 2659//5801 2403//5263 2286//5017 2621//5712 
f 2634//5752 2659//5802 2621//5713 2622//5716 
f 2402//5259 2332//5114 2285//5013 2284//5010 
f 2658//5798 2402//5260 2284//5011 2619//5706 
f 2332//5115 2633//5748 2620//5709 2285//5014 
f 2633//5749 2658//5799 2619//5707 2620//5710 
f 2401//5256 2331//5111 2283//5007 2282//5004 
f 2331//5112 2632//5745 2618//5703 2283//5008 
f 2657//5795 2401//5257 2282//5005 2617//5700 
f 2632//5746 2657//5796 2617//5701 2618//5704 
f 2544//5509 2238//4908 2237//4907 2543//5506 
f 2237//4907 2238//4908 2065//4562 2064//4559 
f 2063//4557 2068//4570 2088//4620 2230//4900 2237//4907 2064//4559 
f 2088//4620 2087//4618 2227//4896 2230//4900 
f 2086//4615 2224//4892 2227//4896 2087//4618 
f 2086//4615 2066//4565 2059//4548 2058//4545 2217//4884 2224//4892 
f 2073//4583 2100//4647 2088//4621 2068//4571 
f 2096//4637 2069//4573 2066//4566 2086//4616 
f 2099//4644 2072//4580 2071//4578 2098//4642 
f 2084//4610 2085//4612 2077//4592 2076//4590 
f 2100//4648 2099//4645 2098//4643 2087//4619 2088//4622 
f 2071//4579 2072//4581 2073//4584 2068//4572 2067//4568 
f 2070//4575 2097//4639 2098//4642 2071//4578 
f 2075//4588 2074//4585 2082//4605 2083//4608 
f 2098//4643 2097//4640 2096//4638 2086//4617 2087//4619 
f 2069//4574 2070//4576 2071//4579 2067//4568 2066//4567 
f 2081//4603 2150//4729 2100//4647 2073//4583 
f 2150//4730 2149//4726 2099//4645 2100//4648 
f 2147//4721 2078//4595 2069//4573 2096//4637 
f 2148//4723 2147//4722 2096//4638 2097//4640 
f 2080//4600 2081//4604 2073//4584 2072//4581 
f 2078//4596 2079//4597 2070//4576 2069//4574 
f 2149//4727 2080//4601 2072//4582 2099//4646 
f 2079//4598 2148//4724 2097//4641 2070//4577 
f 2077//4593 2085//4613 2150//4729 2081//4603 
f 2085//4614 2084//4611 2149//4726 2150//4730 
f 2076//4591 2077//4594 2081//4604 2080//4600 
f 2082//4606 2074//4586 2078//4595 2147//4721 
f 2074//4587 2075//4589 2079//4597 2078//4596 
f 2083//4609 2082//4607 2147//4722 2148//4723 
f 2075//4589 2076//4591 2080//4600 2079//4597 
f 2079//4599 2080//4602 2149//4728 2148//4725 
f 2148//4723 2149//4726 2084//4611 2083//4609 
f 2083//4608 2084//4610 2076//4590 2075//4588 
f 2050//4535 2048//4531 2064//4560 2065//4563 
f 2049//4533 2047//4528 2063//4558 2064//4561 
f 2591//5650 2637//5760 2217//4885 2118//4688 
f 2058//4546 2040//4512 2118//4688 2217//4885 
f 2670//5835 2691//5895 2637//5760 2591//5650 
f 2606//5667 2604//5664 2140//4712 2144//4717 
f 2068//4570 2063//4557 2062//4555 2061//4553 2067//4569 
f 2060//4551 2059//4548 2066//4565 2067//4569 2061//4553 
f 2047//4528 2046//4525 2054//4541 2057//4544 2062//4556 2063//4558 
f 2057//4544 2054//4541 2052//4539 2056//4543 
f 2057//4544 2056//4543 2061//4554 2062//4556 
f 2056//4543 2055//4542 2060//4552 2061//4554 
f 2054//4541 2046//4525 2045//4522 2053//4540 2052//4539 
f 2055//4542 2051//4538 2044//4519 2042//4515 2059//4549 2060//4552 
f 2056//4543 2052//4539 2053//4540 2051//4538 2055//4542 
f 2053//4540 2045//4522 2044//4519 2051//4538 
f 2043//4517 2041//4513 2058//4547 2059//4550 
f 2125//4697 2118//4689 2041//4514 2043//4518 
f 2127//4699 2126//4698 2042//4516 2044//4520 
f 2129//4701 2128//4700 2044//4521 2045//4523 
f 2131//4703 2130//4702 2045//4524 2046//4526 
f 2133//4705 2132//4704 2046//4527 2047//4529 
f 2141//4713 2134//4706 2047//4530 2049//4534 
f 2143//4715 2142//4714 2048//4532 2050//4536 
f 2593//5653 2591//5651 2118//4690 2119//4691 
f 2599//5659 2598//5658 2124//4696 2135//4707 
f 2605//5665 2651//5776 2696//5910 2676//5852 
f 2675//5849 2602//5662 2605//5666 2676//5853 
f 2674//5846 2601//5661 2602//5662 2675//5849 
f 2672//5842 2596//5656 2601//5661 2674//5846 
f 2671//5838 2595//5655 2596//5656 2672//5842 
f 2670//5836 2592//5652 2595//5655 2671//5838 
f 2050//4537 2065//4564 2238//4909 2143//4716 
f 2144//4718 2238//4910 2651//5777 2606//5668 
f 2580//5617 2598//5658 2597//5657 2579//5614 
f 2184//4810 2124//4696 2598//5658 2580//5617 
f 2183//4807 2123//4695 2124//4696 2184//4810 
f 2579//5614 2597//5657 2123//4695 2183//4807 
f 2105//4661 2157//4747 2565//5572 2555//5542 
f 2578//5611 2597//5657 2596//5656 2577//5608 
f 2182//4804 2123//4695 2597//5657 2578//5611 
f 2181//4801 2122//4694 2123//4695 2182//4804 
f 2577//5608 2596//5656 2122//4694 2181//4801 
f 2104//4658 2156//4744 2564//5569 2554//5539 
f 2576//5605 2596//5656 2595//5655 2575//5602 
f 2180//4798 2122//4694 2596//5656 2576//5605 
f 2179//4795 2121//4693 2122//4694 2180//4798 
f 2575//5602 2595//5655 2121//4693 2179//4795 
f 2103//4655 2155//4741 2563//5566 2553//5536 
f 2574//5599 2595//5655 2594//5654 2573//5596 
f 2178//4792 2121//4693 2595//5655 2574//5599 
f 2177//4789 2120//4692 2121//4693 2178//4792 
f 2573//5596 2594//5654 2120//4692 2177//4789 
f 2102//4652 2154//4738 2562//5563 2552//5533 
f 2572//5593 2594//5654 2593//5653 2571//5590 
f 2176//4786 2120//4692 2594//5654 2572//5593 
f 2175//4783 2119//4691 2120//4692 2176//4786 
f 2571//5590 2593//5653 2119//4691 2175//4783 
f 2101//4649 2153//4735 2561//5560 2551//5530 
f 2185//4813 2135//4707 2136//4708 2186//4816 
f 2581//5620 2599//5659 2135//4707 2185//4813 
f 2582//5623 2600//5660 2599//5659 2581//5620 
f 2186//4816 2136//4708 2600//5660 2582//5623 
f 2566//5575 2556//5545 2106//4664 2158//4750 
f 2187//4819 2136//4708 2137//4709 2188//4822 
f 2583//5626 2600//5660 2136//4708 2187//4819 
f 2584//5629 2601//5661 2600//5660 2583//5626 
f 2188//4822 2137//4709 2601//5661 2584//5629 
f 2567//5578 2557//5548 2107//4667 2159//4753 
f 2189//4825 2137//4709 2138//4710 2190//4828 
f 2585//5632 2601//5661 2137//4709 2189//4825 
f 2586//5635 2602//5662 2601//5661 2585//5632 
f 2190//4828 2138//4710 2602//5662 2586//5635 
f 2568//5581 2558//5551 2108//4670 2160//4756 
f 2191//4831 2138//4710 2139//4711 2192//4834 
f 2587//5638 2602//5662 2138//4710 2191//4831 
f 2588//5641 2603//5663 2602//5662 2587//5638 
f 2192//4834 2139//4711 2603//5663 2588//5641 
f 2569//5584 2559//5554 2109//4673 2161//4759 
f 2193//4837 2139//4711 2140//4712 2194//4840 
f 2589//5644 2603//5663 2139//4711 2193//4837 
f 2590//5647 2604//5664 2603//5663 2589//5644 
f 2194//4840 2140//4712 2604//5664 2590//5647 
f 2570//5587 2560//5557 2110//4676 2162//4762 
f 2560//5558 2570//5588 2590//5648 2589//5645 
f 2570//5589 2162//4763 2194//4841 2590//5649 
f 2110//4677 2560//5559 2589//5646 2193//4838 
f 2162//4764 2110//4678 2193//4839 2194//4842 
f 2556//5546 2566//5576 2582//5624 2581//5621 
f 2566//5577 2158//4751 2186//4817 2582//5625 
f 2106//4665 2556//5547 2581//5622 2185//4814 
f 2158//4752 2106//4666 2185//4815 2186//4818 
f 2557//5549 2567//5579 2584//5630 2583//5627 
f 2567//5580 2159//4754 2188//4823 2584//5631 
f 2107//4668 2557//5550 2583//5628 2187//4820 
f 2159//4755 2107//4669 2187//4821 2188//4824 
f 2558//5552 2568//5582 2586//5636 2585//5633 
f 2568//5583 2160//4757 2190//4829 2586//5637 
f 2108//4671 2558//5553 2585//5634 2189//4826 
f 2160//4758 2108//4672 2189//4827 2190//4830 
f 2559//5555 2569//5585 2588//5642 2587//5639 
f 2569//5586 2161//4760 2192//4835 2588//5643 
f 2109//4674 2559//5556 2587//5640 2191//4832 
f 2161//4761 2109//4675 2191//4833 2192//4836 
f 2157//4748 2105//4662 2183//4808 2184//4811 
f 2105//4663 2555//5543 2579//5615 2183//4809 
f 2565//5573 2157//4749 2184//4812 2580//5618 
f 2555//5544 2565//5574 2580//5619 2579//5616 
f 2155//4742 2103//4656 2179//4796 2180//4799 
f 2103//4657 2553//5537 2575//5603 2179//4797 
f 2563//5567 2155//4743 2180//4800 2576//5606 
f 2553//5538 2563//5568 2576//5607 2575//5604 
f 2153//4736 2101//4650 2175//4784 2176//4787 
f 2101//4651 2551//5531 2571//5591 2175//4785 
f 2561//5561 2153//4737 2176//4788 2572//5594 
f 2551//5532 2561//5562 2572//5595 2571//5592 
f 2156//4745 2104//4659 2181//4802 2182//4805 
f 2104//4660 2554//5540 2577//5609 2181//4803 
f 2564//5570 2156//4746 2182//4806 2578//5612 
f 2554//5541 2564//5571 2578//5613 2577//5610 
f 2154//4739 2102//4653 2177//4790 2178//4793 
f 2102//4654 2552//5534 2573//5597 2177//4791 
f 2562//5564 2154//4740 2178//4794 2574//5600 
f 2552//5535 2562//5565 2574//5601 2573//5598 
f 2696//5911 2695//5907 2675//5850 2676//5854 
f 2708//5946 2707//5943 2703//5931 2704//5934 
f 2692//5898 2691//5896 2670//5837 2671//5839 
f 2694//5904 2693//5901 2673//5843 2674//5847 
f 2706//5940 2705//5937 2701//5925 2702//5928 
f 2691//5897 2692//5899 2693//5902 2694//5905 2695//5908 2696//5912 2651//5778 2637//5761 
f 2701//5926 2705//5938 2692//5900 2671//5840 
f 2702//5929 2701//5927 2671//5841 2673//5844 
f 2705//5939 2706//5941 2693//5902 2692//5899 
f 2706//5942 2702//5930 2673//5845 2693//5903 
f 2704//5935 2703//5932 2674//5846 2675//5849 
f 2708//5947 2704//5936 2675//5851 2695//5909 
f 2703//5933 2707//5944 2694//5906 2674//5848 
f 2707//5945 2708//5948 2695//5908 2694//5905 
f 2090//4625 2198//4849 2197//4847 2089//4623 
f 2092//4629 2202//4855 2198//4849 2090//4625 
f 2094//4633 2204//4859 2202//4855 2092//4629 
f 2111//4679 2210//4869 2204//4859 2094//4633 
f 2151//4731 2241//4915 2210//4869 2111//4679 
f 2165//4767 2247//4925 2241//4915 2151//4731 
f 2171//4777 2257//4945 2247//4926 2165//4768 
f 2195//4843 2292//5033 2257//4945 2171//4777 
f 2206//4863 2304//5055 2292//5033 2195//4843 
f 2225//4893 2322//5087 2304//5055 2206//4863 
f 2251//4935 2347//5142 2322//5087 2225//4893 
f 2262//4955 2377//5202 2347//5142 2251//4935 
f 2296//5041 2414//5286 2377//5202 2262//4955 
f 2308//5061 2485//5388 2414//5286 2296//5041 
f 2316//5077 2499//5418 2485//5389 2308//5062 
f 2341//5130 2521//5462 2499//5418 2316//5077 
f 2354//5156 2525//5470 2521//5462 2341//5130 
f 2364//5176 2529//5478 2525//5470 2354//5156 
f 2372//5192 2531//5482 2529//5478 2364//5176 
f 2374//5196 2533//5486 2531//5482 2372//5192 
f 2373//5194 2532//5484 2533//5486 2374//5196 
f 2365//5178 2530//5480 2532//5484 2373//5194 
f 2355//5158 2526//5472 2530//5480 2365//5178 
f 2342//5132 2522//5464 2526//5472 2355//5158 
f 2317//5079 2500//5420 2522//5464 2342//5132 
f 2309//5064 2486//5391 2500//5420 2317//5079 
f 2297//5043 2415//5288 2486//5392 2309//5065 
f 2263//4957 2378//5204 2415//5288 2297//5043 
f 2252//4937 2348//5144 2378//5204 2263//4957 
f 2229//4898 2325//5093 2348//5144 2252//4937 
f 2207//4865 2305//5057 2325//5093 2229//4898 
f 2196//4845 2293//5035 2305//5057 2207//4865 
f 2172//4779 2258//4947 2293//5035 2196//4845 
f 2166//4770 2248//4928 2258//4947 2172//4779 
f 2152//4733 2242//4917 2248//4929 2166//4771 
f 2112//4681 2211//4871 2242//4917 2152//4733 
f 2095//4635 2205//4861 2211//4871 2112//4681 
f 2093//4631 2203//4857 2205//4861 2095//4635 
f 2091//4627 2199//4851 2203//4857 2093//4631 
f 2089//4623 2197//4847 2199//4851 2091//4627 
f 2213//4875 2260//4951 2259//4949 2212//4873 
f 2215//4879 2264//4959 2260//4951 2213//4875 
f 2239//4911 2268//4967 2264//4959 2215//4879 
f 2243//4919 2294//5037 2268//4967 2239//4911 
f 2249//4931 2302//5051 2294//5037 2243//4919 
f 2253//4939 2312//5071 2302//5051 2249//4931 
f 2266//4963 2318//5081 2312//5071 2253//4939 
f 2298//5045 2343//5134 2318//5081 2266//4963 
f 2310//5067 2362//5172 2343//5134 2298//5045 
f 2323//5089 2381//5210 2362//5172 2310//5067 
f 2345//5138 2424//5306 2381//5210 2323//5089 
f 2368//5184 2489//5398 2424//5306 2345//5138 
f 2385//5218 2505//5430 2489//5398 2368//5184 
f 2418//5294 2523//5466 2505//5430 2385//5218 
f 2441//5340 2527//5474 2523//5466 2418//5294 
f 2493//5406 2534//5488 2527//5474 2441//5340 
f 2501//5422 2536//5492 2534//5488 2493//5406 
f 2511//5442 2538//5496 2536//5492 2501//5422 
f 2518//5456 2540//5500 2538//5496 2511//5442 
f 2520//5460 2542//5504 2540//5500 2518//5456 
f 2519//5458 2541//5502 2542//5504 2520//5460 
f 2512//5444 2539//5498 2541//5502 2519//5458 
f 2502//5424 2537//5494 2539//5498 2512//5444 
f 2494//5408 2535//5490 2537//5494 2502//5424 
f 2442//5342 2528//5476 2535//5490 2494//5408 
f 2419//5296 2524//5468 2528//5476 2442//5342 
f 2386//5220 2506//5432 2524//5468 2419//5296 
f 2369//5186 2490//5400 2506//5432 2386//5220 
f 2346//5140 2425//5308 2490//5400 2369//5186 
f 2324//5091 2384//5216 2425//5308 2346//5140 
f 2311//5069 2363//5174 2384//5216 2324//5091 
f 2299//5047 2344//5136 2363//5174 2311//5069 
f 2267//4965 2319//5083 2344//5136 2299//5047 
f 2254//4941 2313//5073 2319//5083 2267//4965 
f 2250//4933 2303//5053 2313//5073 2254//4941 
f 2244//4921 2295//5039 2303//5053 2250//4933 
f 2240//4913 2269//4969 2295//5039 2244//4921 
f 2216//4881 2265//4961 2269//4969 2240//4913 
f 2214//4877 2261//4953 2265//4961 2216//4881 
f 2212//4873 2259//4949 2261//4953 2214//4877 
f 2090//4626 2089//4624 2113//4683 2114//4684 
f 2089//4624 2091//4628 2115//4685 2113//4683 
f 2092//4630 2090//4626 2114//4684 2116//4686 
f 2094//4634 2092//4630 2116//4686 2145//4719 
f 2111//4680 2094//4634 2145//4719 2163//4765 
f 2151//4732 2111//4680 2163//4765 2167//4773 
f 2165//4769 2151//4732 2167//4773 2169//4775 
f 2171//4778 2165//4769 2169//4775 2173//4781 
f 2195//4844 2171//4778 2173//4781 2200//4853 
f 2206//4864 2195//4844 2200//4853 2208//4867 
f 2225//4894 2206//4864 2208//4867 2226//4895 
f 2251//4936 2225//4894 2226//4895 2245//4923 
f 2262//4956 2251//4936 2245//4923 2255//4943 
f 2296//5042 2262//4956 2255//4943 2270//4971 
f 2308//5063 2296//5042 2270//4971 2300//5049 
f 2316//5078 2308//5063 2300//5049 2306//5059 
f 2341//5131 2316//5078 2306//5059 2314//5075 
f 2354//5157 2341//5131 2314//5075 2320//5085 
f 2364//5177 2354//5157 2320//5085 2336//5125 
f 2372//5193 2364//5177 2336//5125 2338//5127 
f 2374//5197 2372//5193 2338//5127 2340//5129 
f 2373//5195 2374//5197 2340//5129 2339//5128 
f 2365//5179 2373//5195 2339//5128 2337//5126 
f 2355//5159 2365//5179 2337//5126 2321//5086 
f 2342//5133 2355//5159 2321//5086 2315//5076 
f 2317//5080 2342//5133 2315//5076 2307//5060 
f 2309//5066 2317//5080 2307//5060 2301//5050 
f 2297//5044 2309//5066 2301//5050 2271//4972 
f 2263//4958 2297//5044 2271//4972 2256//4944 
f 2252//4938 2263//4958 2256//4944 2246//4924 
f 2229//4899 2252//4938 2246//4924 2228//4897 
f 2207//4866 2229//4899 2228//4897 2209//4868 
f 2196//4846 2207//4866 2209//4868 2201//4854 
f 2172//4780 2196//4846 2201//4854 2174//4782 
f 2166//4772 2172//4780 2174//4782 2170//4776 
f 2152//4734 2166//4772 2170//4776 2168//4774 
f 2112//4682 2152//4734 2168//4774 2164//4766 
f 2095//4636 2112//4682 2164//4766 2146//4720 
f 2093//4632 2095//4636 2146//4720 2117//4687 
f 2091//4628 2093//4632 2117//4687 2115//4685 
f 2197//4848 2198//4850 2213//4876 2212//4874 
f 2199//4852 2197//4848 2212//4874 2214//4878 
f 2198//4850 2202//4856 2215//4880 2213//4876 
f 2202//4856 2204//4860 2239//4912 2215//4880 
f 2204//4860 2210//4870 2243//4920 2239//4912 
f 2210//4870 2241//4916 2249//4932 2243//4920 
f 2241//4916 2247//4927 2253//4940 2249//4932 
f 2247//4927 2257//4946 2266//4964 2253//4940 
f 2257//4946 2292//5034 2298//5046 2266//4964 
f 2292//5034 2304//5056 2310//5068 2298//5046 
f 2304//5056 2322//5088 2323//5090 2310//5068 
f 2322//5088 2347//5143 2345//5139 2323//5090 
f 2347//5143 2377//5203 2368//5185 2345//5139 
f 2377//5203 2414//5287 2385//5219 2368//5185 
f 2414//5287 2485//5390 2418//5295 2385//5219 
f 2485//5390 2499//5419 2441//5341 2418//5295 
f 2499//5419 2521//5463 2493//5407 2441//5341 
f 2521//5463 2525//5471 2501//5423 2493//5407 
f 2525//5471 2529//5479 2511//5443 2501//5423 
f 2529//5479 2531//5483 2518//5457 2511//5443 
f 2531//5483 2533//5487 2520//5461 2518//5457 
f 2533//5487 2532//5485 2519//5459 2520//5461 
f 2532//5485 2530//5481 2512//5445 2519//5459 
f 2530//5481 2526//5473 2502//5425 2512//5445 
f 2526//5473 2522//5465 2494//5409 2502//5425 
f 2522//5465 2500//5421 2442//5343 2494//5409 
f 2500//5421 2486//5393 2419//5297 2442//5343 
f 2486//5393 2415//5289 2386//5221 2419//5297 
f 2415//5289 2378//5205 2369//5187 2386//5221 
f 2378//5205 2348//5145 2346//5141 2369//5187 
f 2348//5145 2325//5094 2324//5092 2346//5141 
f 2325//5094 2305//5058 2311//5070 2324//5092 
f 2305//5058 2293//5036 2299//5048 2311//5070 
f 2293//5036 2258//4948 2267//4966 2299//5048 
f 2258//4948 2248//4930 2254//4942 2267//4966 
f 2248//4930 2242//4918 2250//4934 2254//4942 
f 2242//4918 2211//4872 2244//4922 2250//4934 
f 2211//4872 2205//4862 2240//4914 2244//4922 
f 2205//4862 2203//4858 2216//4882 2240//4914 
f 2203//4858 2199//4852 2214//4878 2216//4882 
f 2350//5148 2349//5146 2259//4950 2260//4952 
f 2349//5146 2351//5150 2261//4954 2259//4950 
f 2352//5152 2350//5148 2260//4952 2264//4960 
f 2356//5160 2352//5152 2264//4960 2268//4968 
f 2358//5164 2356//5160 2268//4968 2294//5038 
f 2360//5168 2358//5164 2294//5038 2302//5052 
f 2366//5180 2360//5168 2302//5052 2312//5072 
f 2370//5188 2366//5180 2312//5072 2318//5082 
f 2375//5198 2370//5188 2318//5082 2343//5135 
f 2379//5206 2375//5198 2343//5135 2362//5173 
f 2382//5212 2379//5206 2362//5173 2381//5211 
f 2392//5232 2382//5212 2381//5211 2424//5307 
f 2408//5274 2392//5232 2424//5307 2489//5399 
f 2412//5282 2408//5274 2489//5399 2505//5431 
f 2420//5298 2412//5282 2505//5431 2523//5467 
f 2426//5310 2420//5298 2523//5467 2527//5475 
f 2430//5318 2426//5310 2527//5475 2534//5489 
f 2432//5322 2430//5318 2534//5489 2536//5493 
f 2436//5330 2432//5322 2536//5493 2538//5497 
f 2438//5334 2436//5330 2538//5497 2540//5501 
f 2440//5338 2438//5334 2540//5501 2542//5505 
f 2439//5336 2440//5338 2542//5505 2541//5503 
f 2437//5332 2439//5336 2541//5503 2539//5499 
f 2433//5324 2437//5332 2539//5499 2537//5495 
f 2431//5320 2433//5324 2537//5495 2535//5491 
f 2427//5312 2431//5320 2535//5491 2528//5477 
f 2421//5300 2427//5312 2528//5477 2524//5469 
f 2413//5284 2421//5300 2524//5469 2506//5433 
f 2409//5276 2413//5284 2506//5433 2490//5401 
f 2393//5234 2409//5276 2490//5401 2425//5309 
f 2383//5214 2393//5234 2425//5309 2384//5217 
f 2380//5208 2383//5214 2384//5217 2363//5175 
f 2376//5200 2380//5208 2363//5175 2344//5137 
f 2371//5190 2376//5200 2344//5137 2319//5084 
f 2367//5182 2371//5190 2319//5084 2313//5074 
f 2361//5170 2367//5182 2313//5074 2303//5054 
f 2359//5166 2361//5170 2303//5054 2295//5040 
f 2357//5162 2359//5166 2295//5040 2269//4970 
f 2353//5154 2357//5162 2269//4970 2265//4962 
f 2351//5150 2353//5154 2265//4962 2261//4954 
f 2388//5224 2387//5222 2349//5147 2350//5149 
f 2387//5222 2389//5226 2351//5151 2349//5147 
f 2390//5228 2388//5224 2350//5149 2352//5153 
f 2389//5226 2391//5230 2353//5155 2351//5151 
f 2394//5236 2390//5228 2352//5153 2356//5161 
f 2406//5270 2394//5236 2356//5161 2358//5165 
f 2410//5278 2406//5270 2358//5165 2360//5169 
f 2416//5290 2410//5278 2360//5169 2366//5181 
f 2422//5302 2416//5290 2366//5181 2370//5189 
f 2428//5314 2422//5302 2370//5189 2375//5199 
f 2434//5326 2428//5314 2375//5199 2379//5207 
f 2443//5344 2434//5326 2379//5207 2382//5213 
f 2487//5394 2443//5344 2382//5213 2392//5233 
f 2491//5402 2487//5394 2392//5233 2408//5275 
f 2495//5410 2491//5402 2408//5275 2412//5283 
f 2497//5414 2495//5410 2412//5283 2420//5299 
f 2503//5426 2497//5414 2420//5299 2426//5311 
f 2507//5434 2503//5426 2426//5311 2430//5319 
f 2509//5438 2507//5434 2430//5319 2432//5323 
f 2513//5446 2509//5438 2432//5323 2436//5331 
f 2515//5450 2513//5446 2436//5331 2438//5335 
f 2517//5454 2515//5450 2438//5335 2440//5339 
f 2516//5452 2517//5454 2440//5339 2439//5337 
f 2514//5448 2516//5452 2439//5337 2437//5333 
f 2510//5440 2514//5448 2437//5333 2433//5325 
f 2508//5436 2510//5440 2433//5325 2431//5321 
f 2504//5428 2508//5436 2431//5321 2427//5313 
f 2498//5416 2504//5428 2427//5313 2421//5301 
f 2496//5412 2498//5416 2421//5301 2413//5285 
f 2492//5404 2496//5412 2413//5285 2409//5277 
f 2488//5396 2492//5404 2409//5277 2393//5235 
f 2484//5386 2488//5396 2393//5235 2383//5215 
f 2435//5328 2484//5386 2383//5215 2380//5209 
f 2429//5316 2435//5328 2380//5209 2376//5201 
f 2423//5304 2429//5316 2376//5201 2371//5191 
f 2417//5292 2423//5304 2371//5191 2367//5183 
f 2411//5280 2417//5292 2367//5183 2361//5171 
f 2407//5272 2411//5280 2361//5171 2359//5167 
f 2395//5238 2407//5272 2359//5167 2357//5163 
f 2391//5230 2395//5238 2357//5163 2353//5155 
f 2445//5347 2444//5346 2387//5223 2388//5225 
f 2444//5346 2446//5348 2389//5227 2387//5223 
f 2447//5349 2445//5347 2388//5225 2390//5229 
f 2446//5348 2448//5350 2391//5231 2389//5227 
f 2449//5351 2447//5349 2390//5229 2394//5237 
f 2448//5350 2450//5352 2395//5239 2391//5231 
f 2451//5353 2449//5351 2394//5237 2406//5271 
f 2452//5354 2451//5353 2406//5271 2410//5279 
f 2453//5355 2452//5354 2410//5279 2416//5291 
f 2454//5356 2453//5355 2416//5291 2422//5303 
f 2455//5357 2454//5356 2422//5303 2428//5315 
f 2456//5358 2455//5357 2428//5315 2434//5327 
f 2457//5359 2456//5358 2434//5327 2443//5345 
f 2458//5360 2457//5359 2443//5345 2487//5395 
f 2459//5361 2458//5360 2487//5395 2491//5403 
f 2460//5362 2459//5361 2491//5403 2495//5411 
f 2461//5363 2460//5362 2495//5411 2497//5415 
f 2462//5364 2461//5363 2497//5415 2503//5427 
f 2463//5365 2462//5364 2503//5427 2507//5435 
f 2464//5366 2463//5365 2507//5435 2509//5439 
f 2465//5367 2464//5366 2509//5439 2513//5447 
f 2466//5368 2465//5367 2513//5447 2515//5451 
f 2467//5369 2466//5368 2515//5451 2517//5455 
f 2468//5370 2467//5369 2517//5455 2516//5453 
f 2469//5371 2468//5370 2516//5453 2514//5449 
f 2470//5372 2469//5371 2514//5449 2510//5441 
f 2471//5373 2470//5372 2510//5441 2508//5437 
f 2472//5374 2471//5373 2508//5437 2504//5429 
f 2473//5375 2472//5374 2504//5429 2498//5417 
f 2474//5376 2473//5375 2498//5417 2496//5413 
f 2475//5377 2474//5376 2496//5413 2492//5405 
f 2476//5378 2475//5377 2492//5405 2488//5397 
f 2477//5379 2476//5378 2488//5397 2484//5387 
f 2478//5380 2477//5379 2484//5387 2435//5329 
f 2479//5381 2478//5380 2435//5329 2429//5317 
f 2480//5382 2479//5381 2429//5317 2423//5305 
f 2481//5383 2480//5382 2423//5305 2417//5293 
f 2482//5384 2481//5383 2417//5293 2411//5281 
f 2483//5385 2482//5384 2411//5281 2407//5273 
f 2450//5352 2483//5385 2407//5273 2395//5239 
f 684//1482 685//1485 683//1479 682//1476 
f 23//67 34//99 684//1483 682//1477 
f 45//130 25//72 683//1480 675//1453 
f 675//1453 683//1480 685//1486 681//1473 
f 681//1473 685//1486 36//104 51//150 
f 681//1474 51//151 50//147 680//1470 
f 45//131 675//1454 674//1450 44//127 
f 50//148 48//140 678//1463 680//1471 
f 49//144 47//137 677//1460 679//1467 
f 46//133 44//128 674//1451 676//1456 
f 51//152 45//132 44//129 46//134 48//141 50//149 
f 675//1455 681//1475 680//1472 678//1464 676//1457 674//1452 
f 678//1465 48//142 49//145 679//1468 
f 48//143 46//135 47//138 49//146 
f 676//1458 678//1466 679//1469 677//1461 
f 46//136 676//1459 677//1462 47//139 
f 34//100 35//102 36//105 685//1487 684//1484 
f 682//1478 683//1481 25//73 24//70 23//68 
f 33//96 36//106 35//103 32//93 
f 3//7 4//10 16//46 15//43 
f 24//71 25//74 27//78 26//75 
f 51//150 36//104 33//97 31//90 29//84 27//79 25//72 45//130 
f 23//69 24//71 26//75 28//81 30//87 32//93 35//103 34//101 
f 1//1 2//4 14//40 13//37 
f 29//85 31//91 30//87 28//81 
f 26//76 27//80 1//2 13//38 
f 27//79 29//84 2//5 1//3 
f 28//82 26//77 13//39 14//41 
f 29//86 28//83 14//42 2//6 
f 33//98 32//94 16//47 4//11 
f 31//90 33//97 4//12 3//8 
f 32//95 30//88 15//44 16//48 
f 30//89 31//92 3//9 15//45 
f 166//441 76//199 75//198 165//438 
f 165//438 75//198 495//1075 169//450 
f 170//453 496//1076 76//199 166//441 
f 164//435 163//432 167//444 168//447 
f 169//451 170//454 168//448 167//445 
f 170//455 166//442 164//436 168//449 
f 165//439 169//452 167//446 163//433 
f 166//443 165//440 163//434 164//437 
f 75//198 74//197 494//1074 495//1075 
f 69//192 68//191 481//1059 489//1069 
f 63//186 62//183 475//1051 476//1054 
f 96//260 68//191 67//190 95//257 
f 95//257 67//190 480//1058 430//953 
f 430//953 480//1058 481//1059 431//956 
f 431//956 481//1059 68//191 96//260 
f 81//215 56//165 312//704 382//849 
f 94//254 67//190 66//189 93//251 
f 93//251 66//189 479//1057 428//947 
f 428//947 479//1057 480//1058 429//950 
f 429//950 480//1058 67//190 94//254 
f 80//212 55//162 311//701 381//846 
f 92//248 66//189 65//188 91//245 
f 91//245 65//188 478//1056 426//941 
f 426//941 478//1056 479//1057 427//944 
f 427//944 479//1057 66//189 92//248 
f 79//209 54//159 310//698 380//843 
f 90//242 65//188 64//187 89//239 
f 89//239 64//187 477//1055 424//935 
f 424//935 477//1055 478//1056 425//938 
f 425//938 478//1056 65//188 90//242 
f 78//206 53//156 309//695 379//840 
f 88//236 64//187 63//186 87//233 
f 87//233 63//186 476//1054 422//929 
f 422//929 476//1054 477//1055 423//932 
f 423//932 477//1055 64//187 88//236 
f 77//203 52//153 308//692 378//837 
f 430//954 431//957 382//850 312//705 
f 431//958 96//261 81//216 382//851 
f 95//258 430//955 312//706 56//166 
f 96//262 95//259 56//167 81//217 
f 428//948 429//951 381//847 311//702 
f 429//952 94//255 80//213 381//848 
f 93//252 428//949 311//703 55//163 
f 94//256 93//253 55//164 80//214 
f 426//942 427//945 380//844 310//699 
f 427//946 92//249 79//210 380//845 
f 91//246 426//943 310//700 54//160 
f 92//250 91//247 54//161 79//211 
f 424//936 425//939 379//841 309//696 
f 425//940 90//243 78//207 379//842 
f 89//240 424//937 309//697 53//157 
f 90//244 89//241 53//158 78//208 
f 422//930 423//933 378//838 308//693 
f 423//934 88//237 77//204 378//839 
f 87//234 422//931 308//694 52//154 
f 88//238 87//235 52//155 77//205 
f 106//290 74//197 73//196 105//287 
f 105//287 73//196 493//1073 440//983 
f 440//983 493//1073 494//1074 441//986 
f 441//986 494//1074 74//197 106//290 
f 86//230 61//180 317//719 387//864 
f 438//977 492//1072 493//1073 439//980 
f 439//980 493//1073 73//196 104//284 
f 104//284 73//196 72//195 103//281 
f 103//281 72//195 492//1072 438//977 
f 316//716 386//861 85//227 60//177 
f 102//278 72//195 71//194 101//275 
f 101//275 71//194 491//1071 436//971 
f 436//971 491//1071 492//1072 437//974 
f 437//974 492//1072 72//195 102//278 
f 84//224 59//174 315//713 385//858 
f 434//965 490//1070 491//1071 435//968 
f 435//968 491//1071 71//194 100//272 
f 100//272 71//194 70//193 99//269 
f 99//269 70//193 490//1070 434//965 
f 314//710 384//855 83//221 58//171 
f 98//266 70//193 69//192 97//263 
f 97//263 69//192 489//1069 432//959 
f 432//959 489//1069 490//1070 433//962 
f 433//962 490//1070 70//193 98//266 
f 82//218 57//168 313//707 383//852 
f 440//984 441//987 387//865 317//720 
f 441//988 106//291 86//231 387//866 
f 105//288 440//985 317//721 61//181 
f 106//292 105//289 61//182 86//232 
f 438//978 439//981 386//862 316//717 
f 103//282 438//979 316//718 60//178 
f 439//982 104//285 85//228 386//863 
f 104//286 103//283 60//179 85//229 
f 436//972 437//975 385//859 315//714 
f 437//976 102//279 84//225 385//860 
f 101//276 436//973 315//715 59//175 
f 102//280 101//277 59//176 84//226 
f 434//966 435//969 384//856 314//711 
f 99//270 434//967 314//712 58//172 
f 435//970 100//273 83//222 384//857 
f 100//274 99//271 58//173 83//223 
f 432//960 433//963 383//853 313//708 
f 433//964 98//267 82//219 383//854 
f 97//264 432//961 313//709 57//169 
f 98//268 97//265 57//170 82//220 
f 169//450 495//1075 496//1076 170//453 
f 654//1411 655//1414 496//1076 495//1075 
f 654//1411 495//1075 488//1068 627//1344 647//1394 653//1409 
f 488//1068 485//1064 626//1342 627//1344 
f 626//1342 485//1064 482//1060 625//1339 
f 482//1060 475//1052 648//1397 649//1400 645//1389 625//1339 
f 647//1395 627//1345 617//1323 644//1387 
f 625//1340 645//1390 640//1377 613//1313 
f 615//1318 642//1382 643//1384 616//1320 
f 638//1372 639//1374 631//1354 630//1352 
f 627//1346 626//1343 615//1319 616//1321 617//1324 
f 646//1392 647//1396 644//1388 643//1385 642//1383 
f 642//1382 615//1318 614//1315 641//1379 
f 629//1350 628//1347 636//1367 637//1370 
f 626//1343 625//1341 613//1314 614//1316 615//1319 
f 645//1391 646//1392 642//1383 641//1380 640//1378 
f 644//1387 617//1323 566//1239 635//1365 
f 617//1324 616//1321 565//1236 566//1240 
f 613//1313 640//1377 632//1357 563//1231 
f 614//1316 613//1314 563//1232 564//1233 
f 643//1385 644//1388 635//1366 634//1362 
f 640//1378 641//1380 633//1359 632//1358 
f 616//1322 643//1386 634//1363 565//1237 
f 641//1381 614//1317 564//1234 633//1360 
f 635//1365 566//1239 631//1355 639//1375 
f 566//1240 565//1236 630//1353 631//1356 
f 634//1362 635//1366 639//1376 638//1373 
f 563//1231 632//1357 636//1368 628//1348 
f 632//1358 633//1359 637//1371 636//1369 
f 564//1233 563//1232 628//1349 629//1351 
f 633//1359 634//1362 638//1373 637//1371 
f 564//1235 565//1238 634//1364 633//1361 
f 629//1351 630//1353 565//1236 564//1233 
f 637//1370 638//1372 630//1352 629//1350 
f 655//1415 654//1412 671//1443 673//1447 
f 654//1413 653//1410 670//1440 672//1445 
f 569//1243 475//1053 62//184 107//293 
f 475//1053 569//1243 663//1424 648//1398 
f 107//293 62//184 17//49 37//107 
f 595//1272 591//1267 120//307 122//310 
f 646//1393 651//1405 652//1407 653//1409 647//1394 
f 651//1405 646//1393 645//1389 649//1400 650//1403 
f 653//1410 652//1408 658//1419 662//1423 669//1437 670//1440 
f 657//1418 660//1421 662//1423 658//1419 
f 652//1408 651//1406 657//1418 658//1419 
f 651//1406 650//1404 656//1417 657//1418 
f 660//1421 661//1422 668//1434 669//1437 662//1423 
f 650//1404 649//1401 665//1427 667//1431 659//1420 656//1417 
f 656//1417 659//1420 661//1422 660//1421 657//1418 
f 659//1420 667//1431 668//1434 661//1422 
f 649//1402 648//1399 664//1425 666//1429 
f 666//1430 664//1426 569//1244 576//1252 
f 667//1432 665//1428 577//1253 578//1254 
f 668//1435 667//1433 579//1255 580//1256 
f 669//1438 668//1436 581//1257 582//1258 
f 670//1441 669//1439 583//1259 584//1260 
f 672//1446 670//1442 585//1261 592//1268 
f 673//1448 671//1444 593//1269 594//1270 
f 570//1246 569//1245 107//294 109//296 
f 586//1262 575//1251 114//301 115//302 
f 43//124 22//64 76//200 121//308 
f 43//125 121//309 118//305 42//121 
f 42//121 118//305 117//304 41//118 
f 41//118 117//304 112//299 39//114 
f 39//114 112//299 111//298 38//110 
f 38//110 111//298 108//295 37//108 
f 594//1271 496//1077 655//1416 673//1449 
f 122//311 76//201 496//1078 595//1273 
f 131//336 113//300 114//301 132//339 
f 132//339 114//301 575//1251 528//1146 
f 528//1146 575//1251 574//1250 527//1143 
f 527//1143 574//1250 113//300 131//336 
f 157//414 147//384 555//1209 607//1295 
f 129//330 112//299 113//300 130//333 
f 130//333 113//300 574//1250 526//1140 
f 526//1140 574//1250 573//1249 525//1137 
f 525//1137 573//1249 112//299 129//330 
f 156//411 146//381 554//1206 606//1292 
f 127//324 111//298 112//299 128//327 
f 128//327 112//299 573//1249 524//1134 
f 524//1134 573//1249 572//1248 523//1131 
f 523//1131 572//1248 111//298 127//324 
f 155//408 145//378 553//1203 605//1289 
f 125//318 110//297 111//298 126//321 
f 126//321 111//298 572//1248 522//1128 
f 522//1128 572//1248 571//1247 521//1125 
f 521//1125 571//1247 110//297 125//318 
f 154//405 144//375 552//1200 604//1286 
f 123//312 109//296 110//297 124//315 
f 124//315 110//297 571//1247 520//1122 
f 520//1122 571//1247 570//1246 519//1119 
f 519//1119 570//1246 109//296 123//312 
f 153//402 143//372 551//1197 603//1283 
f 530//1152 587//1263 586//1262 529//1149 
f 529//1149 586//1262 115//302 133//342 
f 133//342 115//302 116//303 134//345 
f 134//345 116//303 587//1263 530//1152 
f 556//1212 608//1298 158//417 148//387 
f 532//1158 588//1264 587//1263 531//1155 
f 531//1155 587//1263 116//303 135//348 
f 135//348 116//303 117//304 136//351 
f 136//351 117//304 588//1264 532//1158 
f 557//1215 609//1301 159//420 149//390 
f 534//1164 589//1265 588//1264 533//1161 
f 533//1161 588//1264 117//304 137//354 
f 137//354 117//304 118//305 138//357 
f 138//357 118//305 589//1265 534//1164 
f 558//1218 610//1304 160//423 150//393 
f 536//1170 590//1266 589//1265 535//1167 
f 535//1167 589//1265 118//305 139//360 
f 139//360 118//305 119//306 140//363 
f 140//363 119//306 590//1266 536//1170 
f 559//1221 611//1307 161//426 151//396 
f 538//1176 591//1267 590//1266 537//1173 
f 537//1173 590//1266 119//306 141//366 
f 141//366 119//306 120//307 142//369 
f 142//369 120//307 591//1267 538//1176 
f 560//1224 612//1310 162//429 152//399 
f 141//367 142//370 152//400 162//430 
f 142//371 538//1177 560//1225 152//401 
f 537//1174 141//368 162//431 612//1311 
f 538//1178 537//1175 612//1312 560//1226 
f 133//343 134//346 148//388 158//418 
f 134//347 530//1153 556//1213 148//389 
f 529//1150 133//344 158//419 608//1299 
f 530//1154 529//1151 608//1300 556//1214 
f 135//349 136//352 149//391 159//421 
f 136//353 532//1159 557//1216 149//392 
f 531//1156 135//350 159//422 609//1302 
f 532//1160 531//1157 609//1303 557//1217 
f 137//355 138//358 150//394 160//424 
f 138//359 534//1165 558//1219 150//395 
f 533//1162 137//356 160//425 610//1305 
f 534//1166 533//1163 610//1306 558//1220 
f 139//361 140//364 151//397 161//427 
f 140//365 536//1171 559//1222 151//398 
f 535//1168 139//362 161//428 611//1308 
f 536//1172 535//1169 611//1309 559//1223 
f 528//1147 527//1144 607//1296 555//1210 
f 527//1145 131//337 157//415 607//1297 
f 132//340 528//1148 555//1211 147//385 
f 131//338 132//341 147//386 157//416 
f 524//1135 523//1132 605//1290 553//1204 
f 523//1133 127//325 155//409 605//1291 
f 128//328 524//1136 553//1205 145//379 
f 127//326 128//329 145//380 155//410 
f 520//1123 519//1120 603//1284 551//1198 
f 519//1121 123//313 153//403 603//1285 
f 124//316 520//1124 551//1199 143//373 
f 123//314 124//317 143//374 153//404 
f 526//1141 525//1138 606//1293 554//1207 
f 525//1139 129//331 156//412 606//1294 
f 130//334 526//1142 554//1208 146//382 
f 129//332 130//335 146//383 156//413 
f 522//1129 521//1126 604//1287 552//1201 
f 521//1127 125//319 154//406 604//1288 
f 126//322 522//1130 552//1202 144//376 
f 125//320 126//323 144//377 154//407 
f 43//126 42//122 21//61 22//65 
f 12//34 11//31 7//19 8//22 
f 38//111 37//109 17//50 18//52 
f 41//119 40//115 19//55 20//58 
f 10//28 9//25 5//13 6//16 
f 62//185 76//202 22//66 21//62 20//59 19//56 18//53 17//51 
f 38//112 18//54 5//14 9//26 
f 40//116 38//113 9//27 10//29 
f 18//53 19//56 6//17 5//15 
f 19//57 40//117 10//30 6//18 
f 42//121 41//118 11//32 12//35 
f 21//63 42//123 12//36 8//23 
f 41//120 20//60 7//20 11//33 
f 20//59 21//62 8//24 7//21 
f 624//1337 516//1113 514//1109 622//1333 
f 622//1333 514//1109 510//1103 620//1329 
f 620//1329 510//1103 508//1099 618//1325 
f 618//1325 508//1099 502//1089 601//1279 
f 601//1279 502//1089 471//1043 561//1227 
f 561//1227 471//1043 465//1031 547//1189 
f 547//1190 465//1032 455//1013 541//1181 
f 541//1181 455//1013 420//925 517//1115 
f 517//1115 420//925 408//903 506//1095 
f 506//1095 408//903 388//867 483//1061 
f 483//1061 388//867 365//816 461//1023 
f 461//1023 365//816 335//756 450//1003 
f 450//1003 335//756 298//672 416//917 
f 416//917 298//672 227//568 404//895 
f 404//896 227//569 213//540 396//881 
f 396//881 213//540 191//496 371//828 
f 371//828 191//496 187//488 358//802 
f 358//802 187//488 183//480 348//782 
f 348//782 183//480 181//476 340//766 
f 340//766 181//476 180//474 339//764 
f 339//764 180//474 182//478 341//768 
f 341//768 182//478 184//482 349//784 
f 349//784 184//482 188//490 359//804 
f 359//804 188//490 192//498 372//830 
f 372//830 192//498 214//542 397//883 
f 397//883 214//542 228//571 405//898 
f 405//899 228//572 299//674 417//919 
f 417//919 299//674 336//758 451//1005 
f 451//1005 336//758 366//818 462//1025 
f 462//1025 366//818 391//873 487//1066 
f 487//1066 391//873 409//905 507//1097 
f 507//1097 409//905 421//927 518//1117 
f 518//1117 421//927 456//1015 542//1183 
f 542//1183 456//1015 466//1034 548//1192 
f 548//1193 466//1035 472//1045 562//1229 
f 562//1229 472//1045 503//1091 602//1281 
f 602//1281 503//1091 509//1101 619//1327 
f 619//1327 509//1101 511//1105 621//1331 
f 621//1331 511//1105 515//1111 623//1335 
f 623//1335 515//1111 516//1113 624//1337 
f 501//1087 454//1011 452//1007 499//1083 
f 499//1083 452//1007 448//999 497//1079 
f 497//1079 448//999 444//991 473//1047 
f 473//1047 444//991 418//921 469//1039 
f 469//1039 418//921 410//907 463//1027 
f 463//1027 410//907 400//887 459//1019 
f 459//1019 400//887 394//877 446//995 
f 446//995 394//877 369//824 414//913 
f 414//913 369//824 350//786 402//891 
f 402//891 350//786 329//744 389//869 
f 389//869 329//744 288//652 367//820 
f 367//820 288//652 223//560 344//774 
f 344//774 223//560 207//528 327//740 
f 327//740 207//528 189//492 294//664 
f 294//664 189//492 185//484 271//618 
f 271//618 185//484 178//470 219//552 
f 219//552 178//470 176//466 211//536 
f 211//536 176//466 174//462 201//516 
f 201//516 174//462 172//458 194//502 
f 194//502 172//458 171//456 193//500 
f 193//500 171//456 173//460 195//504 
f 195//504 173//460 175//464 202//518 
f 202//518 175//464 177//468 212//538 
f 212//538 177//468 179//472 220//554 
f 220//554 179//472 186//486 272//620 
f 272//620 186//486 190//494 295//666 
f 295//666 190//494 208//530 328//742 
f 328//742 208//530 224//562 345//776 
f 345//776 224//562 289//654 368//822 
f 368//822 289//654 332//750 390//871 
f 390//871 332//750 351//788 403//893 
f 403//893 351//788 370//826 415//915 
f 415//915 370//826 395//879 447//997 
f 447//997 395//879 401//889 460//1021 
f 460//1021 401//889 411//909 464//1029 
f 464//1029 411//909 419//923 470//1041 
f 470//1041 419//923 445//993 474//1049 
f 474//1049 445//993 449//1001 498//1081 
f 498//1081 449//1001 453//1009 500//1085 
f 500//1085 453//1009 454//1011 501//1087 
f 598//1276 600//1278 624//1338 622//1334 
f 600//1278 599//1277 623//1336 624//1338 
f 596//1274 598//1276 622//1334 620//1330 
f 567//1241 596//1274 620//1330 618//1326 
f 549//1195 567//1241 618//1326 601//1280 
f 545//1187 549//1195 601//1280 561//1228 
f 543//1185 545//1187 561//1228 547//1191 
f 539//1179 543//1185 547//1191 541//1182 
f 512//1107 539//1179 541//1182 517//1116 
f 504//1093 512//1107 517//1116 506//1096 
f 484//1063 504//1093 506//1096 483//1062 
f 467//1037 484//1063 483//1062 461//1024 
f 457//1017 467//1037 461//1024 450//1004 
f 442//989 457//1017 450//1004 416//918 
f 412//911 442//989 416//918 404//897 
f 406//901 412//911 404//897 396//882 
f 398//885 406//901 396//882 371//829 
f 392//875 398//885 371//829 358//803 
f 376//835 392//875 358//803 348//783 
f 374//833 376//835 348//783 340//767 
f 373//832 374//833 340//767 339//765 
f 375//834 373//832 339//765 341//769 
f 377//836 375//834 341//769 349//785 
f 393//876 377//836 349//785 359//805 
f 399//886 393//876 359//805 372//831 
f 407//902 399//886 372//831 397//884 
f 413//912 407//902 397//884 405//900 
f 443//990 413//912 405//900 417//920 
f 458//1018 443//990 417//920 451//1006 
f 468//1038 458//1018 451//1006 462//1026 
f 486//1065 468//1038 462//1026 487//1067 
f 505//1094 486//1065 487//1067 507//1098 
f 513//1108 505//1094 507//1098 518//1118 
f 540//1180 513//1108 518//1118 542//1184 
f 544//1186 540//1180 542//1184 548//1194 
f 546//1188 544//1186 548//1194 562//1230 
f 550//1196 546//1188 562//1230 602//1282 
f 568//1242 550//1196 602//1282 619//1328 
f 597//1275 568//1242 619//1328 621//1332 
f 599//1277 597//1275 621//1332 623//1336 
f 501//1088 499//1084 514//1110 516//1114 
f 500//1086 501//1088 516//1114 515//1112 
f 499//1084 497//1080 510//1104 514//1110 
f 497//1080 473//1048 508//1100 510//1104 
f 473//1048 469//1040 502//1090 508//1100 
f 469//1040 463//1028 471//1044 502//1090 
f 463//1028 459//1020 465//1033 471//1044 
f 459//1020 446//996 455//1014 465//1033 
f 446//996 414//914 420//926 455//1014 
f 414//914 402//892 408//904 420//926 
f 402//892 389//870 388//868 408//904 
f 389//870 367//821 365//817 388//868 
f 367//821 344//775 335//757 365//817 
f 344//775 327//741 298//673 335//757 
f 327//741 294//665 227//570 298//673 
f 294//665 271//619 213//541 227//570 
f 271//619 219//553 191//497 213//541 
f 219//553 211//537 187//489 191//497 
f 211//537 201//517 183//481 187//489 
f 201//517 194//503 181//477 183//481 
f 194//503 193//501 180//475 181//477 
f 193//501 195//505 182//479 180//475 
f 195//505 202//519 184//483 182//479 
f 202//519 212//539 188//491 184//483 
f 212//539 220//555 192//499 188//491 
f 220//555 272//621 214//543 192//499 
f 272//621 295//667 228//573 214//543 
f 295//667 328//743 299//675 228//573 
f 328//743 345//777 336//759 299//675 
f 345//777 368//823 366//819 336//759 
f 368//823 390//872 391//874 366//819 
f 390//872 403//894 409//906 391//874 
f 403//894 415//916 421//928 409//906 
f 415//916 447//998 456//1016 421//928 
f 447//998 460//1022 466//1036 456//1016 
f 460//1022 464//1030 472//1046 466//1036 
f 464//1030 470//1042 503//1092 472//1046 
f 470//1042 474//1050 509//1102 503//1092 
f 474//1050 498//1082 511//1106 509//1102 
f 498//1082 500//1086 515//1112 511//1106 
f 452//1008 454//1012 364//814 362//810 
f 454//1012 453//1010 363//812 364//814 
f 448//1000 452//1008 362//810 360//806 
f 444//992 448//1000 360//806 356//798 
f 418//922 444//992 356//798 354//794 
f 410//908 418//922 354//794 352//790 
f 400//888 410//908 352//790 346//778 
f 394//878 400//888 346//778 342//770 
f 369//825 394//878 342//770 337//760 
f 350//787 369//825 337//760 333//752 
f 329//745 350//787 333//752 330//746 
f 288//653 329//745 330//746 320//726 
f 223//561 288//653 320//726 304//684 
f 207//529 223//561 304//684 300//676 
f 189//493 207//529 300//676 292//660 
f 185//485 189//493 292//660 286//648 
f 178//471 185//485 286//648 282//640 
f 176//467 178//471 282//640 280//636 
f 174//463 176//467 280//636 276//628 
f 172//459 174//463 276//628 274//624 
f 171//457 172//459 274//624 273//622 
f 173//461 171//457 273//622 275//626 
f 175//465 173//461 275//626 277//630 
f 177//469 175//465 277//630 281//638 
f 179//473 177//469 281//638 283//642 
f 186//487 179//473 283//642 287//650 
f 190//495 186//487 287//650 293//662 
f 208//531 190//495 293//662 301//678 
f 224//563 208//531 301//678 305//686 
f 289//655 224//563 305//686 321//728 
f 332//751 289//655 321//728 331//748 
f 351//789 332//751 331//748 334//754 
f 370//827 351//789 334//754 338//762 
f 395//880 370//827 338//762 343//772 
f 401//890 395//880 343//772 347//780 
f 411//910 401//890 347//780 353//792 
f 419//924 411//910 353//792 355//796 
f 445//994 419//924 355//796 357//800 
f 449//1002 445//994 357//800 361//808 
f 453//1010 449//1002 361//808 363//812 
f 362//811 364//815 326//738 324//734 
f 364//815 363//813 325//736 326//738 
f 360//807 362//811 324//734 322//730 
f 363//813 361//809 323//732 325//736 
f 356//799 360//807 322//730 318//722 
f 354//795 356//799 318//722 306//688 
f 352//791 354//795 306//688 302//680 
f 346//779 352//791 302//680 296//668 
f 342//771 346//779 296//668 290//656 
f 337//761 342//771 290//656 284//644 
f 333//753 337//761 284//644 278//632 
f 330//747 333//753 278//632 229//574 
f 320//727 330//747 229//574 225//564 
f 304//685 320//727 225//564 221//556 
f 300//677 304//685 221//556 217//548 
f 292//661 300//677 217//548 215//544 
f 286//649 292//661 215//544 209//532 
f 282//641 286//649 209//532 205//524 
f 280//637 282//641 205//524 203//520 
f 276//629 280//637 203//520 199//512 
f 274//625 276//629 199//512 197//508 
f 273//623 274//625 197//508 196//506 
f 275//627 273//623 196//506 198//510 
f 277//631 275//627 198//510 200//514 
f 281//639 277//631 200//514 204//522 
f 283//643 281//639 204//522 206//526 
f 287//651 283//643 206//526 210//534 
f 293//663 287//651 210//534 216//546 
f 301//679 293//663 216//546 218//550 
f 305//687 301//679 218//550 222//558 
f 321//729 305//687 222//558 226//566 
f 331//749 321//729 226//566 270//616 
f 334//755 331//749 270//616 279//634 
f 338//763 334//755 279//634 285//646 
f 343//773 338//763 285//646 291//658 
f 347//781 343//773 291//658 297//670 
f 353//793 347//781 297//670 303//682 
f 355//797 353//793 303//682 307//690 
f 357//801 355//797 307//690 319//724 
f 361//809 357//801 319//724 323//732 
f 324//735 326//739 230//576 231//577 
f 326//739 325//737 232//578 230//576 
f 322//731 324//735 231//577 233//579 
f 325//737 323//733 234//580 232//578 
f 318//723 322//731 233//579 235//581 
f 323//733 319//725 236//582 234//580 
f 306//689 318//723 235//581 237//583 
f 302//681 306//689 237//583 238//584 
f 296//669 302//681 238//584 239//585 
f 290//657 296//669 239//585 240//586 
f 284//645 290//657 240//586 241//587 
f 278//633 284//645 241//587 242//588 
f 229//575 278//633 242//588 243//589 
f 225//565 229//575 243//589 244//590 
f 221//557 225//565 244//590 245//591 
f 217//549 221//557 245//591 246//592 
f 215//545 217//549 246//592 247//593 
f 209//533 215//545 247//593 248//594 
f 205//525 209//533 248//594 249//595 
f 203//521 205//525 249//595 250//596 
f 199//513 203//521 250//596 251//597 
f 197//509 199//513 251//597 252//598 
f 196//507 197//509 252//598 253//599 
f 198//511 196//507 253//599 254//600 
f 200//515 198//511 254//600 255//601 
f 204//523 200//515 255//601 256//602 
f 206//527 204//523 256//602 257//603 
f 210//535 206//527 257//603 258//604 
f 216//547 210//535 258//604 259//605 
f 218//551 216//547 259//605 260//606 
f 222//559 218//551 260//606 261//607 
f 226//567 222//559 261//607 262//608 
f 270//617 226//567 262//608 263//609 
f 279//635 270//617 263//609 264//610 
f 285//647 279//635 264//610 265//611 
f 291//659 285//647 265//611 266//612 
f 297//671 291//659 266//612 267//613 
f 303//683 297//671 267//613 268//614 
f 307//691 303//683 268//614 269//615 
f 319//725 307//691 269//615 236//582 
